cause,effect,custom_id
cities' burden on distal resource suppliers,overextraction of resources,request-1-0-0
overextraction of resources,depletion of supplier ecosystems,request-1-0-1
depletion of supplier ecosystems,reduced regenerative capacity of natural systems,request-1-0-2
reduced regenerative capacity of natural systems,increased reliance on synthetic alternatives,request-1-0-3
increased reliance on synthetic alternatives,accumulation of nonbiodegradable waste in cities,request-1-0-4
accumulation of nonbiodegradable waste in cities,environmental deficits in cities,request-1-0-5
cities' burden on distal resource suppliers,longdistance transportation networks,request-1-1-0
longdistance transportation networks,greenhouse gas emissions from freight,request-1-1-1
greenhouse gas emissions from freight,localized air quality deterioration,request-1-1-2
localized air quality deterioration,urban heat island intensification,request-1-1-3
urban heat island intensification,environmental deficits in cities,request-1-1-4
cities' burden on distal resource suppliers,displacement of indigenous land stewardship,request-1-2-0
displacement of indigenous land stewardship,unsustainable agricultural practices in supplier regions,request-1-2-1
unsustainable agricultural practices in supplier regions,soil erosion and water contamination,request-1-2-2
soil erosion and water contamination,disrupted nutrient cycles,request-1-2-3
disrupted nutrient cycles,degraded food quality imported to cities,request-1-2-4
degraded food quality imported to cities,organic waste mismanagement,request-1-2-5
organic waste mismanagement,environmental deficits in cities,request-1-2-6
cities' burden on distal resource suppliers,economic pressure on suppliers to prioritize quantity over sustainability,request-1-3-0
economic pressure on suppliers to prioritize quantity over sustainability,monoculture farming expansion,request-1-3-1
monoculture farming expansion,pollinator population collapse,request-1-3-2
pollinator population collapse,reduced urban green space biodiversity,request-1-3-3
reduced urban green space biodiversity,environmental deficits in cities,request-1-3-4
cities' burden on distal resource suppliers,deferred maintenance of local infrastructure,request-1-4-0
deferred maintenance of local infrastructure,inefficient energy/water systems in cities,request-1-4-1
inefficient energy/water systems in cities,resource leakage and overconsumption,request-1-4-2
resource leakage and overconsumption,environmental deficits in cities,request-1-4-3
cities' burden on distal resource suppliers,normalization of disposable packaging,request-1-5-0
normalization of disposable packaging,microplastic infiltration into urban waterways,request-1-5-1
microplastic infiltration into urban waterways,aquatic ecosystem disruption,request-1-5-2
aquatic ecosystem disruption,impaired water purification services,request-1-5-3
impaired water purification services,environmental deficits in cities,request-1-5-4
business,industrial production,request-2-0-0
industrial production,fossil fuel combustion,request-2-0-1
fossil fuel combustion,carbon dioxide emissions,request-2-0-2
carbon dioxide emissions,enhanced greenhouse effect,request-2-0-3
enhanced greenhouse effect,global warming,request-2-0-4
global warming,climate change,request-2-0-5
business,deforestation practices,request-2-1-0
deforestation practices,reduced carbon sequestration,request-2-1-1
reduced carbon sequestration,atmospheric co2 accumulation,request-2-1-2
atmospheric co2 accumulation,temperature rise,request-2-1-3
temperature rise,climate change,request-2-1-4
business,transportation networks,request-2-2-0
transportation networks,vehicle emissions,request-2-2-1
vehicle emissions,greenhouse gas release,request-2-2-2
greenhouse gas release,atmospheric warming,request-2-2-3
atmospheric warming,climate change,request-2-2-4
business,waste generation,request-2-3-0
waste generation,landfill decomposition,request-2-3-1
landfill decomposition,methane emissions,request-2-3-2
methane emissions,radiative forcing,request-2-3-3
radiative forcing,climate change,request-2-3-4
business,refrigerant usage,request-2-4-0
refrigerant usage,hfc leakage,request-2-4-1
hfc leakage,high global warming potential gases,request-2-4-2
high global warming potential gases,ozone layer impact,request-2-4-3
ozone layer impact,climate change,request-2-4-4
business,resource extraction,request-2-5-0
resource extraction,methane venting,request-2-5-1
methane venting,atmospheric pollution,request-2-5-2
atmospheric pollution,altered heat retention,request-2-5-3
altered heat retention,climate change,request-2-5-4
business,energy consumption,request-2-6-0
energy consumption,coal power reliance,request-2-6-1
coal power reliance,particulate and co2 output,request-2-6-2
particulate and co2 output,thermal imbalance,request-2-6-3
thermal imbalance,climate change,request-2-6-4
business expansion,deforestation,request-3-0-0
deforestation,habitat destruction,request-3-0-1
habitat destruction,species displacement,request-3-0-2
species displacement,population decline,request-3-0-3
population decline,loss of biodiversity,request-3-0-4
industrial pollution,ecosystem contamination,request-3-1-0
ecosystem contamination,toxic accumulation,request-3-1-1
toxic accumulation,species mortality,request-3-1-2
species mortality,loss of biodiversity,request-3-1-3
resource extraction,habitat fragmentation,request-3-2-0
habitat fragmentation,reduced genetic diversity,request-3-2-1
reduced genetic diversity,increased extinction risk,request-3-2-2
increased extinction risk,loss of biodiversity,request-3-2-3
carbon emissions,global warming,request-3-3-0
global warming,altered ecosystems,request-3-3-1
altered ecosystems,biodiversity depletion,request-3-3-2
biodiversity depletion,loss of biodiversity,request-3-3-3
overharvesting,resource depletion,request-3-4-0
resource depletion,ecosystem imbalance,request-3-4-1
ecosystem imbalance,loss of biodiversity,request-3-4-2
invasive species introduction,native species decline,request-3-5-0
native species decline,loss of biodiversity,request-3-5-1
business,resource extraction,request-4-0-0
resource extraction,habitat destruction,request-4-0-1
habitat destruction,biodiversity loss,request-4-0-2
biodiversity loss,degradation of nature,request-4-0-3
business,industrial emissions,request-4-1-0
industrial emissions,air pollution,request-4-1-1
air pollution,climate change,request-4-1-2
climate change,ecosystem disruption,request-4-1-3
ecosystem disruption,degradation of nature,request-4-1-4
business,waste production,request-4-2-0
waste production,plastic pollution,request-4-2-1
plastic pollution,marine toxicity,request-4-2-2
marine toxicity,coral reef collapse,request-4-2-3
coral reef collapse,degradation of nature,request-4-2-4
business,deforestation,request-4-3-0
deforestation,soil erosion,request-4-3-1
soil erosion,desertification,request-4-3-2
desertification,loss of arable land,request-4-3-3
loss of arable land,degradation of nature,request-4-3-4
business,overfishing,request-4-4-0
overfishing,marine population decline,request-4-4-1
marine population decline,food web collapse,request-4-4-2
food web collapse,oceanic dead zones,request-4-4-3
oceanic dead zones,degradation of nature,request-4-4-4
business,chemical runoff,request-4-5-0
chemical runoff,water contamination,request-4-5-1
water contamination,aquatic species extinction,request-4-5-2
aquatic species extinction,freshwater ecosystem collapse,request-4-5-3
freshwater ecosystem collapse,degradation of nature,request-4-5-4
business,fossil fuel consumption,request-4-6-0
fossil fuel consumption,greenhouse gas accumulation,request-4-6-1
greenhouse gas accumulation,global warming,request-4-6-2
global warming,polar ice melt,request-4-6-3
polar ice melt,degradation of nature,request-4-6-4
business,land development,request-4-7-0
land development,wildlife displacement,request-4-7-1
wildlife displacement,predatorprey imbalance,request-4-7-2
predatorprey imbalance,invasive species proliferation,request-4-7-3
invasive species proliferation,degradation of nature,request-4-7-4
heat from gas emissions absorbed by oceans,increased ocean surface temperatures,request-5-0-0
increased ocean surface temperatures,enhanced thermal stratification of surface waters,request-5-0-1
enhanced thermal stratification of surface waters,reduced vertical density gradients,request-5-0-2
reduced vertical density gradients,weakened convective overturning,request-5-0-3
weakened convective overturning,slowing of ocean vertical mixing,request-5-0-4
heat from gas emissions absorbed by oceans,accelerated polar ice melt,request-5-1-0
accelerated polar ice melt,freshwater influx into surface oceans,request-5-1-1
freshwater influx into surface oceans,decreased surface water salinity,request-5-1-2
decreased surface water salinity,reduced surface layer density,request-5-1-3
reduced surface layer density,strengthened vertical stratification,request-5-1-4
strengthened vertical stratification,inhibited downward mixing,request-5-1-5
inhibited downward mixing,slowing of ocean vertical mixing,request-5-1-6
heat from gas emissions absorbed by oceans,warming of subtropical surface waters,request-5-2-0
warming of subtropical surface waters,expansion of buoyant surface layers,request-5-2-1
expansion of buoyant surface layers,increased stratification in midlatitude oceans,request-5-2-2
increased stratification in midlatitude oceans,suppressed winddriven upwelling,request-5-2-3
suppressed winddriven upwelling,slowing of ocean vertical mixing,request-5-2-4
heat from gas emissions absorbed by oceans,sea surface temperature rise,request-5-3-0
sea surface temperature rise,intensified tropical cyclone activity,request-5-3-1
intensified tropical cyclone activity,enhanced nearsurface turbulence,request-5-3-2
enhanced nearsurface turbulence,paradoxical stabilization of deeper layers,request-5-3-3
paradoxical stabilization of deeper layers,reduced vertical exchange,request-5-3-4
reduced vertical exchange,slowing of ocean vertical mixing,request-5-3-5
heat from gas emissions absorbed by oceans,increased ocean temperature,request-6-0-0
increased ocean temperature,reduced oxygen solubility in seawater,request-6-0-1
reduced oxygen solubility in seawater,lower dissolved oxygen concentrations,request-6-0-2
lower dissolved oxygen concentrations,ocean deoxygenation,request-6-0-3
heat from gas emissions absorbed by oceans,increased ocean temperature,request-6-1-0
increased ocean temperature,enhanced thermal stratification of surface waters,request-6-1-1
enhanced thermal stratification of surface waters,reduced vertical mixing of oxygenrich surface waters with deeper layers,request-6-1-2
reduced vertical mixing of oxygenrich surface waters with deeper layers,accumulation of oxygendepleted deep waters,request-6-1-3
accumulation of oxygendepleted deep waters,ocean deoxygenation,request-6-1-4
heat from gas emissions absorbed by oceans,increased ocean temperature,request-6-2-0
increased ocean temperature,elevated metabolic rates of marine organisms,request-6-2-1
elevated metabolic rates of marine organisms,higher oxygen consumption through respiration,request-6-2-2
higher oxygen consumption through respiration,depletion of dissolved oxygen,request-6-2-3
depletion of dissolved oxygen,ocean deoxygenation,request-6-2-4
heat from gas emissions absorbed by oceans,increased ocean temperature,request-6-3-0
increased ocean temperature,altered ocean circulation patterns,request-6-3-1
altered ocean circulation patterns,reduced oxygen supply to certain marine zones,request-6-3-2
reduced oxygen supply to certain marine zones,localized oxygen minima,request-6-3-3
localized oxygen minima,ocean deoxygenation,request-6-3-4
heat from gas emissions absorbed by oceans,increased ocean temperature,request-6-4-0
increased ocean temperature,accelerated microbial decomposition of organic matter,request-6-4-1
accelerated microbial decomposition of organic matter,enhanced oxygen demand in subsurface layers,request-6-4-2
enhanced oxygen demand in subsurface layers,expansion of oxygendeficient zones,request-6-4-3
expansion of oxygendeficient zones,ocean deoxygenation,request-6-4-4
fossil fuel co2 emissions,atmospheric co2 accumulation,request-7-0-0
atmospheric co2 accumulation,oceanic co2 absorption,request-7-0-1
oceanic co2 absorption,carbonic acid formation,request-7-0-2
carbonic acid formation,seawater ph reduction,request-7-0-3
seawater ph reduction,ocean acidification,request-7-0-4
fossil fuel co2 emissions,enhanced greenhouse effect,request-7-1-0
enhanced greenhouse effect,global temperature rise,request-7-1-1
global temperature rise,reduced ocean co2 solubility,request-7-1-2
reduced ocean co2 solubility,accelerated surface co2 retention,request-7-1-3
accelerated surface co2 retention,increased carbonic acid production,request-7-1-4
increased carbonic acid production,ocean acidification,request-7-1-5
fossil fuel co2 emissions,atmospheric co2 elevation,request-7-2-0
atmospheric co2 elevation,climatedriven precipitation changes,request-7-2-1
climatedriven precipitation changes,terrestrial nutrient runoff,request-7-2-2
terrestrial nutrient runoff,coastal eutrophication,request-7-2-3
coastal eutrophication,organic matter decomposition,request-7-2-4
organic matter decomposition,localized co2 release,request-7-2-5
localized co2 release,coastal ocean acidification,request-7-2-6
fossil fuel co2 emissions,atmospheric co2 increase,request-7-3-0
atmospheric co2 increase,ocean warming,request-7-3-1
ocean warming,thermally stratified surface layers,request-7-3-2
thermally stratified surface layers,reduced vertical carbon transport,request-7-3-3
reduced vertical carbon transport,surface carbonate chemistry disruption,request-7-3-4
surface carbonate chemistry disruption,ocean acidification,request-7-3-5
melting of glaciers,increased freshwater input into oceans,request-8-0-0
increased freshwater input into oceans,decreased salinity in surface seawater,request-8-0-1
decreased salinity in surface seawater,reduced density of surface water,request-8-0-2
reduced density of surface water,slowed deepwater formation,request-8-0-3
slowed deepwater formation,weakening of thermohaline circulation,request-8-0-4
weakening of thermohaline circulation,disruption of ocean currents at intermediate depths,request-8-0-5
melting of glaciers,increased freshwater input into oceans,request-8-1-0
increased freshwater input into oceans,formation of a stratified surface layer,request-8-1-1
formation of a stratified surface layer,inhibited vertical mixing of water masses,request-8-1-2
inhibited vertical mixing of water masses,altered temperature and salinity gradients at intermediate depths,request-8-1-3
altered temperature and salinity gradients at intermediate depths,shifts in intermediatedepth current patterns,request-8-1-4
melting of glaciers,enhanced runoff into polar regions,request-8-2-0
enhanced runoff into polar regions,dilution of north atlantic deep water formation areas,request-8-2-1
dilution of north atlantic deep water formation areas,reduced sinking of dense water masses,request-8-2-2
reduced sinking of dense water masses,imbalance in global meridional overturning circulation,request-8-2-3
imbalance in global meridional overturning circulation,disruption of intermediatedepth ocean currents,request-8-2-4
melting of glaciers,freshening of coastal seawater,request-8-3-0
freshening of coastal seawater,modified densitydriven coastal currents,request-8-3-1
modified densitydriven coastal currents,propagation of density anomalies to offshore regions,request-8-3-2
propagation of density anomalies to offshore regions,interference with intermediatedepth current stability,request-8-3-3
melting of glaciers,increased freshwater input into oceans,request-9-0-0
increased freshwater input into oceans,reduced surface water density,request-9-0-1
reduced surface water density,weakening of thermohaline circulation,request-9-0-2
weakening of thermohaline circulation,decreased vertical mixing of ocean waters,request-9-0-3
decreased vertical mixing of ocean waters,disruption of ocean temperature at intermediate depths,request-9-0-4
melting of glaciers,freshening of surface seawater,request-9-1-0
freshening of surface seawater,enhanced stratification of ocean layers,request-9-1-1
enhanced stratification of ocean layers,impaired vertical heat exchange,request-9-1-2
impaired vertical heat exchange,altered thermal conditions at intermediate depths,request-9-1-3
altered thermal conditions at intermediate depths,disruption of ocean temperature at intermediate depths,request-9-1-4
melting of glaciers,dilution of polar surface salinity,request-9-2-0
dilution of polar surface salinity,inhibition of deepwater formation,request-9-2-1
inhibition of deepwater formation,slowed meridional overturning circulation,request-9-2-2
slowed meridional overturning circulation,redistribution of heat in the water column,request-9-2-3
redistribution of heat in the water column,disruption of ocean temperature at intermediate depths,request-9-2-4
melting of glaciers,altered coastal runoff patterns,request-9-3-0
altered coastal runoff patterns,modified density gradients in shelf regions,request-9-3-1
modified density gradients in shelf regions,shifts in intermediatedepth current systems,request-9-3-2
shifts in intermediatedepth current systems,accumulation of warmer/colder water pockets,request-9-3-3
accumulation of warmer/colder water pockets,disruption of ocean temperature at intermediate depths,request-9-3-4
climate change,rising global temperatures,request-10-0-0
rising global temperatures,glacier ice melting,request-10-0-1
climate change,increased atmospheric co2 levels,request-10-1-0
increased atmospheric co2 levels,enhanced greenhouse effect,request-10-1-1
enhanced greenhouse effect,global warming,request-10-1-2
global warming,melting of glaciers,request-10-1-3
climate change,ocean warming,request-10-2-0
ocean warming,basal melting of glaciers,request-10-2-1
basal melting of glaciers,glacier retreat,request-10-2-2
climate change,altered precipitation patterns,request-10-3-0
altered precipitation patterns,reduced snow accumulation,request-10-3-1
reduced snow accumulation,glacier mass loss,request-10-3-2
glacier mass loss,melting of glaciers,request-10-3-3
climate change,increased wildfire activity,request-10-4-0
increased wildfire activity,black carbon deposition,request-10-4-1
black carbon deposition,lowered albedo,request-10-4-2
lowered albedo,accelerated ice melt,request-10-4-3
climate change,permafrost thaw,request-10-5-0
permafrost thaw,methane release,request-10-5-1
methane release,amplified warming,request-10-5-2
amplified warming,glacier melting,request-10-5-3
climate change,jet stream shifts,request-10-6-0
jet stream shifts,prolonged heatwaves,request-10-6-1
prolonged heatwaves,surface melting of glaciers,request-10-6-2
climate change,warmer ocean currents,request-10-7-0
warmer ocean currents,ice shelf collapse,request-10-7-1
ice shelf collapse,glacier instability,request-10-7-2
glacier instability,melting of glaciers,request-10-7-3
meltwaterinduced weakening of ocean circulation,reduced northward heat transport,request-11-0-0
reduced northward heat transport,accumulation of warm surface waters,request-11-0-1
accumulation of warm surface waters,enhanced downwelling of subtropical warm water,request-11-0-2
enhanced downwelling of subtropical warm water,warming of intermediatedepth waters,request-11-0-3
meltwaterinduced weakening of ocean circulation,decreased vertical mixing,request-11-1-0
decreased vertical mixing,reduced upward coldwater flux,request-11-1-1
reduced upward coldwater flux,diminished cooling of intermediate layers,request-11-1-2
diminished cooling of intermediate layers,warming of intermediatedepth waters,request-11-1-3
meltwaterinduced weakening of ocean circulation,slowed thermohaline circulation,request-11-2-0
slowed thermohaline circulation,reduced deepwater formation,request-11-2-1
reduced deepwater formation,shallower penetration of surface heat,request-11-2-2
shallower penetration of surface heat,warming of intermediatedepth waters,request-11-2-3
meltwaterinduced weakening of ocean circulation,increased ocean stratification,request-11-3-0
increased ocean stratification,trapped surface heat,request-11-3-1
trapped surface heat,gradual downward heat diffusion,request-11-3-2
gradual downward heat diffusion,warming of intermediatedepth waters,request-11-3-3
meltwaterinduced weakening of ocean circulation,altered winddriven currents,request-11-4-0
altered winddriven currents,redistribution of warm water masses,request-11-4-1
redistribution of warm water masses,subduction of warm water into intermediate depths,request-11-4-2
subduction of warm water into intermediate depths,warming of intermediatedepth waters,request-11-4-3
warming of intermediatedepth waters,increased heat flux towards the seafloor,request-12-0-0
increased heat flux towards the seafloor,rising temperatures in shallow subsurface sediments,request-12-0-1
rising temperatures in shallow subsurface sediments,reduction of the methane hydrate stability zone,request-12-0-2
reduction of the methane hydrate stability zone,destabilization of shallow subsurface methane hydrates,request-12-0-3
warming of intermediatedepth waters,thermal expansion of water layers,request-12-1-0
thermal expansion of water layers,altered local ocean circulation patterns,request-12-1-1
altered local ocean circulation patterns,advection of warmer water to shallower depths,request-12-1-2
advection of warmer water to shallower depths,enhanced heat transfer to hydratebearing sediments,request-12-1-3
enhanced heat transfer to hydratebearing sediments,destabilization of shallow subsurface methane hydrates,request-12-1-4
warming of intermediatedepth waters,accelerated dissociation of deeper methane hydrates,request-12-2-0
accelerated dissociation of deeper methane hydrates,upward migration of released methane gas,request-12-2-1
upward migration of released methane gas,pressure changes in shallow subsurface sediments,request-12-2-2
pressure changes in shallow subsurface sediments,destabilization of shallow subsurface methane hydrates,request-12-2-3
warming of intermediatedepth waters,enhanced geothermal gradient in sediments,request-12-3-0
enhanced geothermal gradient in sediments,shift in the base of the hydrate stability zone,request-12-3-1
shift in the base of the hydrate stability zone,progressive upward thinning of stable hydrate layers,request-12-3-2
progressive upward thinning of stable hydrate layers,destabilization of shallow subsurface methane hydrates  ,request-12-3-3
warming of intermediatedepth waters,increased heat flux into submarine sediments,request-13-0-0
increased heat flux into submarine sediments,reduction of methane hydrate stability conditions,request-13-0-1
reduction of methane hydrate stability conditions,dissociation of methane hydrates into free gas,request-13-0-2
dissociation of methane hydrates into free gas,accumulation of pressurized methane in sediment pores,request-13-0-3
accumulation of pressurized methane in sediment pores,fracturing of overlying sediment layers,request-13-0-4
fracturing of overlying sediment layers,vertical migration of methane through fractures,request-13-0-5
vertical migration of methane through fractures,emission of methane into the water column,request-13-0-6
emission of methane into the water column,bubblemediated methane transfer to the atmosphere,request-13-0-7
warming of intermediatedepth waters,thermallydriven reduction in ocean density stratification,request-13-1-0
thermallydriven reduction in ocean density stratification,enhanced vertical mixing of water masses,request-13-1-1
enhanced vertical mixing of water masses,transport of heat to seafloor methane reservoirs,request-13-1-2
transport of heat to seafloor methane reservoirs,destabilization of shallow subseafloor hydrates,request-13-1-3
destabilization of shallow subseafloor hydrates,increased methane solubility in surrounding porewater,request-13-1-4
increased methane solubility in surrounding porewater,exsolution of dissolved methane as gas bubbles,request-13-1-5
exsolution of dissolved methane as gas bubbles,advection of methane plumes toward the surface,request-13-1-6
warming of intermediatedepth waters,accelerated decomposition of particulate organic matter,request-13-2-0
accelerated decomposition of particulate organic matter,expansion of anaerobic oxidation zones,request-13-2-1
expansion of anaerobic oxidation zones,shift in microbial communities toward methanogens,request-13-2-2
shift in microbial communities toward methanogens,enhanced biogenic methane production,request-13-2-3
enhanced biogenic methane production,saturation of sedimentary pore spaces with methane,request-13-2-4
saturation of sedimentary pore spaces with methane,buoyancydriven ebullition events,request-13-2-5
buoyancydriven ebullition events,direct methane release at sedimentwater interfaces,request-13-2-6
warming of intermediatedepth waters,thermal expansion of water masses,request-13-3-0
thermal expansion of water masses,increased pressure on continental margins,request-13-3-1
increased pressure on continental margins,mechanical failure of hydratebearing sediments,request-13-3-2
mechanical failure of hydratebearing sediments,slope instability and submarine landslides,request-13-3-3
slope instability and submarine landslides,rapid depressurization of hydrate reservoirs,request-13-3-4
rapid depressurization of hydrate reservoirs,explosive methane hydrate dissociation,request-13-3-5
explosive methane hydrate dissociation,massive methane flux through fractured seabed,request-13-3-6
shutdown of energy production,reduced energy supply,request-14-0-0
reduced energy supply,increased energy prices,request-14-0-1
increased energy prices,higher production costs for goods and services,request-14-0-2
higher production costs for goods and services,rise in consumer prices,request-14-0-3
rise in consumer prices,inflation,request-14-0-4
shutdown of energy production,dependence on imported energy sources,request-14-1-0
dependence on imported energy sources,trade deficit growth,request-14-1-1
trade deficit growth,currency devaluation,request-14-1-2
currency devaluation,increased cost of imports,request-14-1-3
increased cost of imports,inflation,request-14-1-4
shutdown of energy production,disruption of industrial operations,request-14-2-0
disruption of industrial operations,reduced output of essential goods,request-14-2-1
reduced output of essential goods,supply shortages,request-14-2-2
supply shortages,price speculation and hoarding,request-14-2-3
price speculation and hoarding,inflation,request-14-2-4
shutdown of energy production,shift to alternative energy systems,request-14-3-0
shift to alternative energy systems,higher operational expenses for businesses,request-14-3-1
higher operational expenses for businesses,costpush price increases,request-14-3-2
costpush price increases,inflation,request-14-3-3
shutdown of energy production,government subsidies to stabilize energy access,request-14-4-0
government subsidies to stabilize energy access,increased public debt,request-14-4-1
increased public debt,fiscal monetization,request-14-4-2
fiscal monetization,excess money supply,request-14-4-3
excess money supply,inflation,request-14-4-4
shutdown of energy production,reduced electricity supply,request-15-0-0
reduced electricity supply,factory closures,request-15-0-1
factory closures,decreased manufacturing output,request-15-0-2
decreased manufacturing output,supply chain disruptions,request-15-0-3
supply chain disruptions,retail inventory depletion,request-15-0-4
retail inventory depletion,shortages,request-15-0-5
shutdown of energy production,fuel production halt,request-15-1-0
fuel production halt,transportation paralysis,request-15-1-1
transportation paralysis,logistics network collapse,request-15-1-2
logistics network collapse,delayed goods distribution,request-15-1-3
delayed goods distribution,market stockouts,request-15-1-4
market stockouts,shortages,request-15-1-5
shutdown of energy production,agricultural machinery inactivity,request-15-2-0
agricultural machinery inactivity,crop yield reduction,request-15-2-1
crop yield reduction,food production decline,request-15-2-2
food production decline,grocery supply deficits,request-15-2-3
grocery supply deficits,shortages,request-15-2-4
shutdown of energy production,mining operation suspension,request-15-3-0
mining operation suspension,raw material scarcity,request-15-3-1
raw material scarcity,industrial production stagnation,request-15-3-2
industrial production stagnation,product unavailability,request-15-3-3
product unavailability,shortages,request-15-3-4
shutdown of energy production,power grid failure,request-15-4-0
power grid failure,refrigeration system breakdown,request-15-4-1
refrigeration system breakdown,perishable goods spoilage,request-15-4-2
perishable goods spoilage,food shortages,request-15-4-3
food shortages,shortages,request-15-4-4
shutdown of energy production,water treatment plant shutdown,request-15-5-0
water treatment plant shutdown,sanitation resource scarcity,request-15-5-1
sanitation resource scarcity,public health infrastructure strain,request-15-5-2
public health infrastructure strain,medical supply shortages,request-15-5-3
medical supply shortages,shortages,request-15-5-4
shutdown of energy production,reduced energy supply,request-16-0-0
reduced energy supply,higher energy prices,request-16-0-1
higher energy prices,increased production costs,request-16-0-2
increased production costs,higher consumer prices,request-16-0-3
higher consumer prices,inflation,request-16-0-4
shutdown of energy production,reduced industrial output,request-16-1-0
reduced industrial output,supply shortages,request-16-1-1
supply shortages,higher goods prices,request-16-1-2
higher goods prices,inflation,request-16-1-3
shutdown of energy production,higher energy prices,request-16-2-0
higher energy prices,increased transportation costs,request-16-2-1
increased transportation costs,higher product prices,request-16-2-2
higher product prices,inflation,request-16-2-3
shutdown of energy production,increased energy imports,request-16-3-0
increased energy imports,currency devaluation,request-16-3-1
currency devaluation,higher import costs,request-16-3-2
higher import costs,inflation,request-16-3-3
shutdown of energy production,business closures,request-16-4-0
business closures,reduced tax revenue,request-16-4-1
reduced tax revenue,government deficit spending,request-16-4-2
government deficit spending,increased money supply,request-16-4-3
increased money supply,inflation,request-16-4-4
shutdown of energy production,higher energy prices,request-16-5-0
higher energy prices,wageprice spiral,request-16-5-1
wageprice spiral,sustained price increases,request-16-5-2
sustained price increases,inflation  ,request-16-5-3
shutdown of energy production,reduced electricity supply,request-17-0-0
reduced electricity supply,power outages,request-17-0-1
power outages,industrial shutdowns,request-17-0-2
industrial shutdowns,decreased production of goods,request-17-0-3
decreased production of goods,supply chain disruptions,request-17-0-4
supply chain disruptions,market shortages,request-17-0-5
shutdown of energy production,reduced electricity supply,request-17-1-0
reduced electricity supply,transportation failures,request-17-1-1
transportation failures,impaired distribution networks,request-17-1-2
impaired distribution networks,delayed goods delivery,request-17-1-3
delayed goods delivery,retail stock depletion,request-17-1-4
shutdown of energy production,increased energy prices,request-17-2-0
increased energy prices,higher operational costs,request-17-2-1
higher operational costs,business output reduction,request-17-2-2
business output reduction,lower inventory levels,request-17-2-3
lower inventory levels,consumer goods scarcity,request-17-2-4
shutdown of energy production,agricultural machinery inactivity,request-17-3-0
agricultural machinery inactivity,crop production decline,request-17-3-1
crop production decline,food supply contraction,request-17-3-2
food supply contraction,grocery store shortages,request-17-3-3
shutdown of energy production,water treatment plant failures,request-17-4-0
water treatment plant failures,contaminated water supplies,request-17-4-1
contaminated water supplies,public health crises,request-17-4-2
public health crises,workforce incapacitation,request-17-4-3
workforce incapacitation,production halts,request-17-4-4
production halts,economic shortages,request-17-4-5
russia's natural gas export reduction,global energy price surge,request-18-0-0
global energy price surge,increased production costs,request-18-0-1
increased production costs,consumer price inflation,request-18-0-2
sanctions on russian oil exports,reduced global oil supply,request-18-1-0
reduced global oil supply,elevated fuel prices,request-18-1-1
elevated fuel prices,transportation cost inflation,request-18-1-2
transportation cost inflation,widespread goods inflation,request-18-1-3
russiaukraine conflict escalation,disrupted ukrainian grain exports,request-18-2-0
disrupted ukrainian grain exports,global food shortages,request-18-2-1
global food shortages,agricultural commodity inflation,request-18-2-2
russian fertilizer export restrictions,reduced crop yields worldwide,request-18-3-0
reduced crop yields worldwide,higher food production costs,request-18-3-1
higher food production costs,supermarket price inflation,request-18-3-2
russian central bank interest rate hikes,weakened ruble stabilization,request-18-4-0
weakened ruble stabilization,import cost increases,request-18-4-1
import cost increases,domestic goods inflation,request-18-4-2
russian military spending surge,expanded government debt,request-18-5-0
expanded government debt,currency devaluation,request-18-5-1
currency devaluation,imported inflation spiral,request-18-5-2
russian geopolitical tensions,speculative commodity trading,request-18-6-0
speculative commodity trading,oil price volatility,request-18-6-1
oil price volatility,energydriven inflation,request-18-6-2
russian cyberattacks on infrastructure,increased corporate security investments,request-18-7-0
increased corporate security investments,operational cost passthrough,request-18-7-1
operational cost passthrough,service sector inflation,request-18-7-2
russia,invasion of ukraine,request-19-0-0
invasion of ukraine,international sanctions,request-19-0-1
international sanctions,trade disruptions,request-19-0-2
trade disruptions,energy supply reductions,request-19-0-3
energy supply reductions,increased energy prices,request-19-0-4
increased energy prices,economic inflation,request-19-0-5
economic inflation,reduced consumer purchasing power,request-19-0-6
reduced consumer purchasing power,decreased production,request-19-0-7
decreased production,supply chain bottlenecks,request-19-0-8
supply chain bottlenecks,shortages,request-19-0-9
russia,military blockades in the black sea,request-19-1-0
military blockades in the black sea,disrupted ukrainian grain exports,request-19-1-1
disrupted ukrainian grain exports,global food price spikes,request-19-1-2
global food price spikes,hoarding behaviors,request-19-1-3
hoarding behaviors,localized food scarcity,request-19-1-4
localized food scarcity,shortages,request-19-1-5
russia,restrictions on fertilizer exports,request-19-2-0
restrictions on fertilizer exports,reduced agricultural productivity,request-19-2-1
reduced agricultural productivity,crop yield declines,request-19-2-2
crop yield declines,food supply instability,request-19-2-3
food supply instability,shortages,request-19-2-4
russia,geopolitical instability,request-19-3-0
geopolitical instability,increased defense spending by nato states,request-19-3-1
increased defense spending by nato states,diverted industrial capacity,request-19-3-2
diverted industrial capacity,underproduction of civilian goods,request-19-3-3
underproduction of civilian goods,shortages,request-19-3-4
russia,natural gas supply cuts to europe,request-19-4-0
natural gas supply cuts to europe,energy rationing,request-19-4-1
energy rationing,factory shutdowns,request-19-4-2
factory shutdowns,manufacturing delays,request-19-4-3
manufacturing delays,shortages,request-19-4-4
russia,cyberattacks on critical infrastructure,request-19-5-0
cyberattacks on critical infrastructure,disrupted logistics networks,request-19-5-1
disrupted logistics networks,delayed resource distribution,request-19-5-2
delayed resource distribution,shortages,request-19-5-3
russia,escalation of conflict,request-19-6-0
escalation of conflict,refugee crises,request-19-6-1
refugee crises,strained hostnation resources,request-19-6-2
strained hostnation resources,resource allocation imbalances,request-19-6-3
resource allocation imbalances,shortages,request-19-6-4
russia,sanctions evasion tactics,request-19-7-0
sanctions evasion tactics,shadowmarket dominance,request-19-7-1
shadowmarket dominance,price gouging,request-19-7-2
price gouging,artificial scarcity,request-19-7-3
artificial scarcity,shortages,request-19-7-4
united states policies,expansionary fiscal policies,request-20-0-0
expansionary fiscal policies,increased government spending,request-20-0-1
increased government spending,higher aggregate demand,request-20-0-2
higher aggregate demand,demandpull inflation,request-20-0-3
united states policies,federal reserve interest rate cuts,request-20-1-0
federal reserve interest rate cuts,cheaper borrowing costs,request-20-1-1
cheaper borrowing costs,rise in consumer spending,request-20-1-2
rise in consumer spending,price level increases,request-20-1-3
united states policies,tariffs on imported goods,request-20-2-0
tariffs on imported goods,higher import prices,request-20-2-1
higher import prices,costpush inflation,request-20-2-2
united states policies,quantitative easing programs,request-20-3-0
quantitative easing programs,expansion of money supply,request-20-3-1
expansion of money supply,currency devaluation,request-20-3-2
currency devaluation,imported inflation,request-20-3-3
united states policies,energy production restrictions,request-20-4-0
energy production restrictions,rising fuel costs,request-20-4-1
rising fuel costs,increased transportation expenses,request-20-4-2
increased transportation expenses,broad price hikes,request-20-4-3
united states policies,minimum wage hikes,request-20-5-0
minimum wage hikes,elevated labor costs,request-20-5-1
elevated labor costs,business price adjustments,request-20-5-2
business price adjustments,inflationary pressure,request-20-5-3
united states policies,regulatory compliance mandates,request-20-6-0
regulatory compliance mandates,higher production costs,request-20-6-1
higher production costs,passthrough pricing,request-20-6-2
passthrough pricing,inflation,request-20-6-3
united states policies,tax reduction policies,request-20-7-0
tax reduction policies,disposable income growth,request-20-7-1
disposable income growth,surge in demand,request-20-7-2
surge in demand,inflation acceleration,request-20-7-3
united states policies,trade restrictions,request-21-0-0
trade restrictions,reduced imports,request-21-0-1
reduced imports,supply chain disruptions,request-21-0-2
supply chain disruptions,shortages,request-21-0-3
united states policies,agricultural subsidies,request-21-1-0
agricultural subsidies,monoculture farming,request-21-1-1
monoculture farming,crop vulnerability,request-21-1-2
crop vulnerability,harvest failures,request-21-1-3
harvest failures,food shortages,request-21-1-4
united states policies,energy export limits,request-21-2-0
energy export limits,global fuel price surges,request-21-2-1
global fuel price surges,transportation cost increases,request-21-2-2
transportation cost increases,delayed distribution,request-21-2-3
delayed distribution,regional shortages,request-21-2-4
united states policies,immigration law tightening,request-21-3-0
immigration law tightening,labor force decline,request-21-3-1
labor force decline,production slowdowns,request-21-3-2
production slowdowns,goods scarcity,request-21-3-3
goods scarcity,shortages,request-21-3-4
united states policies,pharmaceutical regulations,request-21-4-0
pharmaceutical regulations,manufacturing cutbacks,request-21-4-1
manufacturing cutbacks,medication stock depletion,request-21-4-2
medication stock depletion,healthcare shortages,request-21-4-3
united states policies,environmental compliance mandates,request-21-5-0
environmental compliance mandates,industrial output reduction,request-21-5-1
industrial output reduction,consumer product deficits,request-21-5-2
consumer product deficits,retail shortages,request-21-5-3
united states policies,foreign sanctions,request-21-6-0
foreign sanctions,import reliance breakdown,request-21-6-1
import reliance breakdown,critical resource gaps,request-21-6-2
critical resource gaps,strategic material shortages,request-21-6-3
democratic party of the united states,expansion of fiscal stimulus programs,request-22-0-0
expansion of fiscal stimulus programs,increased government spending,request-22-0-1
increased government spending,rising aggregate demand,request-22-0-2
rising aggregate demand,inflation,request-22-0-3
democratic party of the united states,support for minimum wage increases,request-22-1-0
support for minimum wage increases,higher labor costs for businesses,request-22-1-1
higher labor costs for businesses,elevated consumer goods prices,request-22-1-2
elevated consumer goods prices,inflation,request-22-1-3
democratic party of the united states,promotion of renewable energy subsidies,request-22-2-0
promotion of renewable energy subsidies,reduced fossil fuel investment,request-22-2-1
reduced fossil fuel investment,energy supply constraints,request-22-2-2
energy supply constraints,higher energy prices,request-22-2-3
higher energy prices,inflation,request-22-2-4
democratic party of the united states,advocacy for expanded healthcare access,request-22-3-0
advocacy for expanded healthcare access,increased public healthcare expenditure,request-22-3-1
increased public healthcare expenditure,budget deficit growth,request-22-3-2
budget deficit growth,monetary expansion by the federal reserve,request-22-3-3
monetary expansion by the federal reserve,inflation,request-22-3-4
democratic party of the united states,implementation of tariffs on imported goods,request-22-4-0
implementation of tariffs on imported goods,reduced import competition,request-22-4-1
reduced import competition,domestic price hikes for goods,request-22-4-2
domestic price hikes for goods,inflation,request-22-4-3
democratic party of the united states,student loan forgiveness policies,request-22-5-0
student loan forgiveness policies,increased disposable income for borrowers,request-22-5-1
increased disposable income for borrowers,heightened consumer spending,request-22-5-2
heightened consumer spending,demanddriven inflation,request-22-5-3
democratic party of the united states,stricter environmental regulations,request-22-6-0
stricter environmental regulations,higher compliance costs for manufacturers,request-22-6-1
higher compliance costs for manufacturers,rise in production expenses,request-22-6-2
rise in production expenses,costpush inflation,request-22-6-3
people from balochistan,fossil fuel extraction activities,request-23-0-0
fossil fuel extraction activities,combustion of fossil fuels,request-23-0-1
combustion of fossil fuels,carbon dioxide emissions,request-23-0-2
carbon dioxide emissions,enhanced greenhouse effect,request-23-0-3
enhanced greenhouse effect,global warming,request-23-0-4
global warming,climate change,request-23-0-5
people from balochistan,unsustainable agricultural practices,request-23-1-0
unsustainable agricultural practices,soil degradation and desertification,request-23-1-1
soil degradation and desertification,reduced carbon sequestration,request-23-1-2
reduced carbon sequestration,atmospheric co₂ accumulation,request-23-1-3
atmospheric co₂ accumulation,accelerated climate change,request-23-1-4
people from balochistan,dependence on diesel generators,request-23-2-0
dependence on diesel generators,increased diesel combustion,request-23-2-1
increased diesel combustion,greenhouse gas emissions,request-23-2-2
greenhouse gas emissions,rising global temperatures,request-23-2-3
rising global temperatures,climate change,request-23-2-4
people from balochistan,deforestation for resource extraction,request-23-3-0
deforestation for resource extraction,loss of forest cover,request-23-3-1
loss of forest cover,decreased carbon absorption,request-23-3-2
decreased carbon absorption,higher atmospheric co₂ levels,request-23-3-3
higher atmospheric co₂ levels,climate change,request-23-3-4
people from balochistan,livestock rearing,request-23-4-0
livestock rearing,methane emissions from enteric fermentation,request-23-4-1
methane emissions from enteric fermentation,increased atmospheric methane concentrations,request-23-4-2
increased atmospheric methane concentrations,intensified greenhouse effect,request-23-4-3
intensified greenhouse effect,climate change,request-23-4-4
people from balochistan,overgrazing practices,request-23-5-0
overgrazing practices,vegetation depletion,request-23-5-1
vegetation depletion,land degradation,request-23-5-2
land degradation,dust storms and reduced albedo,request-23-5-3
dust storms and reduced albedo,regional temperature rise,request-23-5-4
regional temperature rise,climate change,request-23-5-5
rich countries,high industrialization,request-24-0-0
high industrialization,fossil fuel consumption,request-24-0-1
fossil fuel consumption,greenhouse gas emissions,request-24-0-2
greenhouse gas emissions,global warming,request-24-0-3
global warming,climate change,request-24-0-4
rich countries,consumer demand for goods,request-24-1-0
consumer demand for goods,mass production industries,request-24-1-1
mass production industries,energyintensive manufacturing,request-24-1-2
energyintensive manufacturing,carbon dioxide release,request-24-1-3
carbon dioxide release,climate change,request-24-1-4
rich countries,deforestationlinked imports,request-24-2-0
deforestationlinked imports,loss of carbon sinks,request-24-2-1
loss of carbon sinks,atmospheric co2 accumulation,request-24-2-2
atmospheric co2 accumulation,enhanced greenhouse effect,request-24-2-3
enhanced greenhouse effect,climate change,request-24-2-4
rich countries,meatheavy diets,request-24-3-0
meatheavy diets,largescale livestock farming,request-24-3-1
largescale livestock farming,methane emissions,request-24-3-2
methane emissions,radiative forcing increase,request-24-3-3
radiative forcing increase,climate change,request-24-3-4
rich countries,private vehicle reliance,request-24-4-0
private vehicle reliance,transportation sector emissions,request-24-4-1
transportation sector emissions,tropospheric ozone formation,request-24-4-2
tropospheric ozone formation,accelerated climate feedback loops,request-24-4-3
rich countries,high waste generation,request-24-5-0
high waste generation,landfill methane production,request-24-5-1
landfill methane production,atmospheric methane spikes,request-24-5-2
atmospheric methane spikes,global temperature rise,request-24-5-3
global temperature rise,climate change,request-24-5-4
rich countries,offshore manufacturing reliance,request-24-6-0
offshore manufacturing reliance,coalpowered factories abroad,request-24-6-1
coalpowered factories abroad,transboundary particulate pollution,request-24-6-2
transboundary particulate pollution,albedo reduction,request-24-6-3
albedo reduction,climate change,request-24-6-4
rich countries,fossil fuel lobbying,request-24-7-0
fossil fuel lobbying,delayed renewable adoption,request-24-7-1
delayed renewable adoption,prolonged oil dependency,request-24-7-2
prolonged oil dependency,cumulative emissions overshoot,request-24-7-3
cumulative emissions overshoot,climate change,request-24-7-4
climate change,rising global temperatures,request-25-0-0
rising global temperatures,increased frequency of heatwaves,request-25-0-1
increased frequency of heatwaves,crop failures,request-25-0-2
crop failures,food price inflation,request-25-0-3
food price inflation,widespread hunger in poor regions,request-25-0-4
climate change,melting polar ice caps,request-25-1-0
melting polar ice caps,rising sea levels,request-25-1-1
rising sea levels,coastal flooding,request-25-1-2
coastal flooding,saltwater intrusion,request-25-1-3
saltwater intrusion,contaminated freshwater supplies,request-25-1-4
contaminated freshwater supplies,waterborne disease outbreaks in poor regions,request-25-1-5
climate change,ocean warming,request-25-2-0
ocean warming,coral reef degradation,request-25-2-1
coral reef degradation,collapse of marine ecosystems,request-25-2-2
collapse of marine ecosystems,reduced fish stocks,request-25-2-3
reduced fish stocks,loss of livelihood for coastal communities,request-25-2-4
loss of livelihood for coastal communities,economic collapse in poor regions,request-25-2-5
climate change,intensified drought cycles,request-25-3-0
intensified drought cycles,soil desertification,request-25-3-1
soil desertification,agricultural land loss,request-25-3-2
agricultural land loss,ruraltourban migration,request-25-3-3
ruraltourban migration,overcrowded slums,request-25-3-4
overcrowded slums,sanitation crises in poor regions,request-25-3-5
climate change,extreme weather events,request-25-4-0
extreme weather events,infrastructure destruction,request-25-4-1
infrastructure destruction,disrupted supply chains,request-25-4-2
disrupted supply chains,medical resource shortages,request-25-4-3
medical resource shortages,healthcare system failures in poor regions,request-25-4-4
climate change,altered rainfall patterns,request-25-5-0
altered rainfall patterns,erratic growing seasons,request-25-5-1
erratic growing seasons,crop yield volatility,request-25-5-2
crop yield volatility,farmer indebtedness,request-25-5-3
farmer indebtedness,increased rural poverty in poor regions,request-25-5-4
climate change,permafrost thaw,request-25-6-0
permafrost thaw,methane release,request-25-6-1
methane release,accelerated atmospheric warming,request-25-6-2
accelerated atmospheric warming,expanded disease vector ranges,request-25-6-3
expanded disease vector ranges,malaria resurgence in poor regions,request-25-6-4
climate change,glacial retreat,request-25-7-0
glacial retreat,reduced river flows,request-25-7-1
reduced river flows,hydropower shortages,request-25-7-2
hydropower shortages,energy poverty,request-25-7-3
energy poverty,limited industrial development in poor regions,request-25-7-4
climate change,ocean acidification,request-25-8-0
ocean acidification,shellfish population decline,request-25-8-1
shellfish population decline,coastal food insecurity,request-25-8-2
coastal food insecurity,malnutrition rates,request-25-8-3
malnutrition rates,stunted child development in poor regions,request-25-8-4
climate change,wildfire proliferation,request-25-9-0
wildfire proliferation,air quality deterioration,request-25-9-1
air quality deterioration,respiratory illness spikes,request-25-9-2
respiratory illness spikes,workforce productivity loss,request-25-9-3
workforce productivity loss,deepened economic inequality in poor regions,request-25-9-4
climate change,increased greenhouse gas concentrations,request-26-0-0
increased greenhouse gas concentrations,enhanced atmospheric heat retention,request-26-0-1
enhanced atmospheric heat retention,rising global temperatures,request-26-0-2
rising global temperatures,global warming,request-26-0-3
climate change,arctic ice melt,request-26-1-0
arctic ice melt,reduced albedo effect,request-26-1-1
reduced albedo effect,increased solar absorption,request-26-1-2
increased solar absorption,global warming,request-26-1-3
climate change,deforestation acceleration,request-26-2-0
deforestation acceleration,lower carbon sequestration,request-26-2-1
lower carbon sequestration,elevated atmospheric co₂,request-26-2-2
elevated atmospheric co₂,global warming,request-26-2-3
climate change,permafrost thawing,request-26-3-0
permafrost thawing,methane release,request-26-3-1
methane release,amplified radiative forcing,request-26-3-2
amplified radiative forcing,global warming,request-26-3-3
climate change,ocean acidification,request-26-4-0
ocean acidification,weakened phytoplankton productivity,request-26-4-1
weakened phytoplankton productivity,reduced carbon capture,request-26-4-2
reduced carbon capture,global warming,request-26-4-3
climate change,rising global temperatures,request-27-0-0
rising global temperatures,polar ice melt,request-27-0-1
polar ice melt,rising sea levels,request-27-0-2
rising sea levels,coastal flooding,request-27-0-3
climate change,rising global temperatures,request-27-1-0
rising global temperatures,increased evaporation rates,request-27-1-1
increased evaporation rates,intensified storm systems,request-27-1-2
intensified storm systems,heavy rainfall events,request-27-1-3
heavy rainfall events,riverine flooding,request-27-1-4
climate change,altered weather patterns,request-27-2-0
altered weather patterns,extreme precipitation variability,request-27-2-1
extreme precipitation variability,overwhelmed drainage systems,request-27-2-2
overwhelmed drainage systems,urban flooding,request-27-2-3
climate change,rising ocean temperatures,request-27-3-0
rising ocean temperatures,thermal expansion of seawater,request-27-3-1
thermal expansion of seawater,rising sea levels,request-27-3-2
rising sea levels,storm surge amplification,request-27-3-3
storm surge amplification,coastal flooding,request-27-3-4
climate change,accelerated glacial melt,request-27-4-0
accelerated glacial melt,glacial lake outbursts,request-27-4-1
glacial lake outbursts,sudden water release,request-27-4-2
sudden water release,flash flooding,request-27-4-3
climate change,increased atmospheric moisture,request-27-5-0
increased atmospheric moisture,prolonged rainfall periods,request-27-5-1
prolonged rainfall periods,saturated soil conditions,request-27-5-2
saturated soil conditions,landslideinduced flooding,request-27-5-3
climate change,permafrost thaw,request-27-6-0
permafrost thaw,ground instability,request-27-6-1
ground instability,altered river pathways,request-27-6-2
altered river pathways,unpredictable flood patterns,request-27-6-3
climate change,shifts in jet streams,request-27-7-0
shifts in jet streams,persistent weather stalls,request-27-7-1
persistent weather stalls,extended rainfall,request-27-7-2
extended rainfall,widespread flooding,request-27-7-3
climate change,reduced snowpack storage,request-27-8-0
reduced snowpack storage,earlier seasonal runoff,request-27-8-1
earlier seasonal runoff,overloaded river capacity,request-27-8-2
overloaded river capacity,spring flooding,request-27-8-3
climate change,warmer winters,request-27-9-0
warmer winters,increased rainonsnow events,request-27-9-1
increased rainonsnow events,rapid snowmelt,request-27-9-2
rapid snowmelt,sudden flood surges,request-27-9-3
stoppage of natural winds,disruption of atmospheric heat redistribution,request-28-0-0
disruption of atmospheric heat redistribution,intensified regional temperature extremes,request-28-0-1
intensified regional temperature extremes,alteration of precipitation patterns,request-28-0-2
alteration of precipitation patterns,ecosystem destabilization,request-28-0-3
ecosystem destabilization,accelerated greenhouse gas release,request-28-0-4
accelerated greenhouse gas release,climate change,request-28-0-5
stoppage of natural winds,weakening of ocean current systems,request-28-1-0
weakening of ocean current systems,reduced heat transport to polar regions,request-28-1-1
reduced heat transport to polar regions,ice sheet melt acceleration,request-28-1-2
ice sheet melt acceleration,sea level rise,request-28-1-3
sea level rise,altered global albedo,request-28-1-4
altered global albedo,climate change,request-28-1-5
stoppage of natural winds,suppression of air pollutant dispersion,request-28-2-0
suppression of air pollutant dispersion,increased atmospheric particulate concentration,request-28-2-1
increased atmospheric particulate concentration,enhanced solar radiation absorption,request-28-2-2
enhanced solar radiation absorption,surface warming amplification,request-28-2-3
surface warming amplification,climate change,request-28-2-4
stoppage of natural winds,collapse of winddriven upwelling,request-28-3-0
collapse of winddriven upwelling,marine nutrient depletion,request-28-3-1
marine nutrient depletion,phytoplankton population decline,request-28-3-2
phytoplankton population decline,reduced carbon sequestration,request-28-3-3
reduced carbon sequestration,atmospheric co₂ accumulation,request-28-3-4
atmospheric co₂ accumulation,climate change,request-28-3-5
stoppage of natural winds,stagnation of moisture transport,request-28-4-0
stagnation of moisture transport,continental aridification,request-28-4-1
continental aridification,vegetation dieoff,request-28-4-2
vegetation dieoff,soil carbon release,request-28-4-3
soil carbon release,greenhouse effect intensification,request-28-4-4
greenhouse effect intensification,climate change,request-28-4-5
increased greenhouse gas concentrations,enhanced atmospheric heat retention,request-29-0-0
enhanced atmospheric heat retention,reduced equatortopole temperature gradient,request-29-0-1
reduced equatortopole temperature gradient,weakened atmospheric pressure gradients,request-29-0-2
weakened atmospheric pressure gradients,decreased wind generation,request-29-0-3
decreased wind generation,stoppage of natural winds,request-29-0-4
rising atmospheric temperatures,accelerated polar ice melt,request-29-1-0
accelerated polar ice melt,freshwater influx into oceans,request-29-1-1
freshwater influx into oceans,disrupted thermohaline circulation,request-29-1-2
disrupted thermohaline circulation,altered ocean current patterns,request-29-1-3
altered ocean current patterns,reduced winddriving thermal contrasts,request-29-1-4
reduced winddriving thermal contrasts,stoppage of natural winds,request-29-1-5
atmospheric heating,increased evaporation rates,request-29-2-0
increased evaporation rates,elevated atmospheric moisture content,request-29-2-1
elevated atmospheric moisture content,altered radiative balance,request-29-2-2
altered radiative balance,shifts in global wind circulation cells,request-29-2-3
shifts in global wind circulation cells,collapse of prevailing wind systems,request-29-2-4
warming atmosphere,jet stream destabilization,request-29-3-0
jet stream destabilization,increased atmospheric blocking events,request-29-3-1
increased atmospheric blocking events,persistent highpressure systems,request-29-3-2
persistent highpressure systems,suppression of wind movement,request-29-3-3
suppression of wind movement,stoppage of natural winds,request-29-3-4
elevated surface temperatures,intensified landsea thermal contrasts,request-29-4-0
intensified landsea thermal contrasts,modified monsoon dynamics,request-29-4-1
modified monsoon dynamics,weakened seasonal wind patterns,request-29-4-2
weakened seasonal wind patterns,cessation of regional winds,request-29-4-3
atmospheric heat accumulation,thermal expansion of troposphere,request-29-5-0
thermal expansion of troposphere,slowed rossby wave activity,request-29-5-1
slowed rossby wave activity,reduced kinetic energy transfer,request-29-5-2
reduced kinetic energy transfer,diminished wind velocity,request-29-5-3
diminished wind velocity,stoppage of natural winds,request-29-5-4
removal of hills,loss of topographic elevation,request-30-0-0
loss of topographic elevation,flattening of terrain,request-30-0-1
flattening of terrain,disruption of localized pressure gradients,request-30-0-2
disruption of localized pressure gradients,reduced wind acceleration,request-30-0-3
reduced wind acceleration,stoppage of natural winds,request-30-0-4
removal of hills,elimination of wind deflection barriers,request-30-1-0
elimination of wind deflection barriers,altered wind direction patterns,request-30-1-1
altered wind direction patterns,collision of opposing airflows,request-30-1-2
collision of opposing airflows,atmospheric stagnation,request-30-1-3
atmospheric stagnation,stoppage of natural winds,request-30-1-4
removal of hills,destruction of vegetationdependent slopes,request-30-2-0
destruction of vegetationdependent slopes,reduced evapotranspiration,request-30-2-1
reduced evapotranspiration,diminished humiditydriven convection currents,request-30-2-2
diminished humiditydriven convection currents,suppression of thermal wind systems,request-30-2-3
suppression of thermal wind systems,stoppage of natural winds,request-30-2-4
removal of hills,erosion of soil layers,request-30-3-0
erosion of soil layers,increased particulate pollution,request-30-3-1
increased particulate pollution,absorption of solar radiation by aerosols,request-30-3-2
absorption of solar radiation by aerosols,weakened temperaturedriven air movement,request-30-3-3
weakened temperaturedriven air movement,stoppage of natural winds  ,request-30-3-4
removal of mountains,loss of topographic barriers,request-31-0-0
loss of topographic barriers,disruption of orographic wind deflection,request-31-0-1
disruption of orographic wind deflection,elimination of valley and mountain breeze cycles,request-31-0-2
elimination of valley and mountain breeze cycles,stoppage of natural winds,request-31-0-3
removal of mountains,flattening of terrain elevation gradients,request-31-1-0
flattening of terrain elevation gradients,reduction in temperature differentials,request-31-1-1
reduction in temperature differentials,collapse of pressuredriven wind systems,request-31-1-2
collapse of pressuredriven wind systems,stoppage of natural winds,request-31-1-3
removal of mountains,destruction of condensation nuclei sources,request-31-2-0
destruction of condensation nuclei sources,disruption of cloud formation processes,request-31-2-1
disruption of cloud formation processes,absence of precipitationinduced pressure changes,request-31-2-2
absence of precipitationinduced pressure changes,stoppage of natural winds,request-31-2-3
removal of mountains,elimination of jet stream anchoring points,request-31-3-0
elimination of jet stream anchoring points,destabilization of upperatmosphere airflow,request-31-3-1
destabilization of upperatmosphere airflow,termination of surface wind connections,request-31-3-2
termination of surface wind connections,stoppage of natural winds,request-31-3-3
removal of mountains,erosion of wind acceleration corridors,request-31-4-0
erosion of wind acceleration corridors,loss of funneling effects on air masses,request-31-4-1
loss of funneling effects on air masses,dissipation of directional wind forces,request-31-4-2
dissipation of directional wind forces,stoppage of natural winds,request-31-4-3
deforestation,reduced transpiration rates,request-32-0-0
reduced transpiration rates,decreased atmospheric moisture content,request-32-0-1
decreased atmospheric moisture content,weakened pressure gradients,request-32-0-2
weakened pressure gradients,diminished wind circulation,request-32-0-3
diminished wind circulation,stoppage of natural winds,request-32-0-4
deforestation,increased greenhouse gas emissions,request-32-1-0
increased greenhouse gas emissions,global temperature rise,request-32-1-1
global temperature rise,reduced equatorpole temperature differential,request-32-1-2
reduced equatorpole temperature differential,slowed jet stream movements,request-32-1-3
slowed jet stream movements,stoppage of natural winds,request-32-1-4
deforestation,loss of surface roughness,request-32-2-0
loss of surface roughness,altered wind friction dynamics,request-32-2-1
altered wind friction dynamics,disrupted regional airflow patterns,request-32-2-2
disrupted regional airflow patterns,cessation of local wind systems,request-32-2-3
cessation of local wind systems,stoppage of natural winds,request-32-2-4
deforestation,accelerated soil erosion,request-32-3-0
accelerated soil erosion,atmospheric dust accumulation,request-32-3-1
atmospheric dust accumulation,modified solar radiation absorption,request-32-3-2
modified solar radiation absorption,shifted convection currents,request-32-3-3
shifted convection currents,stoppage of natural winds,request-32-3-4
deforestation,decline in evapotranspiration,request-32-4-0
decline in evapotranspiration,reduced cloud formation,request-32-4-1
reduced cloud formation,intensified land surface heating,request-32-4-2
intensified land surface heating,altered landocean thermal contrast,request-32-4-3
altered landocean thermal contrast,suppressed monsoon circulation,request-32-4-4
suppressed monsoon circulation,stoppage of natural winds,request-32-4-5
human activity,fossil fuel combustion,request-33-0-0
fossil fuel combustion,carbon dioxide emissions,request-33-0-1
carbon dioxide emissions,enhanced greenhouse effect,request-33-0-2
enhanced greenhouse effect,global warming,request-33-0-3
human activity,deforestation,request-33-1-0
deforestation,reduced carbon sequestration,request-33-1-1
reduced carbon sequestration,atmospheric co2 accumulation,request-33-1-2
atmospheric co2 accumulation,global warming,request-33-1-3
human activity,industrial agriculture,request-33-2-0
industrial agriculture,methane emissions,request-33-2-1
methane emissions,increased radiative forcing,request-33-2-2
increased radiative forcing,global warming,request-33-2-3
human activity,landfill waste,request-33-3-0
landfill waste,methane release,request-33-3-1
methane release,greenhouse gas intensification,request-33-3-2
greenhouse gas intensification,global warming,request-33-3-3
human activity,cement production,request-33-4-0
cement production,industrial co2 output,request-33-4-1
industrial co2 output,atmospheric warming,request-33-4-2
atmospheric warming,global warming,request-33-4-3
human activity,nitrogenbased fertilizers,request-33-5-0
nitrogenbased fertilizers,nitrous oxide emissions,request-33-5-1
nitrous oxide emissions,ozone layer depletion,request-33-5-2
ozone layer depletion,global warming,request-33-5-3
human activity,urban sprawl,request-33-6-0
urban sprawl,heat island effect,request-33-6-1
heat island effect,regional temperature rise,request-33-6-2
regional temperature rise,global warming,request-33-6-3
human activity,biomass burning,request-33-7-0
biomass burning,black carbon deposition,request-33-7-1
black carbon deposition,icealbedo feedback,request-33-7-2
icealbedo feedback,global warming,request-33-7-3
human activity,marine shipping,request-33-8-0
marine shipping,sulfur aerosol emissions,request-33-8-1
sulfur aerosol emissions,indirect warming masking,request-33-8-2
indirect warming masking,delayed mitigation,request-33-8-3
delayed mitigation,global warming,request-33-8-4
human activity,permafrost disturbance,request-33-9-0
permafrost disturbance,methane hydrate release,request-33-9-1
methane hydrate release,accelerated warming,request-33-9-2
accelerated warming,global warming,request-33-9-3
burning fossil fuels,combustion of hydrocarbons,request-34-0-0
combustion of hydrocarbons,emission of carbon dioxide,request-34-0-1
emission of carbon dioxide,release of greenhouse gases into the atmosphere,request-34-0-2
burning fossil fuels,oxidation of carbon compounds,request-34-1-0
oxidation of carbon compounds,production of co₂,request-34-1-1
production of co₂,release of greenhouse gases into the atmosphere,request-34-1-2
burning fossil fuels,incomplete combustion processes,request-34-2-0
incomplete combustion processes,generation of methane,request-34-2-1
generation of methane,release of greenhouse gases into the atmosphere,request-34-2-2
burning fossil fuels,energy generation for industrial activities,request-34-3-0
energy generation for industrial activities,manufacturingrelated emissions,request-34-3-1
manufacturingrelated emissions,release of greenhouse gases into the atmosphere,request-34-3-2
burning fossil fuels,hightemperature reactions,request-34-4-0
hightemperature reactions,formation of nitrous oxides,request-34-4-1
formation of nitrous oxides,release of greenhouse gases into the atmosphere,request-34-4-2
burning fossil fuels,thermal decomposition of fuels,request-34-5-0
thermal decomposition of fuels,volatile organic compound release,request-34-5-1
volatile organic compound release,release of greenhouse gases into the atmosphere,request-34-5-2
burning biomass,combustion of organic material,request-35-0-0
combustion of organic material,production of carbon dioxide,request-35-0-1
production of carbon dioxide,release of greenhouse gases into the atmosphere,request-35-0-2
burning biomass,incomplete combustion,request-35-1-0
incomplete combustion,formation of methane,request-35-1-1
formation of methane,release of greenhouse gases into the atmosphere,request-35-1-2
burning biomass,oxidation of nitrogen compounds,request-35-2-0
oxidation of nitrogen compounds,generation of nitrous oxide,request-35-2-1
generation of nitrous oxide,release of greenhouse gases into the atmosphere,request-35-2-2
burning biomass,breakdown of cellulose,request-35-3-0
breakdown of cellulose,emission of carbon monoxide,request-35-3-1
emission of carbon monoxide,atmospheric conversion to carbon dioxide,request-35-3-2
atmospheric conversion to carbon dioxide,release of greenhouse gases into the atmosphere,request-35-3-3
burning biomass,release of particulate matter,request-35-4-0
release of particulate matter,secondary atmospheric reactions,request-35-4-1
secondary atmospheric reactions,formation of ozone precursors,request-35-4-2
formation of ozone precursors,release of greenhouse gases into the atmosphere,request-35-4-3
increase in co2,global warming,request-36-0-0
global warming,melting polar ice caps,request-36-0-1
melting polar ice caps,rising sea levels,request-36-0-2
rising sea levels,coastal flooding,request-36-0-3
coastal flooding,infrastructure damage,request-36-0-4
infrastructure damage,economic costs,request-36-0-5
economic costs,loss of prosperity,request-36-0-6
increase in co2,global warming,request-36-1-0
global warming,extreme weather events,request-36-1-1
extreme weather events,agricultural disruption,request-36-1-2
agricultural disruption,food shortages,request-36-1-3
food shortages,social unrest,request-36-1-4
social unrest,economic instability,request-36-1-5
economic instability,loss of prosperity,request-36-1-6
increase in co2,ocean acidification,request-36-2-0
ocean acidification,marine ecosystem collapse,request-36-2-1
marine ecosystem collapse,fisheries decline,request-36-2-2
fisheries decline,livelihood loss,request-36-2-3
livelihood loss,economic hardship,request-36-2-4
economic hardship,loss of prosperity,request-36-2-5
increase in co2,air quality degradation,request-36-3-0
air quality degradation,respiratory diseases,request-36-3-1
respiratory diseases,healthcare burden,request-36-3-2
healthcare burden,reduced labor productivity,request-36-3-3
reduced labor productivity,economic decline,request-36-3-4
economic decline,loss of prosperity,request-36-3-5
increase in co2,global warming,request-36-4-0
global warming,drought frequency,request-36-4-1
drought frequency,water scarcity,request-36-4-2
water scarcity,agricultural failure,request-36-4-3
agricultural failure,rural displacement,request-36-4-4
rural displacement,urban overcrowding,request-36-4-5
urban overcrowding,resource conflicts,request-36-4-6
resource conflicts,loss of prosperity,request-36-4-7
increase in co2,global warming,request-36-5-0
global warming,biodiversity loss,request-36-5-1
biodiversity loss,ecosystem service degradation,request-36-5-2
ecosystem service degradation,reduced natural resource availability,request-36-5-3
reduced natural resource availability,industrial stagnation,request-36-5-4
industrial stagnation,loss of prosperity,request-36-5-5
co2,photosynthesis activation,request-37-0-0
photosynthesis activation,glucose synthesis,request-37-0-1
glucose synthesis,energy provision,request-37-0-2
energy provision,plant growth,request-37-0-3
co2,atmospheric concentration rise,request-37-1-0
atmospheric concentration rise,greenhouse effect enhancement,request-37-1-1
greenhouse effect enhancement,temperature increase,request-37-1-2
temperature increase,extended growing season,request-37-1-3
extended growing season,plant growth,request-37-1-4
co2,stomatal closure induction,request-37-2-0
stomatal closure induction,transpiration reduction,request-37-2-1
transpiration reduction,water conservation,request-37-2-2
water conservation,drought resistance,request-37-2-3
drought resistance,plant growth,request-37-2-4
co2,photosynthetic rate increase,request-37-3-0
photosynthetic rate increase,biomass production acceleration,request-37-3-1
biomass production acceleration,structural development,request-37-3-2
structural development,plant growth,request-37-3-3
co2,carbon fixation stimulation,request-37-4-0
carbon fixation stimulation,carbohydrate accumulation,request-37-4-1
carbohydrate accumulation,cellular expansion,request-37-4-2
cellular expansion,plant growth,request-37-4-3
plants,photosynthesis,request-38-0-0
photosynthesis,oxygen release,request-38-0-1
plants,growth,request-38-1-0
growth,increased chloroplast density,request-38-1-1
increased chloroplast density,enhanced photosynthetic activity,request-38-1-2
enhanced photosynthetic activity,oxygen release,request-38-1-3
plants,root exudate secretion,request-38-2-0
root exudate secretion,soil microbiome enrichment,request-38-2-1
soil microbiome enrichment,nutrient mineralization,request-38-2-2
nutrient mineralization,photosynthesis,request-38-2-3
photosynthesis,oxygen release,request-38-2-4
plants,transpiration,request-38-3-0
transpiration,atmospheric moisture regulation,request-38-3-1
atmospheric moisture regulation,cloud formation,request-38-3-2
cloud formation,precipitation,request-38-3-3
precipitation,sustained plant hydration,request-38-3-4
sustained plant hydration,photosynthesis,request-38-3-5
photosynthesis,oxygen release,request-38-3-6
plants,leaf canopy development,request-38-4-0
leaf canopy development,light interception optimization,request-38-4-1
light interception optimization,photosynthetic efficiency,request-38-4-2
photosynthetic efficiency,oxygen release,request-38-4-3
plants,organic matter production,request-38-5-0
organic matter production,decomposition,request-38-5-1
decomposition,carbon dioxide enrichment,request-38-5-2
carbon dioxide enrichment,photosynthetic substrate availability,request-38-5-3
photosynthetic substrate availability,oxygen release,request-38-5-4
plants,seed dispersal,request-38-6-0
seed dispersal,population expansion,request-38-6-1
population expansion,biomass accumulation,request-38-6-2
biomass accumulation,collective photosynthesis,request-38-6-3
collective photosynthesis,oxygen release,request-38-6-4
plants,stomatal opening,request-38-7-0
stomatal opening,gas exchange facilitation,request-38-7-1
gas exchange facilitation,photosynthetic carbon fixation,request-38-7-2
photosynthetic carbon fixation,oxygen byproduct release,request-38-7-3
fumigation,release of chemical fumigants,request-39-0-0
release of chemical fumigants,pest mortality,request-39-0-1
pest mortality,accumulation of organic matter,request-39-0-2
accumulation of organic matter,microbial decomposition,request-39-0-3
microbial decomposition,release of co₂,request-39-0-4
release of co₂,increase in co₂,request-39-0-5
fumigation,combustion of fumigation fuels,request-39-1-0
combustion of fumigation fuels,emission of greenhouse gases,request-39-1-1
emission of greenhouse gases,accumulation of atmospheric co₂,request-39-1-2
accumulation of atmospheric co₂,increase in co₂,request-39-1-3
fumigation,disruption of soil ecosystems,request-39-2-0
disruption of soil ecosystems,reduced carbon sequestration,request-39-2-1
reduced carbon sequestration,imbalance in carbon cycling,request-39-2-2
imbalance in carbon cycling,increase in co₂,request-39-2-3
fumigation,elimination of pestdriven plant stressors,request-39-3-0
elimination of pestdriven plant stressors,enhanced plant respiration,request-39-3-1
enhanced plant respiration,elevated co₂ output,request-39-3-2
elevated co₂ output,increase in co₂,request-39-3-3
fumigation,chemical degradation of fumigants,request-39-4-0
chemical degradation of fumigants,release of carboncontaining byproducts,request-39-4-1
release of carboncontaining byproducts,oxidation reactions,request-39-4-2
oxidation reactions,generation of co₂,request-39-4-3
generation of co₂,increase in co₂,request-39-4-4
fumigation,increased agricultural productivity,request-39-5-0
increased agricultural productivity,expanded biomass decay,request-39-5-1
expanded biomass decay,accelerated decomposition,request-39-5-2
accelerated decomposition,rise in co₂ levels  ,request-39-5-3
increase in co2,higher atmospheric co2 concentration,request-40-0-0
higher atmospheric co2 concentration,increased co2 diffusion into chloroplasts,request-40-0-1
increased co2 diffusion into chloroplasts,enhanced substrate availability for rubisco,request-40-0-2
enhanced substrate availability for rubisco,accelerated calvin cycle,request-40-0-3
accelerated calvin cycle,increase in photosynthesis,request-40-0-4
increase in co2,partial stomatal closure,request-40-1-0
partial stomatal closure,reduced transpiration water loss,request-40-1-1
reduced transpiration water loss,improved plant wateruse efficiency,request-40-1-2
improved plant wateruse efficiency,prolonged photosynthetic activity under drought conditions,request-40-1-3
prolonged photosynthetic activity under drought conditions,increase in photosynthesis,request-40-1-4
increase in co2,greenhouse gas accumulation,request-40-2-0
greenhouse gas accumulation,elevated global temperatures,request-40-2-1
elevated global temperatures,extended growing seasons in temperate regions,request-40-2-2
extended growing seasons in temperate regions,longer duration of photosynthetic activity,request-40-2-3
longer duration of photosynthetic activity,increase in photosynthesis,request-40-2-4
increase in co2,stimulated plant biomass production,request-40-3-0
stimulated plant biomass production,expanded leaf area index,request-40-3-1
expanded leaf area index,greater light interception capacity,request-40-3-2
greater light interception capacity,enhanced photosynthetic output,request-40-3-3
enhanced photosynthetic output,increase in photosynthesis,request-40-3-4
increase in co2,suppression of photorespiration in c3 plants,request-40-4-0
suppression of photorespiration in c3 plants,reduced energy waste in calvin cycle,request-40-4-1
reduced energy waste in calvin cycle,increased net carbon fixation efficiency,request-40-4-2
increased net carbon fixation efficiency,increase in photosynthesis,request-40-4-3
increase in co2,root system proliferation,request-40-5-0
root system proliferation,enhanced nutrient uptake efficiency,request-40-5-1
enhanced nutrient uptake efficiency,increased chlorophyll synthesis,request-40-5-2
increased chlorophyll synthesis,improved lightharvesting capability,request-40-5-3
improved lightharvesting capability,increase in photosynthesis,request-40-5-4
increase in photosynthesis,elevated glucose production,request-41-0-0
elevated glucose production,enhanced carbohydrate availability,request-41-0-1
enhanced carbohydrate availability,accelerated plant growth,request-41-0-2
accelerated plant growth,increase in biomass,request-41-0-3
increase in photosynthesis,increased atp synthesis,request-41-1-0
increased atp synthesis,improved metabolic activity,request-41-1-1
improved metabolic activity,heightened cell division,request-41-1-2
heightened cell division,expansion of plant structures,request-41-1-3
expansion of plant structures,increase in biomass,request-41-1-4
increase in photosynthesis,greater oxygen release,request-41-2-0
greater oxygen release,improved root respiration,request-41-2-1
improved root respiration,enhanced nutrient absorption,request-41-2-2
enhanced nutrient absorption,robust plant development,request-41-2-3
robust plant development,increase in biomass,request-41-2-4
increase in photosynthesis,boosted carbon fixation,request-41-3-0
boosted carbon fixation,higher organic compound synthesis,request-41-3-1
higher organic compound synthesis,strengthened cell wall formation,request-41-3-2
strengthened cell wall formation,denser tissue accumulation,request-41-3-3
denser tissue accumulation,increase in biomass,request-41-3-4
increase in photosynthesis,amplified phloem transport,request-41-4-0
amplified phloem transport,efficient resource allocation,request-41-4-1
efficient resource allocation,prolonged growth periods,request-41-4-2
prolonged growth periods,sustained biomass accumulation,request-41-4-3
increase in photosynthesis,enhanced photoprotection mechanisms,request-41-5-0
enhanced photoprotection mechanisms,reduced oxidative stress,request-41-5-1
reduced oxidative stress,healthier chloroplasts,request-41-5-2
healthier chloroplasts,prolonged photosynthetic efficiency,request-41-5-3
prolonged photosynthetic efficiency,cumulative biomass gain,request-41-5-4
increase in photosynthesis,elevated auxin production,request-41-6-0
elevated auxin production,stimulated apical dominance,request-41-6-1
stimulated apical dominance,vertical growth prioritization,request-41-6-2
vertical growth prioritization,taller plant stature,request-41-6-3
taller plant stature,increase in biomass,request-41-6-4
increase in photosynthesis,surplus starch storage,request-41-7-0
surplus starch storage,buffer for nighttime metabolism,request-41-7-1
buffer for nighttime metabolism,continuous growth cycles,request-41-7-2
continuous growth cycles,gradual biomass augmentation,request-41-7-3
natural greenhouse effect,retention of heat in earth's atmosphere,request-42-0-0
retention of heat in earth's atmosphere,warming of earth's surface,request-42-0-1
warming of earth's surface,evaporation of surface water,request-42-0-2
evaporation of surface water,formation of clouds,request-42-0-3
formation of clouds,reflection of solar radiation back into space,request-42-0-4
natural greenhouse effect,stabilization of earth's temperature,request-42-1-0
stabilization of earth's temperature,sustained presence of liquid water,request-42-1-1
sustained presence of liquid water,evaporation processes,request-42-1-2
evaporation processes,increased cloud cover,request-42-1-3
increased cloud cover,reflection of solar radiation back into space,request-42-1-4
natural greenhouse effect,atmospheric warming,request-42-2-0
atmospheric warming,enhanced atmospheric convection,request-42-2-1
enhanced atmospheric convection,vertical cloud development,request-42-2-2
vertical cloud development,albedo increase from cumulus clouds,request-42-2-3
albedo increase from cumulus clouds,reflection of solar radiation back into space,request-42-2-4
natural greenhouse effect,reduced temperature extremes,request-42-3-0
reduced temperature extremes,persistent oceanatmosphere interaction,request-42-3-1
persistent oceanatmosphere interaction,consistent cloud formation cycles,request-42-3-2
consistent cloud formation cycles,global cloud coverage,request-42-3-3
global cloud coverage,reflection of solar radiation back into space,request-42-3-4
natural greenhouse effect,maintenance of habitable climate,request-42-4-0
maintenance of habitable climate,growth of vegetation,request-42-4-1
growth of vegetation,transpiration from plants,request-42-4-2
transpiration from plants,contribution to atmospheric moisture,request-42-4-3
contribution to atmospheric moisture,cloud generation,request-42-4-4
cloud generation,reflection of solar radiation back into space  ,request-42-4-5
excess of co2,enhanced greenhouse effect,request-43-0-0
enhanced greenhouse effect,global temperature rise,request-43-0-1
global temperature rise,accelerated permafrost thaw,request-43-0-2
accelerated permafrost thaw,release of trapped organic carbon,request-43-0-3
release of trapped organic carbon,increase in co2,request-43-0-4
excess of co2,ocean acidification,request-43-1-0
ocean acidification,coral reef degradation,request-43-1-1
coral reef degradation,reduced oceanic carbon sequestration,request-43-1-2
reduced oceanic carbon sequestration,increase in co2,request-43-1-3
excess of co2,co2 fertilization effect,request-43-2-0
co2 fertilization effect,increased plant biomass,request-43-2-1
increased plant biomass,enhanced microbial decomposition,request-43-2-2
enhanced microbial decomposition,accelerated soil respiration,request-43-2-3
accelerated soil respiration,increase in co2,request-43-2-4
excess of co2,atmospheric warming,request-43-3-0
atmospheric warming,reduced ocean co2 solubility,request-43-3-1
reduced ocean co2 solubility,lower oceanic co2 absorption,request-43-3-2
lower oceanic co2 absorption,increase in co2,request-43-3-3
excess of co2,climatedriven droughts,request-43-4-0
climatedriven droughts,forest dieback,request-43-4-1
forest dieback,biomass decay,request-43-4-2
biomass decay,increase in co2,request-43-4-3
excess of co2,increased wildfire frequency,request-43-5-0
increased wildfire frequency,combustion of carbon stocks,request-43-5-1
combustion of carbon stocks,release of stored carbon,request-43-5-2
release of stored carbon,increase in co2,request-43-5-3
increase in co2,enhanced greenhouse effect,request-44-0-0
enhanced greenhouse effect,rising global temperatures,request-44-0-1
rising global temperatures,global warming<|im_end|>,request-44-0-2
increase in co2,greater infrared radiation absorption,request-44-1-0
greater infrared radiation absorption,atmospheric heating,request-44-1-1
atmospheric heating,global warming<|im_end|>,request-44-1-2
increase in co2,ocean acidification,request-44-2-0
ocean acidification,reduced carbon sequestration by oceans,request-44-2-1
reduced carbon sequestration by oceans,accumulated atmospheric co2,request-44-2-2
accumulated atmospheric co2,global warming<|im_end|>,request-44-2-3
increase in co2,polar ice melt,request-44-3-0
polar ice melt,reduced albedo effect,request-44-3-1
reduced albedo effect,increased solar absorption,request-44-3-2
increased solar absorption,global warming<|im_end|>,request-44-3-3
increase in co2,higher atmospheric heat retention,request-44-4-0
higher atmospheric heat retention,thermal expansion of oceans,request-44-4-1
thermal expansion of oceans,altered climate systems,request-44-4-2
altered climate systems,global warming<|im_end|>,request-44-4-3
increase in co2,accelerated permafrost thaw,request-44-5-0
accelerated permafrost thaw,methane release,request-44-5-1
methane release,amplified greenhouse effect,request-44-5-2
amplified greenhouse effect,global warming<|im_end|>,request-44-5-3
increase in co2,increased wildfire frequency,request-44-6-0
increased wildfire frequency,additional co2 emissions,request-44-6-1
additional co2 emissions,intensified warming,request-44-6-2
intensified warming,global warming<|im_end|>,request-44-6-3
increase in co2,warmer ocean surfaces,request-44-7-0
warmer ocean surfaces,reduced co2 solubility,request-44-7-1
reduced co2 solubility,atmospheric co2 accumulation,request-44-7-2
atmospheric co2 accumulation,global warming<|im_end|>,request-44-7-3
increase in co2,altered plant respiration rates,request-44-8-0
altered plant respiration rates,net carbon release,request-44-8-1
net carbon release,elevated greenhouse gases,request-44-8-2
elevated greenhouse gases,global warming<|im_end|>,request-44-8-3
increase in co2,atmospheric warming,request-44-9-0
atmospheric warming,increased water vapor concentration,request-44-9-1
increased water vapor concentration,enhanced heat trapping,request-44-9-2
enhanced heat trapping,global warming<|im_end|>,request-44-9-3
increase in co2 emissions,elevated atmospheric co2 concentrations,request-45-0-0
elevated atmospheric co2 concentrations,enhanced co2 absorption by oceans,request-45-0-1
enhanced co2 absorption by oceans,formation of carbonic acid in seawater,request-45-0-2
formation of carbonic acid in seawater,dissociation into bicarbonate and hydrogen ions,request-45-0-3
dissociation into bicarbonate and hydrogen ions,increase in hydrogen ion concentration,request-45-0-4
increase in hydrogen ion concentration,reduction in ocean ph levels,request-45-0-5
reduction in ocean ph levels,ocean acidification,request-45-0-6
increase in co2 emissions,elevated atmospheric co2 concentrations,request-45-1-0
elevated atmospheric co2 concentrations,enhanced co2 dissolution in surface seawater,request-45-1-1
enhanced co2 dissolution in surface seawater,decreased carbonate ion availability,request-45-1-2
decreased carbonate ion availability,impaired calcium carbonate formation by marine organisms,request-45-1-3
impaired calcium carbonate formation by marine organisms,disruption of marine ecosystems,request-45-1-4
disruption of marine ecosystems,secondary effects on oceanic carbon cycling,request-45-1-5
secondary effects on oceanic carbon cycling,amplified reduction in ocean ph,request-45-1-6
amplified reduction in ocean ph,ocean acidification,request-45-1-7
increase in co2 emissions,elevated atmospheric co2 concentrations,request-45-2-0
elevated atmospheric co2 concentrations,increased partial pressure of co2 at ocean surface,request-45-2-1
increased partial pressure of co2 at ocean surface,accelerated gas exchange at airsea interface,request-45-2-2
accelerated gas exchange at airsea interface,higher dissolved inorganic carbon in seawater,request-45-2-3
higher dissolved inorganic carbon in seawater,shift in carbonate chemistry equilibrium,request-45-2-4
shift in carbonate chemistry equilibrium,net release of hydrogen ions,request-45-2-5
net release of hydrogen ions,ocean acidification,request-45-2-6
human activity,fossil fuel combustion,request-46-0-0
fossil fuel combustion,co₂ emissions,request-46-0-1
human activity,deforestation,request-46-1-0
deforestation,reduced carbon sequestration,request-46-1-1
reduced carbon sequestration,increased atmospheric co₂,request-46-1-2
human activity,industrial production,request-46-2-0
industrial production,manufacturing emissions,request-46-2-1
manufacturing emissions,co₂ release,request-46-2-2
human activity,transportation,request-46-3-0
transportation,vehicle exhaust,request-46-3-1
vehicle exhaust,co₂ emission,request-46-3-2
human activity,agricultural practices,request-46-4-0
agricultural practices,land use changes,request-46-4-1
land use changes,soil carbon release,request-46-4-2
soil carbon release,co₂ emissions,request-46-4-3
human activity,cement production,request-46-5-0
cement production,industrial co₂ emissions,request-46-5-1
human activity,waste incineration,request-46-6-0
waste incineration,co₂ generation,request-46-6-1
human activity,deforestation,request-46-7-0
deforestation,biomass burning,request-46-7-1
biomass burning,co₂ release,request-46-7-2
human activity,power plant operations,request-46-8-0
power plant operations,fossil fuel burning,request-46-8-1
fossil fuel burning,co₂ output,request-46-8-2
human activity,urbanization,request-46-9-0
urbanization,increased energy demand,request-46-9-1
increased energy demand,co₂ production,request-46-9-2
human activity,deforestation,request-46-10-0
deforestation,peatland degradation,request-46-10-1
peatland degradation,carbon oxidation,request-46-10-2
carbon oxidation,co₂ release  ,request-46-10-3
increase in co2,enhanced greenhouse effect,request-47-0-0
enhanced greenhouse effect,global temperature rise,request-47-0-1
global temperature rise,accelerated plant photosynthesis,request-47-0-2
accelerated plant photosynthesis,increased plant biomass,request-47-0-3
increased plant biomass,expanded forest growth,request-47-0-4
expanded forest growth,lush forests,request-47-0-5
increase in co2,elevated atmospheric carbon levels,request-47-1-0
elevated atmospheric carbon levels,stimulated plant growth,request-47-1-1
stimulated plant growth,enhanced forest canopy density,request-47-1-2
enhanced forest canopy density,improved ecosystem productivity,request-47-1-3
improved ecosystem productivity,lush forests,request-47-1-4
increase in co2,higher carbon availability for plants,request-47-2-0
higher carbon availability for plants,improved plant wateruse efficiency,request-47-2-1
improved plant wateruse efficiency,greater vegetation resilience,request-47-2-2
greater vegetation resilience,prolonged growing seasons,request-47-2-3
prolonged growing seasons,lush forests,request-47-2-4
increase in co2,warmer climatic conditions,request-47-3-0
warmer climatic conditions,altered precipitation patterns,request-47-3-1
altered precipitation patterns,higher soil moisture levels,request-47-3-2
higher soil moisture levels,enhanced tree vitality,request-47-3-3
enhanced tree vitality,lush forests,request-47-3-4
increase in co2,increased photosynthetic rates,request-47-4-0
increased photosynthetic rates,rapid biomass accumulation,request-47-4-1
rapid biomass accumulation,denser forest regeneration,request-47-4-2
denser forest regeneration,sustained forest health,request-47-4-3
sustained forest health,lush forests,request-47-4-4
modern wars,infrastructure destruction,request-48-0-0
infrastructure destruction,structural collapse,request-48-0-1
structural collapse,land subsidence,request-48-0-2
land subsidence,sinking,request-48-0-3
modern wars,naval battles,request-48-1-0
naval battles,ship damage,request-48-1-1
ship damage,sinking,request-48-1-2
modern wars,environmental degradation,request-48-2-0
environmental degradation,coastal erosion,request-48-2-1
coastal erosion,land sinking,request-48-2-2
modern wars,economic sanctions,request-48-3-0
economic sanctions,infrastructure neglect,request-48-3-1
infrastructure neglect,levee failure,request-48-3-2
levee failure,flooding,request-48-3-3
flooding,sinking,request-48-3-4
modern wars,groundwater extraction,request-48-4-0
groundwater extraction,subsidence,request-48-4-1
subsidence,sinking,request-48-4-2
modern wars,explosive detonations,request-48-5-0
explosive detonations,ground destabilization,request-48-5-1
ground destabilization,sinkhole formation,request-48-5-2
sinkhole formation,sinking,request-48-5-3
climate change,increased global temperatures,request-49-0-0
increased global temperatures,expanded geographic range of diseasecarrying mosquitoes,request-49-0-1
expanded geographic range of diseasecarrying mosquitoes,proliferation of malaria and dengue fever,request-49-0-2
proliferation of malaria and dengue fever,rise in infectious diseases,request-49-0-3
climate change,melting permafrost,request-49-1-0
melting permafrost,release of ancient pathogens,request-49-1-1
release of ancient pathogens,human exposure to novel viruses/bacteria,request-49-1-2
human exposure to novel viruses/bacteria,rise in infectious diseases,request-49-1-3
climate change,more frequent extreme weather events,request-49-2-0
more frequent extreme weather events,flooding and stagnant water,request-49-2-1
flooding and stagnant water,increased mosquito breeding sites,request-49-2-2
increased mosquito breeding sites,spread of zika virus,request-49-2-3
spread of zika virus,rise in infectious diseases,request-49-2-4
climate change,warmer ocean temperatures,request-49-3-0
warmer ocean temperatures,harmful algal blooms,request-49-3-1
harmful algal blooms,contaminated seafood consumption,request-49-3-2
contaminated seafood consumption,foodborne illnesses,request-49-3-3
foodborne illnesses,rise in infectious diseases,request-49-3-4
climate change,shifts in animal migration patterns,request-49-4-0
shifts in animal migration patterns,closer humanwildlife interaction,request-49-4-1
closer humanwildlife interaction,zoonotic spillover events,request-49-4-2
zoonotic spillover events,emergence of new epidemics,request-49-4-3
emergence of new epidemics,rise in infectious diseases,request-49-4-4
climate change,prolonged droughts,request-49-5-0
prolonged droughts,water scarcity and poor sanitation,request-49-5-1
water scarcity and poor sanitation,cholera outbreaks,request-49-5-2
cholera outbreaks,rise in infectious diseases,request-49-5-3
climate change,increased humidity and rainfall,request-49-6-0
increased humidity and rainfall,accelerated fungal growth,request-49-6-1
accelerated fungal growth,expansion of fungal infections,request-49-6-2
expansion of fungal infections,rise in infectious diseases,request-49-6-3
capitalism,profitdriven industrial production,request-50-0-0
profitdriven industrial production,increased fossil fuel consumption,request-50-0-1
increased fossil fuel consumption,greenhouse gas emissions,request-50-0-2
greenhouse gas emissions,global temperature rise,request-50-0-3
global temperature rise,climate change<|im_end|>,request-50-0-4
capitalism,expansion of consumer markets,request-50-1-0
expansion of consumer markets,mass manufacturing,request-50-1-1
mass manufacturing,resource depletion and pollution,request-50-1-2
resource depletion and pollution,atmospheric carbon accumulation,request-50-1-3
atmospheric carbon accumulation,climate change<|im_end|>,request-50-1-4
capitalism,corporate lobbying,request-50-2-0
corporate lobbying,weakened environmental regulations,request-50-2-1
weakened environmental regulations,unrestricted industrial emissions,request-50-2-2
unrestricted industrial emissions,accelerated global warming,request-50-2-3
accelerated global warming,climate change<|im_end|>,request-50-2-4
capitalism,globalized supply chains,request-50-3-0
globalized supply chains,highcarbon transportation networks,request-50-3-1
highcarbon transportation networks,fossil fuel dependency,request-50-3-2
fossil fuel dependency,ocean acidification and warming,request-50-3-3
ocean acidification and warming,climate change<|im_end|>,request-50-3-4
capitalism,deforestation for commercial agriculture,request-50-4-0
deforestation for commercial agriculture,loss of carbon sinks,request-50-4-1
loss of carbon sinks,increased atmospheric co₂,request-50-4-2
increased atmospheric co₂,enhanced greenhouse effect,request-50-4-3
enhanced greenhouse effect,climate change<|im_end|>,request-50-4-4
capitalism,planned obsolescence practices,request-50-5-0
planned obsolescence practices,frequent product replacement cycles,request-50-5-1
frequent product replacement cycles,escalated waste and energy use,request-50-5-2
escalated waste and energy use,cumulative emissions,request-50-5-3
cumulative emissions,climate change<|im_end|>,request-50-5-4
capitalism,intensive livestock farming,request-50-6-0
intensive livestock farming,methane release,request-50-6-1
methane release,stratospheric heating,request-50-6-2
stratospheric heating,disrupted climate systems,request-50-6-3
disrupted climate systems,climate change<|im_end|>,request-50-6-4
capitalism,subsidization of fossil fuels,request-50-7-0
subsidization of fossil fuels,delayed renewable energy adoption,request-50-7-1
delayed renewable energy adoption,prolonged carbonintensive infrastructure,request-50-7-2
prolonged carbonintensive infrastructure,irreversible climatic shifts,request-50-7-3
irreversible climatic shifts,climate change<|im_end|>,request-50-7-4
capitalism,growth of industrial agriculture,request-51-0-0
growth of industrial agriculture,increased use of antibiotics in livestock,request-51-0-1
increased use of antibiotics in livestock,antibioticresistant bacteria proliferation,request-51-0-2
antibioticresistant bacteria proliferation,rise in infectious diseases,request-51-0-3
capitalism,urbanization and overcrowded cities,request-51-1-0
urbanization and overcrowded cities,inadequate sanitation infrastructure,request-51-1-1
inadequate sanitation infrastructure,contaminated water sources,request-51-1-2
contaminated water sources,rise in infectious diseases,request-51-1-3
capitalism,deforestation for resource extraction,request-51-2-0
deforestation for resource extraction,wildlife habitat destruction,request-51-2-1
wildlife habitat destruction,increased humanwildlife contact,request-51-2-2
increased humanwildlife contact,zoonotic disease spillover,request-51-2-3
zoonotic disease spillover,rise in infectious diseases,request-51-2-4
capitalism,globalized trade networks,request-51-3-0
globalized trade networks,accelerated international travel,request-51-3-1
accelerated international travel,rapid pathogen transmission,request-51-3-2
rapid pathogen transmission,rise in infectious diseases,request-51-3-3
capitalism,privatization of healthcare systems,request-51-4-0
privatization of healthcare systems,reduced healthcare accessibility,request-51-4-1
reduced healthcare accessibility,delayed disease detection/treatment,request-51-4-2
delayed disease detection/treatment,rise in infectious diseases,request-51-4-3
capitalism,fossil fuel dependence,request-51-5-0
fossil fuel dependence,climate change,request-51-5-1
climate change,expanded vector habitats,request-51-5-2
expanded vector habitats,rise in infectious diseases,request-51-5-3
capitalism,income inequality,request-51-6-0
income inequality,poor living conditions in marginalized communities,request-51-6-1
poor living conditions in marginalized communities,weakened immune systems,request-51-6-2
weakened immune systems,rise in infectious diseases,request-51-6-3
capitalism,pharmaceutical profit prioritization,request-51-7-0
pharmaceutical profit prioritization,underinvestment in tropical disease research,request-51-7-1
underinvestment in tropical disease research,inadequate treatments for emerging pathogens,request-51-7-2
inadequate treatments for emerging pathogens,rise in infectious diseases,request-51-7-3
capitalism,factory farming expansion,request-51-8-0
factory farming expansion,highdensity animal populations,request-51-8-1
highdensity animal populations,mutation of virulent strains,request-51-8-2
mutation of virulent strains,rise in infectious diseases,request-51-8-3
capitalism,labor exploitation in developing nations,request-51-9-0
labor exploitation in developing nations,migrant worker displacement,request-51-9-1
migrant worker displacement,overburdened public health systems,request-51-9-2
overburdened public health systems,rise in infectious diseases,request-51-9-3
melting of glaciers,rising sea levels,request-52-0-0
rising sea levels,coastal erosion,request-52-0-1
coastal erosion,undermining of coastal infrastructure foundations,request-52-0-2
undermining of coastal infrastructure foundations,risk to arctic infrastructure,request-52-0-3
melting of glaciers,thawing of permafrost,request-52-1-0
thawing of permafrost,ground instability,request-52-1-1
ground instability,structural damage to buildings and roads,request-52-1-2
structural damage to buildings and roads,risk to arctic infrastructure,request-52-1-3
melting of glaciers,increased glacial meltwater runoff,request-52-2-0
increased glacial meltwater runoff,flooding of river systems,request-52-2-1
flooding of river systems,erosion of transport corridors,request-52-2-2
erosion of transport corridors,risk to arctic infrastructure,request-52-2-3
melting of glaciers,reduced albedo effect,request-52-3-0
reduced albedo effect,accelerated regional warming,request-52-3-1
accelerated regional warming,thawing of permafrost,request-52-3-2
thawing of permafrost,ground subsidence,request-52-3-3
ground subsidence,risk to arctic infrastructure,request-52-3-4
melting of glaciers,formation of glacial lakes,request-52-4-0
formation of glacial lakes,glacial lake outburst floods,request-52-4-1
glacial lake outburst floods,sudden destruction of infrastructure,request-52-4-2
sudden destruction of infrastructure,risk to arctic infrastructure,request-52-4-3
melting of glaciers,changes in snowpack dynamics,request-52-5-0
changes in snowpack dynamics,altered hydrological cycles,request-52-5-1
altered hydrological cycles,water scarcity for infrastructure maintenance,request-52-5-2
water scarcity for infrastructure maintenance,risk to arctic infrastructure  ,request-52-5-3
release of carbon,carbon dioxide emissions,request-53-0-0
carbon dioxide emissions,atmospheric accumulation of greenhouse gases,request-53-0-1
atmospheric accumulation of greenhouse gases,enhanced greenhouse effect,request-53-0-2
enhanced greenhouse effect,increased radiative forcing,request-53-0-3
increased radiative forcing,global temperature rise,request-53-0-4
global temperature rise,global warming,request-53-0-5
release of carbon,methane emissions,request-53-1-0
methane emissions,atmospheric methane concentration rise,request-53-1-1
atmospheric methane concentration rise,trapping of infrared radiation,request-53-1-2
trapping of infrared radiation,heat retention in the troposphere,request-53-1-3
heat retention in the troposphere,global warming,request-53-1-4
release of carbon,deforestationinduced carbon sink loss,request-53-2-0
deforestationinduced carbon sink loss,reduced co₂ absorption by forests,request-53-2-1
reduced co₂ absorption by forests,atmospheric co₂ level increase,request-53-2-2
atmospheric co₂ level increase,greenhouse effect amplification,request-53-2-3
greenhouse effect amplification,global warming,request-53-2-4
release of carbon,fossil fuel combustion,request-53-3-0
fossil fuel combustion,tropospheric ozone formation,request-53-3-1
tropospheric ozone formation,additional heat trapping,request-53-3-2
additional heat trapping,global surface temperature rise,request-53-3-3
global surface temperature rise,global warming,request-53-3-4
release of carbon,permafrost thawing,request-53-4-0
permafrost thawing,methane and co₂ venting,request-53-4-1
methane and co₂ venting,accelerated atmospheric warming,request-53-4-2
accelerated atmospheric warming,polar ice melt feedback loop,request-53-4-3
polar ice melt feedback loop,global warming,request-53-4-4
release of carbon,emission of greenhouse gases,request-54-0-0
emission of greenhouse gases,atmospheric accumulation of co₂ and methane,request-54-0-1
atmospheric accumulation of co₂ and methane,enhanced greenhouse effect,request-54-0-2
enhanced greenhouse effect,trapping of infrared radiation,request-54-0-3
trapping of infrared radiation,rising global temperatures,request-54-0-4
rising global temperatures,global warming,request-54-0-5
release of carbon,increased atmospheric carbon dioxide,request-54-1-0
increased atmospheric carbon dioxide,absorption of heat by the atmosphere,request-54-1-1
absorption of heat by the atmosphere,disruption of earth’s energy balance,request-54-1-2
disruption of earth’s energy balance,elevated surface temperatures,request-54-1-3
elevated surface temperatures,global warming,request-54-1-4
release of carbon,higher co₂ concentrations in oceans,request-54-2-0
higher co₂ concentrations in oceans,reduced oceanic carbon sequestration capacity,request-54-2-1
reduced oceanic carbon sequestration capacity,excess atmospheric carbon retention,request-54-2-2
excess atmospheric carbon retention,intensified greenhouse gas effect,request-54-2-3
intensified greenhouse gas effect,global warming,request-54-2-4
release of carbon,deforestationlinked co₂ emissions,request-54-3-0
deforestationlinked co₂ emissions,loss of carbon sinks,request-54-3-1
loss of carbon sinks,unmitigated atmospheric carbon buildup,request-54-3-2
unmitigated atmospheric carbon buildup,accelerated warming trend,request-54-3-3
accelerated warming trend,global warming,request-54-3-4
release of carbon,methane leakage from permafrost thaw,request-54-4-0
methane leakage from permafrost thaw,shortterm radiative forcing increase,request-54-4-1
shortterm radiative forcing increase,rapid temperature spikes,request-54-4-2
rapid temperature spikes,global warming,request-54-4-3
release of carbon,industrial fossil fuel combustion,request-54-5-0
industrial fossil fuel combustion,longlived atmospheric co₂,request-54-5-1
longlived atmospheric co₂,persistent heat retention,request-54-5-2
persistent heat retention,cumulative thermal expansion,request-54-5-3
cumulative thermal expansion,global warming  ,request-54-5-4
climate change,melting arctic ice,request-55-0-0
melting arctic ice,accessible offshore oil reserves,request-55-0-1
accessible offshore oil reserves,expansion of oil drilling,request-55-0-2
expansion of oil drilling,economic opportunities tied to oil resources,request-55-0-3
climate change,renewable energy demand,request-55-1-0
renewable energy demand,lithium/cobalt mining growth,request-55-1-1
lithium/cobalt mining growth,economic opportunities tied to mineral resources,request-55-1-2
climate change,carbon capture policies,request-55-2-0
carbon capture policies,enhanced oil recovery projects,request-55-2-1
enhanced oil recovery projects,economic opportunities tied to gas resources,request-55-2-2
climate change,permafrost thaw,request-55-3-0
permafrost thaw,exposed rareearth deposits,request-55-3-1
exposed rareearth deposits,mining infrastructure development,request-55-3-2
mining infrastructure development,economic opportunities tied to mineral resources,request-55-3-3
climate change,energy transition delays,request-55-4-0
energy transition delays,prolonged fossil fuel reliance,request-55-4-1
prolonged fossil fuel reliance,economic opportunities tied to oil/gas investments,request-55-4-2
climate change,geopolitical resource competition,request-55-5-0
geopolitical resource competition,strategic mineral stockpiling,request-55-5-1
strategic mineral stockpiling,economic opportunities tied to mineral extraction,request-55-5-2
climate change,rising global temperatures,request-56-0-0
rising global temperatures,accelerated arctic ice melt,request-56-0-1
accelerated arctic ice melt,reduced sea ice coverage,request-56-0-2
reduced sea ice coverage,prolonged icefree navigation periods,request-56-0-3
prolonged icefree navigation periods,accessible arctic shipping routes,request-56-0-4
climate change,increased atmospheric co₂ levels,request-56-1-0
increased atmospheric co₂ levels,ocean warming,request-56-1-1
ocean warming,weakened polar vortex,request-56-1-2
weakened polar vortex,altered wind patterns,request-56-1-3
altered wind patterns,reduced sea ice persistence,request-56-1-4
reduced sea ice persistence,extended shipping seasons in northern routes,request-56-1-5
climate change,glacier retreat,request-56-2-0
glacier retreat,rising sea levels,request-56-2-1
rising sea levels,expanded coastal waterways,request-56-2-2
expanded coastal waterways,increased port accessibility,request-56-2-3
increased port accessibility,enhanced nearshore shipping routes,request-56-2-4
climate change,permafrost thaw,request-56-3-0
permafrost thaw,stabilized arctic coastal terrain,request-56-3-1
stabilized arctic coastal terrain,improved port infrastructure development,request-56-3-2
improved port infrastructure development,accessible arctic supply routes,request-56-3-3
climate change,intensified hydrological cycles,request-56-4-0
intensified hydrological cycles,increased river discharge,request-56-4-1
increased river discharge,deepened inland waterways,request-56-4-2
deepened inland waterways,navigability of previously seasonal rivers,request-56-4-3
navigability of previously seasonal rivers,expanded continental shipping networks,request-56-4-4
climate change,shifting precipitation patterns,request-56-5-0
shifting precipitation patterns,reduced snowfall in temperate zones,request-56-5-1
reduced snowfall in temperate zones,yearround operation of alpine shipping canals,request-56-5-2
yearround operation of alpine shipping canals,accessible transmountain trade routes,request-56-5-3
climate change,warmer ocean temperatures,request-56-6-0
warmer ocean temperatures,reduced iceberg calving,request-56-6-1
reduced iceberg calving,lower maritime hazard frequency,request-56-6-2
lower maritime hazard frequency,safer highlatitude shipping lanes,request-56-6-3
safer highlatitude shipping lanes,reliable polar route utilization,request-56-6-4
climate change,atmospheric circulation changes,request-56-7-0
atmospheric circulation changes,predictable winddriven currents,request-56-7-1
predictable winddriven currents,optimized sailassisted cargo routes,request-56-7-2
optimized sailassisted cargo routes,energyefficient shipping pathways,request-56-7-3
climate change,thinning multiyear ice,request-56-8-0
thinning multiyear ice,decreased icebreaker dependence,request-56-8-1
decreased icebreaker dependence,lower operational barriers,request-56-8-2
lower operational barriers,commercially viable arctic transit corridors,request-56-8-3
climate change,earlier spring thaw,request-56-9-0
earlier spring thaw,extended icefree periods in fjords,request-56-9-1
extended icefree periods in fjords,accessible mineral export channels,request-56-9-2
accessible mineral export channels,operational northern resource shipping routes,request-56-9-3
cutting emissions,reduced release of sulfate aerosols,request-57-0-0
reduced release of sulfate aerosols,decreased atmospheric dimming,request-57-0-1
decreased atmospheric dimming,increased solar radiation reaching earth's surface,request-57-0-2
increased solar radiation reaching earth's surface,rise in global temperatures,request-57-0-3
cutting emissions,accelerated phaseout of coal plants,request-57-1-0
accelerated phaseout of coal plants,reduced sulfur dioxide output,request-57-1-1
reduced sulfur dioxide output,diminished cooling effect from aerosols,request-57-1-2
diminished cooling effect from aerosols,unmasked greenhouse warming,request-57-1-3
unmasked greenhouse warming,rise in global temperatures,request-57-1-4
cutting emissions,increased adoption of bioenergy crops,request-57-2-0
increased adoption of bioenergy crops,largescale landuse changes,request-57-2-1
largescale landuse changes,altered surface albedo,request-57-2-2
altered surface albedo,enhanced regional warming,request-57-2-3
enhanced regional warming,rise in global temperatures,request-57-2-4
cutting emissions,reduced black carbon deposition on snow/ice,request-57-3-0
reduced black carbon deposition on snow/ice,lowered absorption of sunlight by cryosphere,request-57-3-1
lowered absorption of sunlight by cryosphere,slowed ice melt,request-57-3-2
slowed ice melt,delayed albedo feedback,request-57-3-3
delayed albedo feedback,temporary suppression of warming,request-57-3-4
temporary suppression of warming,eventual rise in global temperatures due to co₂ persistence,request-57-3-5
human activity,fossil fuel combustion,request-58-0-0
fossil fuel combustion,co₂ emissions,request-58-0-1
co₂ emissions,atmospheric co₂ accumulation,request-58-0-2
atmospheric co₂ accumulation,enhanced greenhouse effect,request-58-0-3
enhanced greenhouse effect,global temperature rise,request-58-0-4
global temperature rise,climate change,request-58-0-5
human activity,deforestation,request-58-1-0
deforestation,reduced carbon sequestration,request-58-1-1
reduced carbon sequestration,atmospheric co₂ accumulation,request-58-1-2
atmospheric co₂ accumulation,enhanced greenhouse effect,request-58-1-3
enhanced greenhouse effect,global temperature rise,request-58-1-4
global temperature rise,climate change,request-58-1-5
human activity,agricultural livestock rearing,request-58-2-0
agricultural livestock rearing,methane emissions,request-58-2-1
methane emissions,atmospheric methane accumulation,request-58-2-2
atmospheric methane accumulation,enhanced greenhouse effect,request-58-2-3
enhanced greenhouse effect,global temperature rise,request-58-2-4
global temperature rise,climate change,request-58-2-5
human activity,fertilizer use,request-58-3-0
fertilizer use,nitrous oxide emissions,request-58-3-1
nitrous oxide emissions,atmospheric n₂o accumulation,request-58-3-2
atmospheric n₂o accumulation,enhanced greenhouse effect,request-58-3-3
enhanced greenhouse effect,global temperature rise,request-58-3-4
global temperature rise,climate change,request-58-3-5
human activity,industrial manufacturing,request-58-4-0
industrial manufacturing,fluorinated gas emissions,request-58-4-1
fluorinated gas emissions,atmospheric hfc accumulation,request-58-4-2
atmospheric hfc accumulation,enhanced greenhouse effect,request-58-4-3
enhanced greenhouse effect,global temperature rise,request-58-4-4
global temperature rise,climate change,request-58-4-5
human activity,landfill waste decomposition,request-58-5-0
landfill waste decomposition,methane emissions,request-58-5-1
methane emissions,atmospheric methane accumulation,request-58-5-2
atmospheric methane accumulation,enhanced greenhouse effect,request-58-5-3
enhanced greenhouse effect,global temperature rise,request-58-5-4
global temperature rise,climate change,request-58-5-5
human activity,transportation emissions,request-58-6-0
transportation emissions,black carbon release,request-58-6-1
black carbon release,albedo reduction,request-58-6-2
albedo reduction,accelerated ice melt,request-58-6-3
accelerated ice melt,sea level rise,request-58-6-4
sea level rise,climate change,request-58-6-5
human activity,coalfired power generation,request-58-7-0
coalfired power generation,sulfur aerosol emissions,request-58-7-1
sulfur aerosol emissions,temporary cooling masking,request-58-7-2
temporary cooling masking,delayed climate mitigation,request-58-7-3
delayed climate mitigation,accelerated warming,request-58-7-4
accelerated warming,climate change,request-58-7-5
human activity,urbanization,request-58-8-0
urbanization,land surface alteration,request-58-8-1
land surface alteration,heat island effect,request-58-8-2
heat island effect,regional temperature increase,request-58-8-3
regional temperature increase,microclimate shifts,request-58-8-4
microclimate shifts,climate change,request-58-8-5
human activity,ocean acidification,request-58-9-0
ocean acidification,marine ecosystem collapse,request-58-9-1
marine ecosystem collapse,reduced carbon sink capacity,request-58-9-2
reduced carbon sink capacity,atmospheric co₂ accumulation,request-58-9-3
atmospheric co₂ accumulation,enhanced greenhouse effect,request-58-9-4
enhanced greenhouse effect,climate change,request-58-9-5
increase in forest fires,destruction of vegetation,request-59-0-0
destruction of vegetation,soil instability,request-59-0-1
soil instability,accelerated soil erosion,request-59-0-2
accelerated soil erosion,degraded land quality,request-59-0-3
degraded land quality,loss of forests,request-59-0-4
increase in forest fires,release of carbon emissions,request-59-1-0
release of carbon emissions,climate change intensification,request-59-1-1
climate change intensification,prolonged droughts,request-59-1-2
prolonged droughts,reduced tree resilience,request-59-1-3
reduced tree resilience,loss of forests,request-59-1-4
increase in forest fires,elimination of seed banks,request-59-2-0
elimination of seed banks,failed natural regeneration,request-59-2-1
failed natural regeneration,loss of forests,request-59-2-2
increase in forest fires,loss of canopy cover,request-59-3-0
loss of canopy cover,invasion of nonnative species,request-59-3-1
invasion of nonnative species,disruption of native ecosystems,request-59-3-2
disruption of native ecosystems,loss of forests,request-59-3-3
increase in forest fires,ash accumulation in soil,request-59-4-0
ash accumulation in soil,altered soil chemistry,request-59-4-1
altered soil chemistry,inhibited plant growth,request-59-4-2
inhibited plant growth,loss of forests,request-59-4-3
increase in forest fires,tree mortality,request-59-5-0
tree mortality,habitat fragmentation,request-59-5-1
habitat fragmentation,edge effects,request-59-5-2
edge effects,increased pest outbreaks,request-59-5-3
increased pest outbreaks,loss of forests,request-59-5-4
increase in forest fires,destruction of wildlife habitats,request-60-0-0
destruction of wildlife habitats,decline in species populations,request-60-0-1
decline in species populations,loss of biodiversity,request-60-0-2
increase in forest fires,release of air pollutants and particulate matter,request-60-1-0
release of air pollutants and particulate matter,respiratory issues in animal species,request-60-1-1
respiratory issues in animal species,increased mortality rates among vulnerable species,request-60-1-2
increased mortality rates among vulnerable species,loss of biodiversity,request-60-1-3
increase in forest fires,soil erosion and nutrient depletion,request-60-2-0
soil erosion and nutrient depletion,reduction in plant regeneration,request-60-2-1
reduction in plant regeneration,disruption of food chains,request-60-2-2
disruption of food chains,loss of biodiversity,request-60-2-3
increase in forest fires,destruction of native vegetation,request-60-3-0
destruction of native vegetation,colonization by invasive species,request-60-3-1
colonization by invasive species,competition with native species,request-60-3-2
competition with native species,loss of biodiversity,request-60-3-3
increase in forest fires,alteration of ecosystem structure,request-60-4-0
alteration of ecosystem structure,disruption of symbiotic relationships,request-60-4-1
disruption of symbiotic relationships,loss of biodiversity,request-60-4-2
increase in forest fires,loss of keystone species,request-60-5-0
loss of keystone species,collapse of dependent species populations,request-60-5-1
collapse of dependent species populations,loss of biodiversity,request-60-5-2
increase in forest fires,vegetation combustion,request-61-0-0
vegetation combustion,loss of plant cover,request-61-0-1
loss of plant cover,soil exposure,request-61-0-2
soil exposure,erosion acceleration,request-61-0-3
erosion acceleration,topsoil depletion,request-61-0-4
topsoil depletion,nutrient leaching,request-61-0-5
nutrient leaching,weakened soil health,request-61-0-6
increase in forest fires,high soil temperatures,request-61-1-0
high soil temperatures,microorganism mortality,request-61-1-1
microorganism mortality,reduced decomposition,request-61-1-2
reduced decomposition,organic matter decline,request-61-1-3
organic matter decline,soil structure degradation,request-61-1-4
soil structure degradation,weakened soil health,request-61-1-5
increase in forest fires,ash deposition,request-61-2-0
ash deposition,waterrepellent layer formation,request-61-2-1
waterrepellent layer formation,reduced water infiltration,request-61-2-2
reduced water infiltration,increased surface runoff,request-61-2-3
increased surface runoff,moisture retention loss,request-61-2-4
moisture retention loss,plant growth inhibition,request-61-2-5
plant growth inhibition,weakened soil health,request-61-2-6
increase in forest fires,tree root mortality,request-61-3-0
tree root mortality,soil destabilization,request-61-3-1
soil destabilization,compaction susceptibility,request-61-3-2
compaction susceptibility,reduced aeration,request-61-3-3
reduced aeration,root penetration resistance,request-61-3-4
root penetration resistance,weakened soil health,request-61-3-5
increase in forest fires,invasive species colonization,request-61-4-0
invasive species colonization,altered nutrient cycling,request-61-4-1
altered nutrient cycling,imbalanced soil chemistry,request-61-4-2
imbalanced soil chemistry,microbial community disruption,request-61-4-3
microbial community disruption,weakened soil health,request-61-4-4
increase in forest fires,habitat destruction,request-62-0-0
habitat destruction,biodiversity loss,request-62-0-1
biodiversity loss,environmental threats,request-62-0-2
increase in forest fires,carbon dioxide emissions,request-62-1-0
carbon dioxide emissions,greenhouse effect intensification,request-62-1-1
greenhouse effect intensification,climate change,request-62-1-2
climate change,environmental threats,request-62-1-3
increase in forest fires,vegetation loss,request-62-2-0
vegetation loss,soil erosion,request-62-2-1
soil erosion,water pollution,request-62-2-2
water pollution,environmental threats,request-62-2-3
increase in forest fires,air pollution,request-62-3-0
air pollution,acid rain formation,request-62-3-1
acid rain formation,environmental threats,request-62-3-2
increase in forest fires,vegetation loss,request-62-4-0
vegetation loss,disrupted water cycles,request-62-4-1
disrupted water cycles,drought conditions,request-62-4-2
drought conditions,environmental threats,request-62-4-3
increase in forest fires,toxin release,request-62-5-0
toxin release,soil contamination,request-62-5-1
soil contamination,environmental threats,request-62-5-2
increase in forest fires,ash deposition,request-62-6-0
ash deposition,aquatic ecosystem disruption,request-62-6-1
aquatic ecosystem disruption,environmental threats,request-62-6-2
increase in forest fires,tree cover reduction,request-62-7-0
tree cover reduction,albedo effect alteration,request-62-7-1
albedo effect alteration,regional temperature rise,request-62-7-2
regional temperature rise,environmental threats,request-62-7-3
increase in forest fires,invasive species proliferation,request-62-8-0
invasive species proliferation,native species decline,request-62-8-1
native species decline,environmental threats,request-62-8-2
increase in forest fires,particulate matter release,request-62-9-0
particulate matter release,respiratory health crises,request-62-9-1
respiratory health crises,healthcare system strain,request-62-9-2
healthcare system strain,reduced environmental stewardship,request-62-9-3
reduced environmental stewardship,environmental threats,request-62-9-4
increase in forest fires,burned biomass accumulation,request-62-10-0
burned biomass accumulation,nutrient leaching,request-62-10-1
nutrient leaching,soil degradation,request-62-10-2
soil degradation,environmental threats,request-62-10-3
increase in forest fires,release of large quantities of co₂ and methane from burning biomass,request-63-0-0
release of large quantities of co₂ and methane from burning biomass,enhanced greenhouse gas concentrations in the atmosphere,request-63-0-1
enhanced greenhouse gas concentrations in the atmosphere,trapping of more infrared radiation,request-63-0-2
trapping of more infrared radiation,accelerated global warming,request-63-0-3
increase in forest fires,destruction of carbonsequestering vegetation,request-63-1-0
destruction of carbonsequestering vegetation,reduced capacity of ecosystems to absorb co₂,request-63-1-1
reduced capacity of ecosystems to absorb co₂,accumulation of atmospheric carbon dioxide,request-63-1-2
accumulation of atmospheric carbon dioxide,intensified greenhouse effect,request-63-1-3
intensified greenhouse effect,global warming,request-63-1-4
increase in forest fires,emission of black carbon aerosols,request-63-2-0
emission of black carbon aerosols,deposition of black carbon on ice sheets and glaciers,request-63-2-1
deposition of black carbon on ice sheets and glaciers,reduced albedo,request-63-2-2
reduced albedo,increased absorption of solar radiation,request-63-2-3
increased absorption of solar radiation,rising global temperatures,request-63-2-4
rising global temperatures,global warming,request-63-2-5
increase in forest fires,loss of forest canopy shade,request-63-3-0
loss of forest canopy shade,increased soil exposure to sunlight,request-63-3-1
increased soil exposure to sunlight,elevated land surface temperatures,request-63-3-2
elevated land surface temperatures,feedback loop amplifying regional warming,request-63-3-3
feedback loop amplifying regional warming,contribution to global climate destabilization,request-63-3-4
contribution to global climate destabilization,global warming,request-63-3-5
increase in forest fires,disruption of regional precipitation patterns,request-63-4-0
disruption of regional precipitation patterns,prolonged droughts in adjacent ecosystems,request-63-4-1
prolonged droughts in adjacent ecosystems,further vegetation dieoff and flammability,request-63-4-2
further vegetation dieoff and flammability,additional co₂ release from decaying organic matter,request-63-4-3
additional co₂ release from decaying organic matter,compounded greenhouse effect,request-63-4-4
compounded greenhouse effect,global warming,request-63-4-5
increase in forest fires,release of stored soil carbon,request-63-5-0
release of stored soil carbon,atmospheric carbon enrichment,request-63-5-1
atmospheric carbon enrichment,strengthened radiative forcing,request-63-5-2
strengthened radiative forcing,global warming,request-63-5-3
overpopulation,increased resource consumption,request-64-0-0
increased resource consumption,higher energy demand,request-64-0-1
higher energy demand,fossil fuel combustion,request-64-0-2
fossil fuel combustion,greenhouse gas emissions,request-64-0-3
greenhouse gas emissions,global temperature rise,request-64-0-4
global temperature rise,climate catastrophe,request-64-0-5
overpopulation,deforestation for land use,request-64-1-0
deforestation for land use,reduced carbon sequestration,request-64-1-1
reduced carbon sequestration,atmospheric co₂ accumulation,request-64-1-2
atmospheric co₂ accumulation,enhanced greenhouse effect,request-64-1-3
enhanced greenhouse effect,climate system destabilization,request-64-1-4
climate system destabilization,climate catastrophe,request-64-1-5
overpopulation,agricultural intensification,request-64-2-0
agricultural intensification,methane emissions from livestock,request-64-2-1
methane emissions from livestock,increased radiative forcing,request-64-2-2
increased radiative forcing,accelerated global warming,request-64-2-3
accelerated global warming,extreme weather escalation,request-64-2-4
extreme weather escalation,climate catastrophe,request-64-2-5
overpopulation,waste production surge,request-64-3-0
waste production surge,landfill methane release,request-64-3-1
landfill methane release,greenhouse gas amplification,request-64-3-2
greenhouse gas amplification,ocean acidification,request-64-3-3
ocean acidification,ecosystem collapse feedbacks,request-64-3-4
ecosystem collapse feedbacks,climate catastrophe,request-64-3-5
overpopulation,urban sprawl expansion,request-64-4-0
urban sprawl expansion,increased industrial activity,request-64-4-1
increased industrial activity,particulate and co₂ pollution,request-64-4-2
particulate and co₂ pollution,altered atmospheric composition,request-64-4-3
altered atmospheric composition,climatic tipping points,request-64-4-4
climatic tipping points,climate catastrophe,request-64-4-5
coalfired plants,co2 emissions,request-65-0-0
co2 emissions,atmospheric co2 accumulation,request-65-0-1
atmospheric co2 accumulation,oceanic absorption,request-65-0-2
oceanic absorption,dissolution as bicarbonate ions,request-65-0-3
dissolution as bicarbonate ions,sedimentation processes,request-65-0-4
sedimentation processes,longterm geological storage,request-65-0-5
longterm geological storage,dissipation of co2,request-65-0-6
coalfired plants,co2 emissions,request-65-1-0
co2 emissions,atmospheric co2 accumulation,request-65-1-1
atmospheric co2 accumulation,plant photosynthesis,request-65-1-2
plant photosynthesis,biomass storage,request-65-1-3
biomass storage,organic matter burial,request-65-1-4
organic matter burial,soil carbon sequestration,request-65-1-5
soil carbon sequestration,dissipation of co2,request-65-1-6
coalfired plants,co2 emissions,request-65-2-0
co2 emissions,atmospheric co2 accumulation,request-65-2-1
atmospheric co2 accumulation,carbonic acid formation,request-65-2-2
carbonic acid formation,silicate rock weathering,request-65-2-3
silicate rock weathering,carbonate ion production,request-65-2-4
carbonate ion production,oceanic sedimentation,request-65-2-5
oceanic sedimentation,dissipation of co2,request-65-2-6
coalfired plants,co2 emissions,request-65-3-0
co2 emissions,carbon capture systems,request-65-3-1
carbon capture systems,co2 compression,request-65-3-2
co2 compression,geological injection,request-65-3-3
geological injection,mineral carbonation,request-65-3-4
mineral carbonation,dissipation of co2,request-65-3-5
coalfired plants,co2 emissions,request-65-4-0
co2 emissions,atmospheric co2 accumulation,request-65-4-1
atmospheric co2 accumulation,oceanic dissolution,request-65-4-2
oceanic dissolution,phytoplankton uptake,request-65-4-3
phytoplankton uptake,organic carbon production,request-65-4-4
organic carbon production,marine snow sedimentation,request-65-4-5
marine snow sedimentation,deepsea carbon burial,request-65-4-6
deepsea carbon burial,dissipation of co2  ,request-65-4-7
coalfired plants,combustion of coal,request-66-0-0
combustion of coal,release of thermal energy,request-66-0-1
release of thermal energy,boiling of water,request-66-0-2
boiling of water,steam generation,request-66-0-3
steam generation,turbine rotation,request-66-0-4
turbine rotation,mechanical friction,request-66-0-5
mechanical friction,heat generation,request-66-0-6
heat generation,cooling system activation,request-66-0-7
cooling system activation,heat transfer to coolant,request-66-0-8
heat transfer to coolant,dissipation of heat,request-66-0-9
coalfired plants,carbon combustion,request-66-1-0
carbon combustion,hightemperature flue gases,request-66-1-1
hightemperature flue gases,heat exchange with water,request-66-1-2
heat exchange with water,steam production,request-66-1-3
steam production,turbine operation,request-66-1-4
turbine operation,waste heat from electricity generation,request-66-1-5
waste heat from electricity generation,condenser usage,request-66-1-6
condenser usage,thermal discharge into environment,request-66-1-7
thermal discharge into environment,dissipation of heat,request-66-1-8
coalfired plants,fuel burning,request-66-2-0
fuel burning,heat loss through exhaust,request-66-2-1
heat loss through exhaust,atmospheric convection,request-66-2-2
atmospheric convection,dispersion of warm air,request-66-2-3
dispersion of warm air,dissipation of heat,request-66-2-4
coalfired plants,energy conversion inefficiencies,request-66-3-0
energy conversion inefficiencies,residual heat in machinery,request-66-3-1
residual heat in machinery,conduction to surrounding structures,request-66-3-2
conduction to surrounding structures,radiative cooling,request-66-3-3
radiative cooling,dissipation of heat,request-66-3-4
coalfired plants,steam pressure buildup,request-66-4-0
steam pressure buildup,turbine blade movement,request-66-4-1
turbine blade movement,kinetic energy generation,request-66-4-2
kinetic energy generation,electrical resistance in generators,request-66-4-3
electrical resistance in generators,joule heating,request-66-4-4
joule heating,heat accumulation,request-66-4-5
heat accumulation,cooling tower evaporation,request-66-4-6
cooling tower evaporation,dissipation of heat,request-66-4-7
climate change,rising global temperatures,request-67-0-0
rising global temperatures,glacial melt,request-67-0-1
glacial melt,rising sea levels,request-67-0-2
rising sea levels,coastal flooding,request-67-0-3
coastal flooding,flooding,request-67-0-4
climate change,increased atmospheric moisture,request-67-1-0
increased atmospheric moisture,heavy rainfall events,request-67-1-1
heavy rainfall events,river overflow,request-67-1-2
river overflow,inland flooding,request-67-1-3
inland flooding,flooding,request-67-1-4
climate change,prolonged droughts,request-67-2-0
prolonged droughts,soil compaction,request-67-2-1
soil compaction,reduced water absorption,request-67-2-2
reduced water absorption,flash flooding,request-67-2-3
flash flooding,flooding,request-67-2-4
climate change,warmer ocean temperatures,request-67-3-0
warmer ocean temperatures,intensified hurricanes,request-67-3-1
intensified hurricanes,storm surges,request-67-3-2
storm surges,coastal flooding,request-67-3-3
coastal flooding,flooding,request-67-3-4
climate change,altered atmospheric circulation,request-67-4-0
altered atmospheric circulation,persistent rain systems,request-67-4-1
persistent rain systems,saturated ground,request-67-4-2
saturated ground,river basin flooding,request-67-4-3
river basin flooding,flooding,request-67-4-4
climate change,earlier seasonal snowmelt,request-67-5-0
earlier seasonal snowmelt,increased spring runoff,request-67-5-1
increased spring runoff,saturated watersheds,request-67-5-2
saturated watersheds,riverine flooding,request-67-5-3
riverine flooding,flooding,request-67-5-4
natural cycles,milankovitch orbital variations,request-68-0-0
milankovitch orbital variations,altered solar radiation distribution,request-68-0-1
altered solar radiation distribution,increased surface energy absorption,request-68-0-2
increased surface energy absorption,global temperature rise,request-68-0-3
global temperature rise,warming,request-68-0-4
natural cycles,solar activity fluctuations,request-68-1-0
solar activity fluctuations,enhanced solar irradiance,request-68-1-1
enhanced solar irradiance,atmospheric energy retention,request-68-1-2
atmospheric energy retention,thermal equilibrium shift,request-68-1-3
thermal equilibrium shift,warming,request-68-1-4
natural cycles,el niñosouthern oscillation,request-68-2-0
el niñosouthern oscillation,tropical pacific warming,request-68-2-1
tropical pacific warming,atmospheric heat redistribution,request-68-2-2
atmospheric heat redistribution,global mean temperature increase,request-68-2-3
global mean temperature increase,warming,request-68-2-4
natural cycles,volcanic degassing episodes,request-68-3-0
volcanic degassing episodes,longterm co₂ accumulation,request-68-3-1
longterm co₂ accumulation,greenhouse effect amplification,request-68-3-2
greenhouse effect amplification,planetary energy imbalance,request-68-3-3
planetary energy imbalance,warming,request-68-3-4
natural cycles,permafrost thaw cycles,request-68-4-0
permafrost thaw cycles,methane hydrate release,request-68-4-1
methane hydrate release,infrared radiation trapping,request-68-4-2
infrared radiation trapping,tropospheric heating,request-68-4-3
tropospheric heating,warming,request-68-4-4
co2 emissions,increased atmospheric co2 concentrations,request-69-0-0
increased atmospheric co2 concentrations,enhanced greenhouse effect,request-69-0-1
enhanced greenhouse effect,trapped infrared radiation,request-69-0-2
trapped infrared radiation,surface temperature rise,request-69-0-3
surface temperature rise,warming,request-69-0-4
co2 emissions,increased plant growth,request-69-1-0
increased plant growth,lower surface albedo,request-69-1-1
lower surface albedo,increased solar energy absorption,request-69-1-2
increased solar energy absorption,surface temperature rise,request-69-1-3
surface temperature rise,warming,request-69-1-4
co2 emissions,increased atmospheric co2 concentrations,request-69-2-0
increased atmospheric co2 concentrations,enhanced greenhouse effect,request-69-2-1
enhanced greenhouse effect,initial warming,request-69-2-2
initial warming,increased water vapor concentrations,request-69-2-3
increased water vapor concentrations,amplified greenhouse effect,request-69-2-4
amplified greenhouse effect,additional warming,request-69-2-5
co2 emissions,increased atmospheric co2 concentrations,request-69-3-0
increased atmospheric co2 concentrations,enhanced greenhouse effect,request-69-3-1
enhanced greenhouse effect,initial warming,request-69-3-2
initial warming,reduced ice and snow cover,request-69-3-3
reduced ice and snow cover,decreased albedo,request-69-3-4
decreased albedo,increased solar absorption,request-69-3-5
increased solar absorption,further warming,request-69-3-6
natural cycles,milankovitch orbital variations,request-70-0-0
milankovitch orbital variations,shifts in solar radiation distribution,request-70-0-1
shifts in solar radiation distribution,glacialinterglacial transitions,request-70-0-2
glacialinterglacial transitions,atmospheric carbon dioxide fluctuations,request-70-0-3
atmospheric carbon dioxide fluctuations,global temperature anomalies,request-70-0-4
global temperature anomalies,climate change,request-70-0-5
natural cycles,solar irradiance variability,request-70-1-0
solar irradiance variability,terrestrial heating intensification,request-70-1-1
terrestrial heating intensification,ocean thermal expansion,request-70-1-2
ocean thermal expansion,sea level rise,request-70-1-3
sea level rise,coastal ecosystem disruptions,request-70-1-4
coastal ecosystem disruptions,climate change,request-70-1-5
natural cycles,volcanic eruption frequency,request-70-2-0
volcanic eruption frequency,stratospheric aerosol injection,request-70-2-1
stratospheric aerosol injection,shortterm global cooling,request-70-2-2
shortterm global cooling,precipitation pattern alterations,request-70-2-3
precipitation pattern alterations,agricultural system stress,request-70-2-4
agricultural system stress,climate change,request-70-2-5
natural cycles,oceanic circulation shifts,request-70-3-0
oceanic circulation shifts,disrupted heat redistribution,request-70-3-1
disrupted heat redistribution,regional climate extremes,request-70-3-2
regional climate extremes,biodiversity loss feedbacks,request-70-3-3
biodiversity loss feedbacks,climate system destabilization,request-70-3-4
climate system destabilization,climate change,request-70-3-5
natural cycles,permafrost thaw cycles,request-70-4-0
permafrost thaw cycles,methane hydrate release,request-70-4-1
methane hydrate release,greenhouse effect amplification,request-70-4-2
greenhouse effect amplification,accelerated arctic warming,request-70-4-3
accelerated arctic warming,icealbedo feedback loops,request-70-4-4
icealbedo feedback loops,climate change,request-70-4-5
natural cycles,el niñosouthern oscillation  variability,request-70-5-0
el niñosouthern oscillation  variability,pacific temperature anomalies,request-70-5-1
pacific temperature anomalies,global weather disruptions,request-70-5-2
global weather disruptions,prolonged drought conditions,request-70-5-3
prolonged drought conditions,terrestrial carbon sink reduction,request-70-5-4
terrestrial carbon sink reduction,climate change,request-70-5-5
excess of co2,enhanced photosynthesis,request-71-0-0
enhanced photosynthesis,increased plant growth,request-71-0-1
increased plant growth,increase in biomass,request-71-0-2
excess of co2,greenhouse effect,request-71-1-0
greenhouse effect,warmer temperatures,request-71-1-1
warmer temperatures,extended growing seasons,request-71-1-2
extended growing seasons,increased plant growth,request-71-1-3
increased plant growth,increase in biomass,request-71-1-4
excess of co2,reduced stomatal opening,request-71-2-0
reduced stomatal opening,improved wateruse efficiency,request-71-2-1
improved wateruse efficiency,greater drought tolerance,request-71-2-2
greater drought tolerance,enhanced plant survival,request-71-2-3
enhanced plant survival,increase in biomass,request-71-2-4
excess of co2,co₂ fertilization effect,request-71-3-0
co₂ fertilization effect,accelerated plant productivity,request-71-3-1
accelerated plant productivity,increased carbon fixation,request-71-3-2
increased carbon fixation,increase in biomass,request-71-3-3
excess of co2,stimulated root exudation,request-71-4-0
stimulated root exudation,enhanced soil microbial activity,request-71-4-1
enhanced soil microbial activity,nutrient mineralization,request-71-4-2
nutrient mineralization,improved soil fertility,request-71-4-3
improved soil fertility,increased plant growth,request-71-4-4
increased plant growth,increase in biomass,request-71-4-5
excess of co2,higher dissolved co₂ in oceans,request-71-5-0
higher dissolved co₂ in oceans,increased phytoplankton growth,request-71-5-1
increased phytoplankton growth,rise in marine primary production,request-71-5-2
rise in marine primary production,increase in biomass,request-71-5-3
excess of co2,shift in plant species composition,request-71-6-0
shift in plant species composition,dominance of highco₂adapted species,request-71-6-1
dominance of highco₂adapted species,greater ecosystem productivity,request-71-6-2
greater ecosystem productivity,increase in biomass,request-71-6-3
excess of co2,elevated carbon storage in plants,request-71-7-0
elevated carbon storage in plants,enriched soil organic matter,request-71-7-1
enriched soil organic matter,improved nutrient retention,request-71-7-2
improved nutrient retention,sustained plant growth,request-71-7-3
sustained plant growth,increase in biomass,request-71-7-4
climate change,rising global temperatures,request-72-0-0
rising global temperatures,accelerated antarctic ice melt,request-72-0-1
accelerated antarctic ice melt,exposure of bare terrain,request-72-0-2
exposure of bare terrain,colonization by coldtolerant flora,request-72-0-3
colonization by coldtolerant flora,greening of antarctica,request-72-0-4
climate change,increased atmospheric co₂ levels,request-72-1-0
increased atmospheric co₂ levels,co₂ fertilization effect,request-72-1-1
co₂ fertilization effect,enhanced photosynthesis in antarctic plants,request-72-1-2
enhanced photosynthesis in antarctic plants,greening of antarctica,request-72-1-3
climate change,shifts in precipitation patterns,request-72-2-0
shifts in precipitation patterns,increased liquid water availability,request-72-2-1
increased liquid water availability,expansion of moss and algae growth,request-72-2-2
expansion of moss and algae growth,greening of antarctica,request-72-2-3
climate change,warming southern ocean,request-72-3-0
warming southern ocean,altered nutrient upwelling,request-72-3-1
altered nutrient upwelling,increased microbial activity in soil,request-72-3-2
increased microbial activity in soil,improved substrate for vegetation,request-72-3-3
improved substrate for vegetation,greening of antarctica,request-72-3-4
climate change,polar amplification,request-72-4-0
polar amplification,extended summer thaw periods,request-72-4-1
extended summer thaw periods,prolonged growing season,request-72-4-2
prolonged growing season,greening of antarctica,request-72-4-3
climate change,retreat of coastal ice shelves,request-72-5-0
retreat of coastal ice shelves,formation of meltwater ponds,request-72-5-1
formation of meltwater ponds,habitat for cyanobacteria and algae,request-72-5-2
habitat for cyanobacteria and algae,greening of antarctica,request-72-5-3
co2,enhanced photosynthesis,request-73-0-0
enhanced photosynthesis,increased plant growth,request-73-0-1
increased plant growth,greening of the planet,request-73-0-2
co2,co2 fertilization effect,request-73-1-0
co2 fertilization effect,higher biomass production,request-73-1-1
higher biomass production,greening of the planet,request-73-1-2
co2,reduced stomatal conductance,request-73-2-0
reduced stomatal conductance,improved wateruse efficiency,request-73-2-1
improved wateruse efficiency,vegetation expansion,request-73-2-2
vegetation expansion,greening of the planet,request-73-2-3
co2,atmospheric warming,request-73-3-0
atmospheric warming,extended growing seasons,request-73-3-1
extended growing seasons,enhanced plant activity,request-73-3-2
enhanced plant activity,greening of the planet,request-73-3-3
co2,stimulated plant metabolism,request-73-4-0
stimulated plant metabolism,accelerated growth rates,request-73-4-1
accelerated growth rates,greening of the planet,request-73-4-2
co2,increased carbon uptake,request-73-5-0
increased carbon uptake,ecosystem productivity,request-73-5-1
ecosystem productivity,greening of the planet,request-73-5-2
co2,leaf area index rise,request-73-6-0
leaf area index rise,greater light absorption,request-73-6-1
greater light absorption,greening of the planet,request-73-6-2
co2,drought resilience improvement,request-73-7-0
drought resilience improvement,survival in arid regions,request-73-7-1
survival in arid regions,vegetation spread,request-73-7-2
vegetation spread,greening of the planet,request-73-7-3
co2,altered plant competition,request-73-8-0
altered plant competition,dominance of co2efficient species,request-73-8-1
dominance of co2efficient species,biomass accumulation,request-73-8-2
biomass accumulation,greening of the planet,request-73-8-3
co2,ocean acidification mitigation,request-73-9-0
ocean acidification mitigation,healthier marine algae,request-73-9-1
healthier marine algae,indirect terrestrial greening via nutrient cycles  ,request-73-9-2
temperature changes in the ocean,reduced solubility of co₂ in seawater,request-74-0-0
reduced solubility of co₂ in seawater,outgassing of dissolved co₂ into the atmosphere,request-74-0-1
outgassing of dissolved co₂ into the atmosphere,increase in co₂,request-74-0-2
temperature changes in the ocean,increased stratification of surface waters,request-74-1-0
increased stratification of surface waters,reduced nutrient upwelling,request-74-1-1
reduced nutrient upwelling,decline in phytoplankton productivity,request-74-1-2
decline in phytoplankton productivity,decreased oceanic co₂ absorption,request-74-1-3
decreased oceanic co₂ absorption,increase in co₂,request-74-1-4
temperature changes in the ocean,accelerated microbial respiration rates,request-74-2-0
accelerated microbial respiration rates,enhanced breakdown of organic matter,request-74-2-1
enhanced breakdown of organic matter,release of stored oceanic co₂,request-74-2-2
release of stored oceanic co₂,increase in co₂,request-74-2-3
temperature changes in the ocean,melting of polar ice sheets,request-74-3-0
melting of polar ice sheets,freshwater influx altering ocean circulation,request-74-3-1
freshwater influx altering ocean circulation,reduced deepocean carbon storage,request-74-3-2
reduced deepocean carbon storage,increase in co₂,request-74-3-3
temperature changes in the ocean,coral bleaching events,request-74-4-0
coral bleaching events,loss of carbonate reef structures,request-74-4-1
loss of carbonate reef structures,diminished longterm carbon sequestration,request-74-4-2
diminished longterm carbon sequestration,increase in co₂,request-74-4-3
temperature changes in the ocean,expansion of oxygenminimum zones,request-74-5-0
expansion of oxygenminimum zones,enhanced anaerobic decomposition,request-74-5-1
enhanced anaerobic decomposition,methane and co₂ production in sediments,request-74-5-2
methane and co₂ production in sediments,increase in co₂,request-74-5-3
solar irradiance variation,increased solar radiation absorption by ocean surface,request-75-0-0
increased solar radiation absorption by ocean surface,ocean surface temperature rise,request-75-0-1
solar cycle fluctuations,ultraviolet radiation variability,request-75-1-0
ultraviolet radiation variability,stratospheric ozone concentration changes,request-75-1-1
stratospheric ozone concentration changes,stratospheric temperature gradient alterations,request-75-1-2
stratospheric temperature gradient alterations,atmospheric circulation pattern shifts,request-75-1-3
atmospheric circulation pattern shifts,surface wind pattern modifications,request-75-1-4
surface wind pattern modifications,ocean current dynamics changes,request-75-1-5
ocean current dynamics changes,ocean heat redistribution,request-75-1-6
ocean heat redistribution,ocean temperature changes,request-75-1-7
solar magnetic activity modulation,galactic cosmic ray flux variation,request-75-2-0
galactic cosmic ray flux variation,cloud condensation nuclei abundance changes,request-75-2-1
cloud condensation nuclei abundance changes,cloud cover modification,request-75-2-2
cloud cover modification,albedo effect changes,request-75-2-3
albedo effect changes,net solar radiation variation at ocean surface,request-75-2-4
net solar radiation variation at ocean surface,ocean temperature variation,request-75-2-5
solar luminosity increase,earth's energy imbalance,request-75-3-0
earth's energy imbalance,increased oceanic heat uptake,request-75-3-1
increased oceanic heat uptake,ocean warming,request-75-3-2
solar irradiance increase,polar ice melt acceleration,request-75-4-0
polar ice melt acceleration,surface albedo reduction,request-75-4-1
surface albedo reduction,increased solar radiation absorption by ocean,request-75-4-2
increased solar radiation absorption by ocean,ocean temperature rise,request-75-4-3
solar variability,evaporation rate changes,request-75-5-0
evaporation rate changes,precipitation pattern shifts,request-75-5-1
precipitation pattern shifts,ocean surface salinity changes,request-75-5-2
ocean surface salinity changes,thermohaline circulation modification,request-75-5-3
thermohaline circulation modification,ocean heat transport changes,request-75-5-4
ocean heat transport changes,ocean temperature variation,request-75-5-5
investing in uranium mining stocks,increased uranium supply,request-76-0-0
increased uranium supply,lower nuclear energy production costs,request-76-0-1
lower nuclear energy production costs,expanded nuclear power generation,request-76-0-2
expanded nuclear power generation,reduced reliance on fossil fuel power plants,request-76-0-3
reduced reliance on fossil fuel power plants,decreased combustionrelated emissions,request-76-0-4
decreased combustionrelated emissions,reduction in air pollution,request-76-0-5
investing in uranium mining stocks,growth in nuclear energy sector investment,request-76-1-0
growth in nuclear energy sector investment,construction of advanced nuclear reactors,request-76-1-1
construction of advanced nuclear reactors,higher clean energy output,request-76-1-2
higher clean energy output,displacement of coalfired power generation,request-76-1-3
displacement of coalfired power generation,decline in particulate matter and sulfur dioxide release,request-76-1-4
decline in particulate matter and sulfur dioxide release,reduction in air pollution,request-76-1-5
investing in uranium mining stocks,increased funding for nuclear technology r&d,request-76-2-0
increased funding for nuclear technology r&d,development of safer reactor designs,request-76-2-1
development of safer reactor designs,greater public acceptance of nuclear energy,request-76-2-2
greater public acceptance of nuclear energy,accelerated retirement of fossil fuel plants,request-76-2-3
accelerated retirement of fossil fuel plants,lower carbon dioxide emissions,request-76-2-4
lower carbon dioxide emissions,reduction in air pollution,request-76-2-5
investing in uranium mining stocks,strengthened uranium market stability,request-76-3-0
strengthened uranium market stability,government policy shifts toward nuclear energy,request-76-3-1
government policy shifts toward nuclear energy,subsidies for nuclear infrastructure,request-76-3-2
subsidies for nuclear infrastructure,reduced operational costs for nuclear plants,request-76-3-3
reduced operational costs for nuclear plants,longterm decline in coal consumption,request-76-3-4
longterm decline in coal consumption,reduction in air pollution,request-76-3-5
investing in uranium mining stocks,expansion of uranium mining operations,request-77-0-0
expansion of uranium mining operations,increased heavy machinery usage,request-77-0-1
increased heavy machinery usage,fossil fuel combustion from mining activities,request-77-0-2
fossil fuel combustion from mining activities,greenhouse gas emissions,request-77-0-3
greenhouse gas emissions,accelerated climate change,request-77-0-4
investing in uranium mining stocks,growth in nuclear energy demand,request-77-1-0
growth in nuclear energy demand,uranium extraction for reactor fuel,request-77-1-1
uranium extraction for reactor fuel,habitat disruption from mining,request-77-1-2
habitat disruption from mining,reduced carbon sequestration capacity,request-77-1-3
reduced carbon sequestration capacity,atmospheric co₂ accumulation,request-77-1-4
atmospheric co₂ accumulation,climate change,request-77-1-5
investing in uranium mining stocks,financial incentives for uranium production,request-77-2-0
financial incentives for uranium production,mining waste generation,request-77-2-1
mining waste generation,soil and water contamination,request-77-2-2
soil and water contamination,energyintensive remediation efforts,request-77-2-3
energyintensive remediation efforts,fossil fuelderived energy use,request-77-2-4
fossil fuelderived energy use,enhanced global warming,request-77-2-5
enhanced global warming,climate change,request-77-2-6
investing in uranium mining stocks,corporate prioritization of nuclear power,request-77-3-0
corporate prioritization of nuclear power,delayed renewable energy adoption,request-77-3-1
delayed renewable energy adoption,continued fossil fuel reliance,request-77-3-2
continued fossil fuel reliance,cumulative carbon dioxide output,request-77-3-3
cumulative carbon dioxide output,climate change,request-77-3-4
investing in uranium mining stocks,uranium transport logistics expansion,request-77-4-0
uranium transport logistics expansion,dieselpowered transportation emissions,request-77-4-1
dieselpowered transportation emissions,particulate and co₂ pollution,request-77-4-2
particulate and co₂ pollution,global temperature rise,request-77-4-3
global temperature rise,climate change,request-77-4-4
investing in uranium mining stocks,increased capital for mining operations,request-78-0-0
increased capital for mining operations,expansion of uranium extraction activities,request-78-0-1
expansion of uranium extraction activities,release of radioactive dust during excavation,request-78-0-2
release of radioactive dust during excavation,airborne dispersion of radioactive particles,request-78-0-3
airborne dispersion of radioactive particles,toxic air pollution,request-78-0-4
investing in uranium mining stocks,higher demand for uranium processing,request-78-1-0
higher demand for uranium processing,increased use of heavy machinery and explosives,request-78-1-1
increased use of heavy machinery and explosives,emission of diesel exhaust and particulate matter,request-78-1-2
emission of diesel exhaust and particulate matter,accumulation of airborne pollutants,request-78-1-3
accumulation of airborne pollutants,toxic air pollution,request-78-1-4
investing in uranium mining stocks,accelerated mine development in ecologically sensitive areas,request-78-2-0
accelerated mine development in ecologically sensitive areas,disturbance of naturally occurring radioactive materials,request-78-2-1
disturbance of naturally occurring radioactive materials,wind erosion of exposed mine tailings,request-78-2-2
wind erosion of exposed mine tailings,contamination of air with heavy metals and radon gas,request-78-2-3
contamination of air with heavy metals and radon gas,toxic air pollution,request-78-2-4
investing in uranium mining stocks,corporate pressure to reduce operational costs,request-78-3-0
corporate pressure to reduce operational costs,inadequate waste containment systems,request-78-3-1
inadequate waste containment systems,leaching of toxic chemicals into evaporation ponds,request-78-3-2
leaching of toxic chemicals into evaporation ponds,volatilization of hazardous compounds into the atmosphere,request-78-3-3
volatilization of hazardous compounds into the atmosphere,toxic air pollution,request-78-3-4
investing in uranium mining stocks,proliferation of openpit mining techniques,request-78-4-0
proliferation of openpit mining techniques,blastinginduced aerosolization of uranium ore,request-78-4-1
blastinginduced aerosolization of uranium ore,longrange transport of fine radioactive particles,request-78-4-2
longrange transport of fine radioactive particles,chronic inhalation exposure in nearby communities,request-78-4-3
chronic inhalation exposure in nearby communities,toxic air pollution  ,request-78-4-4
safe carbonfree nuclear energy,nuclear waste generation,request-79-0-0
nuclear waste generation,improper radioactive waste storage,request-79-0-1
improper radioactive waste storage,radioactive material leakage,request-79-0-2
radioactive material leakage,soil and groundwater contamination,request-79-0-3
soil and groundwater contamination,airborne radioactive particulate dispersion,request-79-0-4
airborne radioactive particulate dispersion,toxic air pollution,request-79-0-5
safe carbonfree nuclear energy,uranium mining operations,request-79-1-0
uranium mining operations,release of mining dust and radon gas,request-79-1-1
release of mining dust and radon gas,atmospheric deposition of heavy metals,request-79-1-2
atmospheric deposition of heavy metals,toxic air pollution,request-79-1-3
safe carbonfree nuclear energy,nuclear reactor decommissioning,request-79-2-0
nuclear reactor decommissioning,demolitionrelated aerosolized toxins,request-79-2-1
demolitionrelated aerosolized toxins,industrial particulate emission,request-79-2-2
industrial particulate emission,toxic air pollution,request-79-2-3
safe carbonfree nuclear energy,uranium enrichment facility operations,request-79-3-0
uranium enrichment facility operations,hexafluoride compound emissions,request-79-3-1
hexafluoride compound emissions,hydrofluoric acid formation in atmosphere,request-79-3-2
hydrofluoric acid formation in atmosphere,toxic air pollution,request-79-3-3
safe carbonfree nuclear energy,reduced fossil fuel investment,request-79-4-0
reduced fossil fuel investment,increased reliance on backup coal plants,request-79-4-1
increased reliance on backup coal plants,coal combustion byproduct release,request-79-4-2
coal combustion byproduct release,toxic air pollution  ,request-79-4-3
climate change,rising global temperatures,request-80-0-0
rising global temperatures,accelerated evaporation rates,request-80-0-1
accelerated evaporation rates,prolonged drought conditions,request-80-0-2
prolonged drought conditions,dried vegetation,request-80-0-3
dried vegetation,enhanced fuel availability,request-80-0-4
enhanced fuel availability,increased ignition susceptibility,request-80-0-5
increased ignition susceptibility,rapid fire propagation,request-80-0-6
rapid fire propagation,expanded burn areas,request-80-0-7
expanded burn areas,loss from forest fires,request-80-0-8
climate change,altered precipitation patterns,request-80-1-0
altered precipitation patterns,reduced snowpack accumulation,request-80-1-1
reduced snowpack accumulation,earlier seasonal water scarcity,request-80-1-2
earlier seasonal water scarcity,stressed forest ecosystems,request-80-1-3
stressed forest ecosystems,elevated tree mortality,request-80-1-4
elevated tree mortality,accumulated dead biomass,request-80-1-5
accumulated dead biomass,intensified fire fuel loads,request-80-1-6
intensified fire fuel loads,uncontrollable wildfire growth,request-80-1-7
uncontrollable wildfire growth,widespread habitat destruction,request-80-1-8
widespread habitat destruction,loss from forest fires,request-80-1-9
climate change,warmer winter temperatures,request-80-2-0
warmer winter temperatures,pest population surges,request-80-2-1
pest population surges,forest canopy damage,request-80-2-2
forest canopy damage,increased sunlight penetration,request-80-2-3
increased sunlight penetration,understory desiccation,request-80-2-4
understory desiccation,parched forest floor materials,request-80-2-5
parched forest floor materials,heightened fire risk,request-80-2-6
heightened fire risk,catastrophic blaze ignition,request-80-2-7
catastrophic blaze ignition,irreversible ecosystem loss,request-80-2-8
irreversible ecosystem loss,loss from forest fires,request-80-2-9
climate change,shifting wind patterns,request-80-3-0
shifting wind patterns,extended dry seasons,request-80-3-1
extended dry seasons,persistent low humidity,request-80-3-2
persistent low humidity,tinderlike vegetation states,request-80-3-3
tinderlike vegetation states,lightning strike ignition,request-80-3-4
lightning strike ignition,rapid firefront advancement,request-80-3-5
rapid firefront advancement,overwhelmed firefighting capacity,request-80-3-6
overwhelmed firefighting capacity,unchecked inferno spread,request-80-3-7
unchecked inferno spread,permanent forest degradation,request-80-3-8
permanent forest degradation,loss from forest fires,request-80-3-9
climate change,increased atmospheric co₂ levels,request-80-4-0
increased atmospheric co₂ levels,accelerated plant growth,request-80-4-1
accelerated plant growth,dense vegetative biomass,request-80-4-2
dense vegetative biomass,overcrowded forest structures,request-80-4-3
overcrowded forest structures,resource competition stress,request-80-4-4
resource competition stress,premature tree dieoff,request-80-4-5
premature tree dieoff,excessive fuel accumulation,request-80-4-6
excessive fuel accumulation,highintensity crown fires,request-80-4-7
highintensity crown fires,complete stand replacement,request-80-4-8
complete stand replacement,loss from forest fires,request-80-4-9
loss from forest fires,burning of biomass,request-81-0-0
burning of biomass,direct co₂ release,request-81-0-1
direct co₂ release,increase in carbon emissions,request-81-0-2
loss from forest fires,tree destruction,request-81-1-0
tree destruction,reduced carbon sequestration capacity,request-81-1-1
reduced carbon sequestration capacity,atmospheric co₂ accumulation,request-81-1-2
atmospheric co₂ accumulation,increase in carbon emissions,request-81-1-3
loss from forest fires,soil exposure,request-81-2-0
soil exposure,accelerated organic matter decomposition,request-81-2-1
accelerated organic matter decomposition,carbon dioxide release,request-81-2-2
carbon dioxide release,increase in carbon emissions,request-81-2-3
loss from forest fires,peatland combustion,request-81-3-0
peatland combustion,longterm smoldering emissions,request-81-3-1
longterm smoldering emissions,increase in carbon emissions,request-81-3-2
loss from forest fires,deadwood accumulation,request-81-4-0
deadwood accumulation,microbial breakdown,request-81-4-1
microbial breakdown,co₂ production,request-81-4-2
co₂ production,increase in carbon emissions,request-81-4-3
loss from forest fires,albedo reduction,request-81-5-0
albedo reduction,local temperature rise,request-81-5-1
local temperature rise,enhanced soil respiration,request-81-5-2
enhanced soil respiration,increased carbon emissions,request-81-5-3
loss from forest fires,ecosystem vulnerability,request-81-6-0
ecosystem vulnerability,secondary ignitions,request-81-6-1
secondary ignitions,additional combustion,request-81-6-2
additional combustion,increase in carbon emissions,request-81-6-3
methane release from soil during forest fires,increased atmospheric methane concentration,request-82-0-0
increased atmospheric methane concentration,enhanced combustion intensity,request-82-0-1
enhanced combustion intensity,rapid fuel consumption,request-82-0-2
rapid fuel consumption,depletion of flammable material,request-82-0-3
depletion of flammable material,fire extinguishment,request-82-0-4
methane release from soil during forest fires,explosive gas ignition,request-82-1-0
explosive gas ignition,localized fire acceleration,request-82-1-1
localized fire acceleration,formation of fire whirls,request-82-1-2
formation of fire whirls,atmospheric updraft generation,request-82-1-3
atmospheric updraft generation,raincloud formation,request-82-1-4
raincloud formation,precipitation,request-82-1-5
precipitation,fire extinguishment,request-82-1-6
methane release from soil during forest fires,combustiondriven oxygen depletion,request-82-2-0
combustiondriven oxygen depletion,reduced oxygen availability,request-82-2-1
reduced oxygen availability,suppression of flaming combustion,request-82-2-2
suppression of flaming combustion,transition to smoldering phase,request-82-2-3
transition to smoldering phase,gradual heat dissipation,request-82-2-4
gradual heat dissipation,fire extinguishment,request-82-2-5
methane release from soil during forest fires,expansion of fire front unpredictability,request-82-3-0
expansion of fire front unpredictability,increased firefighting resource deployment,request-82-3-1
increased firefighting resource deployment,strategic water/retardant application,request-82-3-2
strategic water/retardant application,fire extinguishment,request-82-3-3
methane release from soil during forest fires,groundlevel flame intensification,request-82-4-0
groundlevel flame intensification,accelerated soil drying,request-82-4-1
accelerated soil drying,subsurface fuel exposure,request-82-4-2
subsurface fuel exposure,exhaustion of underground combustible matter,request-82-4-3
exhaustion of underground combustible matter,fire extinguishment,request-82-4-4
co2 emissions,atmospheric co2 increase,request-83-0-0
atmospheric co2 increase,oceanic co2 absorption,request-83-0-1
oceanic co2 absorption,carbonic acid formation,request-83-0-2
carbonic acid formation,ph level reduction,request-83-0-3
ph level reduction,ocean acidification,request-83-0-4
co2 emissions,atmospheric co2 increase,request-83-1-0
atmospheric co2 increase,oceanic co2 absorption,request-83-1-1
oceanic co2 absorption,hydrogen ion release,request-83-1-2
hydrogen ion release,carbonate ion reduction,request-83-1-3
carbonate ion reduction,calcification impairment,request-83-1-4
calcification impairment,ocean acidification,request-83-1-5
co2 emissions,atmospheric co2 increase,request-83-2-0
atmospheric co2 increase,enhanced greenhouse effect,request-83-2-1
enhanced greenhouse effect,climate change,request-83-2-2
climate change,altered ocean chemistry,request-83-2-3
altered ocean chemistry,ph level reduction,request-83-2-4
ph level reduction,ocean acidification,request-83-2-5
co2 emissions,atmospheric co2 increase,request-83-3-0
atmospheric co2 increase,oceanic co2 absorption,request-83-3-1
oceanic co2 absorption,dissolved inorganic carbon accumulation,request-83-3-2
dissolved inorganic carbon accumulation,buffer capacity weakening,request-83-3-3
buffer capacity weakening,ph level reduction,request-83-3-4
ph level reduction,ocean acidification,request-83-3-5
co2 emissions,atmospheric co2 increase,request-83-4-0
atmospheric co2 increase,ocean warming,request-83-4-1
ocean warming,reduced co2 solubility,request-83-4-2
reduced co2 solubility,increased surface ocean co2,request-83-4-3
increased surface ocean co2,ph level reduction,request-83-4-4
ph level reduction,ocean acidification,request-83-4-5
co2 emissions,increased atmospheric co2 concentrations,request-84-0-0
increased atmospheric co2 concentrations,enhanced photosynthesis in marine phytoplankton,request-84-0-1
enhanced photosynthesis in marine phytoplankton,expansion of phytoplankton populations,request-84-0-2
expansion of phytoplankton populations,greater carbon sequestration via biological pump,request-84-0-3
greater carbon sequestration via biological pump,reduced oceanic co2 levels,request-84-0-4
reduced oceanic co2 levels,decreased ocean acidification,request-84-0-5
decreased ocean acidification,recovery of calcifying organisms,request-84-0-6
recovery of calcifying organisms,improvement in the health of ocean life,request-84-0-7
co2 emissions,ocean acidification,request-84-1-0
ocean acidification,coral reef degradation,request-84-1-1
coral reef degradation,collapse of reefdependent ecosystems,request-84-1-2
collapse of reefdependent ecosystems,global conservation initiatives,request-84-1-3
global conservation initiatives,largescale marine habitat restoration,request-84-1-4
largescale marine habitat restoration,regeneration of biodiversity hotspots,request-84-1-5
regeneration of biodiversity hotspots,improvement in the health of ocean life,request-84-1-6
co2 emissions,global temperature rise,request-84-2-0
global temperature rise,melting of polar ice sheets,request-84-2-1
melting of polar ice sheets,increased freshwater input to oceans,request-84-2-2
increased freshwater input to oceans,disruption of thermohaline circulation,request-84-2-3
disruption of thermohaline circulation,nutrient upwelling in new regions,request-84-2-4
nutrient upwelling in new regions,proliferation of oxygenproducing algae,request-84-2-5
proliferation of oxygenproducing algae,enhanced oceanic oxygen levels,request-84-2-6
enhanced oceanic oxygen levels,revitalization of marine habitats,request-84-2-7
revitalization of marine habitats,improvement in the health of ocean life,request-84-2-8
co2 emissions,atmospheric warming,request-84-3-0
atmospheric warming,increased terrestrial plant growth,request-84-3-1
increased terrestrial plant growth,accelerated weathering of silicate rocks,request-84-3-2
accelerated weathering of silicate rocks,enhanced carbonate runoff to oceans,request-84-3-3
enhanced carbonate runoff to oceans,natural buffering of ocean ph,request-84-3-4
natural buffering of ocean ph,mitigation of acidification effects,request-84-3-5
mitigation of acidification effects,stabilization of marine ecosystems,request-84-3-6
stabilization of marine ecosystems,improvement in the health of ocean life,request-84-3-7
co2 emissions,ocean warming,request-84-4-0
ocean warming,range expansion of invasive species,request-84-4-1
range expansion of invasive species,competitive displacement of vulnerable species,request-84-4-2
competitive displacement of vulnerable species,evolutionary pressure for resilience,request-84-4-3
evolutionary pressure for resilience,emergence of climateadapted ecosystems,request-84-4-4
emergence of climateadapted ecosystems,longterm ecological reorganization,request-84-4-5
longterm ecological reorganization,improvement in the health of ocean life,request-84-4-6
excess of co2,enhanced photosynthesis,request-85-0-0
enhanced photosynthesis,increased plant growth,request-85-0-1
increased plant growth,increase in biomass,request-85-0-2
excess of co2,greenhouse effect intensification,request-85-1-0
greenhouse effect intensification,higher global temperatures,request-85-1-1
higher global temperatures,extended growing seasons,request-85-1-2
extended growing seasons,increase in biomass,request-85-1-3
excess of co2,elevated aquatic co2 levels,request-85-2-0
elevated aquatic co2 levels,algal bloom proliferation,request-85-2-1
algal bloom proliferation,increase in biomass,request-85-2-2
excess of co2,co2 fertilization effect,request-85-3-0
co2 fertilization effect,improved plant wateruse efficiency,request-85-3-1
improved plant wateruse efficiency,drought resistance,request-85-3-2
drought resistance,prolonged growth periods,request-85-3-3
prolonged growth periods,increase in biomass,request-85-3-4
excess of co2,enhanced root biomass development,request-85-4-0
enhanced root biomass development,greater nutrient uptake,request-85-4-1
greater nutrient uptake,increased plant productivity,request-85-4-2
increased plant productivity,increase in biomass,request-85-4-3
excess of co2,increased plant litter production,request-85-5-0
increased plant litter production,enhanced microbial decomposition,request-85-5-1
enhanced microbial decomposition,soil organic matter accumulation,request-85-5-2
soil organic matter accumulation,improved soil fertility,request-85-5-3
improved soil fertility,increase in biomass,request-85-5-4
excess of co2,stimulated symbiotic relationships,request-85-6-0
stimulated symbiotic relationships,enhanced nutrientfixing capacity,request-85-6-1
enhanced nutrientfixing capacity,increased plant biomass,request-85-6-2
increased plant biomass,increase in biomass,request-85-6-3
excess of co2,reduced photorespiration,request-85-7-0
reduced photorespiration,higher net carbon assimilation,request-85-7-1
higher net carbon assimilation,accelerated plant growth,request-85-7-2
accelerated plant growth,increase in biomass,request-85-7-3
climate change,increased global temperatures,request-86-0-0
increased global temperatures,altered precipitation patterns,request-86-0-1
altered precipitation patterns,prolonged droughts and erratic rainfall,request-86-0-2
prolonged droughts and erratic rainfall,vegetation stress and rapid regrowth,request-86-0-3
vegetation stress and rapid regrowth,optimal breeding conditions for locusts,request-86-0-4
optimal breeding conditions for locusts,locust population surges,request-86-0-5
locust population surges,locust swarm formation,request-86-0-6
locust swarm formation,agricultural devastation by locusts,request-86-0-7
climate change,melting polar ice caps,request-86-1-0
melting polar ice caps,shifts in oceanic and atmospheric currents,request-86-1-1
shifts in oceanic and atmospheric currents,unseasonal weather events in arid regions,request-86-1-2
unseasonal weather events in arid regions,uncontrolled plant growth after rainfall,request-86-1-3
uncontrolled plant growth after rainfall,expanded locust habitat and food availability,request-86-1-4
expanded locust habitat and food availability,accelerated locust reproduction,request-86-1-5
accelerated locust reproduction,locust swarm migration,request-86-1-6
climate change,intensified el niñosouthern oscillation  cycles,request-86-2-0
intensified el niñosouthern oscillation  cycles,extreme wetdry oscillations in east africa,request-86-2-1
extreme wetdry oscillations in east africa,proliferation of ephemeral vegetation,request-86-2-2
proliferation of ephemeral vegetation,synchronized locust egg hatching,request-86-2-3
synchronized locust egg hatching,gregarious behavior in locust nymphs,request-86-2-4
gregarious behavior in locust nymphs,largescale locust swarm emergence,request-86-2-5
climate change,elevated co₂ levels,request-86-3-0
elevated co₂ levels,changes in plant nutrient composition,request-86-3-1
changes in plant nutrient composition,increased locust feeding efficiency,request-86-3-2
increased locust feeding efficiency,faster locust maturation rates,request-86-3-3
faster locust maturation rates,higher swarm density,request-86-3-4
higher swarm density,locustdriven crop destruction,request-86-3-5
climate change,higher global temperatures,request-87-0-0
higher global temperatures,increased evaporation rates,request-87-0-1
increased evaporation rates,reduced soil moisture,request-87-0-2
reduced soil moisture,droughts,request-87-0-3
climate change,altered atmospheric circulation,request-87-1-0
altered atmospheric circulation,changed precipitation patterns,request-87-1-1
changed precipitation patterns,prolonged dry periods,request-87-1-2
prolonged dry periods,droughts,request-87-1-3
climate change,melting polar ice caps,request-87-2-0
melting polar ice caps,disrupted ocean currents,request-87-2-1
disrupted ocean currents,shifts in precipitation,request-87-2-2
shifts in precipitation,droughts,request-87-2-3
climate change,more frequent heatwaves,request-87-3-0
more frequent heatwaves,higher water demand,request-87-3-1
higher water demand,depleted water resources,request-87-3-2
depleted water resources,droughts,request-87-3-3
climate change,earlier snowmelt,request-87-4-0
earlier snowmelt,reduced summer water availability,request-87-4-1
reduced summer water availability,droughts,request-87-4-2
climate change,ocean warming,request-87-5-0
ocean warming,altered monsoon patterns,request-87-5-1
altered monsoon patterns,decreased rainfall,request-87-5-2
decreased rainfall,droughts,request-87-5-3
climate change,increased transpiration rates,request-87-6-0
increased transpiration rates,reduced soil moisture,request-87-6-1
reduced soil moisture,agricultural droughts,request-87-6-2
agricultural droughts,droughts,request-87-6-3
climate change,rising global temperatures,request-88-0-0
rising global temperatures,thermal expansion of seawater,request-88-0-1
thermal expansion of seawater,rising sea levels,request-88-0-2
rising sea levels,coastal flooding,request-88-0-3
climate change,accelerated glacial melt,request-88-1-0
accelerated glacial melt,increased freshwater discharge,request-88-1-1
increased freshwater discharge,riverbank overflow,request-88-1-2
riverbank overflow,inland flooding,request-88-1-3
climate change,warmer ocean surface temperatures,request-88-2-0
warmer ocean surface temperatures,intensified hurricanes,request-88-2-1
intensified hurricanes,storm surge events,request-88-2-2
storm surge events,coastal flooding,request-88-2-3
climate change,increased atmospheric moisture,request-88-3-0
increased atmospheric moisture,extreme precipitation events,request-88-3-1
extreme precipitation events,overwhelmed drainage systems,request-88-3-2
overwhelmed drainage systems,urban flooding,request-88-3-3
climate change,more frequent heatwaves,request-88-4-0
more frequent heatwaves,prolonged droughts,request-88-4-1
prolonged droughts,soil desiccation,request-88-4-2
soil desiccation,reduced water absorption,request-88-4-3
reduced water absorption,flash flooding,request-88-4-4
climate change,shifts in jet stream patterns,request-88-5-0
shifts in jet stream patterns,persistent rainfall systems,request-88-5-1
persistent rainfall systems,saturated watersheds,request-88-5-2
saturated watersheds,river flooding,request-88-5-3
climate change,earlier seasonal snowmelt,request-88-6-0
earlier seasonal snowmelt,premature runoff accumulation,request-88-6-1
premature runoff accumulation,exceeded river capacity,request-88-6-2
exceeded river capacity,spring flooding,request-88-6-3
climate change,ocean acidification,request-88-7-0
ocean acidification,coral reef degradation,request-88-7-1
coral reef degradation,loss of coastal buffers,request-88-7-2
loss of coastal buffers,enhanced storm damage,request-88-7-3
enhanced storm damage,flooding,request-88-7-4
climate change,permafrost thaw,request-88-8-0
permafrost thaw,ground subsidence,request-88-8-1
ground subsidence,altered drainage pathways,request-88-8-2
altered drainage pathways,increased flood susceptibility,request-88-8-3
climate change,expanded warm air masses,request-88-9-0
expanded warm air masses,enhanced monsoonal activity,request-88-9-1
enhanced monsoonal activity,torrential rains,request-88-9-2
torrential rains,widespread flooding,request-88-9-3
cars,internal combustion engines burning fossil fuels,request-89-0-0
internal combustion engines burning fossil fuels,carbon dioxide emissions,request-89-0-1
carbon dioxide emissions,atmospheric greenhouse gas accumulation,request-89-0-2
atmospheric greenhouse gas accumulation,enhanced greenhouse effect,request-89-0-3
enhanced greenhouse effect,global temperature rise,request-89-0-4
global temperature rise,climate change,request-89-0-5
cars,tailpipe nitrogen oxide emissions,request-89-1-0
tailpipe nitrogen oxide emissions,tropospheric ozone formation,request-89-1-1
tropospheric ozone formation,increased radiative forcing,request-89-1-2
increased radiative forcing,global warming,request-89-1-3
global warming,climate change,request-89-1-4
cars,road infrastructure expansion,request-89-2-0
road infrastructure expansion,deforestation for asphalt production,request-89-2-1
deforestation for asphalt production,reduced carbon sequestration capacity,request-89-2-2
reduced carbon sequestration capacity,elevated atmospheric co₂ levels,request-89-2-3
elevated atmospheric co₂ levels,climate change,request-89-2-4
cars,gasoline refining processes,request-89-3-0
gasoline refining processes,methane leakage during fuel production,request-89-3-1
methane leakage during fuel production,additional greenhouse gas input,request-89-3-2
additional greenhouse gas input,arctic ice melt acceleration,request-89-3-3
arctic ice melt acceleration,climate change,request-89-3-4
cars,urban heat island effect from traffic congestion,request-89-4-0
urban heat island effect from traffic congestion,increased energy demand for cooling,request-89-4-1
increased energy demand for cooling,higher power plant emissions,request-89-4-2
higher power plant emissions,climate change,request-89-4-3
climate change,rising global temperatures,request-90-0-0
rising global temperatures,more frequent and intense heatwaves,request-90-0-1
more frequent and intense heatwaves,reduced crop yields,request-90-0-2
reduced crop yields,decreased agricultural productivity,request-90-0-3
decreased agricultural productivity,scarcity of fresh foods,request-90-0-4
scarcity of fresh foods,escalating prices for scarce fresh foods,request-90-0-5
climate change,altered precipitation patterns,request-90-1-0
altered precipitation patterns,prolonged droughts,request-90-1-1
prolonged droughts,water scarcity for irrigation,request-90-1-2
water scarcity for irrigation,lower crop production,request-90-1-3
lower crop production,reduced food supply,request-90-1-4
reduced food supply,escalating prices for scarce fresh foods,request-90-1-5
climate change,increased frequency of extreme weather events,request-90-2-0
increased frequency of extreme weather events,flooding of farmland,request-90-2-1
flooding of farmland,destruction of crops,request-90-2-2
destruction of crops,diminished harvests,request-90-2-3
diminished harvests,food shortages,request-90-2-4
food shortages,escalating prices for scarce fresh foods,request-90-2-5
climate change,rising sea levels,request-90-3-0
rising sea levels,saltwater intrusion into freshwater systems,request-90-3-1
saltwater intrusion into freshwater systems,contaminated irrigation water,request-90-3-2
contaminated irrigation water,reduced crop quality and quantity,request-90-3-3
reduced crop quality and quantity,scarcity of fresh foods,request-90-3-4
scarcity of fresh foods,escalating prices for scarce fresh foods,request-90-3-5
climate change,shifting pest and disease ranges,request-90-4-0
shifting pest and disease ranges,increased crop infestations,request-90-4-1
increased crop infestations,agricultural losses,request-90-4-2
agricultural losses,lower market availability,request-90-4-3
lower market availability,scarcity of fresh foods,request-90-4-4
scarcity of fresh foods,escalating prices for scarce fresh foods,request-90-4-5
climate change,glacial melt,request-90-5-0
glacial melt,reduced freshwater availability,request-90-5-1
reduced freshwater availability,competition for agricultural water,request-90-5-2
competition for agricultural water,constrained food production,request-90-5-3
constrained food production,scarcity of fresh foods,request-90-5-4
scarcity of fresh foods,escalating prices for scarce fresh foods,request-90-5-5
climate change,rising global temperatures,request-91-0-0
rising global temperatures,increased frequency of heatwaves,request-91-0-1
increased frequency of heatwaves,reduced crop yields,request-91-0-2
reduced crop yields,food scarcity,request-91-0-3
food scarcity,limited dietary diversity,request-91-0-4
limited dietary diversity,malnutrition,request-91-0-5
climate change,extreme weather events,request-91-1-0
extreme weather events,flooding of agricultural land,request-91-1-1
flooding of agricultural land,soil nutrient depletion,request-91-1-2
soil nutrient depletion,lower crop quality,request-91-1-3
lower crop quality,reduced micronutrient intake,request-91-1-4
reduced micronutrient intake,nutrient deficiencies,request-91-1-5
climate change,ocean warming,request-91-2-0
ocean warming,decline in fish populations,request-91-2-1
decline in fish populations,reduced seafood availability,request-91-2-2
reduced seafood availability,protein deficiency,request-91-2-3
protein deficiency,impaired child development,request-91-2-4
climate change,elevated atmospheric co2,request-91-3-0
elevated atmospheric co2,reduced nutritional content of staple crops,request-91-3-1
reduced nutritional content of staple crops,lower iron and zinc intake,request-91-3-2
lower iron and zinc intake,increased anemia rates,request-91-3-3
climate change,drought intensification,request-91-4-0
drought intensification,water scarcity for irrigation,request-91-4-1
water scarcity for irrigation,crop failure,request-91-4-2
crop failure,"reliance on caloriedense, nutrientpoor foods",request-91-4-3
"reliance on caloriedense, nutrientpoor foods",obesity and undernutrition coexistence,request-91-4-4
climate change,shifts in pest and disease patterns,request-91-5-0
shifts in pest and disease patterns,increased pesticide use,request-91-5-1
increased pesticide use,chemical contamination of food,request-91-5-2
chemical contamination of food,impaired nutrient absorption,request-91-5-3
climate change,melting glaciers,request-91-6-0
melting glaciers,reduced freshwater availability,request-91-6-1
reduced freshwater availability,poor sanitation and hygiene,request-91-6-2
poor sanitation and hygiene,gut inflammation,request-91-6-3
gut inflammation,impaired nutrient uptake,request-91-6-4
climate change,disruption of pollinator habitats,request-91-7-0
disruption of pollinator habitats,reduced fruit and vegetable production,request-91-7-1
reduced fruit and vegetable production,limited antioxidant intake,request-91-7-2
limited antioxidant intake,weakened immune systems,request-91-7-3
climate change,forced migration,request-91-8-0
forced migration,loss of traditional food systems,request-91-8-1
loss of traditional food systems,dependence on processed foods,request-91-8-2
dependence on processed foods,increased dietrelated chronic diseases,request-91-8-3
climate change,rising temperatures,request-92-0-0
rising temperatures,heatwaves,request-92-0-1
heatwaves,heatrelated illnesses,request-92-0-2
heatrelated illnesses,increased mortality rates,request-92-0-3
climate change,melting polar ice,request-92-1-0
melting polar ice,sea level rise,request-92-1-1
sea level rise,coastal flooding,request-92-1-2
coastal flooding,waterborne disease outbreaks,request-92-1-3
waterborne disease outbreaks,public health crises,request-92-1-4
climate change,intensified storms,request-92-2-0
intensified storms,infrastructure damage,request-92-2-1
infrastructure damage,contaminated water supplies,request-92-2-2
contaminated water supplies,gastrointestinal infections,request-92-2-3
gastrointestinal infections,pediatric health declines,request-92-2-4
climate change,ocean warming,request-92-3-0
ocean warming,coral reef dieoffs,request-92-3-1
coral reef dieoffs,fisheries collapse,request-92-3-2
fisheries collapse,protein malnutrition,request-92-3-3
protein malnutrition,immune system vulnerabilities,request-92-3-4
climate change,altered precipitation patterns,request-92-4-0
altered precipitation patterns,droughts,request-92-4-1
droughts,crop failures,request-92-4-2
crop failures,food insecurity,request-92-4-3
food insecurity,chronic malnutrition,request-92-4-4
chronic malnutrition,developmental stunting,request-92-4-5
climate change,increased atmospheric co₂,request-92-5-0
increased atmospheric co₂,pollen surges,request-92-5-1
pollen surges,allergy aggravation,request-92-5-2
allergy aggravation,asthma hospitalizations,request-92-5-3
asthma hospitalizations,healthcare system strain,request-92-5-4
climate change,deforestation acceleration,request-92-6-0
deforestation acceleration,habitat fragmentation,request-92-6-1
habitat fragmentation,zoonotic spillover events,request-92-6-2
zoonotic spillover events,pandemic emergence,request-92-6-3
pandemic emergence,global health disruptions,request-92-6-4
climate change,permafrost thaw,request-92-7-0
permafrost thaw,pathogen release,request-92-7-1
pathogen release,novel disease exposure,request-92-7-2
novel disease exposure,antimicrobial resistance spread,request-92-7-3
antimicrobial resistance spread,treatment failures,request-92-7-4
climate change,wildfire frequency,request-92-8-0
wildfire frequency,air pollution peaks,request-92-8-1
air pollution peaks,chronic respiratory diseases,request-92-8-2
chronic respiratory diseases,premature mortality surges,request-92-8-3
climate change,ocean acidification,request-92-9-0
ocean acidification,phytoplankton decline,request-92-9-1
phytoplankton decline,oxygen depletion,request-92-9-2
oxygen depletion,marine toxin proliferation,request-92-9-3
marine toxin proliferation,neurological disorders,request-92-9-4
climate change,rising global temperatures,request-93-0-0
rising global temperatures,increased drought frequency,request-93-0-1
increased drought frequency,agricultural yield reduction,request-93-0-2
agricultural yield reduction,farmer income loss,request-93-0-3
farmer income loss,rural unemployment,request-93-0-4
climate change,ocean acidification,request-93-1-0
ocean acidification,coral reef degradation,request-93-1-1
coral reef degradation,collapse of fisheries,request-93-1-2
collapse of fisheries,job losses in fishing industries,request-93-1-3
climate change,melting glaciers,request-93-2-0
melting glaciers,reduced freshwater supply,request-93-2-1
reduced freshwater supply,hydroelectric energy shortages,request-93-2-2
hydroelectric energy shortages,industrial production decline,request-93-2-3
industrial production decline,manufacturing sector layoffs,request-93-2-4
climate change,increased wildfire activity,request-93-3-0
increased wildfire activity,timber industry disruption,request-93-3-1
timber industry disruption,forestry worker unemployment,request-93-3-2
climate change,policy shifts to renewable energy,request-93-4-0
policy shifts to renewable energy,coal plant closures,request-93-4-1
coal plant closures,fossil fuel sector job losses,request-93-4-2
climate change,green technology investment,request-93-5-0
green technology investment,expansion of solar/wind industries,request-93-5-1
expansion of solar/wind industries,renewable energy job creation,request-93-5-2
climate change,extreme weather events,request-93-6-0
extreme weather events,infrastructure damage,request-93-6-1
infrastructure damage,construction industry demand surge,request-93-6-2
construction industry demand surge,temporary employment growth in reconstruction,request-93-6-3
climate change,sea level rise,request-93-7-0
sea level rise,coastal flooding,request-93-7-1
coastal flooding,tourism industry decline,request-93-7-2
tourism industry decline,hospitality sector layoffs,request-93-7-3
climate change,heatwaves,request-93-8-0
heatwaves,reduced labor productivity,request-93-8-1
reduced labor productivity,economic slowdown,request-93-8-2
economic slowdown,broadbased employment reductions,request-93-8-3
climate change,biodiversity loss,request-93-9-0
biodiversity loss,ecosystem service disruption,request-93-9-1
ecosystem service disruption,agricultural input shortages,request-93-9-2
agricultural input shortages,agribusiness workforce contraction,request-93-9-3
climate change,rising global temperatures,request-94-0-0
rising global temperatures,increased frequency of extreme weather events,request-94-0-1
increased frequency of extreme weather events,agricultural yield volatility,request-94-0-2
agricultural yield volatility,food price inflation,request-94-0-3
food price inflation,reduced household discretionary spending,request-94-0-4
reduced household discretionary spending,slowed consumerdriven economic sectors,request-94-0-5
climate change,melting polar ice caps,request-94-1-0
melting polar ice caps,sea level rise,request-94-1-1
sea level rise,coastal infrastructure damage,request-94-1-2
coastal infrastructure damage,relocation costs for businesses,request-94-1-3
relocation costs for businesses,supply chain redistribution,request-94-1-4
supply chain redistribution,increased operational expenses,request-94-1-5
increased operational expenses,corporate profit margin compression,request-94-1-6
climate change,ocean warming,request-94-2-0
ocean warming,fisheries collapse,request-94-2-1
fisheries collapse,livelihood loss in coastal communities,request-94-2-2
livelihood loss in coastal communities,regional economic depression,request-94-2-3
regional economic depression,increased government welfare spending,request-94-2-4
increased government welfare spending,national fiscal strain,request-94-2-5
climate change,prolonged droughts,request-94-3-0
prolonged droughts,water scarcity for industrial use,request-94-3-1
water scarcity for industrial use,manufacturing production bottlenecks,request-94-3-2
manufacturing production bottlenecks,delayed export shipments,request-94-3-3
delayed export shipments,contract penalties and lost contracts,request-94-3-4
contract penalties and lost contracts,reduced gdp growth,request-94-3-5
climate change,increased wildfire intensity,request-94-4-0
increased wildfire intensity,timber industry disruption,request-94-4-1
timber industry disruption,construction material shortages,request-94-4-2
construction material shortages,real estate development delays,request-94-4-3
real estate development delays,reduced housing market activity,request-94-4-4
reduced housing market activity,decline in property tax revenues,request-94-4-5
climate change,permafrost thaw,request-94-5-0
permafrost thaw,infrastructure foundation instability,request-94-5-1
infrastructure foundation instability,arctic transportation route closures,request-94-5-2
arctic transportation route closures,extended global shipping times,request-94-5-3
extended global shipping times,elevated inventory carrying costs,request-94-5-4
elevated inventory carrying costs,inflationary pressure on goods,request-94-5-5
climate change,shifting precipitation patterns,request-94-6-0
shifting precipitation patterns,hydropower generation variability,request-94-6-1
hydropower generation variability,energy grid instability,request-94-6-2
energy grid instability,industrial production unpredictability,request-94-6-3
industrial production unpredictability,reduced manufacturing competitiveness,request-94-6-4
reduced manufacturing competitiveness,trade balance deterioration,request-94-6-5
mismanagement of god's work,environmental neglect,request-95-0-0
environmental neglect,exploitation of natural resources,request-95-0-1
exploitation of natural resources,deforestation,request-95-0-2
deforestation,reduced carbon sequestration,request-95-0-3
reduced carbon sequestration,increased atmospheric co₂,request-95-0-4
increased atmospheric co₂,global warming,request-95-0-5
global warming,climate change,request-95-0-6
mismanagement of god's work,overconsumption patterns,request-95-1-0
overconsumption patterns,industrial expansion,request-95-1-1
industrial expansion,fossil fuel combustion,request-95-1-2
fossil fuel combustion,greenhouse gas emissions,request-95-1-3
greenhouse gas emissions,enhanced radiative forcing,request-95-1-4
enhanced radiative forcing,global temperature rise,request-95-1-5
global temperature rise,climate change,request-95-1-6
mismanagement of god's work,unsustainable agricultural practices,request-95-2-0
unsustainable agricultural practices,soil degradation,request-95-2-1
soil degradation,excessive fertilizer use,request-95-2-2
excessive fertilizer use,nitrous oxide emissions,request-95-2-3
nitrous oxide emissions,atmospheric warming,request-95-2-4
atmospheric warming,climate change,request-95-2-5
mismanagement of god's work,pollution proliferation,request-95-3-0
pollution proliferation,greenhouse gas accumulation,request-95-3-1
greenhouse gas accumulation,disrupted energy balance,request-95-3-2
disrupted energy balance,climatic instability,request-95-3-3
climatic instability,climate change,request-95-3-4
mismanagement of god's work,biodiversity loss,request-95-4-0
biodiversity loss,ecosystem service collapse,request-95-4-1
ecosystem service collapse,carbon sink depletion,request-95-4-2
carbon sink depletion,elevated atmospheric carbon,request-95-4-3
elevated atmospheric carbon,climate change,request-95-4-4
mismanagement of god's work,unregulated urbanization,request-95-5-0
unregulated urbanization,habitat destruction,request-95-5-1
habitat destruction,altered landuse patterns,request-95-5-2
altered landuse patterns,microclimate shifts,request-95-5-3
microclimate shifts,regional climatic impacts,request-95-5-4
regional climatic impacts,global climate destabilization,request-95-5-5
mismanagement of god's work,disregard for ecological balance,request-95-6-0
disregard for ecological balance,overfishing,request-95-6-1
overfishing,marine ecosystem collapse,request-95-6-2
marine ecosystem collapse,reduced oceanic carbon uptake,request-95-6-3
reduced oceanic carbon uptake,accelerated atmospheric warming,request-95-6-4
accelerated atmospheric warming,climate change,request-95-6-5
human activity,fossil fuel combustion,request-96-0-0
fossil fuel combustion,carbon dioxide emissions,request-96-0-1
carbon dioxide emissions,atmospheric co₂ accumulation,request-96-0-2
atmospheric co₂ accumulation,greenhouse gas concentrations,request-96-0-3
human activity,deforestation,request-96-1-0
deforestation,reduced carbon sequestration,request-96-1-1
reduced carbon sequestration,co₂ retention in atmosphere,request-96-1-2
co₂ retention in atmosphere,greenhouse gas concentrations,request-96-1-3
human activity,livestock farming,request-96-2-0
livestock farming,enteric fermentation,request-96-2-1
enteric fermentation,methane emissions,request-96-2-2
methane emissions,greenhouse gas concentrations,request-96-2-3
human activity,agricultural fertilization,request-96-3-0
agricultural fertilization,nitrous oxide emissions,request-96-3-1
nitrous oxide emissions,atmospheric n₂o accumulation,request-96-3-2
atmospheric n₂o accumulation,greenhouse gas concentrations,request-96-3-3
human activity,industrial manufacturing,request-96-4-0
industrial manufacturing,fluorinated gas production,request-96-4-1
fluorinated gas production,hfc/pfc/sf₆ emissions,request-96-4-2
hfc/pfc/sf₆ emissions,greenhouse gas concentrations,request-96-4-3
human activity,waste landfilling,request-96-5-0
waste landfilling,anaerobic decomposition,request-96-5-1
anaerobic decomposition,methane release,request-96-5-2
methane release,greenhouse gas concentrations,request-96-5-3
human activity,rice cultivation,request-96-6-0
rice cultivation,flooded field methanogenesis,request-96-6-1
flooded field methanogenesis,ch₄ emissions,request-96-6-2
ch₄ emissions,greenhouse gas concentrations,request-96-6-3
human activity,cement production,request-96-7-0
cement production,limestone calcination,request-96-7-1
limestone calcination,co₂ release,request-96-7-2
co₂ release,greenhouse gas concentrations,request-96-7-3
human activity,biomass burning,request-96-8-0
biomass burning,combustion byproducts,request-96-8-1
combustion byproducts,black carbon/co₂ emissions,request-96-8-2
black carbon/co₂ emissions,greenhouse gas concentrations,request-96-8-3
human activity,energy extraction,request-96-9-0
energy extraction,fugitive methane leaks,request-96-9-1
fugitive methane leaks,ch₄ atmospheric increase,request-96-9-2
ch₄ atmospheric increase,greenhouse gas concentrations,request-96-9-3
foreign countries,export demand for agricultural products,request-97-0-0
export demand for agricultural products,expansion of cash crop plantations,request-97-0-1
expansion of cash crop plantations,deforestation,request-97-0-2
foreign countries,timber import requirements,request-97-1-0
timber import requirements,increased logging operations,request-97-1-1
increased logging operations,deforestation,request-97-1-2
foreign countries,infrastructure investment agreements,request-97-2-0
infrastructure investment agreements,road construction in forested areas,request-97-2-1
road construction in forested areas,deforestation,request-97-2-2
foreign countries,biofuel energy policies,request-97-3-0
biofuel energy policies,conversion of forests to biofuel crops,request-97-3-1
conversion of forests to biofuel crops,deforestation,request-97-3-2
foreign countries,international trade incentives,request-97-4-0
international trade incentives,landuse policy shifts,request-97-4-1
landuse policy shifts,deforestation,request-97-4-2
foreign countries,illegal wildlife trade networks,request-97-5-0
illegal wildlife trade networks,habitat encroachment,request-97-5-1
habitat encroachment,deforestation,request-97-5-2
foreign countries,mining resource contracts,request-97-6-0
mining resource contracts,forest clearance for extractive activities,request-97-6-1
forest clearance for extractive activities,deforestation,request-97-6-2
foreign countries,climate mitigation projects,request-97-7-0
climate mitigation projects,misallocated reforestation efforts,request-97-7-1
misallocated reforestation efforts,deforestation,request-97-7-2
foreign countries,tourism industry development,request-97-8-0
tourism industry development,ecosystem fragmentation for resorts,request-97-8-1
ecosystem fragmentation for resorts,deforestation,request-97-8-2
foreign countries,global commodity price fluctuations,request-97-9-0
global commodity price fluctuations,expansion of monoculture farms,request-97-9-1
expansion of monoculture farms,deforestation,request-97-9-2
flowing factors,increased water volume,request-98-0-0
increased water volume,river overflow,request-98-0-1
river overflow,flooding,request-98-0-2
flowing factors,soil saturation,request-98-1-0
soil saturation,reduced infiltration,request-98-1-1
reduced infiltration,surface runoff accumulation,request-98-1-2
surface runoff accumulation,flooding,request-98-1-3
flowing factors,sediment deposition,request-98-2-0
sediment deposition,reduced channel capacity,request-98-2-1
reduced channel capacity,water spillage,request-98-2-2
water spillage,flooding,request-98-2-3
flowing factors,levee erosion,request-98-3-0
levee erosion,structural failure,request-98-3-1
structural failure,rapid water release,request-98-3-2
rapid water release,flooding,request-98-3-3
flowing factors,drainage system overload,request-98-4-0
drainage system overload,urban waterlogging,request-98-4-1
urban waterlogging,flooding,request-98-4-2
flowing factors,ice jam formation,request-98-5-0
ice jam formation,river obstruction,request-98-5-1
river obstruction,backwater surge,request-98-5-2
backwater surge,flooding,request-98-5-3
flowing factors,groundwater rise,request-98-6-0
groundwater rise,soil liquefaction,request-98-6-1
soil liquefaction,infrastructure collapse,request-98-6-2
infrastructure collapse,flooding,request-98-6-3
flowing factors,coastal erosion,request-98-7-0
coastal erosion,barrier loss,request-98-7-1
barrier loss,storm surge intrusion,request-98-7-2
storm surge intrusion,flooding,request-98-7-3
flowing factors,deforestationinduced runoff,request-98-8-0
deforestationinduced runoff,river swelling,request-98-8-1
river swelling,floodplain inundation,request-98-8-2
floodplain inundation,flooding,request-98-8-3
flowing factors,dam overtopping,request-98-9-0
dam overtopping,controlled release failure,request-98-9-1
controlled release failure,catastrophic flooding,request-98-9-2
deforestation,root system removal,request-99-0-0
root system removal,soil structure weakening,request-99-0-1
soil structure weakening,increased soil erosion,request-99-0-2
increased soil erosion,slope destabilization,request-99-0-3
slope destabilization,land sliding,request-99-0-4
deforestation,loss of vegetation cover,request-99-1-0
loss of vegetation cover,reduced rainwater interception,request-99-1-1
reduced rainwater interception,surface runoff intensification,request-99-1-2
surface runoff intensification,soil saturation,request-99-1-3
soil saturation,slope collapse,request-99-1-4
slope collapse,land sliding,request-99-1-5
deforestation,canopy removal,request-99-2-0
canopy removal,reduced evapotranspiration,request-99-2-1
reduced evapotranspiration,elevated groundwater levels,request-99-2-2
elevated groundwater levels,pore pressure increase,request-99-2-3
pore pressure increase,slope instability,request-99-2-4
slope instability,land sliding,request-99-2-5
deforestation,loss of organic matter,request-99-3-0
loss of organic matter,soil compaction,request-99-3-1
soil compaction,reduced infiltration capacity,request-99-3-2
reduced infiltration capacity,water accumulation,request-99-3-3
water accumulation,slope failure,request-99-3-4
slope failure,land sliding,request-99-3-5
deforestation,habitat fragmentation,request-99-4-0
habitat fragmentation,biodiversity loss,request-99-4-1
biodiversity loss,disrupted ecological balance,request-99-4-2
disrupted ecological balance,accelerated erosion processes,request-99-4-3
accelerated erosion processes,slope degradation,request-99-4-4
slope degradation,land sliding  ,request-99-4-5
rise in global temperatures,increased atmospheric moisture,request-100-0-0
increased atmospheric moisture,heavier precipitation events,request-100-0-1
heavier precipitation events,soil saturation,request-100-0-2
soil saturation,reduced slope stability,request-100-0-3
reduced slope stability,land sliding,request-100-0-4
rise in global temperatures,glacier and permafrost melt,request-100-1-0
glacier and permafrost melt,loss of structural support in slopes,request-100-1-1
loss of structural support in slopes,slope destabilization,request-100-1-2
slope destabilization,land sliding,request-100-1-3
rise in global temperatures,higher wildfire frequency,request-100-2-0
higher wildfire frequency,vegetation loss,request-100-2-1
vegetation loss,reduced soil cohesion,request-100-2-2
reduced soil cohesion,slope destabilization,request-100-2-3
slope destabilization,land sliding,request-100-2-4
rise in global temperatures,prolonged drought conditions,request-100-3-0
prolonged drought conditions,vegetation dieoff,request-100-3-1
vegetation dieoff,reduced root reinforcement,request-100-3-2
reduced root reinforcement,slope failure,request-100-3-3
slope failure,land sliding,request-100-3-4
rise in global temperatures,intensified storm systems,request-100-4-0
intensified storm systems,extreme rainfall and wind,request-100-4-1
extreme rainfall and wind,soil erosion and saturation,request-100-4-2
soil erosion and saturation,slope collapse,request-100-4-3
slope collapse,land sliding,request-100-4-4
rise in global temperatures,thermal expansion of rock and soil,request-100-5-0
thermal expansion of rock and soil,fracture development in slopes,request-100-5-1
fracture development in slopes,weakened geological integrity,request-100-5-2
weakened geological integrity,land sliding,request-100-5-3
rise in global temperatures,altered weather patterns,request-100-6-0
altered weather patterns,unseasonal snowmelt,request-100-6-1
unseasonal snowmelt,rapid water infiltration,request-100-6-2
rapid water infiltration,soil liquefaction,request-100-6-3
soil liquefaction,land sliding  ,request-100-6-4
melting of glaciers,increased meltwater release,request-101-0-0
increased meltwater release,soil saturation,request-101-0-1
soil saturation,reduced slope stability,request-101-0-2
reduced slope stability,land sliding,request-101-0-3
melting of glaciers,glacial mass loss,request-101-1-0
glacial mass loss,decreased pressure on bedrock,request-101-1-1
decreased pressure on bedrock,ground decompression,request-101-1-2
ground decompression,fracture formation,request-101-1-3
fracture formation,slope instability,request-101-1-4
slope instability,land sliding,request-101-1-5
melting of glaciers,adjacent permafrost thaw,request-101-2-0
adjacent permafrost thaw,loss of soil cohesion,request-101-2-1
loss of soil cohesion,slope destabilization,request-101-2-2
slope destabilization,land sliding,request-101-2-3
melting of glaciers,enhanced sediment deposition,request-101-3-0
enhanced sediment deposition,altered slope geometry,request-101-3-1
altered slope geometry,increased shear stress,request-101-3-2
increased shear stress,land sliding,request-101-3-3
melting of glaciers,glacial lake formation,request-101-4-0
glacial lake formation,outburst flood events,request-101-4-1
outburst flood events,slope undercutting,request-101-4-2
slope undercutting,land sliding,request-101-4-3
melting of glaciers,prolonged water infiltration,request-101-5-0
prolonged water infiltration,elevated pore pressure,request-101-5-1
elevated pore pressure,reduced shear strength,request-101-5-2
reduced shear strength,land sliding,request-101-5-3
melting of glaciers,riverbank erosion,request-101-6-0
riverbank erosion,slope angle alteration,request-101-6-1
slope angle alteration,structural instability,request-101-6-2
structural instability,land sliding,request-101-6-3
melting of glaciers,icecontact slope exposure,request-101-7-0
icecontact slope exposure,thermal stress fluctuations,request-101-7-1
thermal stress fluctuations,rock fracturing,request-101-7-2
rock fracturing,land sliding  ,request-101-7-3
soil erosion,removal of vegetation cover,request-102-0-0
removal of vegetation cover,reduced root reinforcement,request-102-0-1
reduced root reinforcement,decreased soil cohesion,request-102-0-2
decreased soil cohesion,slope destabilization,request-102-0-3
slope destabilization,land sliding,request-102-0-4
soil erosion,exposure of subsoil layers,request-102-1-0
exposure of subsoil layers,increased surface runoff,request-102-1-1
increased surface runoff,water saturation of slopes,request-102-1-2
water saturation of slopes,elevated pore pressure,request-102-1-3
elevated pore pressure,slope failure,request-102-1-4
slope failure,land sliding,request-102-1-5
soil erosion,sediment accumulation in valleys,request-102-2-0
sediment accumulation in valleys,increased lateral pressure on slopes,request-102-2-1
increased lateral pressure on slopes,structural weakening of slope base,request-102-2-2
structural weakening of slope base,mass movement initiation,request-102-2-3
mass movement initiation,land sliding,request-102-2-4
soil erosion,formation of gullies/rills,request-102-3-0
formation of gullies/rills,undercutting of slope foot,request-102-3-1
undercutting of slope foot,loss of lateral support,request-102-3-2
loss of lateral support,gravitational collapse,request-102-3-3
gravitational collapse,land sliding,request-102-3-4
soil erosion,loss of nutrientrich topsoil,request-102-4-0
loss of nutrientrich topsoil,vegetation dieoff,request-102-4-1
vegetation dieoff,reduced interception of rainfall,request-102-4-2
reduced interception of rainfall,intensified water infiltration,request-102-4-3
intensified water infiltration,soil liquefaction,request-102-4-4
soil liquefaction,land sliding,request-102-4-5
earthquakes,ground shaking,request-103-0-0
ground shaking,slope destabilization,request-103-0-1
slope destabilization,land sliding,request-103-0-2
earthquakes,ground shaking,request-103-1-0
ground shaking,soil liquefaction,request-103-1-1
soil liquefaction,loss of soil strength,request-103-1-2
loss of soil strength,land sliding,request-103-1-3
earthquakes,ground shaking,request-103-2-0
ground shaking,rock fractures,request-103-2-1
rock fractures,weakened slope structure,request-103-2-2
weakened slope structure,land sliding,request-103-2-3
earthquakes,ground shaking,request-103-3-0
ground shaking,vegetation damage,request-103-3-1
vegetation damage,reduced soil cohesion,request-103-3-2
reduced soil cohesion,land sliding,request-103-3-3
earthquakes,ground shaking,request-103-4-0
ground shaking,cracks in ground,request-103-4-1
cracks in ground,water infiltration,request-103-4-2
water infiltration,increased pore pressure,request-103-4-3
increased pore pressure,land sliding,request-103-4-4
deforestation,loss of tree roots,request-104-0-0
loss of tree roots,soil destabilization,request-104-0-1
soil destabilization,increased soil erosion,request-104-0-2
increased soil erosion,sediment runoff,request-104-0-3
sediment runoff,rivers filled with mud,request-104-0-4
deforestation,reduced canopy cover,request-104-1-0
reduced canopy cover,heavy rainfall impact,request-104-1-1
heavy rainfall impact,surface soil displacement,request-104-1-2
surface soil displacement,muddy water flow,request-104-1-3
muddy water flow,rivers filled with mud,request-104-1-4
deforestation,loss of organic matter,request-104-2-0
loss of organic matter,soil compaction,request-104-2-1
soil compaction,reduced water absorption,request-104-2-2
reduced water absorption,excessive runoff,request-104-2-3
excessive runoff,sedimentladen rivers,request-104-2-4
sedimentladen rivers,rivers filled with mud,request-104-2-5
deforestation,exposed topsoil,request-104-3-0
exposed topsoil,rainwater erosion,request-104-3-1
rainwater erosion,mudslides,request-104-3-2
mudslides,river sedimentation,request-104-3-3
river sedimentation,rivers filled with mud,request-104-3-4
deforestation,loss of leaf litter,request-104-4-0
loss of leaf litter,reduced rainwater interception,request-104-4-1
reduced rainwater interception,surface runoff acceleration,request-104-4-2
surface runoff acceleration,soil transport to rivers,request-104-4-3
soil transport to rivers,rivers filled with mud,request-104-4-4
rise in global temperatures,accelerated glacial melt,request-105-0-0
accelerated glacial melt,increased sediment release,request-105-0-1
increased sediment release,rivers filled with mud,request-105-0-2
rise in global temperatures,permafrost thaw,request-105-1-0
permafrost thaw,destabilized soil structure,request-105-1-1
destabilized soil structure,landslides,request-105-1-2
landslides,sediment deposition in rivers,request-105-1-3
sediment deposition in rivers,rivers filled with mud,request-105-1-4
rise in global temperatures,intensified evaporation,request-105-2-0
intensified evaporation,extreme rainfall events,request-105-2-1
extreme rainfall events,soil erosion,request-105-2-2
soil erosion,muddy runoff into rivers,request-105-2-3
muddy runoff into rivers,rivers filled with mud,request-105-2-4
rise in global temperatures,prolonged droughts,request-105-3-0
prolonged droughts,reduced vegetation cover,request-105-3-1
reduced vegetation cover,increased surface runoff,request-105-3-2
increased surface runoff,sediment transport to rivers,request-105-3-3
sediment transport to rivers,rivers filled with mud,request-105-3-4
rise in global temperatures,increased wildfire frequency,request-105-4-0
increased wildfire frequency,loss of stabilizing vegetation,request-105-4-1
loss of stabilizing vegetation,postfire erosion,request-105-4-2
postfire erosion,mudflows into rivers,request-105-4-3
mudflows into rivers,rivers filled with mud,request-105-4-4
rise in global temperatures,altered precipitation patterns,request-105-5-0
altered precipitation patterns,flash flooding,request-105-5-1
flash flooding,riverbank collapse,request-105-5-2
riverbank collapse,siltation of rivers,request-105-5-3
siltation of rivers,rivers filled with mud,request-105-5-4
rise in global temperatures,earlier snowmelt,request-105-6-0
earlier snowmelt,reduced seasonal water flow,request-105-6-1
reduced seasonal water flow,concentrated sediment during dry periods,request-105-6-2
concentrated sediment during dry periods,rivers filled with mud,request-105-6-3
rise in global temperatures,ocean thermal expansion,request-105-7-0
ocean thermal expansion,coastal erosion,request-105-7-1
coastal erosion,upstream sediment redeposition,request-105-7-2
upstream sediment redeposition,rivers filled with mud,request-105-7-3
melting of glaciers,increased meltwater flow,request-106-0-0
increased meltwater flow,erosion of soil and rock,request-106-0-1
erosion of soil and rock,sediment transport downstream,request-106-0-2
sediment transport downstream,deposition of fine particles in riverbeds,request-106-0-3
deposition of fine particles in riverbeds,rivers filled with mud,request-106-0-4
melting of glaciers,destabilization of mountain slopes,request-106-1-0
destabilization of mountain slopes,landslides and rockfalls,request-106-1-1
landslides and rockfalls,debris influx into rivers,request-106-1-2
debris influx into rivers,rivers filled with mud,request-106-1-3
melting of glaciers,reduced ice mass pressure,request-106-2-0
reduced ice mass pressure,accelerated permafrost thaw,request-106-2-1
accelerated permafrost thaw,soil erosion from thawed ground,request-106-2-2
soil erosion from thawed ground,sedimentladen runoff,request-106-2-3
sedimentladen runoff,rivers filled with mud,request-106-2-4
melting of glaciers,altered river discharge patterns,request-106-3-0
altered river discharge patterns,increased bank erosion,request-106-3-1
increased bank erosion,suspended sediment concentration,request-106-3-2
suspended sediment concentration,rivers filled with mud,request-106-3-3
melting of glaciers,exposure of glacial till,request-106-4-0
exposure of glacial till,weathering of loose glacial deposits,request-106-4-1
weathering of loose glacial deposits,mobilization of silt and clay,request-106-4-2
mobilization of silt and clay,turbid river water,request-106-4-3
turbid river water,rivers filled with mud,request-106-4-4
soil erosion,sediment runoff,request-107-0-0
sediment runoff,river sedimentation,request-107-0-1
river sedimentation,rivers filled with mud,request-107-0-2
soil erosion,topsoil displacement,request-107-1-0
topsoil displacement,stream sedimentation,request-107-1-1
stream sedimentation,river mud accumulation,request-107-1-2
soil erosion,landslide activation,request-107-2-0
landslide activation,river sediment deposition,request-107-2-1
river sediment deposition,mudfilled rivers,request-107-2-2
soil erosion,gully development,request-107-3-0
gully development,concentrated sediment flow,request-107-3-1
concentrated sediment flow,muddy rivers,request-107-3-2
soil erosion,agricultural runoff,request-107-4-0
agricultural runoff,sedimentladen waterways,request-107-4-1
sedimentladen waterways,rivers filled with mud,request-107-4-2
soil erosion,increased surface runoff,request-107-5-0
increased surface runoff,sediment transport,request-107-5-1
sediment transport,river mud accumulation,request-107-5-2
soil erosion,bank destabilization,request-107-6-0
bank destabilization,sediment slumping,request-107-6-1
sediment slumping,river turbidity increase,request-107-6-2
river turbidity increase,rivers filled with mud,request-107-6-3
soil erosion,nutrientrich runoff,request-107-7-0
nutrientrich runoff,algal blooms,request-107-7-1
algal blooms,aquatic vegetation decay,request-107-7-2
aquatic vegetation decay,muddy riverbeds,request-107-7-3
soil erosion,sediment cloud formation,request-107-8-0
sediment cloud formation,water clarity reduction,request-107-8-1
water clarity reduction,riverbed siltation,request-107-8-2
riverbed siltation,rivers filled with mud,request-107-8-3
earthquakes,ground shaking,request-108-0-0
ground shaking,landslides,request-108-0-1
landslides,debris entering rivers,request-108-0-2
debris entering rivers,sediment accumulation,request-108-0-3
sediment accumulation,rivers filled with mud,request-108-0-4
earthquakes,soil liquefaction,request-108-1-0
soil liquefaction,soil displacement,request-108-1-1
soil displacement,mud entering rivers,request-108-1-2
mud entering rivers,rivers filled with mud,request-108-1-3
earthquakes,dam collapse,request-108-2-0
dam collapse,floodwater release,request-108-2-1
floodwater release,bank erosion,request-108-2-2
bank erosion,soil runoff,request-108-2-3
soil runoff,rivers filled with mud,request-108-2-4
earthquakes,ground fissures,request-108-3-0
ground fissures,mudflows,request-108-3-1
mudflows,rivers filled with mud,request-108-3-2
earthquakes,slope destabilization,request-108-4-0
slope destabilization,rockfall,request-108-4-1
rockfall,river channel blockage,request-108-4-2
river channel blockage,sediment suspension,request-108-4-3
sediment suspension,rivers filled with mud,request-108-4-4
deforestation,soil erosion,request-109-0-0
soil erosion,sediment runoff,request-109-0-1
sediment runoff,river sedimentation,request-109-0-2
river sedimentation,canal siltation,request-109-0-3
canal siltation,canals filled with mud,request-109-0-4
deforestation,loss of root systems,request-109-1-0
loss of root systems,soil destabilization,request-109-1-1
soil destabilization,landslides,request-109-1-2
landslides,sediment deposition in waterways,request-109-1-3
sediment deposition in waterways,canals filled with mud,request-109-1-4
deforestation,reduced vegetation cover,request-109-2-0
reduced vegetation cover,increased surface runoff,request-109-2-1
increased surface runoff,soil erosion,request-109-2-2
soil erosion,sedimentladen water flow,request-109-2-3
sedimentladen water flow,canals filled with mud,request-109-2-4
deforestation,land conversion for agriculture,request-109-3-0
land conversion for agriculture,plowed fields,request-109-3-1
plowed fields,exposed topsoil,request-109-3-2
exposed topsoil,erosion,request-109-3-3
erosion,canal sedimentation,request-109-3-4
canal sedimentation,canals filled with mud,request-109-3-5
deforestation,loss of canopy interception,request-109-4-0
loss of canopy interception,heavy rainwater impact,request-109-4-1
heavy rainwater impact,soil compaction,request-109-4-2
soil compaction,increased runoff,request-109-4-3
increased runoff,sediment transport to canals,request-109-4-4
sediment transport to canals,canals filled with mud,request-109-4-5
deforestation,habitat degradation,request-109-5-0
habitat degradation,reduced biodiversity,request-109-5-1
reduced biodiversity,weakened ecosystem stability,request-109-5-2
weakened ecosystem stability,accelerated erosion,request-109-5-3
accelerated erosion,mud accumulation in canals,request-109-5-4
mud accumulation in canals,canals filled with mud,request-109-5-5
deforestation,logging infrastructure development,request-109-6-0
logging infrastructure development,soil disturbance,request-109-6-1
soil disturbance,erosion from roads,request-109-6-2
erosion from roads,sediment influx into canals,request-109-6-3
sediment influx into canals,canals filled with mud,request-109-6-4
rise in global temperatures,accelerated glacial melt,request-110-0-0
accelerated glacial melt,increased freshwater inflow to oceans,request-110-0-1
increased freshwater inflow to oceans,altered precipitation patterns,request-110-0-2
altered precipitation patterns,intensified rainfall events,request-110-0-3
intensified rainfall events,enhanced soil erosion,request-110-0-4
enhanced soil erosion,sedimentladen runoff,request-110-0-5
sedimentladen runoff,deposition of mud in canals,request-110-0-6
rise in global temperatures,thawing permafrost,request-110-1-0
thawing permafrost,ground destabilization,request-110-1-1
ground destabilization,landslides and soil collapse,request-110-1-2
landslides and soil collapse,sediment influx into waterways,request-110-1-3
sediment influx into waterways,canal blockage by mud,request-110-1-4
rise in global temperatures,prolonged droughts,request-110-2-0
prolonged droughts,reduced vegetation cover,request-110-2-1
reduced vegetation cover,increased surface runoff during rains,request-110-2-2
increased surface runoff during rains,soil erosion,request-110-2-3
soil erosion,mud transport to canals,request-110-2-4
rise in global temperatures,ocean thermal expansion,request-110-3-0
ocean thermal expansion,sea level rise,request-110-3-1
sea level rise,saltwater intrusion into estuaries,request-110-3-2
saltwater intrusion into estuaries,mangrove/ecosystem degradation,request-110-3-3
mangrove/ecosystem degradation,loss of sediment trapping capacity,request-110-3-4
loss of sediment trapping capacity,mud accumulation in coastal canals,request-110-3-5
rise in global temperatures,increased wildfire frequency,request-110-4-0
increased wildfire frequency,loss of groundstabilizing vegetation,request-110-4-1
loss of groundstabilizing vegetation,postfire erosion during rains,request-110-4-2
postfire erosion during rains,sediment discharge into rivers,request-110-4-3
sediment discharge into rivers,canal siltation,request-110-4-4
melting of glaciers,increased water flow,request-111-0-0
increased water flow,riverbank erosion,request-111-0-1
riverbank erosion,sediment displacement,request-111-0-2
sediment displacement,sediment transport,request-111-0-3
sediment transport,sediment deposition,request-111-0-4
sediment deposition,canals filled with mud,request-111-0-5
melting of glaciers,glacial lake outburst floods,request-111-1-0
glacial lake outburst floods,sudden water surges,request-111-1-1
sudden water surges,canal overflow,request-111-1-2
canal overflow,debris accumulation,request-111-1-3
debris accumulation,canals filled with mud,request-111-1-4
melting of glaciers,reduced ice mass,request-111-2-0
reduced ice mass,altered river dynamics,request-111-2-1
altered river dynamics,increased sedimentation,request-111-2-2
increased sedimentation,canal siltation,request-111-2-3
canal siltation,canals filled with mud,request-111-2-4
melting of glaciers,higher runoff volumes,request-111-3-0
higher runoff volumes,soil erosion,request-111-3-1
soil erosion,sedimentladen water,request-111-3-2
sedimentladen water,canal sedimentation,request-111-3-3
canal sedimentation,canals filled with mud,request-111-3-4
melting of glaciers,rising temperatures,request-111-4-0
rising temperatures,permafrost thaw,request-111-4-1
permafrost thaw,land instability,request-111-4-2
land instability,mudflows,request-111-4-3
mudflows,canals filled with mud,request-111-4-4
soil erosion,loss of topsoil,request-112-0-0
loss of topsoil,increased surface runoff,request-112-0-1
increased surface runoff,sediment transport into waterways,request-112-0-2
sediment transport into waterways,accumulation in canals,request-112-0-3
accumulation in canals,canals filled with mud,request-112-0-4
soil erosion,reduced vegetation cover,request-112-1-0
reduced vegetation cover,enhanced water flow velocity,request-112-1-1
enhanced water flow velocity,riverbank destabilization,request-112-1-2
riverbank destabilization,sediment deposition in canals,request-112-1-3
sediment deposition in canals,canals filled with mud,request-112-1-4
soil erosion,displacement of soil particles,request-112-2-0
displacement of soil particles,clogged drainage systems,request-112-2-1
clogged drainage systems,redirected water flow,request-112-2-2
redirected water flow,siltation in canals,request-112-2-3
siltation in canals,canals filled with mud,request-112-2-4
soil erosion,land degradation,request-112-3-0
land degradation,increased flooding frequency,request-112-3-1
increased flooding frequency,floodwater carrying sediment,request-112-3-2
floodwater carrying sediment,mud deposition in canals,request-112-3-3
mud deposition in canals,canals filled with mud,request-112-3-4
soil erosion,agricultural field nutrient loss,request-112-4-0
agricultural field nutrient loss,farmers applying excess fertilizers,request-112-4-1
farmers applying excess fertilizers,altered soil structure,request-112-4-2
altered soil structure,eroded fertilizerrich sediment,request-112-4-3
eroded fertilizerrich sediment,canals filled with mud,request-112-4-4
soil erosion,deforestation feedback loop,request-112-5-0
deforestation feedback loop,uncontrolled rainwater flow,request-112-5-1
uncontrolled rainwater flow,gully formation,request-112-5-2
gully formation,gully sediment washed into canals,request-112-5-3
gully sediment washed into canals,canals filled with mud,request-112-5-4
earthquake,ground shaking,request-113-0-0
ground shaking,landslides,request-113-0-1
landslides,soil displacement into waterways,request-113-0-2
soil displacement into waterways,canals filled with mud,request-113-0-3
earthquake,soil liquefaction,request-113-1-0
soil liquefaction,ground subsidence,request-113-1-1
ground subsidence,canal structural damage,request-113-1-2
canal structural damage,mud ingress,request-113-1-3
mud ingress,canals filled with mud,request-113-1-4
earthquake,ocean floor displacement,request-113-2-0
ocean floor displacement,tsunami,request-113-2-1
tsunami,coastal flooding,request-113-2-2
coastal flooding,sediment mobilization,request-113-2-3
sediment mobilization,canals filled with mud,request-113-2-4
earthquake,ground shaking,request-113-3-0
ground shaking,dam failure,request-113-3-1
dam failure,floodwater release,request-113-3-2
floodwater release,sedimentladen water flow,request-113-3-3
sedimentladen water flow,canals filled with mud,request-113-3-4
earthquake,slope destabilization,request-113-4-0
slope destabilization,debris flow,request-113-4-1
debris flow,canal obstruction by mud,request-113-4-2
canal obstruction by mud,canals filled with mud,request-113-4-3
earthquake,riverbank collapse,request-113-5-0
riverbank collapse,increased siltation,request-113-5-1
increased siltation,mud accumulation in canals,request-113-5-2
mud accumulation in canals,canals filled with mud,request-113-5-3
deforestation,soil erosion,request-114-0-0
soil erosion,sediment runoff,request-114-0-1
sediment runoff,river siltation,request-114-0-2
river siltation,dams filled with mud,request-114-0-3
deforestation,reduced vegetation cover,request-114-1-0
reduced vegetation cover,increased surface runoff,request-114-1-1
increased surface runoff,accelerated sediment transport,request-114-1-2
accelerated sediment transport,dams filled with mud,request-114-1-3
deforestation,loss of root systems,request-114-2-0
loss of root systems,landslides,request-114-2-1
landslides,sediment deposition in rivers,request-114-2-2
sediment deposition in rivers,dams filled with mud,request-114-2-3
deforestation,reduced water absorption,request-114-3-0
reduced water absorption,flash floods,request-114-3-1
flash floods,muddy water flow,request-114-3-2
muddy water flow,dams filled with mud,request-114-3-3
deforestation,topsoil degradation,request-114-4-0
topsoil degradation,nutrientrich sediment flow,request-114-4-1
nutrientrich sediment flow,reservoir sedimentation,request-114-4-2
reservoir sedimentation,dams filled with mud,request-114-4-3
rise in global temperatures,accelerated melting of glaciers and ice sheets,request-115-0-0
accelerated melting of glaciers and ice sheets,increased freshwater runoff into rivers,request-115-0-1
increased freshwater runoff into rivers,higher sediment transport in river systems,request-115-0-2
higher sediment transport in river systems,deposition of excess sediment in reservoirs,request-115-0-3
deposition of excess sediment in reservoirs,dams filled with mud,request-115-0-4
rise in global temperatures,more frequent and intense heatwaves,request-115-1-0
more frequent and intense heatwaves,prolonged droughts in arid regions,request-115-1-1
prolonged droughts in arid regions,reduced vegetation cover stabilizing soil,request-115-1-2
reduced vegetation cover stabilizing soil,enhanced soil erosion during rainfall,request-115-1-3
enhanced soil erosion during rainfall,sedimentladen river flows,request-115-1-4
sedimentladen river flows,dams filled with mud,request-115-1-5
rise in global temperatures,increased atmospheric moisture retention,request-115-2-0
increased atmospheric moisture retention,heavier and more erratic rainfall events,request-115-2-1
heavier and more erratic rainfall events,flash flooding in watershed areas,request-115-2-2
flash flooding in watershed areas,rapid erosion of topsoil and debris,request-115-2-3
rapid erosion of topsoil and debris,muddy runoff entering rivers,request-115-2-4
muddy runoff entering rivers,dams filled with mud,request-115-2-5
rise in global temperatures,thawing of permafrost in mountainous regions,request-115-3-0
thawing of permafrost in mountainous regions,destabilization of slopes and riverbanks,request-115-3-1
destabilization of slopes and riverbanks,landslides and mudflows into rivers,request-115-3-2
landslides and mudflows into rivers,elevated sediment concentrations downstream,request-115-3-3
elevated sediment concentrations downstream,dams filled with mud,request-115-3-4
rise in global temperatures,ocean warming and thermal expansion,request-115-4-0
ocean warming and thermal expansion,altered precipitation patterns,request-115-4-1
altered precipitation patterns,deforestation due to shifting climates,request-115-4-2
deforestation due to shifting climates,loss of natural sediment filtration systems,request-115-4-3
loss of natural sediment filtration systems,unchecked sedimentation in dam reservoirs,request-115-4-4
unchecked sedimentation in dam reservoirs,dams filled with mud,request-115-4-5
melting of glaciers,increased meltwater flow,request-116-0-0
increased meltwater flow,higher river discharge,request-116-0-1
higher river discharge,accelerated erosion of riverbanks,request-116-0-2
accelerated erosion of riverbanks,sediment transport in rivers,request-116-0-3
sediment transport in rivers,deposition of sediments in reservoirs,request-116-0-4
deposition of sediments in reservoirs,dams filled with mud,request-116-0-5
melting of glaciers,rising global temperatures,request-116-1-0
rising global temperatures,increased precipitation variability,request-116-1-1
increased precipitation variability,intense rainfall events,request-116-1-2
intense rainfall events,surface runoff carrying soil,request-116-1-3
surface runoff carrying soil,river siltation,request-116-1-4
river siltation,dams filled with mud,request-116-1-5
melting of glaciers,glacial lake outburst floods,request-116-2-0
glacial lake outburst floods,sudden sedimentladen water surges,request-116-2-1
sudden sedimentladen water surges,overwhelmed dam filtration systems,request-116-2-2
overwhelmed dam filtration systems,mud accumulation in reservoirs,request-116-2-3
mud accumulation in reservoirs,dams filled with mud,request-116-2-4
melting of glaciers,reduced albedo effect,request-116-3-0
reduced albedo effect,enhanced thermal expansion of water,request-116-3-1
enhanced thermal expansion of water,altered hydrological cycles,request-116-3-2
altered hydrological cycles,increased sedimentation in watersheds,request-116-3-3
increased sedimentation in watersheds,reservoir capacity loss,request-116-3-4
reservoir capacity loss,dams filled with mud,request-116-3-5
melting of glaciers,thawing permafrost,request-116-4-0
thawing permafrost,unstable slopes,request-116-4-1
unstable slopes,landslides into rivers,request-116-4-2
landslides into rivers,debris influx into reservoirs,request-116-4-3
debris influx into reservoirs,dams filled with mud,request-116-4-4
soil erosion,sediment runoff,request-117-0-0
sediment runoff,river sedimentation,request-117-0-1
river sedimentation,reservoir siltation,request-117-0-2
reservoir siltation,dams filled with mud,request-117-0-3
soil erosion,topsoil loss,request-117-1-0
topsoil loss,increased surface runoff,request-117-1-1
increased surface runoff,sediment transport to rivers,request-117-1-2
sediment transport to rivers,reservoir accumulation,request-117-1-3
reservoir accumulation,dams filled with mud,request-117-1-4
soil erosion,landslide events,request-117-2-0
landslide events,sudden sediment influx,request-117-2-1
sudden sediment influx,reservoir clogging,request-117-2-2
reservoir clogging,dams filled with mud,request-117-2-3
soil erosion,vegetation degradation,request-117-3-0
vegetation degradation,reduced soil stability,request-117-3-1
reduced soil stability,accelerated sediment flow,request-117-3-2
accelerated sediment flow,reservoir sedimentation,request-117-3-3
reservoir sedimentation,dams filled with mud,request-117-3-4
soil erosion,gully formation,request-117-4-0
gully formation,concentrated sediment discharge,request-117-4-1
concentrated sediment discharge,river channel deposition,request-117-4-2
river channel deposition,reservoir infilling,request-117-4-3
reservoir infilling,dams filled with mud,request-117-4-4
earthquakes,ground shaking,request-118-0-0
ground shaking,landslide activation,request-118-0-1
landslide activation,hillside collapse,request-118-0-2
hillside collapse,debris flow,request-118-0-3
debris flow,river sedimentation,request-118-0-4
river sedimentation,reservoir siltation,request-118-0-5
reservoir siltation,dams filled with mud,request-118-0-6
earthquakes,soil liquefaction,request-118-1-0
soil liquefaction,ground subsidence,request-118-1-1
ground subsidence,riverbank erosion,request-118-1-2
riverbank erosion,sediment mobilization,request-118-1-3
sediment mobilization,reservoir accumulation,request-118-1-4
reservoir accumulation,dams filled with mud,request-118-1-5
earthquakes,fault displacement,request-118-2-0
fault displacement,river channel obstruction,request-118-2-1
river channel obstruction,water redirection,request-118-2-2
water redirection,increased upstream erosion,request-118-2-3
increased upstream erosion,sediment transport,request-118-2-4
sediment transport,dams filled with mud,request-118-2-5
earthquakes,dam structural cracks,request-118-3-0
dam structural cracks,water seepage,request-118-3-1
water seepage,foundation weakening,request-118-3-2
foundation weakening,sediment infiltration,request-118-3-3
sediment infiltration,internal erosion,request-118-3-4
internal erosion,dams filled with mud,request-118-3-5
unplanned urbanization and infrastructure development,increased impervious surfaces,request-119-0-0
increased impervious surfaces,reduced natural infiltration of rainwater,request-119-0-1
reduced natural infiltration of rainwater,higher surface runoff volume,request-119-0-2
higher surface runoff volume,fast water flow,request-119-0-3
unplanned urbanization and infrastructure development,destruction of natural drainage systems,request-119-1-0
destruction of natural drainage systems,loss of water retention capacity,request-119-1-1
loss of water retention capacity,accelerated stormwater movement,request-119-1-2
accelerated stormwater movement,fast water flow,request-119-1-3
unplanned urbanization and infrastructure development,inadequate stormwater drainage infrastructure,request-119-2-0
inadequate stormwater drainage infrastructure,channelization of water into narrow conduits,request-119-2-1
channelization of water into narrow conduits,increased hydraulic efficiency,request-119-2-2
increased hydraulic efficiency,fast water flow,request-119-2-3
unplanned urbanization and infrastructure development,deforestation and vegetation removal,request-119-3-0
deforestation and vegetation removal,reduced interception and transpiration,request-119-3-1
reduced interception and transpiration,unmitigated rainwater accumulation,request-119-3-2
unmitigated rainwater accumulation,fast water flow,request-119-3-3
unplanned urbanization and infrastructure development,soil compaction from construction,request-119-4-0
soil compaction from construction,decreased soil permeability,request-119-4-1
decreased soil permeability,enhanced overland flow velocity,request-119-4-2
enhanced overland flow velocity,fast water flow,request-119-4-3
unplanned urbanization and infrastructure development,alteration of natural topography,request-119-5-0
alteration of natural topography,steeper hydraulic gradients,request-119-5-1
steeper hydraulic gradients,rapid gravitational water movement,request-119-5-2
rapid gravitational water movement,fast water flow,request-119-5-3
sports utility vehicle,higher fuel consumption,request-120-0-0
higher fuel consumption,increased co₂ emissions,request-120-0-1
increased co₂ emissions,enhanced greenhouse effect,request-120-0-2
enhanced greenhouse effect,global temperature rise,request-120-0-3
global temperature rise,climate change,request-120-0-4
sports utility vehicle,greater manufacturing resource demand,request-120-1-0
greater manufacturing resource demand,elevated industrial emissions,request-120-1-1
elevated industrial emissions,atmospheric greenhouse gas accumulation,request-120-1-2
atmospheric greenhouse gas accumulation,planetary warming,request-120-1-3
planetary warming,climate change,request-120-1-4
sports utility vehicle,market preference for larger vehicles,request-120-2-0
market preference for larger vehicles,reduced electric vehicle adoption,request-120-2-1
reduced electric vehicle adoption,prolonged fossil fuel dependency,request-120-2-2
prolonged fossil fuel dependency,persistent carbon output,request-120-2-3
persistent carbon output,climate change,request-120-2-4
sports utility vehicle,higher particulate matter release,request-120-3-0
higher particulate matter release,altered albedo from air pollution,request-120-3-1
altered albedo from air pollution,accelerated ice melt,request-120-3-2
accelerated ice melt,sealevel rise,request-120-3-3
sealevel rise,climate system disruption,request-120-3-4
climate system disruption,climate change,request-120-3-5
sports utility vehicle,expanded road infrastructure requirements,request-120-4-0
expanded road infrastructure requirements,deforestation for construction,request-120-4-1
deforestation for construction,reduced carbon sequestration capacity,request-120-4-2
reduced carbon sequestration capacity,unchecked atmospheric co₂,request-120-4-3
unchecked atmospheric co₂,climate change,request-120-4-4
fossil fuels,combustion,request-121-0-0
combustion,greenhouse gas emissions,request-121-0-1
greenhouse gas emissions,atmospheric accumulation,request-121-0-2
atmospheric accumulation,enhanced greenhouse effect,request-121-0-3
enhanced greenhouse effect,global warming,request-121-0-4
global warming,climate change,request-121-0-5
fossil fuels,methane leakage,request-121-1-0
methane leakage,increased radiative forcing,request-121-1-1
increased radiative forcing,accelerated temperature rise,request-121-1-2
accelerated temperature rise,climatic instability,request-121-1-3
climatic instability,climate change,request-121-1-4
fossil fuels,carbon dioxide release,request-121-2-0
carbon dioxide release,ocean acidification,request-121-2-1
ocean acidification,marine carbon sink degradation,request-121-2-2
marine carbon sink degradation,atmospheric co₂ retention,request-121-2-3
atmospheric co₂ retention,greenhouse effect intensification,request-121-2-4
greenhouse effect intensification,climate change,request-121-2-5
fossil fuels,black carbon emissions,request-121-3-0
black carbon emissions,icealbedo reduction,request-121-3-1
icealbedo reduction,polar amplification,request-121-3-2
polar amplification,global thermal imbalance,request-121-3-3
global thermal imbalance,climate change,request-121-3-4
fossil fuels,nitrogen oxide emissions,request-121-4-0
nitrogen oxide emissions,tropospheric ozone formation,request-121-4-1
tropospheric ozone formation,additional greenhouse forcing,request-121-4-2
additional greenhouse forcing,temperature anomalies,request-121-4-3
temperature anomalies,climate change,request-121-4-4
fossil fuels,extraction infrastructure deforestation,request-121-5-0
extraction infrastructure deforestation,carbon sink depletion,request-121-5-1
carbon sink depletion,unmitigated co₂ levels,request-121-5-2
unmitigated co₂ levels,greenhouse gas saturation,request-121-5-3
greenhouse gas saturation,climate change,request-121-5-4
fossil fuels,flaring practices,request-121-6-0
flaring practices,particulate pollution,request-121-6-1
particulate pollution,atmospheric circulation disruption,request-121-6-2
atmospheric circulation disruption,regional climatic shifts,request-121-6-3
regional climatic shifts,global climate destabilization,request-121-6-4
human activity,fossil fuel combustion,request-122-0-0
fossil fuel combustion,co₂ emissions,request-122-0-1
co₂ emissions,atmospheric greenhouse gas accumulation,request-122-0-2
atmospheric greenhouse gas accumulation,enhanced greenhouse effect,request-122-0-3
enhanced greenhouse effect,global temperature rise,request-122-0-4
global temperature rise,climate change,request-122-0-5
human activity,deforestation,request-122-1-0
deforestation,reduced carbon sequestration,request-122-1-1
reduced carbon sequestration,increased atmospheric co₂ levels,request-122-1-2
increased atmospheric co₂ levels,radiative forcing,request-122-1-3
radiative forcing,global warming,request-122-1-4
global warming,climate change,request-122-1-5
human activity,industrial methane release,request-122-2-0
industrial methane release,methane emissions,request-122-2-1
methane emissions,atmospheric heat trapping,request-122-2-2
atmospheric heat trapping,temperature anomalies,request-122-2-3
temperature anomalies,altered weather patterns,request-122-2-4
altered weather patterns,climate change,request-122-2-5
human activity,agricultural fertilizer use,request-122-3-0
agricultural fertilizer use,nitrous oxide emissions,request-122-3-1
nitrous oxide emissions,stratospheric ozone depletion,request-122-3-2
stratospheric ozone depletion,increased solar radiation absorption,request-122-3-3
increased solar radiation absorption,global warming,request-122-3-4
global warming,climate change,request-122-3-5
human activity,livestock farming,request-122-4-0
livestock farming,enteric fermentation,request-122-4-1
enteric fermentation,methane release,request-122-4-2
methane release,atmospheric warming,request-122-4-3
atmospheric warming,glacial melt,request-122-4-4
glacial melt,sealevel rise,request-122-4-5
sealevel rise,climate change,request-122-4-6
human activity,landfill decomposition,request-122-5-0
landfill decomposition,anaerobic methane production,request-122-5-1
anaerobic methane production,greenhouse gas flux,request-122-5-2
greenhouse gas flux,thermal energy retention,request-122-5-3
thermal energy retention,ocean acidification,request-122-5-4
ocean acidification,climate change,request-122-5-5
human activity,coalfired power generation,request-122-6-0
coalfired power generation,sulfur aerosol emissions,request-122-6-1
sulfur aerosol emissions,albedo reduction,request-122-6-2
albedo reduction,surface warming,request-122-6-3
surface warming,polar ice loss,request-122-6-4
polar ice loss,climate feedback loops,request-122-6-5
climate feedback loops,climate change,request-122-6-6
human activity,gasoline vehicle usage,request-122-7-0
gasoline vehicle usage,tailpipe emissions,request-122-7-1
tailpipe emissions,tropospheric ozone formation,request-122-7-2
tropospheric ozone formation,heat island effect,request-122-7-3
heat island effect,regional climate disruption,request-122-7-4
regional climate disruption,climate change,request-122-7-5
climate change,rising global temperatures,request-123-0-0
rising global temperatures,habitat loss for temperaturesensitive species,request-123-0-1
habitat loss for temperaturesensitive species,disrupted reproductive cycles,request-123-0-2
disrupted reproductive cycles,population decline,request-123-0-3
population decline,species at risk of extinction,request-123-0-4
climate change,melting polar ice caps,request-123-1-0
melting polar ice caps,loss of arctic habitat,request-123-1-1
loss of arctic habitat,reduced food availability for icedependent species,request-123-1-2
reduced food availability for icedependent species,forced migration or starvation,request-123-1-3
forced migration or starvation,species at risk of extinction,request-123-1-4
climate change,increased frequency of extreme weather events,request-123-2-0
increased frequency of extreme weather events,destruction of nesting/ground habitats,request-123-2-1
destruction of nesting/ground habitats,reduced survival rates for offspring,request-123-2-2
reduced survival rates for offspring,genetic diversity loss,request-123-2-3
genetic diversity loss,species at risk of extinction,request-123-2-4
climate change,ocean acidification,request-123-3-0
ocean acidification,coral reef degradation,request-123-3-1
coral reef degradation,collapse of symbiotic ecosystems,request-123-3-2
collapse of symbiotic ecosystems,loss of marine biodiversity,request-123-3-3
loss of marine biodiversity,species at risk of extinction,request-123-3-4
climate change,altered precipitation patterns,request-123-4-0
altered precipitation patterns,desertification of grasslands,request-123-4-1
desertification of grasslands,decline in herbivore populations,request-123-4-2
decline in herbivore populations,predator starvation,request-123-4-3
predator starvation,species at risk of extinction,request-123-4-4
climate change,shifting seasonal cycles,request-123-5-0
shifting seasonal cycles,phenological mismatches,request-123-5-1
phenological mismatches,failed food source synchronization,request-123-5-2
failed food source synchronization,ecosystem imbalance,request-123-5-3
ecosystem imbalance,species at risk of extinction,request-123-5-4
climate change,permafrost thaw,request-123-6-0
permafrost thaw,release of ancient pathogens,request-123-6-1
release of ancient pathogens,novel disease outbreaks in wildlife,request-123-6-2
novel disease outbreaks in wildlife,immune system overload,request-123-6-3
immune system overload,species at risk of extinction,request-123-6-4
climate change,sealevel rise,request-123-7-0
sealevel rise,coastal habitat inundation,request-123-7-1
coastal habitat inundation,loss of mangrove forests,request-123-7-2
loss of mangrove forests,shorebird population collapse,request-123-7-3
shorebird population collapse,species at risk of extinction,request-123-7-4
climate change,increased wildfire frequency,request-123-8-0
increased wildfire frequency,forest fragmentation,request-123-8-1
forest fragmentation,isolation of animal populations,request-123-8-2
isolation of animal populations,inbreeding depression,request-123-8-3
inbreeding depression,species at risk of extinction,request-123-8-4
climate change,warming ocean currents,request-123-9-0
warming ocean currents,shifts in fish migration routes,request-123-9-1
shifts in fish migration routes,overfishing in new areas,request-123-9-2
overfishing in new areas,trophic cascade collapse,request-123-9-3
trophic cascade collapse,species at risk of extinction,request-123-9-4
excess of co2,increased atmospheric carbon concentration,request-124-0-0
increased atmospheric carbon concentration,enhanced photosynthetic activity,request-124-0-1
enhanced photosynthetic activity,accumulation of carbohydrates in plants,request-124-0-2
accumulation of carbohydrates in plants,allocation of resources to leaf structural tissues,request-124-0-3
allocation of resources to leaf structural tissues,thickening of plants' leaves,request-124-0-4
excess of co2,stomatal closure in plant leaves,request-124-1-0
stomatal closure in plant leaves,reduced transpiration rates,request-124-1-1
reduced transpiration rates,altered wateruse efficiency,request-124-1-2
altered wateruse efficiency,prioritization of leaf structural development,request-124-1-3
prioritization of leaf structural development,thickening of plants' leaves,request-124-1-4
excess of co2,elevated carbon availability in chloroplasts,request-124-2-0
elevated carbon availability in chloroplasts,increased production of cellulose and lignin,request-124-2-1
increased production of cellulose and lignin,reinforcement of leaf cell walls,request-124-2-2
reinforcement of leaf cell walls,thickening of plants' leaves,request-124-2-3
excess of co2,accelerated plant growth rates,request-124-3-0
accelerated plant growth rates,higher demand for structural support,request-124-3-1
higher demand for structural support,proliferation of mesophyll cells,request-124-3-2
proliferation of mesophyll cells,thickening of plants' leaves,request-124-3-3
excess of co2,lower photorespiration rates,request-124-4-0
lower photorespiration rates,optimized carbon fixation,request-124-4-1
optimized carbon fixation,excess photoassimilates stored as starch,request-124-4-2
excess photoassimilates stored as starch,expansion of leaf parenchyma tissues,request-124-4-3
expansion of leaf parenchyma tissues,thickening of plants' leaves,request-124-4-4
thickening of plants' leaves,reduced stomatal density,request-125-0-0
reduced stomatal density,impaired carbon dioxide uptake,request-125-0-1
impaired carbon dioxide uptake,decreased photosynthetic activity,request-125-0-2
decreased photosynthetic activity,insufficient glucose production,request-125-0-3
insufficient glucose production,energy depletion in plant cells,request-125-0-4
energy depletion in plant cells,disruption of metabolic processes,request-125-0-5
disruption of metabolic processes,cellular respiration failure,request-125-0-6
cellular respiration failure,plant suffocation,request-125-0-7
thickening of plants' leaves,physical obstruction of stomatal pores,request-125-1-0
physical obstruction of stomatal pores,restricted gas exchange,request-125-1-1
restricted gas exchange,oxygen buildup in leaf tissues,request-125-1-2
oxygen buildup in leaf tissues,oxidative stress damage,request-125-1-3
oxidative stress damage,degradation of cellular structures,request-125-1-4
degradation of cellular structures,loss of vascular function,request-125-1-5
loss of vascular function,inability to transport gases,request-125-1-6
inability to transport gases,plant suffocation,request-125-1-7
thickening of plants' leaves,increased leaf mass,request-125-2-0
increased leaf mass,reduced light penetration to lower leaf layers,request-125-2-1
reduced light penetration to lower leaf layers,suppressed chloroplast activity,request-125-2-2
suppressed chloroplast activity,decline in atp synthesis,request-125-2-3
decline in atp synthesis,inadequate energy for nutrient transport,request-125-2-4
inadequate energy for nutrient transport,root system dysfunction,request-125-2-5
root system dysfunction,disrupted water/nutrient uptake,request-125-2-6
disrupted water/nutrient uptake,desiccation and suffocation,request-125-2-7
thickening of plants' leaves,overproduction of cuticular wax,request-125-3-0
overproduction of cuticular wax,hydrophobic leaf surface,request-125-3-1
hydrophobic leaf surface,reduced water absorption through leaves,request-125-3-2
reduced water absorption through leaves,compromised turgor pressure,request-125-3-3
compromised turgor pressure,collapsed stomatal structure,request-125-3-4
collapsed stomatal structure,permanent closure of stomata,request-125-3-5
permanent closure of stomata,complete gas exchange shutdown,request-125-3-6
complete gas exchange shutdown,plant suffocation,request-125-3-7
co2 emissions,increased atmospheric co2 concentration,request-126-0-0
increased atmospheric co2 concentration,oceanic absorption of co2,request-126-0-1
oceanic absorption of co2,formation of carbonic acid in seawater,request-126-0-2
formation of carbonic acid in seawater,dissociation into bicarbonate and hydrogen ions,request-126-0-3
dissociation into bicarbonate and hydrogen ions,elevated hydrogen ion concentration,request-126-0-4
elevated hydrogen ion concentration,decreased ocean ph,request-126-0-5
decreased ocean ph,ocean acidification <|im_end|>,request-126-0-6
co2 emissions,enhanced greenhouse gas levels,request-126-1-0
enhanced greenhouse gas levels,accelerated co2 dissolution into surface oceans,request-126-1-1
accelerated co2 dissolution into surface oceans,chemical conversion to carbonic acid,request-126-1-2
chemical conversion to carbonic acid,release of free hydrogen ions,request-126-1-3
release of free hydrogen ions,reduction in carbonate ion availability,request-126-1-4
reduction in carbonate ion availability,increased oceanic acidity,request-126-1-5
increased oceanic acidity,ocean acidification <|im_end|>,request-126-1-6
co2 emissions,atmospheric co2 buildup,request-126-2-0
atmospheric co2 buildup,enhanced co2 diffusion into seawater,request-126-2-1
enhanced co2 diffusion into seawater,acidification of surface ocean layers,request-126-2-2
acidification of surface ocean layers,disruption of calcium carbonate saturation,request-126-2-3
disruption of calcium carbonate saturation,ocean acidification <|im_end|>  ,request-126-2-4
increase in co2,atmospheric co₂ dissolution in seawater,request-127-0-0
atmospheric co₂ dissolution in seawater,formation of carbonic acid,request-127-0-1
formation of carbonic acid,dissociation into bicarbonate  and hydrogen ions,request-127-0-2
dissociation into bicarbonate  and hydrogen ions,increase in oceanic hydrogen ion concentration,request-127-0-3
increase in oceanic hydrogen ion concentration,decrease in ocean ph,request-127-0-4
decrease in ocean ph,ocean acidification,request-127-0-5
increase in co₂,enhanced greenhouse gas concentrations,request-127-1-0
enhanced greenhouse gas concentrations,rising global temperatures,request-127-1-1
rising global temperatures,reduced co₂ solubility in warmer surface waters,request-127-1-2
reduced co₂ solubility in warmer surface waters,accumulation of dissolved co₂ in shallow ocean layers,request-127-1-3
accumulation of dissolved co₂ in shallow ocean layers,accelerated carbonate ion  depletion,request-127-1-4
accelerated carbonate ion  depletion,lower calcium carbonate saturation states,request-127-1-5
lower calcium carbonate saturation states,ocean acidification,request-127-1-6
increase in co₂,uptake of co₂ by phytoplankton,request-127-2-0
uptake of co₂ by phytoplankton,increased organic matter decomposition,request-127-2-1
increased organic matter decomposition,release of respiratory co₂ in subsurface waters,request-127-2-2
release of respiratory co₂ in subsurface waters,localized ph reduction,request-127-2-3
localized ph reduction,cumulative acidification of deep ocean layers,request-127-2-4
cumulative acidification of deep ocean layers,ocean acidification,request-127-2-5
fossil fuels,combustion,request-128-0-0
combustion,co₂ emissions,request-128-0-1
co₂ emissions,atmospheric carbon increase,request-128-0-2
atmospheric carbon increase,climate change,request-128-0-3
climate change,soil carbon loss,request-128-0-4
soil carbon loss,depletion of ground carbon,request-128-0-5
fossil fuels,extraction activities,request-128-1-0
extraction activities,habitat disruption,request-128-1-1
habitat disruption,soil erosion,request-128-1-2
soil erosion,organic matter reduction,request-128-1-3
organic matter reduction,depletion of ground carbon,request-128-1-4
fossil fuels,industrial emissions,request-128-2-0
industrial emissions,acid rain,request-128-2-1
acid rain,soil acidification,request-128-2-2
soil acidification,microbial activity alteration,request-128-2-3
microbial activity alteration,reduced carbon sequestration,request-128-2-4
reduced carbon sequestration,depletion of ground carbon,request-128-2-5
fossil fuels,energy infrastructure expansion,request-128-3-0
energy infrastructure expansion,deforestation,request-128-3-1
deforestation,biomass carbon loss,request-128-3-2
biomass carbon loss,increased soil carbon decomposition,request-128-3-3
increased soil carbon decomposition,depletion of ground carbon,request-128-3-4
fossil fuels,fertilizer production,request-128-4-0
fertilizer production,agricultural intensification,request-128-4-1
agricultural intensification,soil degradation,request-128-4-2
soil degradation,reduced carbon retention,request-128-4-3
reduced carbon retention,depletion of ground carbon,request-128-4-4
fossil fuels,groundwater contamination,request-128-5-0
groundwater contamination,vegetation dieoff,request-128-5-1
vegetation dieoff,reduced root biomass,request-128-5-2
reduced root biomass,soil carbon destabilization,request-128-5-3
soil carbon destabilization,depletion of ground carbon,request-128-5-4
climate change,rising global temperatures,request-129-0-0
rising global temperatures,more frequent extreme weather events,request-129-0-1
more frequent extreme weather events,increased property damage,request-129-0-2
increased property damage,higher insurance claim payouts,request-129-0-3
higher insurance claim payouts,increase in homeowner spending on insurance premiums,request-129-0-4
climate change,melting polar ice caps,request-129-1-0
melting polar ice caps,rising sea levels,request-129-1-1
rising sea levels,increased coastal flooding,request-129-1-2
increased coastal flooding,higher property damage in coastal areas,request-129-1-3
higher property damage in coastal areas,more insurance claims,request-129-1-4
more insurance claims,increase in homeowner spending on insurance premiums,request-129-1-5
climate change,prolonged droughts,request-129-2-0
prolonged droughts,increased wildfire frequency,request-129-2-1
increased wildfire frequency,destruction of homes,request-129-2-2
destruction of homes,surge in insurance claims,request-129-2-3
surge in insurance claims,rise in insurance premiums,request-129-2-4
rise in insurance premiums,increase in homeowner spending on insurance premiums,request-129-2-5
climate change,heavier rainfall events,request-129-3-0
heavier rainfall events,more frequent inland flooding,request-129-3-1
more frequent inland flooding,flood damage to properties,request-129-3-2
flood damage to properties,higher insurance payouts,request-129-3-3
higher insurance payouts,premium increases,request-129-3-4
premium increases,increase in homeowner spending on insurance premiums,request-129-3-5
climate change,shifts in weather patterns,request-129-4-0
shifts in weather patterns,more severe hailstorms,request-129-4-1
more severe hailstorms,roof and structural damage,request-129-4-2
roof and structural damage,escalated insurance claims,request-129-4-3
escalated insurance claims,higher premiums,request-129-4-4
higher premiums,increase in homeowner spending on insurance premiums,request-129-4-5
humans' waste of resources,overconsumption of fossil fuels,request-130-0-0
overconsumption of fossil fuels,increased co₂ emissions,request-130-0-1
increased co₂ emissions,enhanced greenhouse effect,request-130-0-2
enhanced greenhouse effect,climate change,request-130-0-3
humans' waste of resources,excessive deforestation for raw materials,request-130-1-0
excessive deforestation for raw materials,reduced carbon sequestration capacity,request-130-1-1
reduced carbon sequestration capacity,accumulation of atmospheric co₂,request-130-1-2
accumulation of atmospheric co₂,climate change,request-130-1-3
humans' waste of resources,food waste in landfills,request-130-2-0
food waste in landfills,methane production,request-130-2-1
methane production,intensified global warming,request-130-2-2
intensified global warming,climate change,request-130-2-3
humans' waste of resources,overproduction of disposable goods,request-130-3-0
overproduction of disposable goods,elevated industrial energy demand,request-130-3-1
elevated industrial energy demand,fossil fuel combustion,request-130-3-2
fossil fuel combustion,climate change,request-130-3-3
humans' waste of resources,inefficient water usage,request-130-4-0
inefficient water usage,energyintensive water treatment,request-130-4-1
energyintensive water treatment,higher carbon footprint,request-130-4-2
higher carbon footprint,climate change,request-130-4-3
humans' waste of resources,excessive mineral extraction,request-130-5-0
excessive mineral extraction,habitat destruction,request-130-5-1
habitat destruction,loss of carbonstoring ecosystems,request-130-5-2
loss of carbonstoring ecosystems,climate change,request-130-5-3
humans' waste of resources,overreliance on singleuse plastics,request-130-6-0
overreliance on singleuse plastics,increased petroleum refining,request-130-6-1
increased petroleum refining,greenhouse gas emissions,request-130-6-2
greenhouse gas emissions,climate change,request-130-6-3
humans' waste of resources,agricultural overproduction,request-130-7-0
agricultural overproduction,fertilizer runoff and soil degradation,request-130-7-1
fertilizer runoff and soil degradation,nitrous oxide emissions,request-130-7-2
nitrous oxide emissions,climate change,request-130-7-3
humans' waste of resources,urban sprawl from inefficient land use,request-130-8-0
urban sprawl from inefficient land use,increased transportation demands,request-130-8-1
increased transportation demands,fossil fuel dependency,request-130-8-2
fossil fuel dependency,climate change,request-130-8-3
humans' waste of resources,premature disposal of electronics,request-130-9-0
premature disposal of electronics,resourceintensive manufacturing cycles,request-130-9-1
resourceintensive manufacturing cycles,energyrelated emissions,request-130-9-2
energyrelated emissions,climate change,request-130-9-3
humans' waste of energy,increased fossil fuel combustion,request-131-0-0
increased fossil fuel combustion,greenhouse gas emissions,request-131-0-1
greenhouse gas emissions,enhanced greenhouse effect,request-131-0-2
enhanced greenhouse effect,global temperature rise,request-131-0-3
global temperature rise,climate change,request-131-0-4
humans' waste of energy,overconsumption of electricity,request-131-1-0
overconsumption of electricity,higher coalfired power plant activity,request-131-1-1
higher coalfired power plant activity,carbon dioxide release,request-131-1-2
carbon dioxide release,atmospheric warming,request-131-1-3
atmospheric warming,altered weather patterns,request-131-1-4
altered weather patterns,climate change,request-131-1-5
humans' waste of energy,inefficient industrial processes,request-131-2-0
inefficient industrial processes,excess methane leakage,request-131-2-1
excess methane leakage,intensified radiative forcing,request-131-2-2
intensified radiative forcing,polar ice melt,request-131-2-3
polar ice melt,sealevel rise,request-131-2-4
sealevel rise,climate change,request-131-2-5
humans' waste of energy,deforestation for energy infrastructure,request-131-3-0
deforestation for energy infrastructure,reduced carbon sequestration,request-131-3-1
reduced carbon sequestration,accumulated atmospheric co2,request-131-3-2
accumulated atmospheric co2,ocean acidification,request-131-3-3
ocean acidification,ecosystem destabilization,request-131-3-4
ecosystem destabilization,climate change,request-131-3-5
humans' waste of energy,proliferation of energyintensive technologies,request-131-4-0
proliferation of energyintensive technologies,elevated nitrous oxide emissions,request-131-4-1
elevated nitrous oxide emissions,stratospheric ozone depletion,request-131-4-2
stratospheric ozone depletion,increased uv radiation absorption,request-131-4-3
increased uv radiation absorption,climatic system disruption,request-131-4-4
climatic system disruption,climate change,request-131-4-5
humans' waste of fossil fuels,greenhouse gas emissions,request-132-0-0
greenhouse gas emissions,enhanced greenhouse effect,request-132-0-1
enhanced greenhouse effect,global temperature rise,request-132-0-2
global temperature rise,climate change,request-132-0-3
humans' waste of fossil fuels,carbon dioxide accumulation,request-132-1-0
carbon dioxide accumulation,ocean acidification,request-132-1-1
ocean acidification,marine ecosystem disruption,request-132-1-2
marine ecosystem disruption,reduced carbon sequestration,request-132-1-3
reduced carbon sequestration,amplified atmospheric warming,request-132-1-4
amplified atmospheric warming,climate change,request-132-1-5
humans' waste of fossil fuels,methane release,request-132-2-0
methane release,increased atmospheric heat retention,request-132-2-1
increased atmospheric heat retention,accelerated permafrost thaw,request-132-2-2
accelerated permafrost thaw,additional greenhouse gas emissions,request-132-2-3
additional greenhouse gas emissions,climate change,request-132-2-4
humans' waste of fossil fuels,black carbon emissions,request-132-3-0
black carbon emissions,icealbedo feedback reduction,request-132-3-1
icealbedo feedback reduction,accelerated polar ice melt,request-132-3-2
accelerated polar ice melt,sealevel rise,request-132-3-3
sealevel rise,disrupted climate systems,request-132-3-4
disrupted climate systems,climate change,request-132-3-5
humans' waste of fossil fuels,tropospheric ozone formation,request-132-4-0
tropospheric ozone formation,altered atmospheric circulation,request-132-4-1
altered atmospheric circulation,extreme weather patterns,request-132-4-2
extreme weather patterns,climate change,request-132-4-3
humans' waste of fossil fuels,deforestation for energy infrastructure,request-132-5-0
deforestation for energy infrastructure,loss of carbon sinks,request-132-5-1
loss of carbon sinks,elevated atmospheric co₂,request-132-5-2
elevated atmospheric co₂,global warming,request-132-5-3
global warming,climate change,request-132-5-4
humans' waste of fossil fuels,aerosol pollution,request-132-6-0
aerosol pollution,solar radiation modification,request-132-6-1
solar radiation modification,unpredictable climatic shifts,request-132-6-2
unpredictable climatic shifts,climate change,request-132-6-3
humans' waste of fossil fuels,industrial combustion byproducts,request-132-7-0
industrial combustion byproducts,stratospheric ozone depletion,request-132-7-1
stratospheric ozone depletion,increased uv radiation,request-132-7-2
increased uv radiation,ecosystem stress,request-132-7-3
ecosystem stress,climate feedback loops,request-132-7-4
climate feedback loops,climate change  ,request-132-7-5
humans' waste of resources,overconsumption of natural reserves,request-133-0-0
overconsumption of natural reserves,deforestation for resource extraction,request-133-0-1
deforestation for resource extraction,habitat fragmentation,request-133-0-2
habitat fragmentation,wildlife displacement into human settlements,request-133-0-3
wildlife displacement into human settlements,increased humananimal interactions,request-133-0-4
increased humananimal interactions,zoonotic spillover events,request-133-0-5
zoonotic spillover events,viral mutations enabling human transmission,request-133-0-6
viral mutations enabling human transmission,uncontrolled global outbreaks,request-133-0-7
uncontrolled global outbreaks,pandemics,request-133-0-8
humans' waste of resources,excessive agricultural expansion,request-133-1-0
excessive agricultural expansion,soil and water degradation,request-133-1-1
soil and water degradation,collapse of local ecosystems,request-133-1-2
collapse of local ecosystems,reliance on bushmeat for survival,request-133-1-3
reliance on bushmeat for survival,direct exposure to novel pathogens,request-133-1-4
direct exposure to novel pathogens,crossspecies viral transmission,request-133-1-5
crossspecies viral transmission,rapid urbanization amplifying spread,request-133-1-6
rapid urbanization amplifying spread,pandemics,request-133-1-7
humans' waste of resources,overproduction of plastics and pollutants,request-133-2-0
overproduction of plastics and pollutants,oceanic ecosystem disruption,request-133-2-1
oceanic ecosystem disruption,altered marine species behavior,request-133-2-2
altered marine species behavior,emergence of antibioticresistant bacteria,request-133-2-3
emergence of antibioticresistant bacteria,contaminated food supply chains,request-133-2-4
contaminated food supply chains,weakened human immune responses,request-133-2-5
weakened human immune responses,susceptibility to opportunistic pathogens,request-133-2-6
susceptibility to opportunistic pathogens,pandemics,request-133-2-7
humans' waste of resources,fossil fuel dependency,request-133-3-0
fossil fuel dependency,accelerated climate change,request-133-3-1
accelerated climate change,shifts in vector habitats,request-133-3-2
shifts in vector habitats,expansion of diseasecarrying species,request-133-3-3
expansion of diseasecarrying species,novel pathogen introduction to naive populations,request-133-3-4
novel pathogen introduction to naive populations,lack of herd immunity,request-133-3-5
lack of herd immunity,pandemicscale infections,request-133-3-6
humans' waste of energy,increased fossil fuel consumption,request-134-0-0
increased fossil fuel consumption,accelerated climate change,request-134-0-1
accelerated climate change,altered animal migration patterns,request-134-0-2
altered animal migration patterns,proximity between wildlife and human settlements,request-134-0-3
proximity between wildlife and human settlements,zoonotic disease transmission,request-134-0-4
zoonotic disease transmission,pandemics,request-134-0-5
humans' waste of energy,overreliance on nonrenewable resources,request-134-1-0
overreliance on nonrenewable resources,deforestation for energy extraction,request-134-1-1
deforestation for energy extraction,habitat fragmentation,request-134-1-2
habitat fragmentation,increased humanwildlife interactions,request-134-1-3
increased humanwildlife interactions,viral spillover events,request-134-1-4
viral spillover events,pandemics,request-134-1-5
humans' waste of energy,industrial pollution from inefficient systems,request-134-2-0
industrial pollution from inefficient systems,weakened human immune systems,request-134-2-1
weakened human immune systems,higher susceptibility to novel pathogens,request-134-2-2
higher susceptibility to novel pathogens,rapid global disease spread,request-134-2-3
rapid global disease spread,pandemics,request-134-2-4
humans' waste of energy,expansion of urban energy infrastructure,request-134-3-0
expansion of urban energy infrastructure,encroachment into natural ecosystems,request-134-3-1
encroachment into natural ecosystems,displacement of diseasecarrying species,request-134-3-2
displacement of diseasecarrying species,pathogen adaptation to human hosts,request-134-3-3
pathogen adaptation to human hosts,pandemics,request-134-3-4
humans' waste of energy,increased greenhouse gas emissions,request-134-4-0
increased greenhouse gas emissions,ocean warming,request-134-4-1
ocean warming,altered marine pathogen dynamics,request-134-4-2
altered marine pathogen dynamics,contaminated seafood supply chains,request-134-4-3
contaminated seafood supply chains,crossspecies infection outbreaks,request-134-4-4
crossspecies infection outbreaks,pandemics,request-134-4-5
humans' waste of energy,land degradation from energy projects,request-134-5-0
land degradation from energy projects,reduced agricultural productivity,request-134-5-1
reduced agricultural productivity,bushmeat consumption as alternative food source,request-134-5-2
bushmeat consumption as alternative food source,exposure to animalborne viruses,request-134-5-3
exposure to animalborne viruses,pandemics,request-134-5-4
humans' waste of fossil fuels,greenhouse gas emissions,request-135-0-0
greenhouse gas emissions,climate change,request-135-0-1
climate change,rising global temperatures,request-135-0-2
rising global temperatures,melting polar ice caps,request-135-0-3
melting polar ice caps,sea level rise,request-135-0-4
sea level rise,displacement of coastal populations,request-135-0-5
displacement of coastal populations,overcrowded living conditions,request-135-0-6
overcrowded living conditions,increased disease transmission,request-135-0-7
increased disease transmission,pandemics,request-135-0-8
humans' waste of fossil fuels,greenhouse gas emissions,request-135-1-0
greenhouse gas emissions,climate change,request-135-1-1
climate change,habitat loss,request-135-1-2
habitat loss,wildlife migration into human areas,request-135-1-3
wildlife migration into human areas,increased humanwildlife contact,request-135-1-4
increased humanwildlife contact,zoonotic disease spillover,request-135-1-5
zoonotic disease spillover,pandemics,request-135-1-6
humans' waste of fossil fuels,air pollution,request-135-2-0
air pollution,respiratory health deterioration,request-135-2-1
respiratory health deterioration,weakened population immunity,request-135-2-2
weakened population immunity,viral susceptibility surges,request-135-2-3
viral susceptibility surges,pandemics,request-135-2-4
humans' waste of fossil fuels,ocean acidification,request-135-3-0
ocean acidification,marine ecosystem collapse,request-135-3-1
marine ecosystem collapse,disruption of food chains,request-135-3-2
disruption of food chains,human malnutrition,request-135-3-3
human malnutrition,compromised immune systems,request-135-3-4
compromised immune systems,pandemic vulnerability,request-135-3-5
pandemic vulnerability,pandemics,request-135-3-6
humans' waste of fossil fuels,industrial agriculture expansion,request-135-4-0
industrial agriculture expansion,deforestation,request-135-4-1
deforestation,biodiversity loss,request-135-4-2
biodiversity loss,pathogen host reduction,request-135-4-3
pathogen host reduction,dominance of diseasecarrying species,request-135-4-4
dominance of diseasecarrying species,pathogen proliferation,request-135-4-5
pathogen proliferation,pandemics,request-135-4-6
humans' waste of fossil fuels,extreme weather events,request-135-5-0
extreme weather events,infrastructure damage,request-135-5-1
infrastructure damage,sanitation system failures,request-135-5-2
sanitation system failures,waterborne disease outbreaks,request-135-5-3
waterborne disease outbreaks,pandemics,request-135-5-4
humans' waste of resources,resource scarcity,request-136-0-0
resource scarcity,increased production costs,request-136-0-1
increased production costs,higher consumer prices,request-136-0-2
higher consumer prices,inflation,request-136-0-3
humans' waste of resources,overconsumption of raw materials,request-136-1-0
overconsumption of raw materials,supply chain disruptions,request-136-1-1
supply chain disruptions,market shortages,request-136-1-2
market shortages,price surges,request-136-1-3
price surges,inflation,request-136-1-4
humans' waste of resources,environmental degradation,request-136-2-0
environmental degradation,reduced agricultural yields,request-136-2-1
reduced agricultural yields,food price inflation,request-136-2-2
food price inflation,broad inflationary pressure,request-136-2-3
humans' waste of resources,energy inefficiency,request-136-3-0
energy inefficiency,rising energy costs,request-136-3-1
rising energy costs,elevated transportation and manufacturing expenses,request-136-3-2
elevated transportation and manufacturing expenses,inflation,request-136-3-3
humans' waste of resources,depletion of nonrenewable reserves,request-136-4-0
depletion of nonrenewable reserves,geopolitical resource competition,request-136-4-1
geopolitical resource competition,global commodity price spikes,request-136-4-2
global commodity price spikes,importdriven inflation,request-136-4-3
humans' waste of resources,increased landfill use,request-136-5-0
increased landfill use,higher waste management costs,request-136-5-1
higher waste management costs,municipal budget deficits,request-136-5-2
municipal budget deficits,tax hikes,request-136-5-3
tax hikes,reduced consumer spending power,request-136-5-4
reduced consumer spending power,demandpull inflation,request-136-5-5
humans' waste of resources,overreliance on imports,request-136-6-0
overreliance on imports,trade deficits,request-136-6-1
trade deficits,currency depreciation,request-136-6-2
currency depreciation,import price inflation,request-136-6-3
import price inflation,inflation,request-136-6-4
humans' waste of resources,unsustainable extraction practices,request-136-7-0
unsustainable extraction practices,regulatory fines and penalties,request-136-7-1
regulatory fines and penalties,corporate cost passthrough,request-136-7-2
corporate cost passthrough,inflationary pricing,request-136-7-3
humans' waste of resources,water mismanagement,request-136-8-0
water mismanagement,agricultural collapse,request-136-8-1
agricultural collapse,food supply shortages,request-136-8-2
food supply shortages,hyperinflation in essential goods,request-136-8-3
humans' waste of resources,deforestation,request-136-9-0
deforestation,climate instability,request-136-9-1
climate instability,crop failures,request-136-9-2
crop failures,commodity speculation,request-136-9-3
commodity speculation,inflation,request-136-9-4
humans' waste of energy,increased demand for nonrenewable resources,request-137-0-0
increased demand for nonrenewable resources,higher energy production costs,request-137-0-1
higher energy production costs,elevated manufacturing and transportation expenses,request-137-0-2
elevated manufacturing and transportation expenses,rising prices of consumer goods,request-137-0-3
rising prices of consumer goods,inflation,request-137-0-4
humans' waste of energy,accelerated depletion of fossil fuel reserves,request-137-1-0
accelerated depletion of fossil fuel reserves,energy supply shortages,request-137-1-1
energy supply shortages,volatile energy market prices,request-137-1-2
volatile energy market prices,higher input costs for industries,request-137-1-3
higher input costs for industries,broadbased price increases,request-137-1-4
broadbased price increases,inflation,request-137-1-5
humans' waste of energy,governmentimposed carbon taxes,request-137-2-0
governmentimposed carbon taxes,increased operational costs for businesses,request-137-2-1
increased operational costs for businesses,costpush price adjustments,request-137-2-2
costpush price adjustments,inflation,request-137-2-3
humans' waste of energy,overreliance on imported energy,request-137-3-0
overreliance on imported energy,trade balance deterioration,request-137-3-1
trade balance deterioration,currency depreciation,request-137-3-2
currency depreciation,imported inflation via pricier foreign goods,request-137-3-3
imported inflation via pricier foreign goods,inflation,request-137-3-4
humans' waste of energy,public pressure for green energy subsidies,request-137-4-0
public pressure for green energy subsidies,expansionary fiscal spending,request-137-4-1
expansionary fiscal spending,increased money supply,request-137-4-2
increased money supply,demandpull inflation,request-137-4-3
humans' waste of energy,frequent energy infrastructure strain,request-137-5-0
frequent energy infrastructure strain,grid instability and blackouts,request-137-5-1
grid instability and blackouts,reduced industrial productivity,request-137-5-2
reduced industrial productivity,supplyside economic contraction,request-137-5-3
supplyside economic contraction,stagflationary price rises,request-137-5-4
humans' waste of fossil fuels,depletion of fossil fuel reserves,request-138-0-0
depletion of fossil fuel reserves,increased extraction costs,request-138-0-1
increased extraction costs,rising energy prices,request-138-0-2
rising energy prices,increased production costs,request-138-0-3
increased production costs,higher consumer prices,request-138-0-4
higher consumer prices,inflation,request-138-0-5
humans' waste of fossil fuels,increased greenhouse gas emissions,request-138-1-0
increased greenhouse gas emissions,climate change impacts,request-138-1-1
climate change impacts,reduced agricultural output,request-138-1-2
reduced agricultural output,higher food prices,request-138-1-3
higher food prices,inflation,request-138-1-4
humans' waste of fossil fuels,rising energy prices,request-138-2-0
rising energy prices,increased transportation costs,request-138-2-1
increased transportation costs,higher goods prices,request-138-2-2
higher goods prices,inflation,request-138-2-3
humans' waste of fossil fuels,increased fossil fuel imports,request-138-3-0
increased fossil fuel imports,trade deficits,request-138-3-1
trade deficits,currency devaluation,request-138-3-2
currency devaluation,imported inflation,request-138-3-3
imported inflation,inflation,request-138-3-4
humans' waste of fossil fuels,energy price volatility,request-138-4-0
energy price volatility,unpredictable production budgets,request-138-4-1
unpredictable production budgets,supply chain disruptions,request-138-4-2
supply chain disruptions,broad price increases,request-138-4-3
broad price increases,inflation,request-138-4-4
humans' waste of fossil fuels,accelerated resource scarcity,request-138-5-0
accelerated resource scarcity,geopolitical tensions,request-138-5-1
geopolitical tensions,energy market instability,request-138-5-2
energy market instability,global price surges,request-138-5-3
global price surges,inflation,request-138-5-4
subsidizing green investments,increased funding for renewable energy projects,request-139-0-0
increased funding for renewable energy projects,expansion of renewable energy infrastructure,request-139-0-1
expansion of renewable energy infrastructure,higher renewable energy production,request-139-0-2
higher renewable energy production,reduced reliance on fossil fuels,request-139-0-3
reduced reliance on fossil fuels,decreased greenhouse gas emissions,request-139-0-4
decreased greenhouse gas emissions,mitigation of climate change impacts,request-139-0-5
mitigation of climate change impacts,accelerated green transition,request-139-0-6
subsidizing green investments,lower upfront costs for green technologies,request-139-1-0
lower upfront costs for green technologies,widespread adoption of clean energy solutions,request-139-1-1
widespread adoption of clean energy solutions,marketdriven innovation in sustainability,request-139-1-2
marketdriven innovation in sustainability,emergence of circular economy practices,request-139-1-3
emergence of circular economy practices,systemic shift in industrial processes,request-139-1-4
systemic shift in industrial processes,green transition,request-139-1-5
subsidizing green investments,job creation in green sectors,request-139-2-0
job creation in green sectors,public support for climate policies,request-139-2-1
public support for climate policies,strengthened regulatory frameworks for sustainability,request-139-2-2
strengthened regulatory frameworks for sustainability,corporate alignment with netzero targets,request-139-2-3
corporate alignment with netzero targets,largescale decarbonization efforts,request-139-2-4
largescale decarbonization efforts,green transition,request-139-2-5
subsidizing green investments,enhanced research and development in green tech,request-139-3-0
enhanced research and development in green tech,breakthroughs in energy storage efficiency,request-139-3-1
breakthroughs in energy storage efficiency,stabilization of renewable energy grids,request-139-3-2
stabilization of renewable energy grids,reliable clean energy supply,request-139-3-3
reliable clean energy supply,phasing out of coal and gas plants,request-139-3-4
phasing out of coal and gas plants,green transition,request-139-3-5
subsidizing green investments,competitive pricing of ecofriendly products,request-139-4-0
competitive pricing of ecofriendly products,consumer shift toward sustainable consumption,request-139-4-1
consumer shift toward sustainable consumption,reduced environmental footprint of households,request-139-4-2
reduced environmental footprint of households,cumulative positive ecological impact,request-139-4-3
cumulative positive ecological impact,green transition,request-139-4-4
electricity generation from refuse inside greenhouses,combustion of organic waste,request-140-0-0
combustion of organic waste,co₂ emission,request-140-0-1
co₂ emission,greenhouse plant photosynthesis,request-140-0-2
greenhouse plant photosynthesis,co₂ absorption,request-140-0-3
co₂ absorption,dissipation of co₂,request-140-0-4
electricity generation from refuse inside greenhouses,wastederived biogas utilization,request-140-1-0
wastederived biogas utilization,co₂ release,request-140-1-1
co₂ release,enhanced crop growth in greenhouses,request-140-1-2
enhanced crop growth in greenhouses,biomass carbon sequestration,request-140-1-3
biomass carbon sequestration,dissipation of co₂,request-140-1-4
electricity generation from refuse inside greenhouses,heat byproduct distribution,request-140-2-0
heat byproduct distribution,temperaturecontrolled plant metabolism,request-140-2-1
temperaturecontrolled plant metabolism,accelerated photosynthetic activity,request-140-2-2
accelerated photosynthetic activity,atmospheric co₂ reduction,request-140-2-3
atmospheric co₂ reduction,dissipation of co₂,request-140-2-4
electricity generation from refuse inside greenhouses,powering artificial lighting systems,request-140-3-0
powering artificial lighting systems,extended photoperiod for plants,request-140-3-1
extended photoperiod for plants,increased co₂ uptake efficiency,request-140-3-2
increased co₂ uptake efficiency,net co₂ removal,request-140-3-3
net co₂ removal,dissipation of co₂  ,request-140-3-4
electricity generation from refuse inside greenhouses,combustion of organic waste,request-141-0-0
combustion of organic waste,release of thermal energy,request-141-0-1
release of thermal energy,heat accumulation in greenhouse air,request-141-0-2
heat accumulation in greenhouse air,activation of ventilation systems,request-141-0-3
activation of ventilation systems,dissipation of heat,request-141-0-4
electricity generation from refuse inside greenhouses,operation of biogas generators,request-141-1-0
operation of biogas generators,production of waste heat,request-141-1-1
production of waste heat,conduction of heat to greenhouse structures,request-141-1-2
conduction of heat to greenhouse structures,radiative cooling of surfaces,request-141-1-3
radiative cooling of surfaces,dissipation of heat,request-141-1-4
electricity generation from refuse inside greenhouses,incineration process emissions,request-141-2-0
incineration process emissions,heating of greenhouse exhaust gases,request-141-2-1
heating of greenhouse exhaust gases,expulsion of hot gases via chimneys,request-141-2-2
expulsion of hot gases via chimneys,atmospheric dispersion,request-141-2-3
atmospheric dispersion,dissipation of heat,request-141-2-4
electricity generation from refuse inside greenhouses,powering electrical equipment,request-141-3-0
powering electrical equipment,secondary heat generation from devices,request-141-3-1
secondary heat generation from devices,thermal load exceeding greenhouse capacity,request-141-3-2
thermal load exceeding greenhouse capacity,forced convection via fans,request-141-3-3
forced convection via fans,dissipation of heat,request-141-3-4
electricity generation from refuse inside greenhouses,heat recovery from generator engines,request-141-4-0
heat recovery from generator engines,redistribution of captured heat,request-141-4-1
redistribution of captured heat,saturation of greenhouse thermal mass,request-141-4-2
saturation of greenhouse thermal mass,passive heat transfer to external environment,request-141-4-3
passive heat transfer to external environment,dissipation of heat  ,request-141-4-4
hot nights,high room temperature,request-142-0-0
high room temperature,increased body temperature,request-142-0-1
increased body temperature,disruption of thermoregulation during sleep,request-142-0-2
disruption of thermoregulation during sleep,delayed sleep onset,request-142-0-3
delayed sleep onset,reduced total sleep duration,request-142-0-4
reduced total sleep duration,loss of sleep hours,request-142-0-5
hot nights,excessive sweating,request-142-1-0
excessive sweating,physical discomfort,request-142-1-1
physical discomfort,restlessness during sleep,request-142-1-2
restlessness during sleep,frequent awakenings,request-142-1-3
frequent awakenings,interrupted sleep cycles,request-142-1-4
interrupted sleep cycles,cumulative sleep deprivation,request-142-1-5
cumulative sleep deprivation,loss of sleep hours,request-142-1-6
hot nights,elevated ambient heat,request-142-2-0
elevated ambient heat,impaired melatonin production,request-142-2-1
impaired melatonin production,difficulty maintaining sleep,request-142-2-2
difficulty maintaining sleep,fragmented sleep patterns,request-142-2-3
fragmented sleep patterns,decreased sleep efficiency,request-142-2-4
decreased sleep efficiency,loss of sleep hours,request-142-2-5
hot nights,dehydration risk,request-142-3-0
dehydration risk,nocturnal thirst,request-142-3-1
nocturnal thirst,awakenings for hydration,request-142-3-2
awakenings for hydration,prolonged sleep latency,request-142-3-3
prolonged sleep latency,reduced time in restorative sleep stages,request-142-3-4
reduced time in restorative sleep stages,loss of sleep hours,request-142-3-5
hot nights,increased heart rate,request-142-4-0
increased heart rate,heightened physiological arousal,request-142-4-1
heightened physiological arousal,delayed deep sleep entry,request-142-4-2
delayed deep sleep entry,shallow sleep predominance,request-142-4-3
shallow sleep predominance,insufficient sleep recovery,request-142-4-4
insufficient sleep recovery,loss of sleep hours,request-142-4-5
foreign countries,international agricultural demand,request-143-0-0
international agricultural demand,commercial farming expansion,request-143-0-1
commercial farming expansion,deforestation,request-143-0-2
foreign countries,timber import markets,request-143-1-0
timber import markets,selective logging operations,request-143-1-1
selective logging operations,deforestation,request-143-1-2
foreign countries,mineral resource investments,request-143-2-0
mineral resource investments,openpit mining projects,request-143-2-1
openpit mining projects,deforestation,request-143-2-2
foreign countries,crossborder infrastructure funding,request-143-3-0
crossborder infrastructure funding,highway network development,request-143-3-1
highway network development,deforestation,request-143-3-2
foreign countries,biofuel consumption targets,request-143-4-0
biofuel consumption targets,sugarcane plantation growth,request-143-4-1
sugarcane plantation growth,deforestation,request-143-4-2
foreign countries,blackmarket wood trade,request-143-5-0
blackmarket wood trade,illegal forest encroachment,request-143-5-1
illegal forest encroachment,deforestation,request-143-5-2
foreign countries,global meat supply chains,request-143-6-0
global meat supply chains,cattle ranching intensification,request-143-6-1
cattle ranching intensification,deforestation,request-143-6-2
foreign countries,industrial rubber procurement,request-143-7-0
industrial rubber procurement,monoculture plantation establishment,request-143-7-1
monoculture plantation establishment,deforestation,request-143-7-2
foreign countries,international trade agreements,request-143-8-0
international trade agreements,exportdriven land conversion,request-143-8-1
exportdriven land conversion,deforestation,request-143-8-2
foreign countries,fossil fuel subsidies,request-143-9-0
fossil fuel subsidies,indirect forest fragmentation,request-143-9-1
indirect forest fragmentation,deforestation,request-143-9-2
death of soil,reduced vegetation growth,request-144-0-0
reduced vegetation growth,decreased carbon sequestration,request-144-0-1
decreased carbon sequestration,increased atmospheric co2 levels,request-144-0-2
increased atmospheric co2 levels,enhanced greenhouse effect,request-144-0-3
enhanced greenhouse effect,rise in global temperatures,request-144-0-4
death of soil,accelerated soil erosion,request-144-1-0
accelerated soil erosion,dust aerosol release,request-144-1-1
dust aerosol release,altered atmospheric radiation balance,request-144-1-2
altered atmospheric radiation balance,increased heat retention,request-144-1-3
increased heat retention,rise in global temperatures,request-144-1-4
death of soil,loss of soil organic matter,request-144-2-0
loss of soil organic matter,reduced microbial activity,request-144-2-1
reduced microbial activity,diminished soil carbon storage,request-144-2-2
diminished soil carbon storage,elevated atmospheric carbon,request-144-2-3
elevated atmospheric carbon,rise in global temperatures,request-144-2-4
death of soil,increased fertilizer dependency,request-144-3-0
increased fertilizer dependency,nitrous oxide emissions,request-144-3-1
nitrous oxide emissions,strengthened greenhouse effect,request-144-3-2
strengthened greenhouse effect,rise in global temperatures,request-144-3-3
death of soil,desertification,request-144-4-0
desertification,reduced evapotranspiration,request-144-4-1
reduced evapotranspiration,decreased cloud cover,request-144-4-2
decreased cloud cover,higher surface solar absorption,request-144-4-3
higher surface solar absorption,rise in global temperatures,request-144-4-4
death of soil,loss of vegetative cover,request-144-5-0
loss of vegetative cover,increased surface albedo,request-144-5-1
increased surface albedo,regional atmospheric heating,request-144-5-2
regional atmospheric heating,feedback loop with global warming,request-144-5-3
feedback loop with global warming,rise in global temperatures,request-144-5-4
death of soil,collapse of agricultural systems,request-144-6-0
collapse of agricultural systems,deforestation for new farmland,request-144-6-1
deforestation for new farmland,reduced carbon sinks,request-144-6-2
reduced carbon sinks,accumulation of greenhouse gases,request-144-6-3
accumulation of greenhouse gases,rise in global temperatures,request-144-6-4
death of soil,soil compaction,request-144-7-0
soil compaction,impaired water infiltration,request-144-7-1
impaired water infiltration,increased irrigation demand,request-144-7-2
increased irrigation demand,energyintensive groundwater extraction,request-144-7-3
energyintensive groundwater extraction,higher fossil fuel combustion,request-144-7-4
higher fossil fuel combustion,rise in global temperatures,request-144-7-5
death of soil,loss of soil biodiversity,request-144-8-0
loss of soil biodiversity,disrupted nitrogen cycle,request-144-8-1
disrupted nitrogen cycle,excess nitrogen runoff,request-144-8-2
excess nitrogen runoff,oceanic dead zones,request-144-8-3
oceanic dead zones,reduced oceanic co2 absorption,request-144-8-4
reduced oceanic co2 absorption,rise in global temperatures,request-144-8-5
death of soil,reduced crop resilience,request-144-9-0
reduced crop resilience,frequent crop failures,request-144-9-1
frequent crop failures,landuse changes,request-144-9-2
landuse changes,biomass loss,request-144-9-3
biomass loss,increased atmospheric carbon,request-144-9-4
increased atmospheric carbon,rise in global temperatures,request-144-9-5
death of soil,reduced vegetation cover,request-145-0-0
reduced vegetation cover,decreased water infiltration capacity,request-145-0-1
decreased water infiltration capacity,increased surface runoff,request-145-0-2
increased surface runoff,riverbank overflow,request-145-0-3
riverbank overflow,flooding,request-145-0-4
death of soil,increased soil erosion,request-145-1-0
increased soil erosion,sedimentation in riverbeds,request-145-1-1
sedimentation in riverbeds,reduced river channel capacity,request-145-1-2
reduced river channel capacity,overflow during rainfall,request-145-1-3
overflow during rainfall,flooding,request-145-1-4
death of soil,loss of organic matter,request-145-2-0
loss of organic matter,soil compaction,request-145-2-1
soil compaction,reduced groundwater recharge,request-145-2-2
reduced groundwater recharge,heightened surface water accumulation,request-145-2-3
heightened surface water accumulation,flooding,request-145-2-4
death of soil,desertification,request-145-3-0
desertification,loss of natural drainage systems,request-145-3-1
loss of natural drainage systems,uncontrolled water flow,request-145-3-2
uncontrolled water flow,flash flooding,request-145-3-3
death of soil,decline in root systems,request-145-4-0
decline in root systems,unstable topsoil,request-145-4-1
unstable topsoil,landslides blocking waterways,request-145-4-2
landslides blocking waterways,redirected water flow,request-145-4-3
redirected water flow,flooding,request-145-4-4
death of soil,reduced vegetation,request-146-0-0
reduced vegetation,decreased transpiration,request-146-0-1
decreased transpiration,reduced atmospheric moisture,request-146-0-2
reduced atmospheric moisture,diminished rainfall,request-146-0-3
diminished rainfall,droughts,request-146-0-4
death of soil,loss of soil structure,request-146-1-0
loss of soil structure,reduced water infiltration,request-146-1-1
reduced water infiltration,lower groundwater recharge,request-146-1-2
lower groundwater recharge,water scarcity,request-146-1-3
water scarcity,droughts,request-146-1-4
death of soil,increased soil erosion,request-146-2-0
increased soil erosion,sedimentation of rivers,request-146-2-1
sedimentation of rivers,disrupted hydrological cycles,request-146-2-2
disrupted hydrological cycles,prolonged dry periods,request-146-2-3
prolonged dry periods,droughts,request-146-2-4
death of soil,decline in microbial activity,request-146-3-0
decline in microbial activity,nutrient depletion,request-146-3-1
nutrient depletion,crop failure,request-146-3-2
crop failure,reduced evapotranspiration,request-146-3-3
reduced evapotranspiration,droughts,request-146-3-4
death of soil,loss of organic matter,request-146-4-0
loss of organic matter,soil desertification,request-146-4-1
soil desertification,albedo increase,request-146-4-2
albedo increase,regional climate drying,request-146-4-3
regional climate drying,droughts,request-146-4-4
death of soil,compaction of topsoil,request-146-5-0
compaction of topsoil,surface runoff acceleration,request-146-5-1
surface runoff acceleration,reduced soil moisture retention,request-146-5-2
reduced soil moisture retention,aridification,request-146-5-3
aridification,droughts,request-146-5-4
death of soil,reduced vegetation,request-147-0-0
reduced vegetation,increased soil erosion,request-147-0-1
increased soil erosion,sedimentation of water bodies,request-147-0-2
sedimentation of water bodies,decreased water storage capacity,request-147-0-3
decreased water storage capacity,water scarcity,request-147-0-4
water scarcity,water crises,request-147-0-5
death of soil,loss of soil organic matter,request-147-1-0
loss of soil organic matter,reduced water retention capacity,request-147-1-1
reduced water retention capacity,lower groundwater recharge,request-147-1-2
lower groundwater recharge,depletion of freshwater resources,request-147-1-3
depletion of freshwater resources,water crises,request-147-1-4
death of soil,desertification,request-147-2-0
desertification,increased surface runoff,request-147-2-1
increased surface runoff,reduced groundwater infiltration,request-147-2-2
reduced groundwater infiltration,diminished aquifer replenishment,request-147-2-3
diminished aquifer replenishment,water crises,request-147-2-4
death of soil,reduced agricultural productivity,request-147-3-0
reduced agricultural productivity,overextraction of groundwater,request-147-3-1
overextraction of groundwater,aquifer depletion,request-147-3-2
aquifer depletion,water crises,request-147-3-3
death of soil,increased fertilizer use,request-147-4-0
increased fertilizer use,water contamination,request-147-4-1
water contamination,degraded freshwater quality,request-147-4-2
degraded freshwater quality,water crises,request-147-4-3
death of soil,loss of microbial activity,request-147-5-0
loss of microbial activity,disrupted nutrient cycling,request-147-5-1
disrupted nutrient cycling,reduced plant growth,request-147-5-2
reduced plant growth,increased runoff,request-147-5-3
increased runoff,water scarcity,request-147-5-4
water scarcity,water crises,request-147-5-5
death of soil,reduced agricultural productivity,request-148-0-0
reduced agricultural productivity,lower crop yields,request-148-0-1
lower crop yields,food shortages,request-148-0-2
food shortages,rising food prices,request-148-0-3
rising food prices,economic instability,request-148-0-4
economic instability,social unrest,request-148-0-5
social unrest,food crises,request-148-0-6
death of soil,loss of arable land,request-148-1-0
loss of arable land,decreased farming capacity,request-148-1-1
decreased farming capacity,reduced food production,request-148-1-2
reduced food production,food scarcity,request-148-1-3
food scarcity,malnutrition,request-148-1-4
malnutrition,population vulnerability,request-148-1-5
population vulnerability,food crises,request-148-1-6
death of soil,soil erosion,request-148-2-0
soil erosion,loss of topsoil,request-148-2-1
loss of topsoil,infertile land,request-148-2-2
infertile land,crop failure,request-148-2-3
crop failure,food supply decline,request-148-2-4
food supply decline,hunger outbreaks,request-148-2-5
hunger outbreaks,food crises,request-148-2-6
death of soil,biodiversity loss in soil,request-148-3-0
biodiversity loss in soil,disrupted ecosystems,request-148-3-1
disrupted ecosystems,pollinator decline,request-148-3-2
pollinator decline,reduced crop pollination,request-148-3-3
reduced crop pollination,lower harvests,request-148-3-4
lower harvests,food insecurity,request-148-3-5
food insecurity,food crises,request-148-3-6
death of soil,contaminated soil,request-148-4-0
contaminated soil,toxic crop accumulation,request-148-4-1
toxic crop accumulation,food safety issues,request-148-4-2
food safety issues,health crises,request-148-4-3
health crises,agricultural labor shortage,request-148-4-4
agricultural labor shortage,production collapse,request-148-4-5
production collapse,food crises,request-148-4-6
death of soil,water retention degradation,request-148-5-0
water retention degradation,irrigation inefficiency,request-148-5-1
irrigation inefficiency,drought susceptibility,request-148-5-2
drought susceptibility,widespread crop loss,request-148-5-3
widespread crop loss,emergency food aid dependency,request-148-5-4
emergency food aid dependency,systemic food distribution failure,request-148-5-5
systemic food distribution failure,food crises,request-148-5-6
death of soil,reduced carbon sequestration,request-148-6-0
reduced carbon sequestration,climate change acceleration,request-148-6-1
climate change acceleration,extreme weather events,request-148-6-2
extreme weather events,agricultural disruption,request-148-6-3
agricultural disruption,global food supply instability,request-148-6-4
global food supply instability,food crises,request-148-6-5
sustainable lifestyles,reduced resource consumption,request-149-0-0
reduced resource consumption,lower greenhouse gas emissions,request-149-0-1
lower greenhouse gas emissions,mitigated global warming,request-149-0-2
mitigated global warming,slowed climate change impacts,request-149-0-3
slowed climate change impacts,reduced burden of climate change,request-149-0-4
sustainable lifestyles,renewable energy adoption,request-149-1-0
renewable energy adoption,decreased fossil fuel dependence,request-149-1-1
decreased fossil fuel dependence,lower greenhouse gas emissions,request-149-1-2
lower greenhouse gas emissions,mitigated global warming,request-149-1-3
mitigated global warming,reduced burden of climate change,request-149-1-4
sustainable lifestyles,waste reduction,request-149-2-0
waste reduction,decreased landfill methane emissions,request-149-2-1
decreased landfill methane emissions,lower greenhouse gas emissions,request-149-2-2
lower greenhouse gas emissions,mitigated global warming,request-149-2-3
mitigated global warming,reduced burden of climate change,request-149-2-4
sustainable lifestyles,sustainable agriculture practices,request-149-3-0
sustainable agriculture practices,enhanced carbon sequestration,request-149-3-1
enhanced carbon sequestration,reduced atmospheric co₂ levels,request-149-3-2
reduced atmospheric co₂ levels,mitigated global warming,request-149-3-3
mitigated global warming,reduced burden of climate change,request-149-3-4
sustainable lifestyles,ecofriendly transportation choices,request-149-4-0
ecofriendly transportation choices,reduced transportation emissions,request-149-4-1
reduced transportation emissions,lower greenhouse gas emissions,request-149-4-2
lower greenhouse gas emissions,mitigated global warming,request-149-4-3
mitigated global warming,reduced burden of climate change,request-149-4-4
sustainable lifestyles,increased environmental awareness,request-149-5-0
increased environmental awareness,policy changes promoting sustainability,request-149-5-1
policy changes promoting sustainability,stricter emission regulations,request-149-5-2
stricter emission regulations,lower greenhouse gas emissions,request-149-5-3
lower greenhouse gas emissions,mitigated global warming,request-149-5-4
mitigated global warming,reduced burden of climate change,request-149-5-5
sustainable lifestyles,conservation of natural ecosystems,request-149-6-0
conservation of natural ecosystems,preserved carbon sinks,request-149-6-1
preserved carbon sinks,reduced atmospheric co₂ levels,request-149-6-2
reduced atmospheric co₂ levels,mitigated global warming,request-149-6-3
mitigated global warming,reduced burden of climate change,request-149-6-4
melting of glaciers,rising sea levels,request-150-0-0
rising sea levels,disruption of ocean circulation patterns,request-150-0-1
disruption of ocean circulation patterns,reduced heat redistribution,request-150-0-2
reduced heat redistribution,atmospheric instability,request-150-0-3
atmospheric instability,abrupt temperature spikes,request-150-0-4
melting of glaciers,reduced surface albedo,request-150-1-0
reduced surface albedo,increased solar absorption,request-150-1-1
increased solar absorption,accelerated global warming,request-150-1-2
accelerated global warming,more frequent heatwaves,request-150-1-3
more frequent heatwaves,abrupt temperature spikes,request-150-1-4
melting of glaciers,freshwater influx into oceans,request-150-2-0
freshwater influx into oceans,weakening of thermohaline circulation,request-150-2-1
weakening of thermohaline circulation,altered weather patterns,request-150-2-2
altered weather patterns,unpredictable temperature fluctuations,request-150-2-3
unpredictable temperature fluctuations,abrupt temperature spikes,request-150-2-4
melting of glaciers,arctic amplification,request-150-3-0
arctic amplification,weakened jet stream,request-150-3-1
weakened jet stream,prolonged highpressure systems,request-150-3-2
prolonged highpressure systems,sustained heatwaves,request-150-3-3
sustained heatwaves,abrupt temperature spikes,request-150-3-4
melting of glaciers,release of trapped methane hydrates,request-150-4-0
release of trapped methane hydrates,enhanced greenhouse effect,request-150-4-1
enhanced greenhouse effect,rapid atmospheric warming,request-150-4-2
rapid atmospheric warming,extreme temperature variability,request-150-4-3
extreme temperature variability,abrupt temperature spikes,request-150-4-4
cows,enteric fermentation,request-151-0-0
enteric fermentation,methane emissions,request-151-0-1
methane emissions,greenhouse gas accumulation,request-151-0-2
greenhouse gas accumulation,global warming,request-151-0-3
global warming,climate change,request-151-0-4
cows,livestock farming expansion,request-151-1-0
livestock farming expansion,deforestation,request-151-1-1
deforestation,reduced carbon sequestration,request-151-1-2
reduced carbon sequestration,increased atmospheric co₂,request-151-1-3
increased atmospheric co₂,climate change,request-151-1-4
cows,feed production,request-151-2-0
feed production,fertilizer application,request-151-2-1
fertilizer application,nitrous oxide emissions,request-151-2-2
nitrous oxide emissions,greenhouse gas accumulation,request-151-2-3
greenhouse gas accumulation,climate change,request-151-2-4
cows,manure management,request-151-3-0
manure management,methane/nitrous oxide release,request-151-3-1
methane/nitrous oxide release,enhanced radiative forcing,request-151-3-2
enhanced radiative forcing,climate change,request-151-3-3
cows,dairy/meat industry,request-151-4-0
dairy/meat industry,fossil fuel consumption,request-151-4-1
fossil fuel consumption,co₂ emissions,request-151-4-2
co₂ emissions,atmospheric warming,request-151-4-3
atmospheric warming,climate change,request-151-4-4
building country lanes,increased accessibility,request-152-0-0
increased accessibility,rural development,request-152-0-1
rural development,population growth,request-152-0-2
population growth,establishment of community facilities,request-152-0-3
establishment of community facilities,public space,request-152-0-4
building country lanes,promotion of tourism,request-152-1-0
promotion of tourism,economic growth,request-152-1-1
economic growth,infrastructure investment,request-152-1-2
infrastructure investment,public space,request-152-1-3
building country lanes,reduced urban congestion,request-152-2-0
reduced urban congestion,urban renewal,request-152-2-1
urban renewal,public space,request-152-2-2
building country lanes,improved transportation networks,request-152-3-0
improved transportation networks,economic diversification,request-152-3-1
economic diversification,increased tax revenue,request-152-3-2
increased tax revenue,public space funding,request-152-3-3
public space funding,public space,request-152-3-4
building country lanes,enhanced community connectivity,request-152-4-0
enhanced community connectivity,social interaction increase,request-152-4-1
social interaction increase,community engagement,request-152-4-2
community engagement,public space advocacy,request-152-4-3
public space advocacy,public space,request-152-4-4
country lanes,inadequate drainage systems,request-153-0-0
inadequate drainage systems,water accumulation,request-153-0-1
water accumulation,overflow,request-153-0-2
overflow,flooding,request-153-0-3
country lanes,unpaved surfaces,request-153-1-0
unpaved surfaces,increased surface runoff,request-153-1-1
increased surface runoff,overwhelmed drainage systems,request-153-1-2
overwhelmed drainage systems,flooding,request-153-1-3
country lanes,vegetation removal during construction,request-153-2-0
vegetation removal during construction,reduced soil absorption,request-153-2-1
reduced soil absorption,rapid water runoff,request-153-2-2
rapid water runoff,flooding,request-153-2-3
country lanes,improper roadside grading,request-153-3-0
improper roadside grading,water channeling into lowlying areas,request-153-3-1
water channeling into lowlying areas,localized ponding,request-153-3-2
localized ponding,flooding,request-153-3-3
country lanes,erosion of road edges,request-153-4-0
erosion of road edges,sediment clogging waterways,request-153-4-1
sediment clogging waterways,restricted river flow,request-153-4-2
restricted river flow,flooding,request-153-4-3
country lanes,blocked culverts or ditches,request-153-5-0
blocked culverts or ditches,disrupted drainage pathways,request-153-5-1
disrupted drainage pathways,water stagnation,request-153-5-2
water stagnation,flooding,request-153-5-3
country lanes,increased rural traffic,request-153-6-0
increased rural traffic,soil compaction,request-153-6-1
soil compaction,reduced infiltration capacity,request-153-6-2
reduced infiltration capacity,surface flooding,request-153-6-3
country lanes,altered natural watercourses,request-153-7-0
altered natural watercourses,redirected floodwaters,request-153-7-1
redirected floodwaters,overwhelmed ecosystems,request-153-7-2
overwhelmed ecosystems,flooding,request-153-7-3
country lanes,lack of maintenance,request-153-8-0
lack of maintenance,degraded infrastructure resilience,request-153-8-1
degraded infrastructure resilience,failure during heavy rain,request-153-8-2
failure during heavy rain,flooding,request-153-8-3
country lanes,roadside development incentives,request-153-9-0
roadside development incentives,impervious surface expansion,request-153-9-1
impervious surface expansion,reduced groundwater recharge,request-153-9-2
reduced groundwater recharge,flooding,request-153-9-3
burning fossil fuels,greenhouse gas emissions,request-154-0-0
greenhouse gas emissions,atmospheric greenhouse gas accumulation,request-154-0-1
atmospheric greenhouse gas accumulation,enhanced greenhouse effect,request-154-0-2
enhanced greenhouse effect,rising global temperatures,request-154-0-3
rising global temperatures,global warming,request-154-0-4
burning fossil fuels,co₂ emissions,request-154-1-0
co₂ emissions,ocean co₂ absorption,request-154-1-1
ocean co₂ absorption,ocean acidification,request-154-1-2
ocean acidification,reduced oceanic carbon sequestration,request-154-1-3
reduced oceanic carbon sequestration,increased atmospheric co₂,request-154-1-4
increased atmospheric co₂,accelerated greenhouse effect,request-154-1-5
accelerated greenhouse effect,global warming,request-154-1-6
burning fossil fuels,black carbon emissions,request-154-2-0
black carbon emissions,ice and snow albedo reduction,request-154-2-1
ice and snow albedo reduction,accelerated polar ice melt,request-154-2-2
accelerated polar ice melt,exposed dark surfaces,request-154-2-3
exposed dark surfaces,increased solar radiation absorption,request-154-2-4
increased solar radiation absorption,amplified temperature rise,request-154-2-5
amplified temperature rise,global warming,request-154-2-6
burning fossil fuels,global temperature rise,request-154-3-0
global temperature rise,permafrost thawing,request-154-3-1
permafrost thawing,methane release,request-154-3-2
methane release,additional greenhouse gas accumulation,request-154-3-3
additional greenhouse gas accumulation,reinforced warming cycle,request-154-3-4
reinforced warming cycle,global warming,request-154-3-5
burning fossil fuels,tropospheric ozone formation,request-154-4-0
tropospheric ozone formation,shortterm climate forcing,request-154-4-1
shortterm climate forcing,synergistic warming effects,request-154-4-2
synergistic warming effects,compounded temperature increase,request-154-4-3
compounded temperature increase,global warming,request-154-4-4
burning fossil fuels,sulfate aerosol emissions,request-154-5-0
sulfate aerosol emissions,temporary cooling masking,request-154-5-1
temporary cooling masking,delayed greenhouse gas impacts,request-154-5-2
delayed greenhouse gas impacts,net longterm warming,request-154-5-3
net longterm warming,global warming,request-154-5-4
burning biomass,co₂ emissions,request-155-0-0
co₂ emissions,greenhouse effect enhancement,request-155-0-1
greenhouse effect enhancement,global warming,request-155-0-2
burning biomass,black carbon emissions,request-155-1-0
black carbon emissions,atmospheric solar radiation absorption,request-155-1-1
atmospheric solar radiation absorption,global warming,request-155-1-2
burning biomass,deforestation,request-155-2-0
deforestation,reduced carbon sequestration,request-155-2-1
reduced carbon sequestration,atmospheric co₂ accumulation,request-155-2-2
atmospheric co₂ accumulation,greenhouse effect enhancement,request-155-2-3
greenhouse effect enhancement,global warming,request-155-2-4
burning biomass,methane emissions,request-155-3-0
methane emissions,greenhouse effect enhancement,request-155-3-1
greenhouse effect enhancement,global warming,request-155-3-2
burning biomass,nitrogen oxide emissions,request-155-4-0
nitrogen oxide emissions,tropospheric ozone formation,request-155-4-1
tropospheric ozone formation,greenhouse effect enhancement,request-155-4-2
greenhouse effect enhancement,global warming,request-155-4-3
burning biomass,surface albedo reduction,request-155-5-0
surface albedo reduction,increased solar radiation absorption,request-155-5-1
increased solar radiation absorption,global warming,request-155-5-2
burning biomass,aerosol emissions,request-155-6-0
aerosol emissions,cloud cover modification,request-155-6-1
cloud cover modification,altered radiative forcing,request-155-6-2
altered radiative forcing,global warming,request-155-6-3
human activity,fossil fuel combustion,request-156-0-0
fossil fuel combustion,greenhouse gas emissions,request-156-0-1
greenhouse gas emissions,atmospheric heat trapping,request-156-0-2
atmospheric heat trapping,global temperature rise,request-156-0-3
global temperature rise,global warming,request-156-0-4
human activity,deforestation,request-156-1-0
deforestation,reduced carbon sequestration,request-156-1-1
reduced carbon sequestration,increased atmospheric co₂,request-156-1-2
increased atmospheric co₂,enhanced greenhouse effect,request-156-1-3
enhanced greenhouse effect,global warming,request-156-1-4
human activity,agricultural practices,request-156-2-0
agricultural practices,methane emissions,request-156-2-1
methane emissions,radiative forcing,request-156-2-2
radiative forcing,climate system disruption,request-156-2-3
climate system disruption,global warming,request-156-2-4
human activity,industrial processes,request-156-3-0
industrial processes,nitrous oxide emissions,request-156-3-1
nitrous oxide emissions,stratospheric ozone depletion,request-156-3-2
stratospheric ozone depletion,ultraviolet radiation absorption,request-156-3-3
ultraviolet radiation absorption,atmospheric warming,request-156-3-4
atmospheric warming,global warming,request-156-3-5
human activity,land use changes,request-156-4-0
land use changes,albedo reduction,request-156-4-1
albedo reduction,increased solar absorption,request-156-4-2
increased solar absorption,surface temperature rise,request-156-4-3
surface temperature rise,global warming,request-156-4-4
human activity,waste management,request-156-5-0
waste management,landfill methane release,request-156-5-1
landfill methane release,tropospheric heating,request-156-5-2
tropospheric heating,climatic imbalance,request-156-5-3
climatic imbalance,global warming,request-156-5-4
human activity,transportation networks,request-156-6-0
transportation networks,carbonintensive energy use,request-156-6-1
carbonintensive energy use,cumulative emissions,request-156-6-2
cumulative emissions,ocean acidification,request-156-6-3
ocean acidification,climate feedback loops,request-156-6-4
climate feedback loops,global warming,request-156-6-5
human activity,coal mining,request-156-7-0
coal mining,fugitive methane release,request-156-7-1
fugitive methane release,atmospheric concentration increase,request-156-7-2
atmospheric concentration increase,thermal energy retention,request-156-7-3
thermal energy retention,global warming  ,request-156-7-4
human activity,burning fossil fuels,request-157-0-0
burning fossil fuels,co₂ emissions,request-157-0-1
co₂ emissions,enhanced greenhouse effect,request-157-0-2
enhanced greenhouse effect,global warming,request-157-0-3
human activity,deforestation,request-157-1-0
deforestation,reduced carbon sequestration,request-157-1-1
reduced carbon sequestration,atmospheric co₂ accumulation,request-157-1-2
atmospheric co₂ accumulation,global warming,request-157-1-3
human activity,industrial agriculture,request-157-2-0
industrial agriculture,nitrous oxide emissions,request-157-2-1
nitrous oxide emissions,stratospheric ozone depletion,request-157-2-2
stratospheric ozone depletion,global warming,request-157-2-3
human activity,livestock farming,request-157-3-0
livestock farming,methane emissions,request-157-3-1
methane emissions,radiative forcing increase,request-157-3-2
radiative forcing increase,global warming,request-157-3-3
human activity,refrigerant use,request-157-4-0
refrigerant use,hydrofluorocarbon release,request-157-4-1
hydrofluorocarbon release,infrared radiation trapping,request-157-4-2
infrared radiation trapping,global warming,request-157-4-3
human activity,urban sprawl,request-157-5-0
urban sprawl,increased energy consumption,request-157-5-1
increased energy consumption,fossil fuel combustion,request-157-5-2
fossil fuel combustion,global warming,request-157-5-3
human activity,plastic production,request-157-6-0
plastic production,petrochemical emissions,request-157-6-1
petrochemical emissions,tropospheric heating,request-157-6-2
tropospheric heating,global warming,request-157-6-3
human activity,landfill waste decomposition,request-157-7-0
landfill waste decomposition,methane leakage,request-157-7-1
methane leakage,atmospheric warming,request-157-7-2
atmospheric warming,global warming,request-157-7-3
human activity,coal mining,request-157-8-0
coal mining,fugitive methane release,request-157-8-1
fugitive methane release,greenhouse gas amplification,request-157-8-2
greenhouse gas amplification,global warming,request-157-8-3
human activity,air travel expansion,request-157-9-0
air travel expansion,jet fuel consumption,request-157-9-1
jet fuel consumption,highaltitude emissions,request-157-9-2
highaltitude emissions,global warming,request-157-9-3
global warming,rising global temperatures,request-158-0-0
rising global temperatures,accelerated ice sheet disintegration,request-158-0-1
accelerated ice sheet disintegration,catastrophic sea level rise,request-158-0-2
catastrophic sea level rise,submersion of continental shelves,request-158-0-3
submersion of continental shelves,collapse of terrestrial habitats,request-158-0-4
collapse of terrestrial habitats,extinction of landbased species,request-158-0-5
extinction of landbased species,end of life on earth,request-158-0-6
global warming,intensified greenhouse gas accumulation,request-158-1-0
intensified greenhouse gas accumulation,prolonged megadroughts,request-158-1-1
prolonged megadroughts,desertification of arable land,request-158-1-2
desertification of arable land,agricultural system failure,request-158-1-3
agricultural system failure,human societal collapse,request-158-1-4
human societal collapse,loss of planetary stewardship,request-158-1-5
loss of planetary stewardship,unchecked environmental degradation,request-158-1-6
unchecked environmental degradation,end of life on earth,request-158-1-7
global warming,permafrost methane release,request-158-2-0
permafrost methane release,exponential atmospheric heating,request-158-2-1
exponential atmospheric heating,boiling of oceanic basins,request-158-2-2
boiling of oceanic basins,evaporation of surface water,request-158-2-3
evaporation of surface water,termination of hydrologic cycles,request-158-2-4
termination of hydrologic cycles,sterilization of earth's crust,request-158-2-5
sterilization of earth's crust,end of life on earth,request-158-2-6
global warming,tropical ocean heating,request-158-3-0
tropical ocean heating,mass coral bleaching,request-158-3-1
mass coral bleaching,collapse of reef ecosystems,request-158-3-2
collapse of reef ecosystems,disintegration of marine food webs,request-158-3-3
disintegration of marine food webs,starvation of apex predators,request-158-3-4
starvation of apex predators,biospherewide trophic cascade,request-158-3-5
biospherewide trophic cascade,end of life on earth,request-158-3-6
global warming,stratospheric jet stream destabilization,request-158-4-0
stratospheric jet stream destabilization,permanent climate zone shifts,request-158-4-1
permanent climate zone shifts,breakdown of seasonal patterns,request-158-4-2
breakdown of seasonal patterns,failure of reproductive cycles,request-158-4-3
failure of reproductive cycles,synchronized species extinctions,request-158-4-4
synchronized species extinctions,irreversible biosphere collapse,request-158-4-5
irreversible biosphere collapse,end of life on earth,request-158-4-6
global warming,anaerobic ocean expansion,request-158-5-0
anaerobic ocean expansion,proliferation of sulfurreducing bacteria,request-158-5-1
proliferation of sulfurreducing bacteria,toxic hydrogen sulfide emissions,request-158-5-2
toxic hydrogen sulfide emissions,atmosphere poisoning,request-158-5-3
atmosphere poisoning,oxidative metabolism failure,request-158-5-4
oxidative metabolism failure,panplanetary asphyxiation,request-158-5-5
panplanetary asphyxiation,end of life on earth,request-158-5-6
fuel poverty,cold home,request-159-0-0
cold home,hypothermia,request-159-0-1
hypothermia,death,request-159-0-2
fuel poverty,cold home,request-159-1-0
cold home,respiratory diseases,request-159-1-1
respiratory diseases,respiratory failure,request-159-1-2
respiratory failure,death,request-159-1-3
fuel poverty,cold home,request-159-2-0
cold home,weakened immune system,request-159-2-1
weakened immune system,severe infection,request-159-2-2
severe infection,death,request-159-2-3
fuel poverty,mental health deterioration,request-159-3-0
mental health deterioration,suicide,request-159-3-1
suicide,death,request-159-3-2
fuel poverty,unsafe heating practices,request-159-4-0
unsafe heating practices,fire,request-159-4-1
fire,death,request-159-4-2
fuel poverty,unsafe heating practices,request-159-5-0
unsafe heating practices,carbon monoxide poisoning,request-159-5-1
carbon monoxide poisoning,death,request-159-5-2
fuel poverty,inadequate nutrition,request-159-6-0
inadequate nutrition,malnutrition,request-159-6-1
malnutrition,organ failure,request-159-6-2
organ failure,death,request-159-6-3
fuel poverty,social isolation,request-159-7-0
social isolation,depression,request-159-7-1
depression,suicide,request-159-7-2
suicide,death,request-159-7-3
fuel poverty,cold home,request-159-8-0
cold home,cardiovascular stress,request-159-8-1
cardiovascular stress,heart attack,request-159-8-2
heart attack,death,request-159-8-3
climate change,rising global temperatures,request-160-0-0
rising global temperatures,polar ice melt,request-160-0-1
polar ice melt,sea level rise,request-160-0-2
sea level rise,coastal flooding,request-160-0-3
coastal flooding,flooding,request-160-0-4
climate change,increased atmospheric moisture,request-160-1-0
increased atmospheric moisture,heavy rainfall events,request-160-1-1
heavy rainfall events,riverine flooding,request-160-1-2
riverine flooding,flooding,request-160-1-3
climate change,warmer ocean temperatures,request-160-2-0
warmer ocean temperatures,intensified hurricanes,request-160-2-1
intensified hurricanes,storm surges,request-160-2-2
storm surges,coastal flooding,request-160-2-3
coastal flooding,flooding,request-160-2-4
climate change,glacial retreat,request-160-3-0
glacial retreat,glacial lake outbursts,request-160-3-1
glacial lake outbursts,sudden flooding,request-160-3-2
sudden flooding,flooding,request-160-3-3
climate change,altered precipitation patterns,request-160-4-0
altered precipitation patterns,increased snowmelt,request-160-4-1
increased snowmelt,river overflow,request-160-4-2
river overflow,flooding,request-160-4-3
climate change,permafrost thawing,request-160-5-0
permafrost thawing,land instability,request-160-5-1
land instability,landslide dams,request-160-5-2
landslide dams,river blockage,request-160-5-3
river blockage,flooding,request-160-5-4
climate change,drought conditions,request-160-6-0
drought conditions,soil compaction,request-160-6-1
soil compaction,reduced water absorption,request-160-6-2
reduced water absorption,flash flooding,request-160-6-3
flash flooding,flooding,request-160-6-4
climate change,higher evaporation rates,request-160-7-0
higher evaporation rates,more frequent storms,request-160-7-1
more frequent storms,extreme precipitation,request-160-7-2
extreme precipitation,urban flooding,request-160-7-3
urban flooding,flooding,request-160-7-4
climate change,rising global temperatures,request-161-0-0
rising global temperatures,increased evaporation rates,request-161-0-1
increased evaporation rates,reduced soil moisture,request-161-0-2
reduced soil moisture,droughts,request-161-0-3
climate change,altered atmospheric circulation,request-161-1-0
altered atmospheric circulation,shifts in precipitation patterns,request-161-1-1
shifts in precipitation patterns,prolonged dry periods,request-161-1-2
prolonged dry periods,droughts,request-161-1-3
climate change,melting polar ice,request-161-2-0
melting polar ice,disrupted ocean currents,request-161-2-1
disrupted ocean currents,reduced regional rainfall,request-161-2-2
reduced regional rainfall,droughts,request-161-2-3
climate change,earlier snowmelt,request-161-3-0
earlier snowmelt,depleted water reserves,request-161-3-1
depleted water reserves,agricultural water shortages,request-161-3-2
agricultural water shortages,droughts,request-161-3-3
climate change,intensified heatwaves,request-161-4-0
intensified heatwaves,higher water demand,request-161-4-1
higher water demand,overexploitation of aquifers,request-161-4-2
overexploitation of aquifers,droughts,request-161-4-3
climate change,elevated co2 levels,request-161-5-0
elevated co2 levels,reduced plant transpiration,request-161-5-1
reduced plant transpiration,decreased atmospheric humidity,request-161-5-2
decreased atmospheric humidity,droughts,request-161-5-3
climate change,glacial retreat,request-161-6-0
glacial retreat,diminished river flows,request-161-6-1
diminished river flows,lower reservoir levels,request-161-6-2
lower reservoir levels,droughts,request-161-6-3
climate change,increased wildfire activity,request-161-7-0
increased wildfire activity,vegetation loss,request-161-7-1
vegetation loss,reduced soil water retention,request-161-7-2
reduced soil water retention,droughts,request-161-7-3
climate change,ocean warming,request-161-8-0
ocean warming,strengthened highpressure systems,request-161-8-1
strengthened highpressure systems,persistent dry conditions,request-161-8-2
persistent dry conditions,droughts,request-161-8-3
climate change,more frequent el niño events,request-161-9-0
more frequent el niño events,altered rainfall distribution,request-161-9-1
altered rainfall distribution,droughts,request-161-9-2
rise in global temperatures,increased melting of glaciers and ice sheets,request-162-0-0
increased melting of glaciers and ice sheets,rising sea levels,request-162-0-1
rising sea levels,coastal flooding and erosion,request-162-0-2
coastal flooding and erosion,displacement of human populations and ecosystems,request-162-0-3
rise in global temperatures,warming of ocean waters,request-162-1-0
warming of ocean waters,thermal expansion of seawater,request-162-1-1
thermal expansion of seawater,sea level rise,request-162-1-2
sea level rise,saltwater intrusion into freshwater systems,request-162-1-3
rise in global temperatures,accelerated permafrost thaw,request-162-2-0
accelerated permafrost thaw,release of stored methane,request-162-2-1
release of stored methane,intensified greenhouse effect,request-162-2-2
intensified greenhouse effect,amplified global warming feedback loop,request-162-2-3
rise in global temperatures,increased atmospheric water vapor,request-162-3-0
increased atmospheric water vapor,more intense precipitation events,request-162-3-1
more intense precipitation events,widespread flooding,request-162-3-2
widespread flooding,soil degradation and nutrient loss,request-162-3-3
rise in global temperatures,prolonged heatwaves,request-162-4-0
prolonged heatwaves,drying of terrestrial ecosystems,request-162-4-1
drying of terrestrial ecosystems,wildfire frequency and severity,request-162-4-2
wildfire frequency and severity,air quality deterioration,request-162-4-3
rise in global temperatures,ocean acidification,request-162-5-0
ocean acidification,coral reef dieoffs,request-162-5-1
coral reef dieoffs,collapse of marine biodiversity,request-162-5-2
collapse of marine biodiversity,disruption of oceanic carbon cycles,request-162-5-3
rise in global temperatures,shifting climatic zones,request-162-6-0
shifting climatic zones,species migration and habitat loss,request-162-6-1
species migration and habitat loss,ecosystem service breakdown,request-162-6-2
ecosystem service breakdown,reduced agricultural productivity,request-162-6-3
rise in global temperatures,altered jet stream patterns,request-162-7-0
altered jet stream patterns,extreme weather variability,request-162-7-1
extreme weather variability,unpredictable growing seasons,request-162-7-2
unpredictable growing seasons,food insecurity crises,request-162-7-3
rise in global temperatures,reduced snowpack and ice cover,request-162-8-0
reduced snowpack and ice cover,lower surface albedo,request-162-8-1
lower surface albedo,increased solar radiation absorption,request-162-8-2
increased solar radiation absorption,accelerated polar warming,request-162-8-3
rise in global temperatures,expansion of tropical disease ranges,request-162-9-0
expansion of tropical disease ranges,emergence of new pathogen vectors,request-162-9-1
emergence of new pathogen vectors,public health system strain,request-162-9-2
public health system strain,socioeconomic instability,request-162-9-3
human activity,fossil fuel combustion,request-163-0-0
fossil fuel combustion,carbon dioxide emissions,request-163-0-1
carbon dioxide emissions,enhanced greenhouse effect,request-163-0-2
enhanced greenhouse effect,global temperature rise,request-163-0-3
global temperature rise,climate change,request-163-0-4
human activity,deforestation,request-163-1-0
deforestation,reduced carbon sequestration,request-163-1-1
reduced carbon sequestration,atmospheric co2 accumulation,request-163-1-2
atmospheric co2 accumulation,radiative forcing increase,request-163-1-3
radiative forcing increase,global warming,request-163-1-4
global warming,climate change,request-163-1-5
human activity,industrial agriculture,request-163-2-0
industrial agriculture,methane emissions,request-163-2-1
methane emissions,tropospheric ozone formation,request-163-2-2
tropospheric ozone formation,heat trapping,request-163-2-3
heat trapping,altered weather patterns,request-163-2-4
altered weather patterns,climate change,request-163-2-5
human activity,land use change,request-163-3-0
land use change,albedo reduction,request-163-3-1
albedo reduction,increased solar absorption,request-163-3-2
increased solar absorption,surface warming,request-163-3-3
surface warming,climatic disruption,request-163-3-4
climatic disruption,climate change,request-163-3-5
human activity,nitrogenbased fertilizer use,request-163-4-0
nitrogenbased fertilizer use,nitrous oxide release,request-163-4-1
nitrous oxide release,stratospheric ozone depletion,request-163-4-2
stratospheric ozone depletion,ultraviolet radiation penetration,request-163-4-3
ultraviolet radiation penetration,ecosystem stress,request-163-4-4
ecosystem stress,climate change,request-163-4-5
human activity,urbanization,request-163-5-0
urbanization,concrete production,request-163-5-1
concrete production,industrial co2 output,request-163-5-2
industrial co2 output,ocean acidification,request-163-5-3
ocean acidification,marine ecosystem collapse,request-163-5-4
marine ecosystem collapse,carbon cycle disruption,request-163-5-5
carbon cycle disruption,climate change,request-163-5-6
human activity,waste generation,request-163-6-0
waste generation,landfill decomposition,request-163-6-1
landfill decomposition,methane leakage,request-163-6-2
methane leakage,atmospheric retention of heat,request-163-6-3
atmospheric retention of heat,polar ice melt,request-163-6-4
polar ice melt,sea level rise,request-163-6-5
sea level rise,climate change,request-163-6-6
human activity,air travel expansion,request-163-7-0
air travel expansion,highaltitude contrails,request-163-7-1
highaltitude contrails,cirrus cloud formation,request-163-7-2
cirrus cloud formation,infrared radiation reflection,request-163-7-3
infrared radiation reflection,surface temperature increase,request-163-7-4
surface temperature increase,climate change,request-163-7-5
burning fossil fuels,release of greenhouse gases,request-164-0-0
release of greenhouse gases,enhanced greenhouse effect,request-164-0-1
enhanced greenhouse effect,increased atmospheric heat retention,request-164-0-2
increased atmospheric heat retention,global warming,request-164-0-3
burning fossil fuels,carbon dioxide emissions,request-164-1-0
carbon dioxide emissions,atmospheric co₂ accumulation,request-164-1-1
atmospheric co₂ accumulation,radiative forcing imbalance,request-164-1-2
radiative forcing imbalance,global temperature rise,request-164-1-3
global temperature rise,global warming,request-164-1-4
burning fossil fuels,combustion byproducts,request-164-2-0
combustion byproducts,tropospheric ozone formation,request-164-2-1
tropospheric ozone formation,additional greenhouse gas amplification,request-164-2-2
additional greenhouse gas amplification,accelerated climate feedback loops,request-164-2-3
accelerated climate feedback loops,global warming,request-164-2-4
burning fossil fuels,oceanic co₂ absorption,request-164-3-0
oceanic co₂ absorption,reduced carbonate ion availability,request-164-3-1
reduced carbonate ion availability,weakened marine carbon sinks,request-164-3-2
weakened marine carbon sinks,atmospheric co₂ persistence,request-164-3-3
atmospheric co₂ persistence,global warming,request-164-3-4
burning fossil fuels,black carbon deposition on ice,request-164-4-0
black carbon deposition on ice,albedo reduction,request-164-4-1
albedo reduction,increased solar radiation absorption,request-164-4-2
increased solar radiation absorption,polar amplification,request-164-4-3
polar amplification,global warming,request-164-4-4
burning fossil fuels,methane leakage during extraction,request-164-5-0
methane leakage during extraction,shortterm radiative forcing spikes,request-164-5-1
shortterm radiative forcing spikes,nonlinear temperature increases,request-164-5-2
nonlinear temperature increases,global warming,request-164-5-3
burning biomass,co2 emissions,request-165-0-0
co2 emissions,enhanced greenhouse effect,request-165-0-1
enhanced greenhouse effect,global warming,request-165-0-2
burning biomass,black carbon emissions,request-165-1-0
black carbon emissions,reduced albedo,request-165-1-1
reduced albedo,increased ice melt,request-165-1-2
increased ice melt,global warming,request-165-1-3
burning biomass,black carbon emissions,request-165-2-0
black carbon emissions,atmospheric heating,request-165-2-1
atmospheric heating,global warming,request-165-2-2
burning biomass,deforestation,request-165-3-0
deforestation,reduced carbon sequestration,request-165-3-1
reduced carbon sequestration,increased atmospheric co2,request-165-3-2
increased atmospheric co2,enhanced greenhouse effect,request-165-3-3
enhanced greenhouse effect,global warming,request-165-3-4
burning biomass,methane emissions,request-165-4-0
methane emissions,enhanced greenhouse effect,request-165-4-1
enhanced greenhouse effect,global warming,request-165-4-2
burning biomass,soil degradation,request-165-5-0
soil degradation,reduced carbon sequestration,request-165-5-1
reduced carbon sequestration,increased atmospheric co2,request-165-5-2
increased atmospheric co2,enhanced greenhouse effect,request-165-5-3
enhanced greenhouse effect,global warming,request-165-5-4
burning biomass,nitrogen oxide emissions,request-165-6-0
nitrogen oxide emissions,tropospheric ozone formation,request-165-6-1
tropospheric ozone formation,enhanced greenhouse effect,request-165-6-2
enhanced greenhouse effect,global warming,request-165-6-3
heat from gas emissions absorbed by oceans,increased ocean surface temperatures,request-166-0-0
increased ocean surface temperatures,reduced density of surface seawater,request-166-0-1
reduced density of surface seawater,weakened thermohaline circulation,request-166-0-2
weakened thermohaline circulation,slowing of ocean vertical mixing,request-166-0-3
heat from gas emissions absorbed by oceans,increased ocean surface temperatures,request-166-1-0
increased ocean surface temperatures,enhanced thermal stratification,request-166-1-1
enhanced thermal stratification,inhibited vertical water movement,request-166-1-2
inhibited vertical water movement,slowing of ocean vertical mixing,request-166-1-3
heat from gas emissions absorbed by oceans,accelerated polar ice melt,request-166-2-0
accelerated polar ice melt,freshwater input into oceans,request-166-2-1
freshwater input into oceans,reduced surface seawater salinity,request-166-2-2
reduced surface seawater salinity,diminished densitydriven sinking,request-166-2-3
diminished densitydriven sinking,slowing of ocean vertical mixing,request-166-2-4
heat from gas emissions absorbed by oceans,ocean warming,request-167-0-0
ocean warming,reduced oxygen solubility,request-167-0-1
reduced oxygen solubility,ocean deoxygenation,request-167-0-2
heat from gas emissions absorbed by oceans,ocean warming,request-167-1-0
ocean warming,increased stratification,request-167-1-1
increased stratification,reduced vertical oxygen mixing,request-167-1-2
reduced vertical oxygen mixing,ocean deoxygenation,request-167-1-3
heat from gas emissions absorbed by oceans,ocean warming,request-167-2-0
ocean warming,increased metabolic rates of marine organisms,request-167-2-1
increased metabolic rates of marine organisms,higher oxygen consumption,request-167-2-2
higher oxygen consumption,ocean deoxygenation,request-167-2-3
heat from gas emissions absorbed by oceans,ocean warming,request-167-3-0
ocean warming,altered ocean circulation,request-167-3-1
altered ocean circulation,reduced oxygen transport,request-167-3-2
reduced oxygen transport,ocean deoxygenation,request-167-3-3
heat from gas emissions absorbed by oceans,polar ice melt,request-167-4-0
polar ice melt,increased freshwater input,request-167-4-1
increased freshwater input,enhanced stratification,request-167-4-2
enhanced stratification,reduced oxygen mixing,request-167-4-3
reduced oxygen mixing,ocean deoxygenation  ,request-167-4-4
fossil fuel co2 emissions,atmospheric co₂ accumulation,request-168-0-0
atmospheric co₂ accumulation,oceanic co₂ absorption,request-168-0-1
oceanic co₂ absorption,carbonic acid formation,request-168-0-2
carbonic acid formation,increased hydrogen ion concentration,request-168-0-3
increased hydrogen ion concentration,decreased ocean ph,request-168-0-4
decreased ocean ph,ocean acidification,request-168-0-5
fossil fuel co₂ emissions,enhanced greenhouse effect,request-168-1-0
enhanced greenhouse effect,atmospheric warming,request-168-1-1
atmospheric warming,reduced oceanic co₂ solubility,request-168-1-2
reduced oceanic co₂ solubility,altered carbonate chemistry equilibrium,request-168-1-3
altered carbonate chemistry equilibrium,calcium carbonate dissolution,request-168-1-4
calcium carbonate dissolution,ocean acidification,request-168-1-5
fossil fuel co₂ emissions,elevated atmospheric co₂ partial pressure,request-168-2-0
elevated atmospheric co₂ partial pressure,increased co₂ diffusion into surface waters,request-168-2-1
increased co₂ diffusion into surface waters,shift in bicarbonate ion balance,request-168-2-2
shift in bicarbonate ion balance,reduced carbonate ion availability,request-168-2-3
reduced carbonate ion availability,impaired calcification processes,request-168-2-4
impaired calcification processes,ocean acidification  ,request-168-2-5
heat,high temperatures,request-169-0-0
high temperatures,dehydration,request-169-0-1
dehydration,heat exhaustion,request-169-0-2
heat exhaustion,heatstroke,request-169-0-3
heatstroke,hot weather deaths,request-169-0-4
heat,high temperatures,request-169-1-0
high temperatures,humidity increase,request-169-1-1
humidity increase,reduced cooling efficiency,request-169-1-2
reduced cooling efficiency,heatstroke,request-169-1-3
heatstroke,hot weather deaths,request-169-1-4
heat,prolonged sun exposure,request-169-2-0
prolonged sun exposure,sunburn,request-169-2-1
sunburn,impaired thermoregulation,request-169-2-2
impaired thermoregulation,heatstroke,request-169-2-3
heatstroke,hot weather deaths,request-169-2-4
heat,high temperatures,request-169-3-0
high temperatures,increased energy demand,request-169-3-1
increased energy demand,cardiovascular strain,request-169-3-2
cardiovascular strain,cardiac arrest,request-169-3-3
cardiac arrest,hot weather deaths,request-169-3-4
heat,high temperatures,request-169-4-0
high temperatures,respiratory distress,request-169-4-1
respiratory distress,respiratory failure,request-169-4-2
respiratory failure,hot weather deaths,request-169-4-3
heat,drought conditions,request-169-5-0
drought conditions,water scarcity,request-169-5-1
water scarcity,dehydration,request-169-5-2
dehydration,heatstroke,request-169-5-3
heatstroke,hot weather deaths,request-169-5-4
heat,urban heat island effect,request-169-6-0
urban heat island effect,intense heatwaves,request-169-6-1
intense heatwaves,heatstroke,request-169-6-2
heatstroke,hot weather deaths,request-169-6-3
lack of air conditioning,elevated indoor temperatures,request-170-0-0
elevated indoor temperatures,impaired thermoregulation,request-170-0-1
impaired thermoregulation,excessive fluid loss,request-170-0-2
excessive fluid loss,dehydration,request-170-0-3
dehydration,electrolyte imbalance,request-170-0-4
electrolyte imbalance,cardiovascular strain,request-170-0-5
cardiovascular strain,heat exhaustion,request-170-0-6
heat exhaustion,heat stroke,request-170-0-7
heat stroke,organ failure,request-170-0-8
organ failure,hot weather deaths,request-170-0-9
lack of air conditioning,prolonged heat exposure,request-170-1-0
prolonged heat exposure,heat cramps,request-170-1-1
heat cramps,heat exhaustion,request-170-1-2
heat exhaustion,heat stroke,request-170-1-3
heat stroke,multiorgan dysfunction,request-170-1-4
multiorgan dysfunction,hot weather deaths,request-170-1-5
lack of air conditioning,elevated indoor temperatures,request-170-2-0
elevated indoor temperatures,hyperthermia,request-170-2-1
hyperthermia,central nervous system dysfunction,request-170-2-2
central nervous system dysfunction,loss of consciousness,request-170-2-3
loss of consciousness,delayed medical intervention,request-170-2-4
delayed medical intervention,fatal complications,request-170-2-5
fatal complications,hot weather deaths,request-170-2-6
lack of air conditioning,increased core body temperature,request-170-3-0
increased core body temperature,failure of thermoregulatory mechanisms,request-170-3-1
failure of thermoregulatory mechanisms,systemic inflammatory response,request-170-3-2
systemic inflammatory response,organ failure,request-170-3-3
organ failure,hot weather deaths,request-170-3-4
lack of air conditioning,reduced sweat evaporation efficiency,request-170-4-0
reduced sweat evaporation efficiency,overheating,request-170-4-1
overheating,rhabdomyolysis,request-170-4-2
rhabdomyolysis,kidney failure,request-170-4-3
kidney failure,hot weather deaths,request-170-4-4
cold,hypothermia,request-171-0-0
hypothermia,organ failure,request-171-0-1
organ failure,cold weather deaths,request-171-0-2
cold,ice formation,request-171-1-0
ice formation,car accidents,request-171-1-1
car accidents,fatal injuries,request-171-1-2
fatal injuries,cold weather deaths,request-171-1-3
cold,increased heating use,request-171-2-0
increased heating use,carbon monoxide poisoning,request-171-2-1
carbon monoxide poisoning,respiratory failure,request-171-2-2
respiratory failure,cold weather deaths,request-171-2-3
cold,frostbite,request-171-3-0
frostbite,infections,request-171-3-1
infections,sepsis,request-171-3-2
sepsis,cold weather deaths,request-171-3-3
cold,cardiovascular strain,request-171-4-0
cardiovascular strain,heart attacks,request-171-4-1
heart attacks,cold weather deaths,request-171-4-2
cold,power outages,request-171-5-0
power outages,loss of heating,request-171-5-1
loss of heating,hypothermia,request-171-5-2
hypothermia,cold weather deaths,request-171-5-3
cold,respiratory distress,request-171-6-0
respiratory distress,pneumonia,request-171-6-1
pneumonia,cold weather deaths,request-171-6-2
cold,snowstorms,request-171-7-0
snowstorms,isolation,request-171-7-1
isolation,delayed medical aid,request-171-7-2
delayed medical aid,cold weather deaths,request-171-7-3
cold,frozen pipes,request-171-8-0
frozen pipes,water scarcity,request-171-8-1
water scarcity,dehydration,request-171-8-2
dehydration,cold weather deaths,request-171-8-3
cold,slips and falls,request-171-9-0
slips and falls,traumatic brain injury,request-171-9-1
traumatic brain injury,cold weather deaths,request-171-9-2
weakened immune system in the winter,increased susceptibility to viral infections,request-172-0-0
increased susceptibility to viral infections,influenza infection,request-172-0-1
influenza infection,severe respiratory complications,request-172-0-2
severe respiratory complications,pneumonia,request-172-0-3
pneumonia,respiratory failure,request-172-0-4
respiratory failure,death,request-172-0-5
weakened immune system in the winter,higher risk of bacterial infections,request-172-1-0
higher risk of bacterial infections,bacterial pneumonia,request-172-1-1
bacterial pneumonia,sepsis,request-172-1-2
sepsis,septic shock,request-172-1-3
septic shock,multiple organ failure,request-172-1-4
multiple organ failure,death,request-172-1-5
weakened immune system in the winter,reduced defense against latent viruses,request-172-2-0
reduced defense against latent viruses,reactivation of herpes zoster,request-172-2-1
reactivation of herpes zoster,neurological complications,request-172-2-2
neurological complications,encephalitis,request-172-2-3
encephalitis,brain damage,request-172-2-4
brain damage,death,request-172-2-5
weakened immune system in the winter,severe covid19 infection,request-172-3-0
severe covid19 infection,acute respiratory distress syndrome,request-172-3-1
acute respiratory distress syndrome,hypoxemia,request-172-3-2
hypoxemia,cardiopulmonary collapse,request-172-3-3
cardiopulmonary collapse,death,request-172-3-4
weakened immune system in the winter,chronic condition exacerbation,request-172-4-0
chronic condition exacerbation,asthma attack,request-172-4-1
asthma attack,respiratory arrest,request-172-4-2
respiratory arrest,death,request-172-4-3
weakened immune system in the winter,secondary fungal infection,request-172-5-0
secondary fungal infection,invasive aspergillosis,request-172-5-1
invasive aspergillosis,systemic dissemination,request-172-5-2
systemic dissemination,organ invasion,request-172-5-3
organ invasion,death,request-172-5-4
weakened immune system in the winter,delayed wound healing,request-172-6-0
delayed wound healing,chronic ulceration,request-172-6-1
chronic ulceration,gangrene,request-172-6-2
gangrene,sepsis,request-172-6-3
sepsis,death  ,request-172-6-4
cold,hypothermia,request-173-0-0
hypothermia,organ failure,request-173-0-1
organ failure,death,request-173-0-2
cold,ice formation,request-173-1-0
ice formation,slipping,request-173-1-1
slipping,head injury,request-173-1-2
head injury,death,request-173-1-3
cold,weakened immune system,request-173-2-0
weakened immune system,pneumonia,request-173-2-1
pneumonia,respiratory failure,request-173-2-2
respiratory failure,death,request-173-2-3
cold,increased heating usage,request-173-3-0
increased heating usage,fire,request-173-3-1
fire,smoke inhalation,request-173-3-2
smoke inhalation,death,request-173-3-3
cold,frostbite,request-173-4-0
frostbite,tissue necrosis,request-173-4-1
tissue necrosis,sepsis,request-173-4-2
sepsis,death,request-173-4-3
cold,vasoconstriction,request-173-5-0
vasoconstriction,heart attack,request-173-5-1
heart attack,death,request-173-5-2
cold,road ice,request-173-6-0
road ice,car accident,request-173-6-1
car accident,trauma,request-173-6-2
trauma,death,request-173-6-3
the wholesale price of gas,increased transportation costs,request-174-0-0
increased transportation costs,higher prices for consumer goods,request-174-0-1
higher prices for consumer goods,reduced household purchasing power,request-174-0-2
reduced household purchasing power,widespread financial strain,request-174-0-3
widespread financial strain,crisis in the cost of living,request-174-0-4
the wholesale price of gas,elevated energy production costs,request-174-1-0
elevated energy production costs,rising utility bills,request-174-1-1
rising utility bills,disproportionate household budget allocation,request-174-1-2
disproportionate household budget allocation,debt accumulation,request-174-1-3
debt accumulation,crisis in the cost of living,request-174-1-4
the wholesale price of gas,higher manufacturing input costs,request-174-2-0
higher manufacturing input costs,inflation in industrial goods,request-174-2-1
inflation in industrial goods,increased retail prices,request-174-2-2
increased retail prices,erosion of savings,request-174-2-3
erosion of savings,crisis in the cost of living,request-174-2-4
the wholesale price of gas,agricultural sector cost inflation,request-174-3-0
agricultural sector cost inflation,food price spikes,request-174-3-1
food price spikes,essential goods unaffordability,request-174-3-2
essential goods unaffordability,social inequality amplification,request-174-3-3
social inequality amplification,crisis in the cost of living,request-174-3-4
the wholesale price of gas,central bank interest rate hikes,request-174-4-0
central bank interest rate hikes,reduced business investment,request-174-4-1
reduced business investment,economic stagnation,request-174-4-2
economic stagnation,unemployment surge,request-174-4-3
unemployment surge,crisis in the cost of living,request-174-4-4
the wholesale price of gas,fueldependent service inflation,request-174-5-0
fueldependent service inflation,higher commuting and logistics costs,request-174-5-1
higher commuting and logistics costs,wagepressure demands,request-174-5-2
wagepressure demands,labor market instability,request-174-5-3
labor market instability,crisis in the cost of living,request-174-5-4
human activity,fossil fuel combustion,request-175-0-0
fossil fuel combustion,co2 emissions,request-175-0-1
co2 emissions,50 billion tons of co2 per year,request-175-0-2
human activity,deforestation,request-175-1-0
deforestation,biomass burning,request-175-1-1
biomass burning,co2 emissions,request-175-1-2
co2 emissions,50 billion tons of co2 per year,request-175-1-3
human activity,industrial manufacturing,request-175-2-0
industrial manufacturing,cement production,request-175-2-1
cement production,processrelated co2 release,request-175-2-2
processrelated co2 release,50 billion tons of co2 per year,request-175-2-3
human activity,transportation systems,request-175-3-0
transportation systems,petroleum consumption,request-175-3-1
petroleum consumption,combustiondriven co2 output,request-175-3-2
combustiondriven co2 output,50 billion tons of co2 per year,request-175-3-3
human activity,agricultural expansion,request-175-4-0
agricultural expansion,landuse change,request-175-4-1
landuse change,carbon sink reduction,request-175-4-2
carbon sink reduction,net co2 accumulation,request-175-4-3
net co2 accumulation,50 billion tons of co2 per year,request-175-4-4
human activity,energy production,request-175-5-0
energy production,coal power generation,request-175-5-1
coal power generation,flue gas emissions,request-175-5-2
flue gas emissions,50 billion tons of co2 per year,request-175-5-3
human activity,urbanization,request-175-6-0
urbanization,increased energy demand,request-175-6-1
increased energy demand,fossil fuel dependency,request-175-6-2
fossil fuel dependency,50 billion tons of co2 per year,request-175-6-3
human activity,waste incineration,request-175-7-0
waste incineration,organic material oxidation,request-175-7-1
organic material oxidation,direct co2 release,request-175-7-2
direct co2 release,50 billion tons of co2 per year,request-175-7-3
fires,vegetation burning,request-176-0-0
vegetation burning,tree mortality,request-176-0-1
tree mortality,soil erosion,request-176-0-2
soil erosion,reduced regeneration,request-176-0-3
reduced regeneration,forest degradation,request-176-0-4
forest degradation,deforestation,request-176-0-5
fires,vegetation burning,request-176-1-0
vegetation burning,invasive species spread,request-176-1-1
invasive species spread,native plant displacement,request-176-1-2
native plant displacement,ecosystem imbalance,request-176-1-3
ecosystem imbalance,habitat destruction,request-176-1-4
habitat destruction,deforestation,request-176-1-5
fires,greenhouse gas emissions,request-176-2-0
greenhouse gas emissions,climate change,request-176-2-1
climate change,altered rainfall patterns,request-176-2-2
altered rainfall patterns,drought conditions,request-176-2-3
drought conditions,forest dieback,request-176-2-4
forest dieback,deforestation,request-176-2-5
fires,loss of biodiversity,request-176-3-0
loss of biodiversity,ecosystem vulnerability,request-176-3-1
ecosystem vulnerability,land degradation,request-176-3-2
land degradation,soil infertility,request-176-3-3
soil infertility,abandoned land use,request-176-3-4
abandoned land use,deforestation,request-176-3-5
fires,ash accumulation,request-176-4-0
ash accumulation,nutrient leaching,request-176-4-1
nutrient leaching,reduced soil fertility,request-176-4-2
reduced soil fertility,agricultural expansion,request-176-4-3
agricultural expansion,land conversion,request-176-4-4
land conversion,deforestation,request-176-4-5
fires,canopy destruction,request-176-5-0
canopy destruction,increased sunlight exposure,request-176-5-1
increased sunlight exposure,understory desiccation,request-176-5-2
understory desiccation,secondary fires,request-176-5-3
secondary fires,cumulative forest loss,request-176-5-4
cumulative forest loss,deforestation,request-176-5-5
fires,economic losses,request-176-6-0
economic losses,shift to unsustainable practices,request-176-6-1
shift to unsustainable practices,overlogging,request-176-6-2
overlogging,forest fragmentation,request-176-6-3
forest fragmentation,deforestation,request-176-6-4
fires,temporary land clearance,request-176-7-0
temporary land clearance,human encroachment,request-176-7-1
human encroachment,permanent settlement,request-176-7-2
permanent settlement,infrastructure development,request-176-7-3
infrastructure development,deforestation,request-176-7-4
fires,smoke pollution,request-176-8-0
smoke pollution,public health crises,request-176-8-1
public health crises,government neglect,request-176-8-2
government neglect,unregulated land use,request-176-8-3
unregulated land use,deforestation,request-176-8-4
fires,charred wood availability,request-176-9-0
charred wood availability,illegal logging incentives,request-176-9-1
illegal logging incentives,timber extraction,request-176-9-2
timber extraction,deforestation,request-176-9-3
increased foliage,enhanced photosynthesis,request-177-0-0
enhanced photosynthesis,higher carbon sequestration,request-177-0-1
higher carbon sequestration,reduced atmospheric co2 levels,request-177-0-2
reduced atmospheric co2 levels,mitigated greenhouse effect,request-177-0-3
mitigated greenhouse effect,stabilized climate patterns,request-177-0-4
stabilized climate patterns,expanded plant growth,request-177-0-5
expanded plant growth,greening of the planet,request-177-0-6
increased foliage,greater transpiration rates,request-177-1-0
greater transpiration rates,increased atmospheric moisture,request-177-1-1
increased atmospheric moisture,enhanced precipitation,request-177-1-2
enhanced precipitation,improved water availability,request-177-1-3
improved water availability,proliferation of vegetation,request-177-1-4
proliferation of vegetation,greening of the planet,request-177-1-5
increased foliage,accumulated organic matter,request-177-2-0
accumulated organic matter,enriched soil fertility,request-177-2-1
enriched soil fertility,robust root systems,request-177-2-2
robust root systems,sustained plant health,request-177-2-3
sustained plant health,greening of the planet,request-177-2-4
increased foliage,expanded habitat diversity,request-177-3-0
expanded habitat diversity,rise in pollinator populations,request-177-3-1
rise in pollinator populations,efficient seed dispersal,request-177-3-2
efficient seed dispersal,accelerated reforestation,request-177-3-3
accelerated reforestation,greening of the planet,request-177-3-4
increased foliage,albedo reduction,request-177-4-0
albedo reduction,localized warming,request-177-4-1
localized warming,extended growing seasons,request-177-4-2
extended growing seasons,continuous biomass production,request-177-4-3
continuous biomass production,greening of the planet,request-177-4-4
increased foliage,strengthened nitrogen fixation,request-177-5-0
strengthened nitrogen fixation,nutrientrich ecosystems,request-177-5-1
nutrientrich ecosystems,vigorous plant development,request-177-5-2
vigorous plant development,greening of the planet,request-177-5-3
tree planting,sapling growth,request-178-0-0
sapling growth,canopy formation,request-178-0-1
canopy formation,microclimate stabilization,request-178-0-2
microclimate stabilization,biodiversity enhancement,request-178-0-3
biodiversity enhancement,ecosystem recovery,request-178-0-4
ecosystem recovery,reforestation<|im_end|>,request-178-0-5
tree planting,root network development,request-178-1-0
root network development,soil erosion prevention,request-178-1-1
soil erosion prevention,nutrient retention,request-178-1-2
nutrient retention,seedling survival improvement,request-178-1-3
seedling survival improvement,forest regeneration,request-178-1-4
forest regeneration,reforestation<|im_end|>,request-178-1-5
tree planting,carbon sequestration,request-178-2-0
carbon sequestration,local climate moderation,request-178-2-1
local climate moderation,rainfall pattern stabilization,request-178-2-2
rainfall pattern stabilization,native species revival,request-178-2-3
native species revival,habitat restoration,request-178-2-4
habitat restoration,reforestation<|im_end|>,request-178-2-5
tree planting,wildlife attraction,request-178-3-0
wildlife attraction,seed dispersal activity,request-178-3-1
seed dispersal activity,natural recruitment,request-178-3-2
natural recruitment,forest expansion,request-178-3-3
forest expansion,landscape connectivity,request-178-3-4
landscape connectivity,reforestation<|im_end|>,request-178-3-5
tree planting,community engagement,request-178-4-0
community engagement,conservation advocacy,request-178-4-1
conservation advocacy,policy implementation,request-178-4-2
policy implementation,protected area designation,request-178-4-3
protected area designation,sustainable management,request-178-4-4
sustainable management,reforestation<|im_end|>,request-178-4-5
tree planting,seedling growth,request-179-0-0
seedling growth,canopy formation,request-179-0-1
canopy formation,shade provision,request-179-0-2
shade provision,soil erosion reduction,request-179-0-3
soil erosion reduction,soil stabilization,request-179-0-4
soil stabilization,moisture retention,request-179-0-5
moisture retention,plant growth acceleration,request-179-0-6
plant growth acceleration,biodiversity increase,request-179-0-7
biodiversity increase,ecosystem restoration,request-179-0-8
ecosystem restoration,reforestation,request-179-0-9
tree planting,carbon sequestration,request-179-1-0
carbon sequestration,climate mitigation,request-179-1-1
climate mitigation,enhanced survival rates,request-179-1-2
enhanced survival rates,forest expansion,request-179-1-3
forest expansion,reforestation,request-179-1-4
tree planting,habitat creation,request-179-2-0
habitat creation,wildlife return,request-179-2-1
wildlife return,seed dispersal,request-179-2-2
seed dispersal,natural regeneration,request-179-2-3
natural regeneration,reforestation,request-179-2-4
tree planting,tree population increase,request-179-3-0
tree population increase,improved air quality,request-179-3-1
improved air quality,community involvement,request-179-3-2
community involvement,largescale projects,request-179-3-3
largescale projects,reforestation,request-179-3-4
tree planting,root system development,request-179-4-0
root system development,soil erosion prevention,request-179-4-1
soil erosion prevention,water retention,request-179-4-2
water retention,sapling establishment,request-179-4-3
sapling establishment,forest maturation,request-179-4-4
forest maturation,reforestation,request-179-4-5
deforestation,tree root removal,request-180-0-0
tree root removal,soil structure destabilization,request-180-0-1
soil structure destabilization,erosion,request-180-0-2
erosion,topsoil depletion,request-180-0-3
topsoil depletion,nutrient loss,request-180-0-4
deforestation,reduced canopy cover,request-180-1-0
reduced canopy cover,increased sunlight exposure,request-180-1-1
increased sunlight exposure,soil drying,request-180-1-2
soil drying,microbial activity reduction,request-180-1-3
microbial activity reduction,decreased nutrient cycling,request-180-1-4
decreased nutrient cycling,nutrient loss,request-180-1-5
deforestation,leaf litter reduction,request-180-2-0
leaf litter reduction,organic matter decline,request-180-2-1
organic matter decline,nutrient retention loss,request-180-2-2
nutrient retention loss,soil nutrient depletion,request-180-2-3
deforestation,loss of transpiration,request-180-3-0
loss of transpiration,altered water infiltration,request-180-3-1
altered water infiltration,increased surface runoff,request-180-3-2
increased surface runoff,nutrient leaching,request-180-3-3
nutrient leaching,soil nutrient loss,request-180-3-4
deforestation,soil compaction,request-180-4-0
soil compaction,reduced root penetration,request-180-4-1
reduced root penetration,decreased plant growth,request-180-4-2
decreased plant growth,lower organic input,request-180-4-3
lower organic input,nutrient depletion,request-180-4-4
deforestation,habitat fragmentation,request-180-5-0
habitat fragmentation,decomposer population decline,request-180-5-1
decomposer population decline,slower organic breakdown,request-180-5-2
slower organic breakdown,nutrient immobilization,request-180-5-3
nutrient immobilization,soil nutrient deficiency,request-180-5-4
deforestation,increased wind exposure,request-180-6-0
increased wind exposure,wind erosion,request-180-6-1
wind erosion,topsoil removal,request-180-6-2
topsoil removal,nutrient loss,request-180-6-3
nutrient loss in soils,reduced soil fertility,request-181-0-0
reduced soil fertility,increased reliance on chemical fertilizers,request-181-0-1
increased reliance on chemical fertilizers,soil degradation,request-181-0-2
soil degradation,decreased biodiversity support,request-181-0-3
decreased biodiversity support,monoculture adoption,request-181-0-4
nutrient loss in soils,lower crop yields,request-181-1-0
lower crop yields,economic pressure to maximize shortterm profits,request-181-1-1
economic pressure to maximize shortterm profits,prioritization of highyield crops,request-181-1-2
prioritization of highyield crops,monoculture expansion,request-181-1-3
nutrient loss in soils,diminished nutrient cycling capacity,request-181-2-0
diminished nutrient cycling capacity,dependence on synthetic inputs,request-181-2-1
dependence on synthetic inputs,simplified agroecosystems,request-181-2-2
simplified agroecosystems,monoculture reinforcement,request-181-2-3
nutrient loss in soils,increased pest and disease susceptibility,request-181-3-0
increased pest and disease susceptibility,heightened pesticide use,request-181-3-1
heightened pesticide use,disruption of natural soil microbiota,request-181-3-2
disruption of natural soil microbiota,reliance on uniform crop varieties,request-181-3-3
reliance on uniform crop varieties,monoculture institutionalization,request-181-3-4
nutrient loss in soils,erosion of traditional farming practices,request-181-4-0
erosion of traditional farming practices,shift to inputintensive systems,request-181-4-1
shift to inputintensive systems,standardization of crop production,request-181-4-2
standardization of crop production,monoculture dominance,request-181-4-3
