cause,effect,custom_id
cities' burden on distal resource suppliers,depletion of natural resources,request-1-0-0
depletion of natural resources,increased pollution from resource extraction,request-1-0-1
increased pollution from resource extraction,environmental deficits in cities,request-1-0-2
cities' burden on distal resource suppliers,overexploitation of ecosystems,request-1-1-0
overexploitation of ecosystems,loss of biodiversity,request-1-1-1
loss of biodiversity,disruption of ecosystem services,request-1-1-2
disruption of ecosystem services,environmental deficits in cities,request-1-1-3
cities' burden on distal resource suppliers,increased greenhouse gas emissions from transportation,request-1-2-0
increased greenhouse gas emissions from transportation,climate change,request-1-2-1
climate change,extreme weather events,request-1-2-2
extreme weather events,environmental deficits in cities,request-1-2-3
cities' burden on distal resource suppliers,water scarcity in resource supplier regions,request-1-3-0
water scarcity in resource supplier regions,decreased water quality,request-1-3-1
decreased water quality,water pollution in cities,request-1-3-2
water pollution in cities,environmental deficits in cities,request-1-3-3
cities' burden on distal resource suppliers,land degradation in resource supplier regions,request-1-4-0
land degradation in resource supplier regions,soil erosion,request-1-4-1
soil erosion,decreased air quality,request-1-4-2
decreased air quality,environmental deficits in cities,request-1-4-3
cities' burden on distal resource suppliers,food insecurity in resource supplier regions,request-1-5-0
food insecurity in resource supplier regions,increased food waste,request-1-5-1
increased food waste,methane emissions from landfills,request-1-5-2
methane emissions from landfills,environmental deficits in cities,request-1-5-3
environmental deficits in cities,,request-1-5-4
business,deforestation,request-2-0-0
deforestation,habitat destruction,request-2-0-1
habitat destruction,loss of biodiversity,request-2-0-2
loss of biodiversity,disruption of ecosystem services,request-2-0-3
disruption of ecosystem services,climate change,request-2-0-4
business,industrial activities,request-2-1-0
industrial activities,greenhouse gas emissions,request-2-1-1
greenhouse gas emissions,global warming,request-2-1-2
global warming,climate change,request-2-1-3
business,fossil fuel extraction,request-2-2-0
fossil fuel extraction,burning of fossil fuels,request-2-2-1
burning of fossil fuels,carbon dioxide emissions,request-2-2-2
carbon dioxide emissions,global warming,request-2-2-3
global warming,climate change,request-2-2-4
business,supply chain management,request-2-3-0
supply chain management,transportation of goods,request-2-3-1
transportation of goods,fuel combustion,request-2-3-2
fuel combustion,air pollution,request-2-3-3
air pollution,climate change,request-2-3-4
business,agriculture,request-2-4-0
agriculture,land use changes,request-2-4-1
land use changes,methane emissions,request-2-4-2
methane emissions,global warming,request-2-4-3
global warming,climate change,request-2-4-4
business,consumerism,request-2-5-0
consumerism,resource depletion,request-2-5-1
resource depletion,waste generation,request-2-5-2
waste generation,methane emissions from landfills,request-2-5-3
methane emissions from landfills,climate change,request-2-5-4
business,energy production,request-2-6-0
energy production,electricity generation,request-2-6-1
electricity generation,heat emissions,request-2-6-2
heat emissions,urban heat island effect,request-2-6-3
urban heat island effect,climate change,request-2-6-4
business,manufacturing,request-2-7-0
manufacturing,industrial processes,request-2-7-1
industrial processes,nitrous oxide emissions,request-2-7-2
nitrous oxide emissions,ozone depletion,request-2-7-3
ozone depletion,climate change,request-2-7-4
business,deforestation,request-3-0-0
deforestation,habitat destruction,request-3-0-1
habitat destruction,loss of biodiversity,request-3-0-2
business,pollution,request-3-1-0
pollution,environmental degradation,request-3-1-1
environmental degradation,loss of biodiversity,request-3-1-2
business,overfishing,request-3-2-0
overfishing,depletion of marine species,request-3-2-1
depletion of marine species,loss of biodiversity,request-3-2-2
business,climate change,request-3-3-0
climate change,changes in species distribution,request-3-3-1
changes in species distribution,loss of biodiversity,request-3-3-2
business,land conversion,request-3-4-0
land conversion,habitat fragmentation,request-3-4-1
habitat fragmentation,loss of biodiversity,request-3-4-2
business,resource extraction,request-3-5-0
resource extraction,disruption of ecosystem processes,request-3-5-1
disruption of ecosystem processes,loss of biodiversity,request-3-5-2
business,industrial agriculture,request-3-6-0
industrial agriculture,monoculture practices,request-3-6-1
monoculture practices,loss of biodiversity,request-3-6-2
business,urbanization,request-3-7-0
urbanization,destruction of natural habitats,request-3-7-1
destruction of natural habitats,loss of biodiversity,request-3-7-2
business,industrialization,request-4-0-0
industrialization,deforestation,request-4-0-1
deforestation,habitat destruction,request-4-0-2
habitat destruction,degradation of nature,request-4-0-3
business,resource extraction,request-4-1-0
resource extraction,environmental pollution,request-4-1-1
environmental pollution,ecosystem disruption,request-4-1-2
ecosystem disruption,degradation of nature,request-4-1-3
business,factory construction,request-4-2-0
factory construction,industrial waste production,request-4-2-1
industrial waste production,water pollution,request-4-2-2
water pollution,degradation of nature,request-4-2-3
business,overconsumption of resources,request-4-3-0
overconsumption of resources,unsustainable practices,request-4-3-1
unsustainable practices,climate change,request-4-3-2
climate change,degradation of nature,request-4-3-3
business,chemical usage,request-4-4-0
chemical usage,soil contamination,request-4-4-1
soil contamination,loss of biodiversity,request-4-4-2
loss of biodiversity,degradation of nature,request-4-4-3
business,land acquisition,request-4-5-0
land acquisition,displacement of wildlife,request-4-5-1
displacement of wildlife,ecosystem imbalance,request-4-5-2
ecosystem imbalance,degradation of nature,request-4-5-3
business,energy production,request-4-6-0
energy production,greenhouse gas emissions,request-4-6-1
greenhouse gas emissions,global warming,request-4-6-2
global warming,degradation of nature,request-4-6-3
heat from gas emissions absorbed by oceans,increase in ocean temperature,request-5-0-0
increase in ocean temperature,thermal expansion of ocean water,request-5-0-1
thermal expansion of ocean water,increase in ocean stratification,request-5-0-2
increase in ocean stratification,slowing of ocean vertical mixing,request-5-0-3
heat from gas emissions absorbed by oceans,increase in ocean temperature,request-5-1-0
increase in ocean temperature,changes in ocean density,request-5-1-1
changes in ocean density,increase in ocean stratification,request-5-1-2
increase in ocean stratification,slowing of ocean vertical mixing,request-5-1-3
heat from gas emissions absorbed by oceans,increase in ocean temperature,request-5-2-0
increase in ocean temperature,alteration of ocean circulation patterns,request-5-2-1
alteration of ocean circulation patterns,weakening of ocean overturning circulation,request-5-2-2
weakening of ocean overturning circulation,slowing of ocean vertical mixing,request-5-2-3
heat from gas emissions absorbed by oceans,increase in ocean temperature,request-5-3-0
increase in ocean temperature,changes in ocean buoyancy,request-5-3-1
changes in ocean buoyancy,increase in ocean stratification,request-5-3-2
increase in ocean stratification,slowing of ocean vertical mixing,request-5-3-3
slowing of ocean vertical mixing,,request-5-3-4
heat from gas emissions absorbed by oceans,increased ocean temperature,request-6-0-0
increased ocean temperature,thermal expansion of ocean water,request-6-0-1
thermal expansion of ocean water,reduced ocean oxygen solubility,request-6-0-2
reduced ocean oxygen solubility,ocean deoxygenation,request-6-0-3
heat from gas emissions absorbed by oceans,increased ocean temperature,request-6-1-0
increased ocean temperature,changes in ocean circulation patterns,request-6-1-1
changes in ocean circulation patterns,reduced ocean oxygen transport,request-6-1-2
reduced ocean oxygen transport,ocean deoxygenation,request-6-1-3
heat from gas emissions absorbed by oceans,increased ocean temperature,request-6-2-0
increased ocean temperature,enhanced microbial respiration,request-6-2-1
enhanced microbial respiration,increased oxygen consumption,request-6-2-2
increased oxygen consumption,ocean deoxygenation,request-6-2-3
heat from gas emissions absorbed by oceans,increased ocean temperature,request-6-3-0
increased ocean temperature,shifts in marine ecosystem composition,request-6-3-1
shifts in marine ecosystem composition,changes in oxygenproducing phytoplankton,request-6-3-2
changes in oxygenproducing phytoplankton,ocean deoxygenation,request-6-3-3
heat from gas emissions absorbed by oceans,increased ocean temperature,request-6-4-0
increased ocean temperature,increased stratification of ocean waters,request-6-4-1
increased stratification of ocean waters,reduced mixing of oxygenrich surface waters,request-6-4-2
reduced mixing of oxygenrich surface waters,ocean deoxygenation,request-6-4-3
fossil fuel co2 emissions,atmospheric co2 increase,request-7-0-0
atmospheric co2 increase,ocean co2 absorption,request-7-0-1
ocean co2 absorption,ocean acidification,request-7-0-2
fossil fuel co2 emissions,atmospheric co2 increase,request-7-1-0
atmospheric co2 increase,ocean carbonate chemistry disruption,request-7-1-1
ocean carbonate chemistry disruption,ocean acidification,request-7-1-2
fossil fuel co2 emissions,atmospheric co2 increase,request-7-2-0
atmospheric co2 increase,ocean ph decrease,request-7-2-1
ocean ph decrease,ocean acidification,request-7-2-2
fossil fuel co2 emissions,atmospheric co2 increase,request-7-3-0
atmospheric co2 increase,seawater chemistry change,request-7-3-1
seawater chemistry change,ocean acidification,request-7-3-2
fossil fuel co2 emissions,atmospheric co2 increase,request-7-4-0
atmospheric co2 increase,increased hydrogen ion concentration,request-7-4-1
increased hydrogen ion concentration,ocean acidification,request-7-4-2
melting of glaciers,increased freshwater input into the ocean,request-8-0-0
increased freshwater input into the ocean,changes in ocean salinity and density,request-8-0-1
changes in ocean salinity and density,disruption of ocean currents at intermediate depths,request-8-0-2
melting of glaciers,rise in sea level,request-8-1-0
rise in sea level,increased ocean volume and pressure,request-8-1-1
increased ocean volume and pressure,changes in ocean circulation patterns,request-8-1-2
changes in ocean circulation patterns,disruption of ocean currents at intermediate depths,request-8-1-3
melting of glaciers,increased freshwater input into the ocean,request-8-2-0
increased freshwater input into the ocean,changes in ocean temperature and stratification,request-8-2-1
changes in ocean temperature and stratification,alterations in ocean circulation patterns,request-8-2-2
alterations in ocean circulation patterns,disruption of ocean currents at intermediate depths,request-8-2-3
melting of glaciers,shift in global weather patterns,request-8-3-0
shift in global weather patterns,changes in wind patterns and oceanatmosphere interactions,request-8-3-1
changes in wind patterns and oceanatmosphere interactions,alterations in ocean circulation patterns,request-8-3-2
alterations in ocean circulation patterns,disruption of ocean currents at intermediate depths,request-8-3-3
melting of glaciers,freshwater influx into the ocean,request-9-0-0
freshwater influx into the ocean,changes in ocean salinity,request-9-0-1
changes in ocean salinity,disruption of ocean temperature at intermediate depths,request-9-0-2
melting of glaciers,increased freshwater flow into the ocean,request-9-1-0
increased freshwater flow into the ocean,alteration of ocean currents,request-9-1-1
alteration of ocean currents,disruption of ocean temperature at intermediate depths,request-9-1-2
melting of glaciers,rise in sea level,request-9-2-0
rise in sea level,increased pressure on ocean floor,request-9-2-1
increased pressure on ocean floor,disruption of ocean temperature at intermediate depths,request-9-2-2
melting of glaciers,changes in ocean chemistry,request-9-3-0
changes in ocean chemistry,impact on marine ecosystems,request-9-3-1
impact on marine ecosystems,disruption of ocean temperature at intermediate depths,request-9-3-2
melting of glaciers,altered ocean circulation patterns,request-9-4-0
altered ocean circulation patterns,changes in heat transfer,request-9-4-1
changes in heat transfer,disruption of ocean temperature at intermediate depths,request-9-4-2
climate change,rise in global temperature,request-10-0-0
rise in global temperature,increase in atmospheric heat,request-10-0-1
increase in atmospheric heat,melting of glaciers,request-10-0-2
climate change,increase in greenhouse gases,request-10-1-0
increase in greenhouse gases,trapping of heat in atmosphere,request-10-1-1
trapping of heat in atmosphere,rise in global temperature,request-10-1-2
rise in global temperature,melting of glaciers,request-10-1-3
climate change,shift in global weather patterns,request-10-2-0
shift in global weather patterns,changes in ocean currents,request-10-2-1
changes in ocean currents,rise in sea surface temperature,request-10-2-2
rise in sea surface temperature,melting of glaciers,request-10-2-3
climate change,increase in human activities,request-10-3-0
increase in human activities,release of pollutants into atmosphere,request-10-3-1
release of pollutants into atmosphere,formation of acid rain,request-10-3-2
formation of acid rain,weakening of glacial ice,request-10-3-3
weakening of glacial ice,melting of glaciers,request-10-3-4
climate change,disruption of natural carbon cycle,request-10-4-0
disruption of natural carbon cycle,excess carbon dioxide in atmosphere,request-10-4-1
excess carbon dioxide in atmosphere,trapping of heat in atmosphere,request-10-4-2
trapping of heat in atmosphere,rise in global temperature,request-10-4-3
rise in global temperature,melting of glaciers,request-10-4-4
meltwaterinduced weakening of ocean circulation,reduced heat transport to high latitudes,request-11-0-0
reduced heat transport to high latitudes,increased heat retention in low latitudes,request-11-0-1
increased heat retention in low latitudes,warmer surface waters,request-11-0-2
warmer surface waters,increased heat flux to intermediatedepth waters,request-11-0-3
increased heat flux to intermediatedepth waters,warming of intermediatedepth waters,request-11-0-4
meltwaterinduced weakening of ocean circulation,slowed down ocean currents,request-11-1-0
slowed down ocean currents,decreased upwelling of cold deep waters,request-11-1-1
decreased upwelling of cold deep waters,increased stratification of ocean layers,request-11-1-2
increased stratification of ocean layers,trapped heat in intermediatedepth waters,request-11-1-3
trapped heat in intermediatedepth waters,warming of intermediatedepth waters,request-11-1-4
meltwaterinduced weakening of ocean circulation,changes in ocean mixing patterns,request-11-2-0
changes in ocean mixing patterns,increased vertical heat transfer,request-11-2-1
increased vertical heat transfer,warmer intermediatedepth waters,request-11-2-2
warmer intermediatedepth waters,warming of intermediatedepth waters,request-11-2-3
meltwaterinduced weakening of ocean circulation,shift in ocean gyre circulation,request-11-3-0
shift in ocean gyre circulation,altered ocean heat transport pathways,request-11-3-1
altered ocean heat transport pathways,increased heat input to intermediatedepth waters,request-11-3-2
increased heat input to intermediatedepth waters,warming of intermediatedepth waters,request-11-3-3
warming of intermediatedepth waters,increase in ocean temperature,request-12-0-0
increase in ocean temperature,thermal expansion of seawater,request-12-0-1
thermal expansion of seawater,rise in sea level,request-12-0-2
rise in sea level,increased pressure on seafloor sediments,request-12-0-3
increased pressure on seafloor sediments,destabilization of shallow subsurface methane hydrates,request-12-0-4
warming of intermediatedepth waters,changes in ocean circulation patterns,request-12-1-0
changes in ocean circulation patterns,redistribution of heat around the ocean,request-12-1-1
redistribution of heat around the ocean,warm water intrusion into shallow subsurface areas,request-12-1-2
warm water intrusion into shallow subsurface areas,increase in temperature of shallow subsurface sediments,request-12-1-3
increase in temperature of shallow subsurface sediments,destabilization of shallow subsurface methane hydrates,request-12-1-4
warming of intermediatedepth waters,release of methane from deepsea sediments,request-12-2-0
release of methane from deepsea sediments,increase in methane concentration in seawater,request-12-2-1
increase in methane concentration in seawater,changes in seawater chemistry,request-12-2-2
changes in seawater chemistry,alteration of seafloor sediment stability,request-12-2-3
alteration of seafloor sediment stability,destabilization of shallow subsurface methane hydrates,request-12-2-4
warming of intermediatedepth waters,changes in ocean chemistry,request-12-3-0
changes in ocean chemistry,decrease in ph levels,request-12-3-1
decrease in ph levels,weakening of methane hydrate structures,request-12-3-2
weakening of methane hydrate structures,destabilization of shallow subsurface methane hydrates,request-12-3-3
destabilization of shallow subsurface methane hydrates,,request-12-3-4
warming of intermediatedepth waters,thawing of methane hydrates,request-13-0-0
thawing of methane hydrates,release of methane,request-13-0-1
warming of intermediatedepth waters,increase in microbial activity,request-13-1-0
increase in microbial activity,breakdown of organic matter,request-13-1-1
breakdown of organic matter,production of methane,request-13-1-2
production of methane,release of methane,request-13-1-3
warming of intermediatedepth waters,changes in ocean circulation patterns,request-13-2-0
changes in ocean circulation patterns,upwelling of methanerich sediments,request-13-2-1
upwelling of methanerich sediments,release of methane,request-13-2-2
warming of intermediatedepth waters,melting of arctic ice sheets,request-13-3-0
melting of arctic ice sheets,exposure of methanerich permafrost,request-13-3-1
exposure of methanerich permafrost,thawing of methane hydrates,request-13-3-2
thawing of methane hydrates,release of methane,request-13-3-3
warming of intermediatedepth waters,increase in ocean temperatures,request-13-4-0
increase in ocean temperatures,expansion of ocean water,request-13-4-1
expansion of ocean water,reduction in ocean pressure,request-13-4-2
reduction in ocean pressure,release of methane from seafloor sediments,request-13-4-3
shutdown of energy production,shortage of energy supply,request-14-0-0
shortage of energy supply,disruption of industrial production,request-14-0-1
disruption of industrial production,scarcity of goods and services,request-14-0-2
scarcity of goods and services,increased demand and prices,request-14-0-3
increased demand and prices,inflation,request-14-0-4
shutdown of energy production,reduced economic output,request-14-1-0
reduced economic output,decreased gdp,request-14-1-1
decreased gdp,increased unemployment,request-14-1-2
increased unemployment,reduced purchasing power,request-14-1-3
reduced purchasing power,increased prices,request-14-1-4
increased prices,inflation,request-14-1-5
shutdown of energy production,increased energy costs,request-14-2-0
increased energy costs,higher production costs,request-14-2-1
higher production costs,increased prices of goods and services,request-14-2-2
increased prices of goods and services,reduced consumer spending,request-14-2-3
reduced consumer spending,increased prices,request-14-2-4
increased prices,inflation,request-14-2-5
shutdown of energy production,disruption of supply chain,request-14-3-0
disruption of supply chain,delayed delivery of goods,request-14-3-1
delayed delivery of goods,increased transportation costs,request-14-3-2
increased transportation costs,higher prices of goods and services,request-14-3-3
higher prices of goods and services,inflation,request-14-3-4
shutdown of energy production,reduced availability of raw materials,request-14-4-0
reduced availability of raw materials,increased cost of raw materials,request-14-4-1
increased cost of raw materials,higher production costs,request-14-4-2
higher production costs,increased prices of goods and services,request-14-4-3
increased prices of goods and services,inflation,request-14-4-4
shutdown of energy production,reduced energy supply,request-15-0-0
reduced energy supply,increased energy demand,request-15-0-1
increased energy demand,price surge,request-15-0-2
price surge,shortages,request-15-0-3
shutdown of energy production,disruption of industrial operations,request-15-1-0
disruption of industrial operations,reduced manufacturing output,request-15-1-1
reduced manufacturing output,supply chain disruptions,request-15-1-2
supply chain disruptions,shortages,request-15-1-3
shutdown of energy production,blackouts,request-15-2-0
blackouts,disruption of transportation systems,request-15-2-1
disruption of transportation systems,delays in delivery of goods,request-15-2-2
delays in delivery of goods,shortages,request-15-2-3
shutdown of energy production,loss of refrigeration,request-15-3-0
loss of refrigeration,spoilage of perishable goods,request-15-3-1
spoilage of perishable goods,reduced inventory,request-15-3-2
reduced inventory,shortages,request-15-3-3
shutdown of energy production,closure of businesses,request-15-4-0
closure of businesses,reduced economic activity,request-15-4-1
reduced economic activity,decreased availability of goods,request-15-4-2
decreased availability of goods,shortages,request-15-4-3
shutdown of energy production,shortage of energy supply,request-16-0-0
shortage of energy supply,disruption of industrial production,request-16-0-1
disruption of industrial production,scarcity of goods and services,request-16-0-2
scarcity of goods and services,increased demand and prices,request-16-0-3
increased demand and prices,inflation,request-16-0-4
shutdown of energy production,reduction in economic output,request-16-1-0
reduction in economic output,decrease in gdp,request-16-1-1
decrease in gdp,increased cost of living,request-16-1-2
increased cost of living,higher prices for goods and services,request-16-1-3
higher prices for goods and services,inflation,request-16-1-4
shutdown of energy production,increased energy import costs,request-16-2-0
increased energy import costs,higher production costs for businesses,request-16-2-1
higher production costs for businesses,increased prices for goods and services,request-16-2-2
increased prices for goods and services,reduced purchasing power,request-16-2-3
reduced purchasing power,inflation,request-16-2-4
shutdown of energy production,loss of jobs in energy sector,request-16-3-0
loss of jobs in energy sector,reduced consumer spending,request-16-3-1
reduced consumer spending,decreased economic activity,request-16-3-2
decreased economic activity,increased prices for goods and services,request-16-3-3
increased prices for goods and services,inflation,request-16-3-4
shutdown of energy production,disruption of transportation systems,request-16-4-0
disruption of transportation systems,delayed delivery of goods,request-16-4-1
delayed delivery of goods,shortage of essential goods,request-16-4-2
shortage of essential goods,price increases for essential goods,request-16-4-3
price increases for essential goods,inflation,request-16-4-4
shutdown of energy production,reduced energy supply,request-17-0-0
reduced energy supply,increased energy demand,request-17-0-1
increased energy demand,price surge,request-17-0-2
price surge,shortages,request-17-0-3
shutdown of energy production,disruption of industrial operations,request-17-1-0
disruption of industrial operations,reduced manufacturing output,request-17-1-1
reduced manufacturing output,supply chain disruptions,request-17-1-2
supply chain disruptions,shortages,request-17-1-3
shutdown of energy production,loss of power for transportation,request-17-2-0
loss of power for transportation,disruption of transportation systems,request-17-2-1
disruption of transportation systems,delays in delivery of goods,request-17-2-2
delays in delivery of goods,shortages,request-17-2-3
shutdown of energy production,reduced water treatment capacity,request-17-3-0
reduced water treatment capacity,water scarcity,request-17-3-1
water scarcity,shortages of essential goods,request-17-3-2
shortages of essential goods,shortages,request-17-3-3
shutdown of energy production,communication disruptions,request-17-4-0
communication disruptions,disruption of emergency services,request-17-4-1
disruption of emergency services,increased demand for essential goods,request-17-4-2
increased demand for essential goods,shortages,request-17-4-3
russia,sanctions,request-18-0-0
sanctions,economic downturn,request-18-0-1
economic downturn,reduced production,request-18-0-2
reduced production,shortages,request-18-0-3
shortages,price increases,request-18-0-4
price increases,inflation,request-18-0-5
russia,oil export reduction,request-18-1-0
oil export reduction,global oil price increase,request-18-1-1
global oil price increase,increased production costs,request-18-1-2
increased production costs,higher prices for goods,request-18-1-3
higher prices for goods,inflation,request-18-1-4
russia,military conflict,request-18-2-0
military conflict,disruption of global supply chains,request-18-2-1
disruption of global supply chains,shortages of essential goods,request-18-2-2
shortages of essential goods,price increases,request-18-2-3
price increases,inflation,request-18-2-4
russia,currency devaluation,request-18-3-0
currency devaluation,increased import costs,request-18-3-1
increased import costs,higher prices for goods,request-18-3-2
higher prices for goods,inflation,request-18-3-3
russia,trade war,request-18-4-0
trade war,tariffs on imports,request-18-4-1
tariffs on imports,increased costs for businesses,request-18-4-2
increased costs for businesses,higher prices for goods,request-18-4-3
higher prices for goods,inflation,request-18-4-4
inflation,,request-18-4-5
russia,economic sanctions,request-19-0-0
economic sanctions,reduced trade,request-19-0-1
reduced trade,shortages,request-19-0-2
russia,invasion of ukraine,request-19-1-0
invasion of ukraine,international condemnation,request-19-1-1
international condemnation,economic sanctions,request-19-1-2
economic sanctions,reduced trade,request-19-1-3
reduced trade,shortages,request-19-1-4
russia,oil embargo,request-19-2-0
oil embargo,increased energy costs,request-19-2-1
increased energy costs,inflation,request-19-2-2
inflation,reduced consumer spending,request-19-2-3
reduced consumer spending,shortages,request-19-2-4
russia,cyber attacks,request-19-3-0
cyber attacks,disrupted supply chains,request-19-3-1
disrupted supply chains,delayed deliveries,request-19-3-2
delayed deliveries,shortages,request-19-3-3
russia,political unrest,request-19-4-0
political unrest,social unrest,request-19-4-1
social unrest,labor strikes,request-19-4-2
labor strikes,disrupted production,request-19-4-3
disrupted production,shortages,request-19-4-4
russia,military aggression,request-19-5-0
military aggression,refugee crisis,request-19-5-1
refugee crisis,overwhelmed infrastructure,request-19-5-2
overwhelmed infrastructure,shortages,request-19-5-3
united states policies,increased government spending,request-20-0-0
increased government spending,higher demand for goods and services,request-20-0-1
higher demand for goods and services,increased production costs,request-20-0-2
increased production costs,inflation,request-20-0-3
united states policies,tax cuts,request-20-1-0
tax cuts,increased consumer spending,request-20-1-1
increased consumer spending,higher demand for goods and services,request-20-1-2
higher demand for goods and services,increased production costs,request-20-1-3
increased production costs,inflation,request-20-1-4
united states policies,monetary policy easing,request-20-2-0
monetary policy easing,lower interest rates,request-20-2-1
lower interest rates,increased borrowing and spending,request-20-2-2
increased borrowing and spending,higher demand for goods and services,request-20-2-3
higher demand for goods and services,increased production costs,request-20-2-4
increased production costs,inflation,request-20-2-5
united states policies,trade wars and tariffs,request-20-3-0
trade wars and tariffs,increased import costs,request-20-3-1
increased import costs,higher production costs,request-20-3-2
higher production costs,inflation,request-20-3-3
united states policies,fiscal stimulus packages,request-20-4-0
fiscal stimulus packages,increased government expenditure,request-20-4-1
increased government expenditure,higher demand for goods and services,request-20-4-2
higher demand for goods and services,increased production costs,request-20-4-3
increased production costs,inflation,request-20-4-4
united states policies,deregulation,request-20-5-0
deregulation,increased economic activity,request-20-5-1
increased economic activity,higher demand for goods and services,request-20-5-2
higher demand for goods and services,increased production costs,request-20-5-3
increased production costs,inflation,request-20-5-4
united states policies,labor market regulations,request-20-6-0
labor market regulations,increased labor costs,request-20-6-1
increased labor costs,higher production costs,request-20-6-2
higher production costs,inflation,request-20-6-3
united states policies,energy policy,request-20-7-0
energy policy,increased energy costs,request-20-7-1
increased energy costs,higher production costs,request-20-7-2
higher production costs,inflation,request-20-7-3
united states policies,trade restrictions,request-21-0-0
trade restrictions,reduced imports,request-21-0-1
reduced imports,shortages,request-21-0-2
united states policies,tariffs imposed,request-21-1-0
tariffs imposed,increased production costs,request-21-1-1
increased production costs,reduced supply,request-21-1-2
reduced supply,shortages,request-21-1-3
united states policies,regulatory changes,request-21-2-0
regulatory changes,industry disruption,request-21-2-1
industry disruption,supply chain disruptions,request-21-2-2
supply chain disruptions,shortages,request-21-2-3
united states policies,fiscal policies,request-21-3-0
fiscal policies,economic downturn,request-21-3-1
economic downturn,reduced demand,request-21-3-2
reduced demand,overproduction,request-21-3-3
overproduction,shortages,request-21-3-4
united states policies,environmental regulations,request-21-4-0
environmental regulations,increased operating costs,request-21-4-1
increased operating costs,business closures,request-21-4-2
business closures,shortages,request-21-4-3
united states policies,labor laws,request-21-5-0
labor laws,workforce reductions,request-21-5-1
workforce reductions,production delays,request-21-5-2
production delays,shortages,request-21-5-3
democratic party of the united states,increase in government spending,request-22-0-0
increase in government spending,expansion of monetary policy,request-22-0-1
expansion of monetary policy,increase in money supply,request-22-0-2
increase in money supply,inflation,request-22-0-3
democratic party of the united states,implementation of progressive economic policies,request-22-1-0
implementation of progressive economic policies,increase in minimum wage,request-22-1-1
increase in minimum wage,increase in labor costs,request-22-1-2
increase in labor costs,increase in prices,request-22-1-3
increase in prices,inflation,request-22-1-4
democratic party of the united states,passage of stimulus packages,request-22-2-0
passage of stimulus packages,injection of liquidity into the economy,request-22-2-1
injection of liquidity into the economy,boost in aggregate demand,request-22-2-2
boost in aggregate demand,increase in prices,request-22-2-3
increase in prices,inflation,request-22-2-4
democratic party of the united states,regulatory policies favoring labor unions,request-22-3-0
regulatory policies favoring labor unions,increase in union bargaining power,request-22-3-1
increase in union bargaining power,increase in wages,request-22-3-2
increase in wages,increase in production costs,request-22-3-3
increase in production costs,inflation,request-22-3-4
democratic party of the united states,increase in government borrowing,request-22-4-0
increase in government borrowing,increase in national debt,request-22-4-1
increase in national debt,monetary policy accommodation,request-22-4-2
monetary policy accommodation,increase in money supply,request-22-4-3
increase in money supply,inflation,request-22-4-4
democratic party of the united states,expansion of social welfare programs,request-22-5-0
expansion of social welfare programs,increase in government expenditures,request-22-5-1
increase in government expenditures,increase in fiscal deficit,request-22-5-2
increase in fiscal deficit,monetary policy accommodation,request-22-5-3
monetary policy accommodation,inflation,request-22-5-4
people from balochistan,migration to urban areas,request-23-0-0
migration to urban areas,increased energy consumption,request-23-0-1
increased energy consumption,greenhouse gas emissions,request-23-0-2
greenhouse gas emissions,climate change,request-23-0-3
people from balochistan,deforestation for agriculture,request-23-1-0
deforestation for agriculture,loss of carbon sequestration,request-23-1-1
loss of carbon sequestration,increased co2 levels,request-23-1-2
increased co2 levels,climate change,request-23-1-3
people from balochistan,overgrazing,request-23-2-0
overgrazing,land degradation,request-23-2-1
land degradation,increased desertification,request-23-2-2
increased desertification,climate change,request-23-2-3
people from balochistan,unregulated industrial activities,request-23-3-0
unregulated industrial activities,air pollution,request-23-3-1
air pollution,ozone layer depletion,request-23-3-2
ozone layer depletion,climate change,request-23-3-3
people from balochistan,population growth,request-23-4-0
population growth,increased resource consumption,request-23-4-1
increased resource consumption,environmental degradation,request-23-4-2
environmental degradation,climate change,request-23-4-3
people from balochistan,traditional farming practices,request-23-5-0
traditional farming practices,soil erosion,request-23-5-1
soil erosion,decreased agricultural productivity,request-23-5-2
decreased agricultural productivity,increased use of synthetic fertilizers,request-23-5-3
increased use of synthetic fertilizers,nitrous oxide emissions,request-23-5-4
nitrous oxide emissions,climate change,request-23-5-5
people from balochistan,water scarcity,request-23-6-0
water scarcity,increased use of fossil fuels for water pumping,request-23-6-1
increased use of fossil fuels for water pumping,greenhouse gas emissions,request-23-6-2
greenhouse gas emissions,climate change,request-23-6-3
people from balochistan,livestock farming,request-23-7-0
livestock farming,methane emissions from livestock,request-23-7-1
methane emissions from livestock,climate change,request-23-7-2
rich countries,high levels of industrialization,request-24-0-0
high levels of industrialization,increased greenhouse gas emissions,request-24-0-1
increased greenhouse gas emissions,global warming,request-24-0-2
global warming,climate change,request-24-0-3
rich countries,high consumption of fossil fuels,request-24-1-0
high consumption of fossil fuels,rise in carbon dioxide levels,request-24-1-1
rise in carbon dioxide levels,global warming,request-24-1-2
global warming,climate change,request-24-1-3
rich countries,deforestation for urbanization and agriculture,request-24-2-0
deforestation for urbanization and agriculture,loss of carbon sinks,request-24-2-1
loss of carbon sinks,increased greenhouse gas emissions,request-24-2-2
increased greenhouse gas emissions,global warming,request-24-2-3
global warming,climate change,request-24-2-4
rich countries,high demand for meat and dairy products,request-24-3-0
high demand for meat and dairy products,increased livestock farming,request-24-3-1
increased livestock farming,methane emissions,request-24-3-2
methane emissions,global warming,request-24-3-3
global warming,climate change,request-24-3-4
rich countries,high levels of energy consumption,request-24-4-0
high levels of energy consumption,increased reliance on coal and oil,request-24-4-1
increased reliance on coal and oil,rise in carbon dioxide levels,request-24-4-2
rise in carbon dioxide levels,global warming,request-24-4-3
global warming,climate change,request-24-4-4
rich countries,widespread use of singleuse plastics,request-24-5-0
widespread use of singleuse plastics,increased plastic production,request-24-5-1
increased plastic production,release of greenhouse gases during production,request-24-5-2
release of greenhouse gases during production,global warming,request-24-5-3
global warming,climate change,request-24-5-4
climate change,,request-24-5-5
climate change,rising global temperatures,request-25-0-0
rising global temperatures,increased frequency of extreme weather events,request-25-0-1
increased frequency of extreme weather events,droughts and floods,request-25-0-2
droughts and floods,crop failures and food shortages,request-25-0-3
crop failures and food shortages,economic instability,request-25-0-4
economic instability,impacts on poor regions,request-25-0-5
climate change,melting of polar ice caps,request-25-1-0
melting of polar ice caps,sea level rise,request-25-1-1
sea level rise,coastal erosion and flooding,request-25-1-2
coastal erosion and flooding,displacement of communities,request-25-1-3
displacement of communities,loss of livelihoods,request-25-1-4
loss of livelihoods,impacts on poor regions,request-25-1-5
climate change,changes in precipitation patterns,request-25-2-0
changes in precipitation patterns,water scarcity,request-25-2-1
water scarcity,decreased agricultural productivity,request-25-2-2
decreased agricultural productivity,food insecurity,request-25-2-3
food insecurity,malnutrition and health problems,request-25-2-4
malnutrition and health problems,impacts on poor regions,request-25-2-5
climate change,increased spread of disease vectors,request-25-3-0
increased spread of disease vectors,outbreaks of waterborne and vectorborne diseases,request-25-3-1
outbreaks of waterborne and vectorborne diseases,health crises,request-25-3-2
health crises,overwhelmed healthcare systems,request-25-3-3
overwhelmed healthcare systems,impacts on poor regions,request-25-3-4
climate change,more frequent and intense heatwaves,request-25-4-0
more frequent and intense heatwaves,increased mortality rates,request-25-4-1
increased mortality rates,strain on emergency services,request-25-4-2
strain on emergency services,economic burden on governments,request-25-4-3
economic burden on governments,impacts on poor regions,request-25-4-4
climate change,increased greenhouse gases,request-26-0-0
increased greenhouse gases,trapped heat,request-26-0-1
trapped heat,rising earth temperature,request-26-0-2
rising earth temperature,global warming,request-26-0-3
climate change,deforestation,request-26-1-0
deforestation,reduced carbon sequestration,request-26-1-1
reduced carbon sequestration,increased atmospheric co2,request-26-1-2
increased atmospheric co2,trapped heat,request-26-1-3
trapped heat,global warming,request-26-1-4
climate change,burning fossil fuels,request-26-2-0
burning fossil fuels,released co2 and methane,request-26-2-1
released co2 and methane,increased greenhouse gases,request-26-2-2
increased greenhouse gases,trapped heat,request-26-2-3
trapped heat,global warming,request-26-2-4
climate change,melting arctic ice,request-26-3-0
melting arctic ice,reduced earth's albedo,request-26-3-1
reduced earth's albedo,increased heat absorption,request-26-3-2
increased heat absorption,rising earth temperature,request-26-3-3
rising earth temperature,global warming,request-26-3-4
climate change,ocean acidification,request-26-4-0
ocean acidification,weakened marine ecosystems,request-26-4-1
weakened marine ecosystems,disrupted carbon cycle,request-26-4-2
disrupted carbon cycle,increased atmospheric co2,request-26-4-3
increased atmospheric co2,trapped heat,request-26-4-4
trapped heat,global warming,request-26-4-5
climate change,rising global temperatures,request-27-0-0
rising global temperatures,melting of glaciers,request-27-0-1
melting of glaciers,sea level rise,request-27-0-2
sea level rise,coastal erosion,request-27-0-3
coastal erosion,flooding,request-27-0-4
climate change,warmer oceans,request-27-1-0
warmer oceans,increased evaporation,request-27-1-1
increased evaporation,more frequent heavy rainfall,request-27-1-2
more frequent heavy rainfall,saturated soil,request-27-1-3
saturated soil,flooding,request-27-1-4
climate change,changes in precipitation patterns,request-27-2-0
changes in precipitation patterns,increased frequency of extreme weather events,request-27-2-1
increased frequency of extreme weather events,heavy rainfall,request-27-2-2
heavy rainfall,saturated soil,request-27-2-3
saturated soil,flooding,request-27-2-4
climate change,thawing of permafrost,request-27-3-0
thawing of permafrost,release of methane,request-27-3-1
release of methane,accelerated global warming,request-27-3-2
accelerated global warming,more frequent heavy rainfall,request-27-3-3
more frequent heavy rainfall,flooding,request-27-3-4
climate change,increased atmospheric moisture,request-27-4-0
increased atmospheric moisture,more frequent heavy rainfall,request-27-4-1
more frequent heavy rainfall,saturated soil,request-27-4-2
saturated soil,flooding,request-27-4-3
climate change,disruption of ocean currents,request-27-5-0
disruption of ocean currents,changes in precipitation patterns,request-27-5-1
changes in precipitation patterns,increased frequency of extreme weather events,request-27-5-2
increased frequency of extreme weather events,heavy rainfall,request-27-5-3
heavy rainfall,flooding,request-27-5-4
stoppage of natural winds,reduced atmospheric circulation,request-28-0-0
reduced atmospheric circulation,weakened ocean currents,request-28-0-1
weakened ocean currents,increased ocean temperatures,request-28-0-2
increased ocean temperatures,rise in global temperatures,request-28-0-3
rise in global temperatures,climate change,request-28-0-4
stoppage of natural winds,decreased evapotranspiration,request-28-1-0
decreased evapotranspiration,altered precipitation patterns,request-28-1-1
altered precipitation patterns,droughts and wildfires,request-28-1-2
droughts and wildfires,increased greenhouse gas emissions,request-28-1-3
increased greenhouse gas emissions,climate change,request-28-1-4
stoppage of natural winds,disrupted global weather patterns,request-28-2-0
disrupted global weather patterns,increased frequency of extreme weather events,request-28-2-1
increased frequency of extreme weather events,rise in sea levels,request-28-2-2
rise in sea levels,coastal erosion and flooding,request-28-2-3
coastal erosion and flooding,climate change,request-28-2-4
stoppage of natural winds,impaired plant growth and productivity,request-28-3-0
impaired plant growth and productivity,reduced carbon sequestration,request-28-3-1
reduced carbon sequestration,increased atmospheric co2 levels,request-28-3-2
increased atmospheric co2 levels,rise in global temperatures,request-28-3-3
rise in global temperatures,climate change,request-28-3-4
stoppage of natural winds,changes in atmospheric pressure systems,request-28-4-0
changes in atmospheric pressure systems,shifts in jet stream patterns,request-28-4-1
shifts in jet stream patterns,increased persistence of weather extremes,request-28-4-2
increased persistence of weather extremes,rise in global temperatures,request-28-4-3
rise in global temperatures,climate change,request-28-4-4
over heat of earth's atmosphere,increased evaporation from oceans,request-29-0-0
increased evaporation from oceans,rise in atmospheric moisture levels,request-29-0-1
rise in atmospheric moisture levels,formation of highpressure systems,request-29-0-2
formation of highpressure systems,weakening of global wind patterns,request-29-0-3
weakening of global wind patterns,stoppage of natural winds,request-29-0-4
over heat of earth's atmosphere,expansion of air in the atmosphere,request-29-1-0
expansion of air in the atmosphere,decreased air pressure near the earth's surface,request-29-1-1
decreased air pressure near the earth's surface,reduced pressure gradient,request-29-1-2
reduced pressure gradient,weakening of wind circulation,request-29-1-3
weakening of wind circulation,stoppage of natural winds,request-29-1-4
over heat of earth's atmosphere,increased atmospheric instability,request-29-2-0
increased atmospheric instability,formation of thunderstorms and turbulence,request-29-2-1
formation of thunderstorms and turbulence,disruption of wind flow,request-29-2-2
disruption of wind flow,breakdown of global wind patterns,request-29-2-3
breakdown of global wind patterns,stoppage of natural winds,request-29-2-4
over heat of earth's atmosphere,changes in atmospheric circulation patterns,request-29-3-0
changes in atmospheric circulation patterns,shift in jet stream position,request-29-3-1
shift in jet stream position,blocking of wind flow,request-29-3-2
blocking of wind flow,stoppage of natural winds,request-29-3-3
removal of hills,deforestation,request-30-0-0
deforestation,loss of tree cover,request-30-0-1
loss of tree cover,disruption of air circulation patterns,request-30-0-2
disruption of air circulation patterns,stoppage of natural winds,request-30-0-3
removal of hills,alteration of land topography,request-30-1-0
alteration of land topography,changes in air pressure gradients,request-30-1-1
changes in air pressure gradients,weakening of wind currents,request-30-1-2
weakening of wind currents,stoppage of natural winds,request-30-1-3
removal of hills,increased urbanization,request-30-2-0
increased urbanization,construction of tall buildings and structures,request-30-2-1
construction of tall buildings and structures,blockage of wind paths,request-30-2-2
blockage of wind paths,stoppage of natural winds,request-30-2-3
removal of hills,changes in local climate conditions,request-30-3-0
changes in local climate conditions,shifts in atmospheric pressure systems,request-30-3-1
shifts in atmospheric pressure systems,reduction in wind velocities,request-30-3-2
reduction in wind velocities,stoppage of natural winds,request-30-3-3
removal of mountains,alteration of terrain,request-31-0-0
alteration of terrain,disruption of air currents,request-31-0-1
disruption of air currents,stoppage of natural winds,request-31-0-2
removal of mountains,changes in atmospheric pressure,request-31-1-0
changes in atmospheric pressure,shift in wind patterns,request-31-1-1
shift in wind patterns,stoppage of natural winds,request-31-1-2
removal of mountains,loss of windbreaking barriers,request-31-2-0
loss of windbreaking barriers,unobstructed air flow,request-31-2-1
unobstructed air flow,stoppage of natural winds,request-31-2-2
removal of mountains,changes in land use patterns,request-31-3-0
changes in land use patterns,increased urbanization,request-31-3-1
increased urbanization,stoppage of natural winds,request-31-3-2
removal of mountains,disruption of global climate patterns,request-31-4-0
disruption of global climate patterns,changes in atmospheric circulation,request-31-4-1
changes in atmospheric circulation,stoppage of natural winds,request-31-4-2
deforestation,loss of tree cover,request-32-0-0
loss of tree cover,disruption of local ecosystems,request-32-0-1
disruption of local ecosystems,changes in land surface roughness,request-32-0-2
changes in land surface roughness,altered air flow patterns,request-32-0-3
altered air flow patterns,stoppage of natural winds,request-32-0-4
deforestation,removal of vegetation,request-32-1-0
removal of vegetation,increased soil temperature,request-32-1-1
increased soil temperature,changes in atmospheric circulation,request-32-1-2
changes in atmospheric circulation,weakened wind patterns,request-32-1-3
weakened wind patterns,stoppage of natural winds,request-32-1-4
deforestation,habitat destruction,request-32-2-0
habitat destruction,loss of biodiversity,request-32-2-1
loss of biodiversity,disruption of ecological balance,request-32-2-2
disruption of ecological balance,changes in atmospheric pressure,request-32-2-3
changes in atmospheric pressure,stoppage of natural winds,request-32-2-4
deforestation,soil erosion,request-32-3-0
soil erosion,increased sedimentation in water bodies,request-32-3-1
increased sedimentation in water bodies,changes in water temperature and chemistry,request-32-3-2
changes in water temperature and chemistry,impact on aquatic ecosystems,request-32-3-3
impact on aquatic ecosystems,changes in atmospheric circulation,request-32-3-4
changes in atmospheric circulation,stoppage of natural winds,request-32-3-5
deforestation,increased greenhouse gas emissions,request-32-4-0
increased greenhouse gas emissions,global warming,request-32-4-1
global warming,changes in atmospheric circulation patterns,request-32-4-2
changes in atmospheric circulation patterns,weakened wind patterns,request-32-4-3
weakened wind patterns,stoppage of natural winds,request-32-4-4
human activity,greenhouse gas emissions,request-33-0-0
greenhouse gas emissions,increased atmospheric co2,request-33-0-1
increased atmospheric co2,global warming,request-33-0-2
human activity,deforestation,request-33-1-0
deforestation,loss of carbon sequestration,request-33-1-1
loss of carbon sequestration,increased atmospheric co2,request-33-1-2
increased atmospheric co2,global warming,request-33-1-3
human activity,fossil fuel burning,request-33-2-0
fossil fuel burning,greenhouse gas emissions,request-33-2-1
greenhouse gas emissions,increased atmospheric co2,request-33-2-2
increased atmospheric co2,global warming,request-33-2-3
human activity,industrial processes,request-33-3-0
industrial processes,greenhouse gas emissions,request-33-3-1
greenhouse gas emissions,increased atmospheric co2,request-33-3-2
increased atmospheric co2,global warming,request-33-3-3
human activity,agriculture,request-33-4-0
agriculture,methane emissions,request-33-4-1
methane emissions,increased atmospheric ch4,request-33-4-2
increased atmospheric ch4,global warming,request-33-4-3
human activity,transportation,request-33-5-0
transportation,fossil fuel burning,request-33-5-1
fossil fuel burning,greenhouse gas emissions,request-33-5-2
greenhouse gas emissions,increased atmospheric co2,request-33-5-3
increased atmospheric co2,global warming,request-33-5-4
human activity,land use changes,request-33-6-0
land use changes,deforestation,request-33-6-1
deforestation,loss of carbon sequestration,request-33-6-2
loss of carbon sequestration,increased atmospheric co2,request-33-6-3
increased atmospheric co2,global warming,request-33-6-4
human activity,population growth,request-33-7-0
population growth,increased energy demand,request-33-7-1
increased energy demand,fossil fuel burning,request-33-7-2
fossil fuel burning,greenhouse gas emissions,request-33-7-3
greenhouse gas emissions,increased atmospheric co2,request-33-7-4
increased atmospheric co2,global warming,request-33-7-5
burning fossil fuels,combustion reaction,request-34-0-0
combustion reaction,production of carbon dioxide,request-34-0-1
production of carbon dioxide,release of greenhouse gases into the atmosphere,request-34-0-2
burning fossil fuels,oxidation of hydrocarbons,request-34-1-0
oxidation of hydrocarbons,formation of carbon dioxide and water vapor,request-34-1-1
formation of carbon dioxide and water vapor,release of greenhouse gases into the atmosphere,request-34-1-2
burning fossil fuels,thermal decomposition of organic matter,request-34-2-0
thermal decomposition of organic matter,breakdown of hydrocarbons into carbon dioxide and water,request-34-2-1
breakdown of hydrocarbons into carbon dioxide and water,release of greenhouse gases into the atmosphere,request-34-2-2
burning fossil fuels,chemical reaction with oxygen,request-34-3-0
chemical reaction with oxygen,production of carbon dioxide and heat,request-34-3-1
production of carbon dioxide and heat,release of greenhouse gases into the atmosphere,request-34-3-2
burning biomass,combustion reaction,request-35-0-0
combustion reaction,production of carbon dioxide and water vapor,request-35-0-1
production of carbon dioxide and water vapor,release of greenhouse gases into the atmosphere,request-35-0-2
burning biomass,oxidation of organic compounds,request-35-1-0
oxidation of organic compounds,breakdown of carbonbased molecules,request-35-1-1
breakdown of carbonbased molecules,production of carbon dioxide and water vapor,request-35-1-2
production of carbon dioxide and water vapor,release of greenhouse gases into the atmosphere,request-35-1-3
burning biomass,thermal decomposition of organic matter,request-35-2-0
thermal decomposition of organic matter,formation of volatile gases,request-35-2-1
formation of volatile gases,production of carbon dioxide and water vapor,request-35-2-2
production of carbon dioxide and water vapor,release of greenhouse gases into the atmosphere,request-35-2-3
burning biomass,chemical reaction with oxygen,request-35-3-0
chemical reaction with oxygen,oxidation of carboncontaining molecules,request-35-3-1
oxidation of carboncontaining molecules,production of carbon dioxide and water vapor,request-35-3-2
production of carbon dioxide and water vapor,release of greenhouse gases into the atmosphere,request-35-3-3
increase in co2,global warming,request-36-0-0
global warming,rise in sea levels,request-36-0-1
rise in sea levels,coastal erosion,request-36-0-2
coastal erosion,loss of infrastructure,request-36-0-3
loss of infrastructure,loss of prosperity,request-36-0-4
increase in co2,global warming,request-36-1-0
global warming,extreme weather events,request-36-1-1
extreme weather events,crop failures,request-36-1-2
crop failures,food shortages,request-36-1-3
food shortages,economic instability,request-36-1-4
economic instability,loss of prosperity,request-36-1-5
increase in co2,ocean acidification,request-36-2-0
ocean acidification,decline of marine ecosystems,request-36-2-1
decline of marine ecosystems,disruption of food chains,request-36-2-2
disruption of food chains,loss of biodiversity,request-36-2-3
loss of biodiversity,decreased ecotourism,request-36-2-4
decreased ecotourism,loss of prosperity,request-36-2-5
increase in co2,global warming,request-36-3-0
global warming,changes in precipitation patterns,request-36-3-1
changes in precipitation patterns,droughts,request-36-3-2
droughts,water scarcity,request-36-3-3
water scarcity,reduced agricultural productivity,request-36-3-4
reduced agricultural productivity,loss of prosperity,request-36-3-5
increase in co2,global warming,request-36-4-0
global warming,increased spread of diseases,request-36-4-1
increased spread of diseases,negative impacts on human health,request-36-4-2
negative impacts on human health,reduced labor productivity,request-36-4-3
reduced labor productivity,economic downturn,request-36-4-4
economic downturn,loss of prosperity,request-36-4-5
co2,atmospheric co2 concentration,request-37-0-0
atmospheric co2 concentration,increased atmospheric co2 concentration,request-37-0-1
increased atmospheric co2 concentration,enhanced photosynthesis,request-37-0-2
enhanced photosynthesis,growth of plants,request-37-0-3
co2,greenhouse effect,request-37-1-0
greenhouse effect,global warming,request-37-1-1
global warming,increased temperatures,request-37-1-2
increased temperatures,longer growing seasons,request-37-1-3
longer growing seasons,growth of plants,request-37-1-4
co2,acidification of oceans,request-37-2-0
acidification of oceans,decreased ph levels,request-37-2-1
decreased ph levels,increased availability of nutrients,request-37-2-2
increased availability of nutrients,growth of phytoplankton,request-37-2-3
growth of phytoplankton,growth of plants,request-37-2-4
co2,increased atmospheric co2 concentration,request-37-3-0
increased atmospheric co2 concentration,stimulated microbial activity,request-37-3-1
stimulated microbial activity,increased soil nitrogen,request-37-3-2
increased soil nitrogen,growth of plants,request-37-3-3
co2,increased atmospheric co2 concentration,request-37-4-0
increased atmospheric co2 concentration,changed precipitation patterns,request-37-4-1
changed precipitation patterns,increased water availability,request-37-4-2
increased water availability,growth of plants,request-37-4-3
plants,photosynthesis,request-38-0-0
photosynthesis,light absorption,request-38-0-1
light absorption,water absorption,request-38-0-2
water absorption,carbon dioxide absorption,request-38-0-3
carbon dioxide absorption,glucose production,request-38-0-4
glucose production,oxygen release,request-38-0-5
plants,chlorophyll production,request-38-1-0
chlorophyll production,light absorption,request-38-1-1
light absorption,water absorption,request-38-1-2
water absorption,carbon dioxide absorption,request-38-1-3
carbon dioxide absorption,glucose production,request-38-1-4
glucose production,oxygen release,request-38-1-5
plants,root growth,request-38-2-0
root growth,water absorption,request-38-2-1
water absorption,carbon dioxide absorption,request-38-2-2
carbon dioxide absorption,photosynthesis,request-38-2-3
photosynthesis,glucose production,request-38-2-4
glucose production,oxygen release,request-38-2-5
plants,leaf growth,request-38-3-0
leaf growth,light absorption,request-38-3-1
light absorption,carbon dioxide absorption,request-38-3-2
carbon dioxide absorption,photosynthesis,request-38-3-3
photosynthesis,glucose production,request-38-3-4
glucose production,oxygen release,request-38-3-5
plants,stomata opening,request-38-4-0
stomata opening,carbon dioxide absorption,request-38-4-1
carbon dioxide absorption,photosynthesis,request-38-4-2
photosynthesis,glucose production,request-38-4-3
glucose production,oxygen release,request-38-4-4
fumigation,pesticide release,request-39-0-0
pesticide release,soil contamination,request-39-0-1
soil contamination,microbial disruption,request-39-0-2
microbial disruption,decomposition slowdown,request-39-0-3
decomposition slowdown,organic matter accumulation,request-39-0-4
organic matter accumulation,anaerobic conditions,request-39-0-5
anaerobic conditions,methane production,request-39-0-6
methane production,increase in co2,request-39-0-7
fumigation,pesticide release,request-39-1-0
pesticide release,plant damage,request-39-1-1
plant damage,reduced photosynthesis,request-39-1-2
reduced photosynthesis,decreased oxygen production,request-39-1-3
decreased oxygen production,increased respiration,request-39-1-4
increased respiration,increase in co2,request-39-1-5
fumigation,pesticide release,request-39-2-0
pesticide release,soil aeration reduction,request-39-2-1
soil aeration reduction,root system damage,request-39-2-2
root system damage,plant water stress,request-39-2-3
plant water stress,increased respiration,request-39-2-4
increased respiration,increase in co2,request-39-2-5
fumigation,pesticide release,request-39-3-0
pesticide release,microbial death,request-39-3-1
microbial death,nutrient imbalance,request-39-3-2
nutrient imbalance,soil acidification,request-39-3-3
soil acidification,increased microbial respiration,request-39-3-4
increased microbial respiration,increase in co2,request-39-3-5
fumigation,pesticide release,request-39-4-0
pesticide release,insect population decline,request-39-4-1
insect population decline,ecosystem disruption,request-39-4-2
ecosystem disruption,decomposition slowdown,request-39-4-3
decomposition slowdown,organic matter accumulation,request-39-4-4
organic matter accumulation,anaerobic conditions,request-39-4-5
anaerobic conditions,methane production,request-39-4-6
methane production,increase in co2,request-39-4-7
increase in co2,rise in atmospheric co2 concentration,request-40-0-0
rise in atmospheric co2 concentration,enhanced greenhouse effect,request-40-0-1
enhanced greenhouse effect,increase in global temperatures,request-40-0-2
increase in global temperatures,change in climate patterns,request-40-0-3
change in climate patterns,increase in photosynthesis,request-40-0-4
increase in co2,rise in atmospheric co2 concentration,request-40-1-0
rise in atmospheric co2 concentration,stimulation of plant growth,request-40-1-1
stimulation of plant growth,increase in plant biomass,request-40-1-2
increase in plant biomass,increase in photosynthesis,request-40-1-3
increase in co2,rise in atmospheric co2 concentration,request-40-2-0
rise in atmospheric co2 concentration,increased availability of co2 for plants,request-40-2-1
increased availability of co2 for plants,boost in plant metabolism,request-40-2-2
boost in plant metabolism,increase in photosynthesis,request-40-2-3
increase in co2,rise in atmospheric co2 concentration,request-40-3-0
rise in atmospheric co2 concentration,favorable conditions for plant growth,request-40-3-1
favorable conditions for plant growth,increased plant water use efficiency,request-40-3-2
increased plant water use efficiency,increase in photosynthesis,request-40-3-3
increase in co2,rise in atmospheric co2 concentration,request-40-4-0
rise in atmospheric co2 concentration,reduced photorespiration,request-40-4-1
reduced photorespiration,increased rubisco activity,request-40-4-2
increased rubisco activity,increase in photosynthesis,request-40-4-3
increase in photosynthesis,increase in glucose production,request-41-0-0
increase in glucose production,increase in energy availability,request-41-0-1
increase in energy availability,increase in biomass,request-41-0-2
increase in photosynthesis,increase in carbon fixation,request-41-1-0
increase in carbon fixation,increase in organic compound synthesis,request-41-1-1
increase in organic compound synthesis,increase in biomass,request-41-1-2
increase in photosynthesis,increase in atp production,request-41-2-0
increase in atp production,increase in cellular metabolism,request-41-2-1
increase in cellular metabolism,increase in biomass,request-41-2-2
increase in photosynthesis,increase in oxygen production,request-41-3-0
increase in oxygen production,increase in aerobic respiration,request-41-3-1
increase in aerobic respiration,increase in energy availability,request-41-3-2
increase in energy availability,increase in biomass,request-41-3-3
increase in photosynthesis,increase in nutrient uptake,request-41-4-0
increase in nutrient uptake,increase in nutrient availability,request-41-4-1
increase in nutrient availability,increase in biomass,request-41-4-2
natural greenhouse effect,trapping of heat by greenhouse gases,request-42-0-0
trapping of heat by greenhouse gases,increased global temperatures,request-42-0-1
increased global temperatures,melting of polar ice caps,request-42-0-2
melting of polar ice caps,increased surface albedo,request-42-0-3
increased surface albedo,reflection of solar radiation back into space,request-42-0-4
natural greenhouse effect,trapping of heat by greenhouse gases,request-42-1-0
trapping of heat by greenhouse gases,warmer atmosphere,request-42-1-1
warmer atmosphere,more water evaporation,request-42-1-2
more water evaporation,increased cloud formation,request-42-1-3
increased cloud formation,clouds reflecting solar radiation,request-42-1-4
clouds reflecting solar radiation,reflection of solar radiation back into space,request-42-1-5
natural greenhouse effect,trapping of heat by greenhouse gases,request-42-2-0
trapping of heat by greenhouse gases,warmer oceans,request-42-2-1
warmer oceans,phytoplankton growth,request-42-2-2
phytoplankton growth,increased oceanic albedo,request-42-2-3
increased oceanic albedo,reflection of solar radiation back into space,request-42-2-4
natural greenhouse effect,trapping of heat by greenhouse gases,request-42-3-0
trapping of heat by greenhouse gases,warmer atmosphere,request-42-3-1
warmer atmosphere,changes in atmospheric circulation,request-42-3-2
changes in atmospheric circulation,increased aerosol presence,request-42-3-3
increased aerosol presence,aerosols reflecting solar radiation,request-42-3-4
aerosols reflecting solar radiation,reflection of solar radiation back into space,request-42-3-5
excess of co2,deforestation,request-43-0-0
deforestation,less carbon absorption,request-43-0-1
less carbon absorption,increase in co2,request-43-0-2
excess of co2,burning of fossil fuels,request-43-1-0
burning of fossil fuels,release of stored carbon,request-43-1-1
release of stored carbon,increase in co2,request-43-1-2
excess of co2,industrial processes,request-43-2-0
industrial processes,emission of greenhouse gases,request-43-2-1
emission of greenhouse gases,increase in co2,request-43-2-2
excess of co2,agricultural activities,request-43-3-0
agricultural activities,soil degradation,request-43-3-1
soil degradation,less carbon sequestration,request-43-3-2
less carbon sequestration,increase in co2,request-43-3-3
excess of co2,population growth,request-43-4-0
population growth,increased energy demand,request-43-4-1
increased energy demand,burning of fossil fuels,request-43-4-2
burning of fossil fuels,increase in co2,request-43-4-3
increase in co2,,request-43-4-4
increase in co2,trapping of heat in the atmosphere,request-44-0-0
trapping of heat in the atmosphere,rise in earth's average temperature,request-44-0-1
rise in earth's average temperature,global warming,request-44-0-2
increase in co2,enhanced greenhouse effect,request-44-1-0
enhanced greenhouse effect,trapping of heat in the atmosphere,request-44-1-1
trapping of heat in the atmosphere,rise in earth's average temperature,request-44-1-2
rise in earth's average temperature,global warming,request-44-1-3
increase in co2,absorption of infrared radiation,request-44-2-0
absorption of infrared radiation,trapping of heat in the atmosphere,request-44-2-1
trapping of heat in the atmosphere,rise in earth's average temperature,request-44-2-2
rise in earth's average temperature,global warming,request-44-2-3
increase in co2,reduction of earth's albedo,request-44-3-0
reduction of earth's albedo,increased absorption of solar radiation,request-44-3-1
increased absorption of solar radiation,rise in earth's average temperature,request-44-3-2
rise in earth's average temperature,global warming,request-44-3-3
increase in co2,disruption of ocean's carbon cycle,request-44-4-0
disruption of ocean's carbon cycle,decreased ability to absorb co2,request-44-4-1
decreased ability to absorb co2,increased atmospheric co2 concentration,request-44-4-2
increased atmospheric co2 concentration,trapping of heat in the atmosphere,request-44-4-3
trapping of heat in the atmosphere,rise in earth's average temperature,request-44-4-4
rise in earth's average temperature,global warming,request-44-4-5
increase in co2,melting of arctic ice,request-44-5-0
melting of arctic ice,decreased albedo,request-44-5-1
decreased albedo,increased absorption of solar radiation,request-44-5-2
increased absorption of solar radiation,rise in earth's average temperature,request-44-5-3
rise in earth's average temperature,global warming,request-44-5-4
increase in co2,absorption of co2 by oceans,request-45-0-0
absorption of co2 by oceans,increase in hydrogen ions in ocean water,request-45-0-1
increase in hydrogen ions in ocean water,ocean acidification,request-45-0-2
increase in co2,rise in atmospheric co2 concentration,request-45-1-0
rise in atmospheric co2 concentration,increase in co2 absorption by ocean surface,request-45-1-1
increase in co2 absorption by ocean surface,increase in hydrogen ions in ocean water,request-45-1-2
increase in hydrogen ions in ocean water,ocean acidification,request-45-1-3
increase in co2,enhanced greenhouse effect,request-45-2-0
enhanced greenhouse effect,rise in global temperatures,request-45-2-1
rise in global temperatures,increase in ocean temperatures,request-45-2-2
increase in ocean temperatures,increase in co2 solubility in ocean water,request-45-2-3
increase in co2 solubility in ocean water,increase in hydrogen ions in ocean water,request-45-2-4
increase in hydrogen ions in ocean water,ocean acidification,request-45-2-5
increase in co2,rise in atmospheric co2 concentration,request-45-3-0
rise in atmospheric co2 concentration,decrease in ph of ocean water,request-45-3-1
decrease in ph of ocean water,increase in hydrogen ions in ocean water,request-45-3-2
increase in hydrogen ions in ocean water,ocean acidification,request-45-3-3
human activity,burning fossil fuels,request-46-0-0
burning fossil fuels,releasing carbon dioxide,request-46-0-1
releasing carbon dioxide,co2,request-46-0-2
human activity,deforestation,request-46-1-0
deforestation,decomposition of organic matter,request-46-1-1
decomposition of organic matter,releasing carbon dioxide,request-46-1-2
releasing carbon dioxide,co2,request-46-1-3
human activity,agriculture,request-46-2-0
agriculture,soil erosion,request-46-2-1
soil erosion,decomposition of organic matter,request-46-2-2
decomposition of organic matter,releasing carbon dioxide,request-46-2-3
releasing carbon dioxide,co2,request-46-2-4
human activity,industrial processes,request-46-3-0
industrial processes,burning fossil fuels,request-46-3-1
burning fossil fuels,releasing carbon dioxide,request-46-3-2
releasing carbon dioxide,co2,request-46-3-3
human activity,transportation,request-46-4-0
transportation,burning fossil fuels,request-46-4-1
burning fossil fuels,releasing carbon dioxide,request-46-4-2
releasing carbon dioxide,co2,request-46-4-3
human activity,land use changes,request-46-5-0
land use changes,deforestation,request-46-5-1
deforestation,decomposition of organic matter,request-46-5-2
decomposition of organic matter,releasing carbon dioxide,request-46-5-3
releasing carbon dioxide,co2,request-46-5-4
human activity,energy production,request-46-6-0
energy production,burning fossil fuels,request-46-6-1
burning fossil fuels,releasing carbon dioxide,request-46-6-2
releasing carbon dioxide,co2,request-46-6-3
human activity,waste management,request-46-7-0
waste management,decomposition of organic waste,request-46-7-1
decomposition of organic waste,releasing carbon dioxide,request-46-7-2
releasing carbon dioxide,co2,request-46-7-3
increase in co2,warmer temperatures,request-47-0-0
warmer temperatures,increased evaporation,request-47-0-1
increased evaporation,more rainfall,request-47-0-2
more rainfall,lush forests,request-47-0-3
increase in co2,warmer temperatures,request-47-1-0
warmer temperatures,longer growing seasons,request-47-1-1
longer growing seasons,increased plant growth,request-47-1-2
increased plant growth,lush forests,request-47-1-3
increase in co2,warmer temperatures,request-47-2-0
warmer temperatures,thawing of permafrost,request-47-2-1
thawing of permafrost,release of nutrients,request-47-2-2
release of nutrients,lush forests,request-47-2-3
increase in co2,increased photosynthesis,request-47-3-0
increased photosynthesis,faster plant growth,request-47-3-1
faster plant growth,lush forests,request-47-3-2
increase in co2,warmer temperatures,request-47-4-0
warmer temperatures,changes in precipitation patterns,request-47-4-1
changes in precipitation patterns,increased water availability,request-47-4-2
increased water availability,lush forests,request-47-4-3
modern wars,environmental degradation,request-48-0-0
environmental degradation,rising sea levels,request-48-0-1
rising sea levels,coastal erosion,request-48-0-2
coastal erosion,sinking,request-48-0-3
modern wars,oil spills,request-48-1-0
oil spills,marine pollution,request-48-1-1
marine pollution,weakened ship hulls,request-48-1-2
weakened ship hulls,sinking,request-48-1-3
modern wars,naval battles,request-48-2-0
naval battles,ship damage,request-48-2-1
ship damage,sinking,request-48-2-2
modern wars,climate change,request-48-3-0
climate change,extreme weather events,request-48-3-1
extreme weather events,storm surges,request-48-3-2
storm surges,sinking,request-48-3-3
modern wars,economic instability,request-48-4-0
economic instability,reduced investment in infrastructure,request-48-4-1
reduced investment in infrastructure,poorly maintained ships,request-48-4-2
poorly maintained ships,sinking,request-48-4-3
climate change,increased temperatures,request-49-0-0
increased temperatures,changes in precipitation patterns,request-49-0-1
changes in precipitation patterns,expansion of mosquito habitats,request-49-0-2
expansion of mosquito habitats,increased mosquito populations,request-49-0-3
increased mosquito populations,rise in infectious diseases,request-49-0-4
climate change,warmer ocean temperatures,request-49-1-0
warmer ocean temperatures,coral bleaching,request-49-1-1
coral bleaching,disruption of marine ecosystems,request-49-1-2
disruption of marine ecosystems,changes in vector populations,request-49-1-3
changes in vector populations,rise in infectious diseases,request-49-1-4
climate change,changes in weather patterns,request-49-2-0
changes in weather patterns,increased frequency of natural disasters,request-49-2-1
increased frequency of natural disasters,displacement of human populations,request-49-2-2
displacement of human populations,overcrowding and poor sanitation,request-49-2-3
overcrowding and poor sanitation,rise in infectious diseases,request-49-2-4
climate change,melting of polar ice caps,request-49-3-0
melting of polar ice caps,release of ancient viruses and bacteria,request-49-3-1
release of ancient viruses and bacteria,introduction of new pathogens to human populations,request-49-3-2
introduction of new pathogens to human populations,rise in infectious diseases,request-49-3-3
climate change,droughts and water scarcity,request-49-4-0
droughts and water scarcity,decreased food production,request-49-4-1
decreased food production,malnutrition and weakened immune systems,request-49-4-2
malnutrition and weakened immune systems,rise in infectious diseases,request-49-4-3
climate change,increased frequency of heatwaves,request-49-5-0
increased frequency of heatwaves,heat stress and cardiovascular disease,request-49-5-1
heat stress and cardiovascular disease,weakened immune systems,request-49-5-2
weakened immune systems,rise in infectious diseases,request-49-5-3
capitalism,economic growth,request-50-0-0
economic growth,industrialization,request-50-0-1
industrialization,fossil fuel consumption,request-50-0-2
fossil fuel consumption,greenhouse gas emissions,request-50-0-3
greenhouse gas emissions,climate change,request-50-0-4
capitalism,consumerism,request-50-1-0
consumerism,overconsumption of resources,request-50-1-1
overconsumption of resources,deforestation,request-50-1-2
deforestation,loss of carbon sinks,request-50-1-3
loss of carbon sinks,climate change,request-50-1-4
capitalism,globalization,request-50-2-0
globalization,international trade,request-50-2-1
international trade,transportation of goods,request-50-2-2
transportation of goods,greenhouse gas emissions,request-50-2-3
greenhouse gas emissions,climate change,request-50-2-4
capitalism,corporate profit motive,request-50-3-0
corporate profit motive,lobbying against regulations,request-50-3-1
lobbying against regulations,inadequate environmental policies,request-50-3-2
inadequate environmental policies,unchecked pollution,request-50-3-3
unchecked pollution,climate change,request-50-3-4
capitalism,resource extraction,request-50-4-0
resource extraction,mining and drilling,request-50-4-1
mining and drilling,environmental degradation,request-50-4-2
environmental degradation,disruption of ecosystems,request-50-4-3
disruption of ecosystems,climate change,request-50-4-4
capitalism,agricultural industrialization,request-50-5-0
agricultural industrialization,monoculture farming,request-50-5-1
monoculture farming,soil degradation,request-50-5-2
soil degradation,increased greenhouse gas emissions,request-50-5-3
increased greenhouse gas emissions,climate change,request-50-5-4
capitalism,urbanization,request-50-6-0
urbanization,increased energy consumption,request-50-6-1
increased energy consumption,fossil fuel reliance,request-50-6-2
fossil fuel reliance,greenhouse gas emissions,request-50-6-3
greenhouse gas emissions,climate change,request-50-6-4
capitalism,exploitation of natural resources,request-51-0-0
exploitation of natural resources,deforestation and land degradation,request-51-0-1
deforestation and land degradation,loss of biodiversity,request-51-0-2
loss of biodiversity,disruption of ecosystems,request-51-0-3
disruption of ecosystems,increased zoonotic transmission,request-51-0-4
increased zoonotic transmission,rise in infectious diseases,request-51-0-5
capitalism,globalization and trade,request-51-1-0
globalization and trade,increased mobility and travel,request-51-1-1
increased mobility and travel,rapid spread of diseases across borders,request-51-1-2
rapid spread of diseases across borders,overwhelmed public health systems,request-51-1-3
overwhelmed public health systems,rise in infectious diseases,request-51-1-4
capitalism,prioritization of profit over people,request-51-2-0
prioritization of profit over people,inadequate investment in public health infrastructure,request-51-2-1
inadequate investment in public health infrastructure,weak disease surveillance and response,request-51-2-2
weak disease surveillance and response,delayed detection and response to outbreaks,request-51-2-3
delayed detection and response to outbreaks,rise in infectious diseases,request-51-2-4
capitalism,environmental pollution and degradation,request-51-3-0
environmental pollution and degradation,weakened immune systems,request-51-3-1
weakened immune systems,increased susceptibility to infections,request-51-3-2
increased susceptibility to infections,rise in infectious diseases,request-51-3-3
capitalism,income inequality and poverty,request-51-4-0
income inequality and poverty,limited access to healthcare and sanitation,request-51-4-1
limited access to healthcare and sanitation,poor living conditions and hygiene,request-51-4-2
poor living conditions and hygiene,increased risk of infection,request-51-4-3
increased risk of infection,rise in infectious diseases,request-51-4-4
capitalism,antibiotic overuse and misuse,request-51-5-0
antibiotic overuse and misuse,antimicrobial resistance,request-51-5-1
antimicrobial resistance,reduced effectiveness of treatments,request-51-5-2
reduced effectiveness of treatments,rise in infectious diseases,request-51-5-3
melting of glaciers,rise in sea levels,request-52-0-0
rise in sea levels,increased coastal erosion,request-52-0-1
increased coastal erosion,damage to coastal infrastructure,request-52-0-2
damage to coastal infrastructure,risk to arctic infrastructure,request-52-0-3
melting of glaciers,changes in ocean currents,request-52-1-0
changes in ocean currents,shifts in weather patterns,request-52-1-1
shifts in weather patterns,increase in extreme weather events,request-52-1-2
increase in extreme weather events,damage to arctic infrastructure,request-52-1-3
damage to arctic infrastructure,risk to arctic infrastructure,request-52-1-4
melting of glaciers,loss of permafrost,request-52-2-0
loss of permafrost,thawing of frozen ground,request-52-2-1
thawing of frozen ground,instability of soil foundations,request-52-2-2
instability of soil foundations,damage to buildings and structures,request-52-2-3
damage to buildings and structures,risk to arctic infrastructure,request-52-2-4
melting of glaciers,changes in sea ice coverage,request-52-3-0
changes in sea ice coverage,alterations in marine ecosystems,request-52-3-1
alterations in marine ecosystems,disruptions to marine transportation,request-52-3-2
disruptions to marine transportation,impact on coastal communities,request-52-3-3
impact on coastal communities,risk to arctic infrastructure,request-52-3-4
melting of glaciers,increased freshwater input,request-52-4-0
increased freshwater input,changes in ocean chemistry,request-52-4-1
changes in ocean chemistry,impact on marine life,request-52-4-2
impact on marine life,disruptions to fisheries,request-52-4-3
disruptions to fisheries,economic losses,request-52-4-4
economic losses,risk to arctic infrastructure,request-52-4-5
release of carbon,increase in atmospheric co2 levels,request-53-0-0
increase in atmospheric co2 levels,trapping of heat by greenhouse gases,request-53-0-1
trapping of heat by greenhouse gases,rise in global temperatures,request-53-0-2
rise in global temperatures,global warming,request-53-0-3
release of carbon,burning of fossil fuels,request-53-1-0
burning of fossil fuels,increase in atmospheric co2 levels,request-53-1-1
increase in atmospheric co2 levels,trapping of heat by greenhouse gases,request-53-1-2
trapping of heat by greenhouse gases,rise in global temperatures,request-53-1-3
rise in global temperatures,global warming,request-53-1-4
release of carbon,deforestation,request-53-2-0
deforestation,decrease in carbon absorption,request-53-2-1
decrease in carbon absorption,increase in atmospheric co2 levels,request-53-2-2
increase in atmospheric co2 levels,trapping of heat by greenhouse gases,request-53-2-3
trapping of heat by greenhouse gases,rise in global temperatures,request-53-2-4
rise in global temperatures,global warming,request-53-2-5
release of carbon,industrial processes,request-53-3-0
industrial processes,emission of greenhouse gases,request-53-3-1
emission of greenhouse gases,increase in atmospheric co2 levels,request-53-3-2
increase in atmospheric co2 levels,trapping of heat by greenhouse gases,request-53-3-3
trapping of heat by greenhouse gases,rise in global temperatures,request-53-3-4
rise in global temperatures,global warming,request-53-3-5
release of carbon,agricultural activities,request-53-4-0
agricultural activities,emission of methane and n2o,request-53-4-1
emission of methane and n2o,increase in atmospheric greenhouse gases,request-53-4-2
increase in atmospheric greenhouse gases,trapping of heat by greenhouse gases,request-53-4-3
trapping of heat by greenhouse gases,rise in global temperatures,request-53-4-4
rise in global temperatures,global warming,request-53-4-5
release of carbon,increase in atmospheric co2,request-54-0-0
increase in atmospheric co2,trapping of heat by greenhouse gases,request-54-0-1
trapping of heat by greenhouse gases,rise in global temperatures,request-54-0-2
rise in global temperatures,global warming,request-54-0-3
release of carbon,burning of fossil fuels,request-54-1-0
burning of fossil fuels,increase in atmospheric co2,request-54-1-1
increase in atmospheric co2,trapping of heat by greenhouse gases,request-54-1-2
trapping of heat by greenhouse gases,rise in global temperatures,request-54-1-3
rise in global temperatures,global warming,request-54-1-4
release of carbon,deforestation,request-54-2-0
deforestation,decrease in carbon absorption,request-54-2-1
decrease in carbon absorption,increase in atmospheric co2,request-54-2-2
increase in atmospheric co2,trapping of heat by greenhouse gases,request-54-2-3
trapping of heat by greenhouse gases,rise in global temperatures,request-54-2-4
rise in global temperatures,global warming,request-54-2-5
release of carbon,industrial activities,request-54-3-0
industrial activities,burning of fossil fuels,request-54-3-1
burning of fossil fuels,increase in atmospheric co2,request-54-3-2
increase in atmospheric co2,trapping of heat by greenhouse gases,request-54-3-3
trapping of heat by greenhouse gases,rise in global temperatures,request-54-3-4
rise in global temperatures,global warming,request-54-3-5
release of carbon,land use changes,request-54-4-0
land use changes,deforestation,request-54-4-1
deforestation,decrease in carbon absorption,request-54-4-2
decrease in carbon absorption,increase in atmospheric co2,request-54-4-3
increase in atmospheric co2,trapping of heat by greenhouse gases,request-54-4-4
trapping of heat by greenhouse gases,rise in global temperatures,request-54-4-5
rise in global temperatures,global warming,request-54-4-6
climate change,rising global temperatures,request-55-0-0
rising global temperatures,increased frequency of natural disasters,request-55-0-1
increased frequency of natural disasters,devastating impact on infrastructure,request-55-0-2
devastating impact on infrastructure,disruption of global supply chains,request-55-0-3
disruption of global supply chains,increased demand for fossil fuels,request-55-0-4
increased demand for fossil fuels,"economic opportunities tied to oil, gas, and mineral resources",request-55-0-5
climate change,melting of polar ice caps,request-55-1-0
melting of polar ice caps,rise in sea levels,request-55-1-1
rise in sea levels,coastal erosion and flooding,request-55-1-2
coastal erosion and flooding,displacement of communities,request-55-1-3
displacement of communities,increased reliance on nonrenewable energy sources,request-55-1-4
increased reliance on nonrenewable energy sources,"economic opportunities tied to oil, gas, and mineral resources",request-55-1-5
climate change,changes in weather patterns,request-55-2-0
changes in weather patterns,droughts and water scarcity,request-55-2-1
droughts and water scarcity,impact on agricultural production,request-55-2-2
impact on agricultural production,food and water insecurity,request-55-2-3
food and water insecurity,increased demand for energyintensive desalination,request-55-2-4
increased demand for energyintensive desalination,"economic opportunities tied to oil, gas, and mineral resources",request-55-2-5
climate change,increased frequency of heatwaves,request-55-3-0
increased frequency of heatwaves,strain on energy grids,request-55-3-1
strain on energy grids,increased demand for cooling systems,request-55-3-2
increased demand for cooling systems,rise in energy consumption,request-55-3-3
rise in energy consumption,"economic opportunities tied to oil, gas, and mineral resources",request-55-3-4
climate change,loss of biodiversity,request-55-4-0
loss of biodiversity,disruption of ecosystem services,request-55-4-1
disruption of ecosystem services,impact on mineral deposits and extraction,request-55-4-2
impact on mineral deposits and extraction,increased difficulty in extracting minerals,request-55-4-3
increased difficulty in extracting minerals,"economic opportunities tied to oil, gas, and mineral resources",request-55-4-4
climate change,rising global temperatures,request-56-0-0
rising global temperatures,melting of polar ice caps,request-56-0-1
melting of polar ice caps,reduced sea ice coverage,request-56-0-2
reduced sea ice coverage,increased accessibility of arctic shipping routes,request-56-0-3
increased accessibility of arctic shipping routes,accessible shipping routes,request-56-0-4
climate change,warmer ocean temperatures,request-56-1-0
warmer ocean temperatures,changes in ocean currents,request-56-1-1
changes in ocean currents,shifts in weather patterns,request-56-1-2
shifts in weather patterns,decreased storm frequency in shipping lanes,request-56-1-3
decreased storm frequency in shipping lanes,accessible shipping routes,request-56-1-4
climate change,increased frequency of extreme weather events,request-56-2-0
increased frequency of extreme weather events,damage to coastal infrastructure,request-56-2-1
damage to coastal infrastructure,disruption of shipping operations,request-56-2-2
disruption of shipping operations,redirection of shipping routes,request-56-2-3
redirection of shipping routes,accessible shipping routes,request-56-2-4
climate change,sea level rise,request-56-3-0
sea level rise,changes in coastal erosion patterns,request-56-3-1
changes in coastal erosion patterns,exposure of new shipping routes,request-56-3-2
exposure of new shipping routes,accessible shipping routes,request-56-3-3
climate change,changes in precipitation patterns,request-56-4-0
changes in precipitation patterns,altered river flow rates,request-56-4-1
altered river flow rates,increased water levels in shipping channels,request-56-4-2
increased water levels in shipping channels,accessible shipping routes,request-56-4-3
cutting emissions,reduced efforts to combat climate change,request-57-0-0
reduced efforts to combat climate change,increased greenhouse gas levels,request-57-0-1
increased greenhouse gas levels,thickening of the earth's atmosphere,request-57-0-2
thickening of the earth's atmosphere,rise in global temperatures,request-57-0-3
cutting emissions,decreased investment in renewable energy,request-57-1-0
decreased investment in renewable energy,increased reliance on fossil fuels,request-57-1-1
increased reliance on fossil fuels,higher carbon dioxide levels,request-57-1-2
higher carbon dioxide levels,rise in global temperatures,request-57-1-3
cutting emissions,weakened international climate agreements,request-57-2-0
weakened international climate agreements,less stringent pollution regulations,request-57-2-1
less stringent pollution regulations,increased industrial pollution,request-57-2-2
increased industrial pollution,rise in global temperatures,request-57-2-3
cutting emissions,reduced funding for climate research,request-57-3-0
reduced funding for climate research,limited understanding of climate change,request-57-3-1
limited understanding of climate change,inadequate climate change mitigation,request-57-3-2
inadequate climate change mitigation,rise in global temperatures,request-57-3-3
cutting emissions,decreased public awareness of climate change,request-57-4-0
decreased public awareness of climate change,lower demand for ecofriendly products,request-57-4-1
lower demand for ecofriendly products,increased production of polluting products,request-57-4-2
increased production of polluting products,rise in global temperatures,request-57-4-3
human activity,greenhouse gas emissions,request-58-0-0
greenhouse gas emissions,atmospheric co2 increase,request-58-0-1
atmospheric co2 increase,global temperature rise,request-58-0-2
global temperature rise,climate change,request-58-0-3
human activity,deforestation,request-58-1-0
deforestation,carbon sequestration reduction,request-58-1-1
carbon sequestration reduction,atmospheric co2 increase,request-58-1-2
atmospheric co2 increase,global temperature rise,request-58-1-3
global temperature rise,climate change,request-58-1-4
human activity,fossil fuel combustion,request-58-2-0
fossil fuel combustion,greenhouse gas emissions,request-58-2-1
greenhouse gas emissions,atmospheric co2 increase,request-58-2-2
atmospheric co2 increase,global temperature rise,request-58-2-3
global temperature rise,climate change,request-58-2-4
human activity,industrial processes,request-58-3-0
industrial processes,greenhouse gas emissions,request-58-3-1
greenhouse gas emissions,atmospheric co2 increase,request-58-3-2
atmospheric co2 increase,global temperature rise,request-58-3-3
global temperature rise,climate change,request-58-3-4
human activity,agricultural practices,request-58-4-0
agricultural practices,methane emissions,request-58-4-1
methane emissions,atmospheric ch4 increase,request-58-4-2
atmospheric ch4 increase,global temperature rise,request-58-4-3
global temperature rise,climate change,request-58-4-4
human activity,waste management,request-58-5-0
waste management,methane emissions,request-58-5-1
methane emissions,atmospheric ch4 increase,request-58-5-2
atmospheric ch4 increase,global temperature rise,request-58-5-3
global temperature rise,climate change,request-58-5-4
human activity,population growth,request-58-6-0
population growth,resource overconsumption,request-58-6-1
resource overconsumption,greenhouse gas emissions,request-58-6-2
greenhouse gas emissions,atmospheric co2 increase,request-58-6-3
atmospheric co2 increase,global temperature rise,request-58-6-4
global temperature rise,climate change,request-58-6-5
increase in forest fires,destruction of trees,request-59-0-0
destruction of trees,loss of forests,request-59-0-1
increase in forest fires,spreading of fire to surrounding areas,request-59-1-0
spreading of fire to surrounding areas,burning of large forest areas,request-59-1-1
burning of large forest areas,loss of forests,request-59-1-2
increase in forest fires,release of carbon dioxide into the atmosphere,request-59-2-0
release of carbon dioxide into the atmosphere,acceleration of global warming,request-59-2-1
acceleration of global warming,increased vulnerability of forests to disease and pests,request-59-2-2
increased vulnerability of forests to disease and pests,loss of forests,request-59-2-3
increase in forest fires,disruption of forest ecosystems,request-59-3-0
disruption of forest ecosystems,loss of biodiversity,request-59-3-1
loss of biodiversity,loss of forests,request-59-3-2
increase in forest fires,creation of fireprone conditions,request-59-4-0
creation of fireprone conditions,increased risk of future fires,request-59-4-1
increased risk of future fires,loss of forests,request-59-4-2
increase in forest fires,destruction of habitats,request-60-0-0
destruction of habitats,displacement of species,request-60-0-1
displacement of species,loss of biodiversity,request-60-0-2
increase in forest fires,release of stored carbon,request-60-1-0
release of stored carbon,rise in global temperatures,request-60-1-1
rise in global temperatures,shift in species distribution,request-60-1-2
shift in species distribution,loss of biodiversity,request-60-1-3
increase in forest fires,air and water pollution,request-60-2-0
air and water pollution,toxicity in ecosystems,request-60-2-1
toxicity in ecosystems,death of species populations,request-60-2-2
death of species populations,loss of biodiversity,request-60-2-3
increase in forest fires,soil erosion and degradation,request-60-3-0
soil erosion and degradation,loss of nutrientrich soil,request-60-3-1
loss of nutrientrich soil,reduced plant growth and diversity,request-60-3-2
reduced plant growth and diversity,loss of biodiversity,request-60-3-3
increase in forest fires,changes in ecosystem processes,request-60-4-0
changes in ecosystem processes,disruption of food chains,request-60-4-1
disruption of food chains,decline of species populations,request-60-4-2
decline of species populations,loss of biodiversity,request-60-4-3
increase in forest fires,destruction of vegetation,request-61-0-0
destruction of vegetation,loss of soil cover,request-61-0-1
loss of soil cover,soil erosion,request-61-0-2
soil erosion,weaken of soil health,request-61-0-3
increase in forest fires,release of toxic chemicals,request-61-1-0
release of toxic chemicals,pollution of soil,request-61-1-1
pollution of soil,disruption of soil ecosystem,request-61-1-2
disruption of soil ecosystem,weaken of soil health,request-61-1-3
increase in forest fires,burning of organic matter,request-61-2-0
burning of organic matter,depletion of soil nutrients,request-61-2-1
depletion of soil nutrients,impaired soil fertility,request-61-2-2
impaired soil fertility,weaken of soil health,request-61-2-3
increase in forest fires,increased soil temperature,request-61-3-0
increased soil temperature,alteration of soil microorganisms,request-61-3-1
alteration of soil microorganisms,disruption of soil ecosystem,request-61-3-2
disruption of soil ecosystem,weaken of soil health,request-61-3-3
increase in forest fires,destruction of habitats,request-62-0-0
destruction of habitats,loss of biodiversity,request-62-0-1
loss of biodiversity,environmental threats,request-62-0-2
increase in forest fires,release of carbon dioxide,request-62-1-0
release of carbon dioxide,global warming,request-62-1-1
global warming,environmental threats,request-62-1-2
increase in forest fires,soil erosion,request-62-2-0
soil erosion,decreased water quality,request-62-2-1
decreased water quality,environmental threats,request-62-2-2
increase in forest fires,air pollution,request-62-3-0
air pollution,respiratory problems,request-62-3-1
respiratory problems,environmental threats,request-62-3-2
increase in forest fires,disruption of ecosystem services,request-62-4-0
disruption of ecosystem services,decreased ecosystem resilience,request-62-4-1
decreased ecosystem resilience,environmental threats,request-62-4-2
increase in forest fires,release of stored carbon,request-63-0-0
release of stored carbon,atmospheric co2 increase,request-63-0-1
atmospheric co2 increase,global warming,request-63-0-2
increase in forest fires,burning of fossil fuels,request-63-1-0
burning of fossil fuels,atmospheric co2 increase,request-63-1-1
atmospheric co2 increase,global warming,request-63-1-2
increase in forest fires,drought and heat waves,request-63-2-0
drought and heat waves,increased greenhouse gas emissions,request-63-2-1
increased greenhouse gas emissions,global warming,request-63-2-2
increase in forest fires,loss of carbonabsorbing trees,request-63-3-0
loss of carbonabsorbing trees,atmospheric co2 increase,request-63-3-1
atmospheric co2 increase,global warming,request-63-3-2
increase in forest fires,smoke and aerosol emissions,request-63-4-0
smoke and aerosol emissions,disruption of global climate patterns,request-63-4-1
disruption of global climate patterns,global warming,request-63-4-2
overpopulation,resource depletion,request-64-0-0
resource depletion,deforestation,request-64-0-1
deforestation,loss of carbon sequestration,request-64-0-2
loss of carbon sequestration,increased greenhouse gas emissions,request-64-0-3
increased greenhouse gas emissions,global warming,request-64-0-4
global warming,climate catastrophe,request-64-0-5
overpopulation,increased energy demand,request-64-1-0
increased energy demand,fossil fuel consumption,request-64-1-1
fossil fuel consumption,greenhouse gas emissions,request-64-1-2
greenhouse gas emissions,global warming,request-64-1-3
global warming,rising sea levels,request-64-1-4
rising sea levels,climate catastrophe,request-64-1-5
overpopulation,urbanization,request-64-2-0
urbanization,industrialization,request-64-2-1
industrialization,air pollution,request-64-2-2
air pollution,ozone depletion,request-64-2-3
ozone depletion,disrupted global climate patterns,request-64-2-4
disrupted global climate patterns,climate catastrophe,request-64-2-5
overpopulation,food insecurity,request-64-3-0
food insecurity,land degradation,request-64-3-1
land degradation,soil erosion,request-64-3-2
soil erosion,reduced carbon sequestration,request-64-3-3
reduced carbon sequestration,increased greenhouse gas emissions,request-64-3-4
increased greenhouse gas emissions,climate catastrophe,request-64-3-5
overpopulation,increased water demand,request-64-4-0
increased water demand,water scarcity,request-64-4-1
water scarcity,drought,request-64-4-2
drought,wildfires,request-64-4-3
wildfires,increased greenhouse gas emissions,request-64-4-4
increased greenhouse gas emissions,climate catastrophe,request-64-4-5
coalfired plants,burning of coal,request-65-0-0
burning of coal,release of carbon dioxide,request-65-0-1
release of carbon dioxide,increase in atmospheric co2 concentration,request-65-0-2
increase in atmospheric co2 concentration,dissipation of co2,request-65-0-3
coalfired plants,generation of electricity,request-65-1-0
generation of electricity,transmission of electricity,request-65-1-1
transmission of electricity,industrial processes,request-65-1-2
industrial processes,burning of fossil fuels,request-65-1-3
burning of fossil fuels,release of carbon dioxide,request-65-1-4
release of carbon dioxide,increase in atmospheric co2 concentration,request-65-1-5
increase in atmospheric co2 concentration,dissipation of co2,request-65-1-6
coalfired plants,burning of coal,request-65-2-0
burning of coal,production of ash and slag,request-65-2-1
production of ash and slag,disposal of ash and slag,request-65-2-2
disposal of ash and slag,leaching of heavy metals,request-65-2-3
leaching of heavy metals,contamination of soil and water,request-65-2-4
contamination of soil and water,release of carbon dioxide,request-65-2-5
release of carbon dioxide,increase in atmospheric co2 concentration,request-65-2-6
increase in atmospheric co2 concentration,dissipation of co2,request-65-2-7
coalfired plants,burning of coal,request-65-3-0
burning of coal,release of nitrogen oxides,request-65-3-1
release of nitrogen oxides,formation of groundlevel ozone,request-65-3-2
formation of groundlevel ozone,damage to plant life,request-65-3-3
damage to plant life,disruption of ecosystem,request-65-3-4
disruption of ecosystem,release of stored carbon,request-65-3-5
release of stored carbon,increase in atmospheric co2 concentration,request-65-3-6
increase in atmospheric co2 concentration,dissipation of co2,request-65-3-7
coalfired plants,electricity generation,request-66-0-0
electricity generation,heat production,request-66-0-1
heat production,dissipation of heat,request-66-0-2
coalfired plants,burning of coal,request-66-1-0
burning of coal,combustion reaction,request-66-1-1
combustion reaction,heat release,request-66-1-2
heat release,dissipation of heat,request-66-1-3
coalfired plants,boiler operation,request-66-2-0
boiler operation,water heating,request-66-2-1
water heating,steam production,request-66-2-2
steam production,heat transfer,request-66-2-3
heat transfer,dissipation of heat,request-66-2-4
coalfired plants,thermal energy production,request-66-3-0
thermal energy production,heat exchanger operation,request-66-3-1
heat exchanger operation,cooling system activation,request-66-3-2
cooling system activation,dissipation of heat,request-66-3-3
coalfired plants,power generation,request-66-4-0
power generation,transformer operation,request-66-4-1
transformer operation,electrical resistance,request-66-4-2
electrical resistance,heat generation,request-66-4-3
heat generation,dissipation of heat,request-66-4-4
climate change,rising global temperatures,request-67-0-0
rising global temperatures,melting of polar ice caps,request-67-0-1
melting of polar ice caps,sea level rise,request-67-0-2
sea level rise,coastal erosion,request-67-0-3
coastal erosion,flooding,request-67-0-4
climate change,increased atmospheric moisture,request-67-1-0
increased atmospheric moisture,intensified weather patterns,request-67-1-1
intensified weather patterns,heavy rainfall,request-67-1-2
heavy rainfall,saturation of soil and waterways,request-67-1-3
saturation of soil and waterways,flooding,request-67-1-4
climate change,changes in ocean currents,request-67-2-0
changes in ocean currents,altered weather patterns,request-67-2-1
altered weather patterns,increased storm frequency,request-67-2-2
increased storm frequency,storm surges,request-67-2-3
storm surges,flooding,request-67-2-4
climate change,thawing of permafrost,request-67-3-0
thawing of permafrost,release of methane and carbon dioxide,request-67-3-1
release of methane and carbon dioxide,accelerated global warming,request-67-3-2
accelerated global warming,extreme weather events,request-67-3-3
extreme weather events,flooding,request-67-3-4
climate change,shift in precipitation patterns,request-67-4-0
shift in precipitation patterns,droughts and heatwaves,request-67-4-1
droughts and heatwaves,wildfires and land degradation,request-67-4-2
wildfires and land degradation,increased runoff and sedimentation,request-67-4-3
increased runoff and sedimentation,flooding,request-67-4-4
natural cycles,volcanic eruptions,request-68-0-0
volcanic eruptions,increased co2 emissions,request-68-0-1
increased co2 emissions,atmospheric co2 concentration increase,request-68-0-2
atmospheric co2 concentration increase,greenhouse effect enhancement,request-68-0-3
greenhouse effect enhancement,warming,request-68-0-4
natural cycles,changes in earth's orbit,request-68-1-0
changes in earth's orbit,shifts in global temperature patterns,request-68-1-1
shifts in global temperature patterns,melting of polar ice caps,request-68-1-2
melting of polar ice caps,sealevel rise,request-68-1-3
sealevel rise,coastal erosion,request-68-1-4
coastal erosion,warming,request-68-1-5
natural cycles,variations in solar radiation,request-68-2-0
variations in solar radiation,changes in global temperature,request-68-2-1
changes in global temperature,expansion of ocean waters,request-68-2-2
expansion of ocean waters,sealevel rise,request-68-2-3
sealevel rise,warming,request-68-2-4
natural cycles,el niño events,request-68-3-0
el niño events,changes in global precipitation patterns,request-68-3-1
changes in global precipitation patterns,increased water vapor in atmosphere,request-68-3-2
increased water vapor in atmosphere,enhanced greenhouse effect,request-68-3-3
enhanced greenhouse effect,warming,request-68-3-4
natural cycles,changes in ocean currents,request-68-4-0
changes in ocean currents,redistribution of heat around globe,request-68-4-1
redistribution of heat around globe,regional temperature increases,request-68-4-2
regional temperature increases,warming,request-68-4-3
co2 emissions,increased atmospheric co2 concentration,request-69-0-0
increased atmospheric co2 concentration,enhanced greenhouse effect,request-69-0-1
enhanced greenhouse effect,trapped heat,request-69-0-2
trapped heat,warming,request-69-0-3
co2 emissions,deforestation,request-69-1-0
deforestation,reduced carbon sequestration,request-69-1-1
reduced carbon sequestration,increased atmospheric co2 concentration,request-69-1-2
increased atmospheric co2 concentration,enhanced greenhouse effect,request-69-1-3
enhanced greenhouse effect,trapped heat,request-69-1-4
trapped heat,warming,request-69-1-5
co2 emissions,fossil fuel combustion,request-69-2-0
fossil fuel combustion,released co2 into atmosphere,request-69-2-1
released co2 into atmosphere,increased atmospheric co2 concentration,request-69-2-2
increased atmospheric co2 concentration,enhanced greenhouse effect,request-69-2-3
enhanced greenhouse effect,trapped heat,request-69-2-4
trapped heat,warming,request-69-2-5
co2 emissions,ocean acidification,request-69-3-0
ocean acidification,reduced carbon sequestration,request-69-3-1
reduced carbon sequestration,increased atmospheric co2 concentration,request-69-3-2
increased atmospheric co2 concentration,enhanced greenhouse effect,request-69-3-3
enhanced greenhouse effect,trapped heat,request-69-3-4
trapped heat,warming,request-69-3-5
co2 emissions,feedback loop,request-69-4-0
feedback loop,released methane,request-69-4-1
released methane,enhanced greenhouse effect,request-69-4-2
enhanced greenhouse effect,trapped heat,request-69-4-3
trapped heat,warming,request-69-4-4
natural cycles,volcanic eruptions,request-70-0-0
volcanic eruptions,increased sulfur dioxide emissions,request-70-0-1
increased sulfur dioxide emissions,atmospheric cooling,request-70-0-2
atmospheric cooling,disrupted global temperature patterns,request-70-0-3
disrupted global temperature patterns,climate change,request-70-0-4
natural cycles,changes in earth's orbit,request-70-1-0
changes in earth's orbit,variations in solar radiation,request-70-1-1
variations in solar radiation,shifts in global temperature patterns,request-70-1-2
shifts in global temperature patterns,melting of polar ice caps,request-70-1-3
melting of polar ice caps,climate change,request-70-1-4
natural cycles,fluctuations in ocean currents,request-70-2-0
fluctuations in ocean currents,changes in heat distribution,request-70-2-1
changes in heat distribution,alterations in global weather patterns,request-70-2-2
alterations in global weather patterns,increased frequency of extreme weather events,request-70-2-3
increased frequency of extreme weather events,climate change,request-70-2-4
natural cycles,shifts in tectonic plate movement,request-70-3-0
shifts in tectonic plate movement,increased geological activity,request-70-3-1
increased geological activity,release of stored carbon dioxide,request-70-3-2
release of stored carbon dioxide,enhanced greenhouse effect,request-70-3-3
enhanced greenhouse effect,climate change,request-70-3-4
natural cycles,variations in solar radiation,request-70-4-0
variations in solar radiation,changes in atmospheric circulation patterns,request-70-4-1
changes in atmospheric circulation patterns,shifts in global precipitation patterns,request-70-4-2
shifts in global precipitation patterns,disruptions to ecosystems,request-70-4-3
disruptions to ecosystems,climate change,request-70-4-4
excess of co2,rise in atmospheric temperature,request-71-0-0
rise in atmospheric temperature,enhanced plant growth,request-71-0-1
enhanced plant growth,increase in biomass,request-71-0-2
excess of co2,ocean acidification,request-71-1-0
ocean acidification,increased availability of nutrients,request-71-1-1
increased availability of nutrients,enhanced phytoplankton growth,request-71-1-2
enhanced phytoplankton growth,increase in biomass,request-71-1-3
excess of co2,rise in atmospheric temperature,request-71-2-0
rise in atmospheric temperature,changes in precipitation patterns,request-71-2-1
changes in precipitation patterns,increased water availability,request-71-2-2
increased water availability,enhanced plant growth,request-71-2-3
enhanced plant growth,increase in biomass,request-71-2-4
excess of co2,rise in atmospheric temperature,request-71-3-0
rise in atmospheric temperature,shift in species distribution,request-71-3-1
shift in species distribution,increased presence of species that thrive in high co2,request-71-3-2
increased presence of species that thrive in high co2,increase in biomass,request-71-3-3
excess of co2,increased photosynthesis,request-71-4-0
increased photosynthesis,enhanced plant growth,request-71-4-1
enhanced plant growth,increase in biomass,request-71-4-2
climate change,rising global temperatures,request-72-0-0
rising global temperatures,melting of antarctic ice sheets,request-72-0-1
melting of antarctic ice sheets,increased access to nutrients,request-72-0-2
increased access to nutrients,growth of phytoplankton,request-72-0-3
growth of phytoplankton,greening of antarctica,request-72-0-4
climate change,shift in ocean currents,request-72-1-0
shift in ocean currents,changes in nutrient distribution,request-72-1-1
changes in nutrient distribution,increased nutrient availability,request-72-1-2
increased nutrient availability,growth of phytoplankton,request-72-1-3
growth of phytoplankton,greening of antarctica,request-72-1-4
climate change,increased co2 levels,request-72-2-0
increased co2 levels,enhanced photosynthesis,request-72-2-1
enhanced photosynthesis,growth of phytoplankton,request-72-2-2
growth of phytoplankton,greening of antarctica,request-72-2-3
climate change,changes in precipitation patterns,request-72-3-0
changes in precipitation patterns,increased moisture in antarctica,request-72-3-1
increased moisture in antarctica,growth of mosses and lichens,request-72-3-2
growth of mosses and lichens,greening of antarctica,request-72-3-3
climate change,thawing of permafrost,request-72-4-0
thawing of permafrost,release of nutrients,request-72-4-1
release of nutrients,growth of microorganisms,request-72-4-2
growth of microorganisms,greening of antarctica,request-72-4-3
co2,atmospheric co2 concentration increase,request-73-0-0
atmospheric co2 concentration increase,global temperature rise,request-73-0-1
global temperature rise,increased water evaporation,request-73-0-2
increased water evaporation,more frequent and intense rainfall,request-73-0-3
more frequent and intense rainfall,enhanced plant growth,request-73-0-4
enhanced plant growth,greening of the planet,request-73-0-5
co2,atmospheric co2 concentration increase,request-73-1-0
atmospheric co2 concentration increase,ocean acidification,request-73-1-1
ocean acidification,increased phytoplankton growth,request-73-1-2
increased phytoplankton growth,enhanced ocean carbon sequestration,request-73-1-3
enhanced ocean carbon sequestration,reduced atmospheric co2 levels,request-73-1-4
reduced atmospheric co2 levels,greening of the planet,request-73-1-5
co2,atmospheric co2 concentration increase,request-73-2-0
atmospheric co2 concentration increase,changes in precipitation patterns,request-73-2-1
changes in precipitation patterns,increased flood frequency,request-73-2-2
increased flood frequency,nutrientrich soil deposition,request-73-2-3
nutrientrich soil deposition,enhanced plant growth,request-73-2-4
enhanced plant growth,greening of the planet,request-73-2-5
co2,atmospheric co2 concentration increase,request-73-3-0
atmospheric co2 concentration increase,increased atmospheric humidity,request-73-3-1
increased atmospheric humidity,more frequent and intense heatwaves,request-73-3-2
more frequent and intense heatwaves,drought stress reduction,request-73-3-3
drought stress reduction,enhanced plant growth,request-73-3-4
enhanced plant growth,greening of the planet,request-73-3-5
co2,atmospheric co2 concentration increase,request-73-4-0
atmospheric co2 concentration increase,changes in land use patterns,request-73-4-1
changes in land use patterns,increased afforestation and reforestation,request-73-4-2
increased afforestation and reforestation,enhanced carbon sequestration,request-73-4-3
enhanced carbon sequestration,greening of the planet,request-73-4-4
temperature changes in the ocean,changes in ocean circulation patterns,request-74-0-0
changes in ocean circulation patterns,changes in ocean chemistry,request-74-0-1
changes in ocean chemistry,release of stored carbon dioxide from ocean sediments,request-74-0-2
release of stored carbon dioxide from ocean sediments,increase in co2,request-74-0-3
temperature changes in the ocean,changes in phytoplankton growth and productivity,request-74-1-0
changes in phytoplankton growth and productivity,changes in carbon sequestration by phytoplankton,request-74-1-1
changes in carbon sequestration by phytoplankton,release of carbon dioxide from ocean to atmosphere,request-74-1-2
release of carbon dioxide from ocean to atmosphere,increase in co2,request-74-1-3
temperature changes in the ocean,changes in coral reef ecosystems,request-74-2-0
changes in coral reef ecosystems,changes in coralalgal symbiosis,request-74-2-1
changes in coralalgal symbiosis,release of carbon dioxide from coral reefs,request-74-2-2
release of carbon dioxide from coral reefs,increase in co2,request-74-2-3
temperature changes in the ocean,changes in ocean stratification and mixing,request-74-3-0
changes in ocean stratification and mixing,changes in upwelling of deep water,request-74-3-1
changes in upwelling of deep water,release of stored carbon dioxide from deep water,request-74-3-2
release of stored carbon dioxide from deep water,increase in co2,request-74-3-3
temperature changes in the ocean,changes in marine ecosystems and food webs,request-74-4-0
changes in marine ecosystems and food webs,changes in decomposition rates of organic matter,request-74-4-1
changes in decomposition rates of organic matter,release of carbon dioxide from decomposing organic matter,request-74-4-2
release of carbon dioxide from decomposing organic matter,increase in co2,request-74-4-3
solar changes,changes in earth's energy balance,request-75-0-0
changes in earth's energy balance,increase in atmospheric temperature,request-75-0-1
increase in atmospheric temperature,warmer air masses over the ocean,request-75-0-2
warmer air masses over the ocean,heat transfer from atmosphere to ocean,request-75-0-3
heat transfer from atmosphere to ocean,temperature changes in the ocean,request-75-0-4
solar changes,variations in ultraviolet radiation,request-75-1-0
variations in ultraviolet radiation,ozone layer depletion,request-75-1-1
ozone layer depletion,changes in atmospheric circulation patterns,request-75-1-2
changes in atmospheric circulation patterns,shifts in ocean currents and upwelling,request-75-1-3
shifts in ocean currents and upwelling,temperature changes in the ocean,request-75-1-4
solar changes,changes in cloud cover and albedo,request-75-2-0
changes in cloud cover and albedo,alterations in earth's energy budget,request-75-2-1
alterations in earth's energy budget,increase in atmospheric temperature,request-75-2-2
increase in atmospheric temperature,warmer air masses over the ocean,request-75-2-3
warmer air masses over the ocean,heat transfer from atmosphere to ocean,request-75-2-4
heat transfer from atmosphere to ocean,temperature changes in the ocean,request-75-2-5
solar changes,changes in atmospheric pressure systems,request-75-3-0
changes in atmospheric pressure systems,shifts in wind patterns and ocean currents,request-75-3-1
shifts in wind patterns and ocean currents,changes in ocean mixing and upwelling,request-75-3-2
changes in ocean mixing and upwelling,temperature changes in the ocean,request-75-3-3
solar changes,increase in atmospheric carbon dioxide,request-75-4-0
increase in atmospheric carbon dioxide,enhanced greenhouse effect,request-75-4-1
enhanced greenhouse effect,increase in atmospheric temperature,request-75-4-2
increase in atmospheric temperature,warmer air masses over the ocean,request-75-4-3
warmer air masses over the ocean,heat transfer from atmosphere to ocean,request-75-4-4
heat transfer from atmosphere to ocean,temperature changes in the ocean,request-75-4-5
investing in uranium mining stocks,increased uranium supply,request-76-0-0
increased uranium supply,increased nuclear power generation,request-76-0-1
increased nuclear power generation,shift from fossil fuels to nuclear power,request-76-0-2
shift from fossil fuels to nuclear power,reduction in air pollution,request-76-0-3
investing in uranium mining stocks,increased uranium supply,request-76-1-0
increased uranium supply,development of nuclearpowered clean energy technologies,request-76-1-1
development of nuclearpowered clean energy technologies,widespread adoption of clean energy technologies,request-76-1-2
widespread adoption of clean energy technologies,reduction in air pollution,request-76-1-3
investing in uranium mining stocks,increased uranium supply,request-76-2-0
increased uranium supply,expansion of nuclear power infrastructure,request-76-2-1
expansion of nuclear power infrastructure,increased capacity for lowcarbon energy production,request-76-2-2
increased capacity for lowcarbon energy production,reduction in air pollution,request-76-2-3
investing in uranium mining stocks,increased uranium supply,request-76-3-0
increased uranium supply,government incentives for nuclear power development,request-76-3-1
government incentives for nuclear power development,investment in nuclear power research and development,request-76-3-2
investment in nuclear power research and development,advancements in clean energy technologies,request-76-3-3
advancements in clean energy technologies,reduction in air pollution,request-76-3-4
investing in uranium mining stocks,increased uranium supply,request-76-4-0
increased uranium supply,diversification of energy sources,request-76-4-1
diversification of energy sources,reduced reliance on fossil fuels,request-76-4-2
reduced reliance on fossil fuels,reduction in air pollution,request-76-4-3
reduction in air pollution,,request-76-4-4
investing in uranium mining stocks,increased demand for uranium,request-77-0-0
increased demand for uranium,rise in uranium mining activities,request-77-0-1
rise in uranium mining activities,increased energy production from nuclear power plants,request-77-0-2
increased energy production from nuclear power plants,increased greenhouse gas emissions from nuclear power plant operations,request-77-0-3
increased greenhouse gas emissions from nuclear power plant operations,climate change,request-77-0-4
investing in uranium mining stocks,increased uranium mining operations,request-77-1-0
increased uranium mining operations,environmental degradation from mining activities,request-77-1-1
environmental degradation from mining activities,release of stored carbon into the atmosphere,request-77-1-2
release of stored carbon into the atmosphere,increased atmospheric carbon dioxide levels,request-77-1-3
increased atmospheric carbon dioxide levels,climate change,request-77-1-4
investing in uranium mining stocks,boost to nuclear energy industry,request-77-2-0
boost to nuclear energy industry,increased reliance on nuclear power,request-77-2-1
increased reliance on nuclear power,decreased investment in renewable energy sources,request-77-2-2
decreased investment in renewable energy sources,slowed transition to clean energy,request-77-2-3
slowed transition to clean energy,climate change,request-77-2-4
investing in uranium mining stocks,increased uranium mining waste production,request-77-3-0
increased uranium mining waste production,improper waste disposal practices,request-77-3-1
improper waste disposal practices,radioactive contamination of soil and water,request-77-3-2
radioactive contamination of soil and water,disruption of ecosystems and biodiversity,request-77-3-3
disruption of ecosystems and biodiversity,climate change,request-77-3-4
investing in uranium mining stocks,uranium mining operations,request-78-0-0
uranium mining operations,extraction of uranium ore,request-78-0-1
extraction of uranium ore,crushing and milling of uranium ore,request-78-0-2
crushing and milling of uranium ore,release of uranium dust and particles,request-78-0-3
release of uranium dust and particles,toxic air pollution,request-78-0-4
investing in uranium mining stocks,increased demand for uranium,request-78-1-0
increased demand for uranium,expansion of uranium mining activities,request-78-1-1
expansion of uranium mining activities,increased energy consumption for mining operations,request-78-1-2
increased energy consumption for mining operations,burning of fossil fuels for energy generation,request-78-1-3
burning of fossil fuels for energy generation,toxic air pollution,request-78-1-4
investing in uranium mining stocks,uranium mining operations,request-78-2-0
uranium mining operations,use of heavy machinery and equipment,request-78-2-1
use of heavy machinery and equipment,burning of fossil fuels for machinery operation,request-78-2-2
burning of fossil fuels for machinery operation,toxic air pollution,request-78-2-3
investing in uranium mining stocks,uranium mining operations,request-78-3-0
uranium mining operations,generation of radioactive waste,request-78-3-1
generation of radioactive waste,improper disposal of radioactive waste,request-78-3-2
improper disposal of radioactive waste,leakage of radioactive materials into the air,request-78-3-3
leakage of radioactive materials into the air,toxic air pollution,request-78-3-4
investing in uranium mining stocks,uranium mining operations,request-78-4-0
uranium mining operations,clearing of land for mining activities,request-78-4-1
clearing of land for mining activities,destruction of natural habitats and ecosystems,request-78-4-2
destruction of natural habitats and ecosystems,disruption of natural air purification processes,request-78-4-3
disruption of natural air purification processes,toxic air pollution,request-78-4-4
toxic air pollution,,request-78-4-5
safe carbonfree nuclear energy,increased reliance on fossil fuels,request-79-0-0
increased reliance on fossil fuels,burning of fossil fuels,request-79-0-1
burning of fossil fuels,toxic air pollution,request-79-0-2
safe carbonfree nuclear energy,reduced investment in renewable energy,request-79-1-0
reduced investment in renewable energy,increased dependence on coalfired power plants,request-79-1-1
increased dependence on coalfired power plants,burning of fossil fuels,request-79-1-2
burning of fossil fuels,toxic air pollution,request-79-1-3
safe carbonfree nuclear energy,nuclear accidents and meltdowns,request-79-2-0
nuclear accidents and meltdowns,radioactive waste release,request-79-2-1
radioactive waste release,environmental contamination,request-79-2-2
environmental contamination,toxic air pollution,request-79-2-3
safe carbonfree nuclear energy,mining of uranium for nuclear fuel,request-79-3-0
mining of uranium for nuclear fuel,environmental degradation from mining,request-79-3-1
environmental degradation from mining,airborne toxic particles,request-79-3-2
airborne toxic particles,toxic air pollution,request-79-3-3
safe carbonfree nuclear energy,construction of new nuclear power plants,request-79-4-0
construction of new nuclear power plants,increased energy demand,request-79-4-1
increased energy demand,increased industrial activities,request-79-4-2
increased industrial activities,burning of fossil fuels,request-79-4-3
burning of fossil fuels,toxic air pollution,request-79-4-4
climate change,rising global temperatures,request-80-0-0
rising global temperatures,increased drought,request-80-0-1
increased drought,dry vegetation,request-80-0-2
dry vegetation,forest fires,request-80-0-3
forest fires,loss from forest fires,request-80-0-4
climate change,changes in precipitation patterns,request-80-1-0
changes in precipitation patterns,drought,request-80-1-1
drought,dry vegetation,request-80-1-2
dry vegetation,forest fires,request-80-1-3
forest fires,loss from forest fires,request-80-1-4
climate change,increased lightning strikes,request-80-2-0
increased lightning strikes,ignition sources,request-80-2-1
ignition sources,forest fires,request-80-2-2
forest fires,loss from forest fires,request-80-2-3
climate change,warmer springs,request-80-3-0
warmer springs,earlier snowmelt,request-80-3-1
earlier snowmelt,dry vegetation,request-80-3-2
dry vegetation,forest fires,request-80-3-3
forest fires,loss from forest fires,request-80-3-4
climate change,shift in tree species composition,request-80-4-0
shift in tree species composition,increased fuel load,request-80-4-1
increased fuel load,forest fires,request-80-4-2
forest fires,loss from forest fires,request-80-4-3
climate change,increased human activity in forests,request-80-5-0
increased human activity in forests,humancaused ignition sources,request-80-5-1
humancaused ignition sources,forest fires,request-80-5-2
forest fires,loss from forest fires,request-80-5-3
loss from forest fires,release of stored carbon,request-81-0-0
release of stored carbon,increase in carbon emissions,request-81-0-1
loss from forest fires,destruction of carbonabsorbing trees,request-81-1-0
destruction of carbonabsorbing trees,reduced carbon sequestration,request-81-1-1
reduced carbon sequestration,increase in carbon emissions,request-81-1-2
loss from forest fires,burning of organic matter,request-81-2-0
burning of organic matter,release of stored carbon,request-81-2-1
release of stored carbon,increase in carbon emissions,request-81-2-2
loss from forest fires,disruption of forest ecosystem,request-81-3-0
disruption of forest ecosystem,decomposition of dead plant material,request-81-3-1
decomposition of dead plant material,release of stored carbon,request-81-3-2
release of stored carbon,increase in carbon emissions,request-81-3-3
loss from forest fires,increased risk of future fires,request-81-4-0
increased risk of future fires,more frequent burning of organic matter,request-81-4-1
more frequent burning of organic matter,release of stored carbon,request-81-4-2
release of stored carbon,increase in carbon emissions,request-81-4-3
methane release from soil during forest fires,increased oxygen consumption,request-82-0-0
increased oxygen consumption,rapid spread of fire,request-82-0-1
rapid spread of fire,activation of fire alarm systems,request-82-0-2
activation of fire alarm systems,response of firefighters,request-82-0-3
response of firefighters,fire extinguishment,request-82-0-4
methane release from soil during forest fires,increased carbon dioxide levels,request-82-1-0
increased carbon dioxide levels,reduced visibility,request-82-1-1
reduced visibility,difficulty in accessing fire location,request-82-1-2
difficulty in accessing fire location,delayed response of firefighters,request-82-1-3
delayed response of firefighters,use of alternative firefighting methods,request-82-1-4
use of alternative firefighting methods,fire extinguishment,request-82-1-5
methane release from soil during forest fires,soil drying and cracking,request-82-2-0
soil drying and cracking,exposure of underlying fuel sources,request-82-2-1
exposure of underlying fuel sources,increased fire intensity,request-82-2-2
increased fire intensity,deployment of aerial firefighting resources,request-82-2-3
deployment of aerial firefighting resources,targeted water bombing,request-82-2-4
targeted water bombing,fire extinguishment,request-82-2-5
methane release from soil during forest fires,creation of fire whirls,request-82-3-0
creation of fire whirls,sudden changes in fire direction,request-82-3-1
sudden changes in fire direction,shift in wind patterns,request-82-3-2
shift in wind patterns,changes in fire behavior,request-82-3-3
changes in fire behavior,adaptation of firefighting strategy,request-82-3-4
adaptation of firefighting strategy,fire extinguishment,request-82-3-5
methane release from soil during forest fires,increased risk of reignition,request-82-4-0
increased risk of reignition,monitoring of fire grounds,request-82-4-1
monitoring of fire grounds,detection of hotspots,request-82-4-2
detection of hotspots,moppingup operations,request-82-4-3
moppingup operations,fire extinguishment,request-82-4-4
co2 emissions,atmospheric co2 increase,request-83-0-0
atmospheric co2 increase,ocean co2 absorption,request-83-0-1
ocean co2 absorption,ocean ph decrease,request-83-0-2
ocean ph decrease,ocean acidification,request-83-0-3
co2 emissions,global warming,request-83-1-0
global warming,sea surface temperature increase,request-83-1-1
sea surface temperature increase,ocean co2 absorption,request-83-1-2
ocean co2 absorption,ocean ph decrease,request-83-1-3
ocean ph decrease,ocean acidification,request-83-1-4
co2 emissions,atmospheric co2 increase,request-83-2-0
atmospheric co2 increase,ocean carbonate ion decrease,request-83-2-1
ocean carbonate ion decrease,ocean ph decrease,request-83-2-2
ocean ph decrease,ocean acidification,request-83-2-3
co2 emissions,atmospheric co2 increase,request-83-3-0
atmospheric co2 increase,ocean bicarbonate ion increase,request-83-3-1
ocean bicarbonate ion increase,ocean ph decrease,request-83-3-2
ocean ph decrease,ocean acidification,request-83-3-3
co2,increase in atmospheric temperature,request-84-0-0
increase in atmospheric temperature,rise in ocean temperature,request-84-0-1
rise in ocean temperature,coral bleaching,request-84-0-2
coral bleaching,decrease in coral reefs,request-84-0-3
decrease in coral reefs,loss of habitat for marine species,request-84-0-4
loss of habitat for marine species,decrease in marine biodiversity,request-84-0-5
decrease in marine biodiversity,implementation of ocean conservation policies,request-84-0-6
implementation of ocean conservation policies,improvement in the health of ocean life,request-84-0-7
co2,increase in atmospheric temperature,request-84-1-0
increase in atmospheric temperature,rise in ocean temperature,request-84-1-1
rise in ocean temperature,ocean acidification,request-84-1-2
ocean acidification,decrease in calcium carbonate formation,request-84-1-3
decrease in calcium carbonate formation,impaired shell growth in marine organisms,request-84-1-4
impaired shell growth in marine organisms,decrease in marine biodiversity,request-84-1-5
decrease in marine biodiversity,implementation of ocean conservation policies,request-84-1-6
implementation of ocean conservation policies,improvement in the health of ocean life,request-84-1-7
co2,increase in atmospheric temperature,request-84-2-0
increase in atmospheric temperature,rise in ocean temperature,request-84-2-1
rise in ocean temperature,changes in ocean circulation patterns,request-84-2-2
changes in ocean circulation patterns,disruption of marine food chains,request-84-2-3
disruption of marine food chains,decrease in marine biodiversity,request-84-2-4
decrease in marine biodiversity,implementation of ocean conservation policies,request-84-2-5
implementation of ocean conservation policies,improvement in the health of ocean life,request-84-2-6
co2,increase in atmospheric temperature,request-84-3-0
increase in atmospheric temperature,rise in ocean temperature,request-84-3-1
rise in ocean temperature,increased frequency of marine heatwaves,request-84-3-2
increased frequency of marine heatwaves,mass mortalities of marine species,request-84-3-3
mass mortalities of marine species,decrease in marine biodiversity,request-84-3-4
decrease in marine biodiversity,implementation of ocean conservation policies,request-84-3-5
implementation of ocean conservation policies,improvement in the health of ocean life,request-84-3-6
excess of co2,enhanced photosynthesis,request-85-0-0
enhanced photosynthesis,increased glucose production,request-85-0-1
increased glucose production,increase in biomass,request-85-0-2
excess of co2,warmer temperatures,request-85-1-0
warmer temperatures,longer growing season,request-85-1-1
longer growing season,increased plant growth,request-85-1-2
increased plant growth,increase in biomass,request-85-1-3
excess of co2,changes in soil chemistry,request-85-2-0
changes in soil chemistry,increased nutrient availability,request-85-2-1
increased nutrient availability,faster plant growth,request-85-2-2
faster plant growth,increase in biomass,request-85-2-3
excess of co2,shift in species composition,request-85-3-0
shift in species composition,increased abundance of fastgrowing species,request-85-3-1
increased abundance of fastgrowing species,increase in biomass,request-85-3-2
excess of co2,increased water use efficiency,request-85-4-0
increased water use efficiency,reduced water stress,request-85-4-1
reduced water stress,increased plant growth,request-85-4-2
increased plant growth,increase in biomass,request-85-4-3
climate change,rising global temperatures,request-86-0-0
rising global temperatures,changes in precipitation patterns,request-86-0-1
changes in precipitation patterns,increased frequency of droughts,request-86-0-2
increased frequency of droughts,desertification,request-86-0-3
desertification,ideal breeding conditions for locusts,request-86-0-4
ideal breeding conditions for locusts,locusts,request-86-0-5
climate change,warmer ocean temperatures,request-86-1-0
warmer ocean temperatures,changes in wind patterns,request-86-1-1
changes in wind patterns,altered migration routes of locusts,request-86-1-2
altered migration routes of locusts,increased locust populations,request-86-1-3
increased locust populations,locusts,request-86-1-4
climate change,increased atmospheric co2,request-86-2-0
increased atmospheric co2,enhanced plant growth,request-86-2-1
enhanced plant growth,increased food availability for locusts,request-86-2-2
increased food availability for locusts,rapid locust population growth,request-86-2-3
rapid locust population growth,locusts,request-86-2-4
climate change,more frequent extreme weather events,request-86-3-0
more frequent extreme weather events,disruption of ecosystems,request-86-3-1
disruption of ecosystems,loss of natural predators of locusts,request-86-3-2
loss of natural predators of locusts,uncontrolled locust populations,request-86-3-3
uncontrolled locust populations,locusts,request-86-3-4
climate change,sealevel rise,request-86-4-0
sealevel rise,coastal erosion,request-86-4-1
coastal erosion,saltwater intrusion into freshwater sources,request-86-4-2
saltwater intrusion into freshwater sources,changes in water quality,request-86-4-3
changes in water quality,ideal conditions for locust breeding,request-86-4-4
ideal conditions for locust breeding,locusts,request-86-4-5
climate change,rising global temperatures,request-87-0-0
rising global temperatures,increased evaporation,request-87-0-1
increased evaporation,water scarcity,request-87-0-2
water scarcity,droughts,request-87-0-3
climate change,shift in precipitation patterns,request-87-1-0
shift in precipitation patterns,decreased rainfall,request-87-1-1
decreased rainfall,water shortages,request-87-1-2
water shortages,droughts,request-87-1-3
climate change,warmer ocean temperatures,request-87-2-0
warmer ocean temperatures,changes in atmospheric circulation,request-87-2-1
changes in atmospheric circulation,altered weather patterns,request-87-2-2
altered weather patterns,droughts,request-87-2-3
climate change,melting of glaciers and snowpack,request-87-3-0
melting of glaciers and snowpack,reduced water reservoirs,request-87-3-1
reduced water reservoirs,water shortages,request-87-3-2
water shortages,droughts,request-87-3-3
climate change,increased atmospheric co2,request-87-4-0
increased atmospheric co2,enhanced plant water uptake,request-87-4-1
enhanced plant water uptake,increased evapotranspiration,request-87-4-2
increased evapotranspiration,droughts,request-87-4-3
climate change,sea level rise,request-87-5-0
sea level rise,saltwater intrusion into freshwater sources,request-87-5-1
saltwater intrusion into freshwater sources,water contamination,request-87-5-2
water contamination,droughts,request-87-5-3
climate change,rising global temperatures,request-88-0-0
rising global temperatures,melting of polar ice caps,request-88-0-1
melting of polar ice caps,sea level rise,request-88-0-2
sea level rise,coastal erosion,request-88-0-3
coastal erosion,flooding,request-88-0-4
climate change,increased atmospheric moisture,request-88-1-0
increased atmospheric moisture,intensified weather patterns,request-88-1-1
intensified weather patterns,heavy rainfall,request-88-1-2
heavy rainfall,saturated soil,request-88-1-3
saturated soil,flooding,request-88-1-4
climate change,altered weather patterns,request-88-2-0
altered weather patterns,drought,request-88-2-1
drought,wildfires,request-88-2-2
wildfires,burned vegetation,request-88-2-3
burned vegetation,increased runoff,request-88-2-4
increased runoff,flooding,request-88-2-5
climate change,rising sea surface temperatures,request-88-3-0
rising sea surface temperatures,increased evaporation,request-88-3-1
increased evaporation,atmospheric water vapor,request-88-3-2
atmospheric water vapor,heavy rainfall,request-88-3-3
heavy rainfall,flooding,request-88-3-4
climate change,thawing of permafrost,request-88-4-0
thawing of permafrost,release of methane,request-88-4-1
release of methane,enhanced greenhouse effect,request-88-4-2
enhanced greenhouse effect,rising global temperatures,request-88-4-3
rising global temperatures,sea level rise,request-88-4-4
sea level rise,flooding,request-88-4-5
cars,emissions of greenhouse gases,request-89-0-0
emissions of greenhouse gases,global warming,request-89-0-1
global warming,climate change,request-89-0-2
cars,burning of fossil fuels,request-89-1-0
burning of fossil fuels,release of carbon dioxide,request-89-1-1
release of carbon dioxide,global warming,request-89-1-2
global warming,climate change,request-89-1-3
cars,production of vehicles,request-89-2-0
production of vehicles,energy consumption,request-89-2-1
energy consumption,burning of fossil fuels,request-89-2-2
burning of fossil fuels,release of carbon dioxide,request-89-2-3
release of carbon dioxide,global warming,request-89-2-4
global warming,climate change,request-89-2-5
cars,transportation of goods,request-89-3-0
transportation of goods,increased economic activity,request-89-3-1
increased economic activity,energy consumption,request-89-3-2
energy consumption,burning of fossil fuels,request-89-3-3
burning of fossil fuels,release of carbon dioxide,request-89-3-4
release of carbon dioxide,global warming,request-89-3-5
global warming,climate change,request-89-3-6
cars,traffic congestion,request-89-4-0
traffic congestion,increased idling time,request-89-4-1
increased idling time,emissions of greenhouse gases,request-89-4-2
emissions of greenhouse gases,global warming,request-89-4-3
global warming,climate change,request-89-4-4
cars,manufacturing process,request-89-5-0
manufacturing process,energy consumption,request-89-5-1
energy consumption,burning of fossil fuels,request-89-5-2
burning of fossil fuels,release of carbon dioxide,request-89-5-3
release of carbon dioxide,global warming,request-89-5-4
global warming,climate change,request-89-5-5
cars,disposal of vehicles,request-89-6-0
disposal of vehicles,release of pollutants,request-89-6-1
release of pollutants,environmental degradation,request-89-6-2
environmental degradation,climate change,request-89-6-3
climate change,rising global temperatures,request-90-0-0
rising global temperatures,increased frequency of extreme weather events,request-90-0-1
increased frequency of extreme weather events,droughts and floods,request-90-0-2
droughts and floods,crop failures and reduced yields,request-90-0-3
crop failures and reduced yields,shortages of fresh produce,request-90-0-4
shortages of fresh produce,escalating prices for scarce fresh foods,request-90-0-5
climate change,changes in seasonal patterns,request-90-1-0
changes in seasonal patterns,disruptions to pollination cycles,request-90-1-1
disruptions to pollination cycles,reduced crop yields,request-90-1-2
reduced crop yields,shortages of fresh produce,request-90-1-3
shortages of fresh produce,escalating prices for scarce fresh foods,request-90-1-4
climate change,increased greenhouse gas emissions,request-90-2-0
increased greenhouse gas emissions,ocean acidification,request-90-2-1
ocean acidification,decline of marine ecosystems,request-90-2-2
decline of marine ecosystems,reduced fish stocks,request-90-2-3
reduced fish stocks,shortages of fresh seafood,request-90-2-4
shortages of fresh seafood,escalating prices for scarce fresh foods,request-90-2-5
climate change,rising sea levels,request-90-3-0
rising sea levels,coastal erosion and saltwater intrusion,request-90-3-1
coastal erosion and saltwater intrusion,loss of arable land and freshwater resources,request-90-3-2
loss of arable land and freshwater resources,reduced crop yields,request-90-3-3
reduced crop yields,shortages of fresh produce,request-90-3-4
shortages of fresh produce,escalating prices for scarce fresh foods,request-90-3-5
climate change,changes in precipitation patterns,request-90-4-0
changes in precipitation patterns,water scarcity and drought,request-90-4-1
water scarcity and drought,increased cost of irrigation,request-90-4-2
increased cost of irrigation,reduced crop yields,request-90-4-3
reduced crop yields,shortages of fresh produce,request-90-4-4
shortages of fresh produce,escalating prices for scarce fresh foods,request-90-4-5
climate change,rising global temperatures,request-91-0-0
rising global temperatures,changes in precipitation patterns,request-91-0-1
changes in precipitation patterns,droughts and floods,request-91-0-2
droughts and floods,crop failures,request-91-0-3
crop failures,food shortages,request-91-0-4
food shortages,malnutrition,request-91-0-5
malnutrition,cascades through nutrition,request-91-0-6
climate change,increased frequency of extreme weather events,request-91-1-0
increased frequency of extreme weather events,devastating storms,request-91-1-1
devastating storms,infrastructure damage,request-91-1-2
infrastructure damage,disruption of food supply chains,request-91-1-3
disruption of food supply chains,food insecurity,request-91-1-4
food insecurity,malnutrition,request-91-1-5
malnutrition,cascades through nutrition,request-91-1-6
climate change,rising sea levels,request-91-2-0
rising sea levels,saltwater intrusion into freshwater sources,request-91-2-1
saltwater intrusion into freshwater sources,contamination of irrigation water,request-91-2-2
contamination of irrigation water,reduced crop yields,request-91-2-3
reduced crop yields,food shortages,request-91-2-4
food shortages,malnutrition,request-91-2-5
malnutrition,cascades through nutrition,request-91-2-6
climate change,changes in temperature and precipitation patterns,request-91-3-0
changes in temperature and precipitation patterns,shifts in growing seasons,request-91-3-1
shifts in growing seasons,disruptions to pollination,request-91-3-2
disruptions to pollination,reduced crop yields,request-91-3-3
reduced crop yields,food shortages,request-91-3-4
food shortages,malnutrition,request-91-3-5
malnutrition,cascades through nutrition,request-91-3-6
climate change,increased spread of crop pests and diseases,request-91-4-0
increased spread of crop pests and diseases,reduced crop yields,request-91-4-1
reduced crop yields,food shortages,request-91-4-2
food shortages,malnutrition,request-91-4-3
malnutrition,cascades through nutrition,request-91-4-4
climate change,rising global temperatures,request-92-0-0
rising global temperatures,increased frequency of heatwaves,request-92-0-1
increased frequency of heatwaves,dehydration and heatrelated illnesses,request-92-0-2
dehydration and heatrelated illnesses,cascades through health,request-92-0-3
climate change,rising sea levels,request-92-1-0
rising sea levels,coastal flooding,request-92-1-1
coastal flooding,waterborne disease outbreaks,request-92-1-2
waterborne disease outbreaks,cascades through health,request-92-1-3
climate change,changes in precipitation patterns,request-92-2-0
changes in precipitation patterns,droughts and water scarcity,request-92-2-1
droughts and water scarcity,malnutrition and starvation,request-92-2-2
malnutrition and starvation,cascades through health,request-92-2-3
climate change,increased frequency of natural disasters,request-92-3-0
increased frequency of natural disasters,displacement and migration,request-92-3-1
displacement and migration,mental health problems,request-92-3-2
mental health problems,cascades through health,request-92-3-3
climate change,rising temperatures and humidity,request-92-4-0
rising temperatures and humidity,increased spread of disease vectors,request-92-4-1
increased spread of disease vectors,mosquitoborne illnesses,request-92-4-2
mosquitoborne illnesses,cascades through health,request-92-4-3
climate change,ocean acidification,request-92-5-0
ocean acidification,decline of marine ecosystems,request-92-5-1
decline of marine ecosystems,food insecurity and malnutrition,request-92-5-2
food insecurity and malnutrition,cascades through health,request-92-5-3
climate change,changes in air quality,request-92-6-0
changes in air quality,respiratory problems and asthma,request-92-6-1
respiratory problems and asthma,cascades through health,request-92-6-2
climate change,rising global temperatures,request-93-0-0
rising global temperatures,increased frequency of natural disasters,request-93-0-1
increased frequency of natural disasters,devastation of infrastructure,request-93-0-2
devastation of infrastructure,disruption of supply chains,request-93-0-3
disruption of supply chains,economic instability,request-93-0-4
economic instability,job losses,request-93-0-5
job losses,cascades through employment,request-93-0-6
climate change,melting of polar ice caps,request-93-1-0
melting of polar ice caps,rising sea levels,request-93-1-1
rising sea levels,coastal flooding,request-93-1-2
coastal flooding,displacement of communities,request-93-1-3
displacement of communities,migration to urban areas,request-93-1-4
migration to urban areas,increased competition for jobs,request-93-1-5
increased competition for jobs,cascades through employment,request-93-1-6
climate change,changes in weather patterns,request-93-2-0
changes in weather patterns,droughts and heatwaves,request-93-2-1
droughts and heatwaves,crop failures,request-93-2-2
crop failures,food shortages,request-93-2-3
food shortages,economic crisis,request-93-2-4
economic crisis,business bankruptcies,request-93-2-5
business bankruptcies,job losses,request-93-2-6
job losses,cascades through employment,request-93-2-7
climate change,increased frequency of wildfires,request-93-3-0
increased frequency of wildfires,destruction of forests,request-93-3-1
destruction of forests,loss of biodiversity,request-93-3-2
loss of biodiversity,disruption of ecosystem services,request-93-3-3
disruption of ecosystem services,decreased tourism,request-93-3-4
decreased tourism,economic downturn,request-93-3-5
economic downturn,job losses,request-93-3-6
job losses,cascades through employment,request-93-3-7
climate change,rising sea levels,request-93-4-0
rising sea levels,saltwater intrusion into freshwater sources,request-93-4-1
saltwater intrusion into freshwater sources,water scarcity,request-93-4-2
water scarcity,increased competition for resources,request-93-4-3
increased competition for resources,conflict over resources,request-93-4-4
conflict over resources,economic instability,request-93-4-5
economic instability,job losses,request-93-4-6
job losses,cascades through employment,request-93-4-7
climate change,rising global temperatures,request-94-0-0
rising global temperatures,increased frequency of natural disasters,request-94-0-1
increased frequency of natural disasters,destruction of infrastructure,request-94-0-2
destruction of infrastructure,economic instability,request-94-0-3
economic instability,cascades through economy,request-94-0-4
climate change,changes in weather patterns,request-94-1-0
changes in weather patterns,droughts and crop failures,request-94-1-1
droughts and crop failures,food shortages,request-94-1-2
food shortages,inflation and economic instability,request-94-1-3
inflation and economic instability,cascades through economy,request-94-1-4
climate change,rising sea levels,request-94-2-0
rising sea levels,coastal erosion and flooding,request-94-2-1
coastal erosion and flooding,displacement of communities,request-94-2-2
displacement of communities,increased burden on social services,request-94-2-3
increased burden on social services,economic strains,request-94-2-4
economic strains,cascades through economy,request-94-2-5
climate change,increased frequency of heatwaves,request-94-3-0
increased frequency of heatwaves,strains on power grids,request-94-3-1
strains on power grids,power outages,request-94-3-2
power outages,disruption of economic activity,request-94-3-3
disruption of economic activity,cascades through economy,request-94-3-4
climate change,changes in precipitation patterns,request-94-4-0
changes in precipitation patterns,water scarcity,request-94-4-1
water scarcity,increased cost of water treatment,request-94-4-2
increased cost of water treatment,higher production costs,request-94-4-3
higher production costs,economic instability,request-94-4-4
economic instability,cascades through economy,request-94-4-5
climate change,loss of biodiversity,request-94-5-0
loss of biodiversity,disruption of ecosystem services,request-94-5-1
disruption of ecosystem services,decreased agricultural productivity,request-94-5-2
decreased agricultural productivity,economic losses,request-94-5-3
economic losses,cascades through economy,request-94-5-4
mismanagement of god's work,destruction of natural habitats,request-95-0-0
destruction of natural habitats,loss of biodiversity,request-95-0-1
loss of biodiversity,disruption of ecosystem balance,request-95-0-2
disruption of ecosystem balance,increased greenhouse gas emissions,request-95-0-3
increased greenhouse gas emissions,climate change,request-95-0-4
mismanagement of god's work,overexploitation of natural resources,request-95-1-0
overexploitation of natural resources,deforestation,request-95-1-1
deforestation,increased carbon dioxide levels,request-95-1-2
increased carbon dioxide levels,global warming,request-95-1-3
global warming,climate change,request-95-1-4
mismanagement of god's work,pollution of water sources,request-95-2-0
pollution of water sources,contamination of soil and air,request-95-2-1
contamination of soil and air,disruption of natural cycles,request-95-2-2
disruption of natural cycles,imbalance in earth's systems,request-95-2-3
imbalance in earth's systems,climate change,request-95-2-4
mismanagement of god's work,unsustainable agricultural practices,request-95-3-0
unsustainable agricultural practices,soil degradation,request-95-3-1
soil degradation,reduced carbon sequestration,request-95-3-2
reduced carbon sequestration,increased atmospheric co2 levels,request-95-3-3
increased atmospheric co2 levels,climate change,request-95-3-4
mismanagement of god's work,unregulated industrial activities,request-95-4-0
unregulated industrial activities,release of pollutants and toxins,request-95-4-1
release of pollutants and toxins,atmospheric pollution,request-95-4-2
atmospheric pollution,ozone layer depletion,request-95-4-3
ozone layer depletion,climate change,request-95-4-4
mismanagement of god's work,lack of environmental stewardship,request-95-5-0
lack of environmental stewardship,neglect of conservation efforts,request-95-5-1
neglect of conservation efforts,habitat destruction,request-95-5-2
habitat destruction,loss of carbon sinks,request-95-5-3
loss of carbon sinks,climate change,request-95-5-4
human activity,fossil fuel extraction,request-96-0-0
fossil fuel extraction,fossil fuel combustion,request-96-0-1
fossil fuel combustion,carbon dioxide emissions,request-96-0-2
carbon dioxide emissions,greenhouse gas concentrations,request-96-0-3
human activity,deforestation,request-96-1-0
deforestation,land use change,request-96-1-1
land use change,carbon sequestration reduction,request-96-1-2
carbon sequestration reduction,carbon dioxide emissions,request-96-1-3
carbon dioxide emissions,greenhouse gas concentrations,request-96-1-4
human activity,agriculture,request-96-2-0
agriculture,livestock production,request-96-2-1
livestock production,methane emissions,request-96-2-2
methane emissions,greenhouse gas concentrations,request-96-2-3
human activity,industrial processes,request-96-3-0
industrial processes,nitrous oxide emissions,request-96-3-1
nitrous oxide emissions,greenhouse gas concentrations,request-96-3-2
human activity,waste management,request-96-4-0
waste management,methane emissions,request-96-4-1
methane emissions,greenhouse gas concentrations,request-96-4-2
human activity,transportation,request-96-5-0
transportation,fossil fuel combustion,request-96-5-1
fossil fuel combustion,carbon dioxide emissions,request-96-5-2
carbon dioxide emissions,greenhouse gas concentrations,request-96-5-3
human activity,population growth,request-96-6-0
population growth,increased energy demand,request-96-6-1
increased energy demand,fossil fuel combustion,request-96-6-2
fossil fuel combustion,carbon dioxide emissions,request-96-6-3
carbon dioxide emissions,greenhouse gas concentrations,request-96-6-4
foreign countries,investors from foreign countries,request-97-0-0
investors from foreign countries,investment in agriculture and livestock,request-97-0-1
investment in agriculture and livestock,expansion of agricultural land and ranches,request-97-0-2
expansion of agricultural land and ranches,deforestation,request-97-0-3
foreign countries,demand for timber and wood products,request-97-1-0
demand for timber and wood products,logging companies,request-97-1-1
logging companies,clearcutting of forests,request-97-1-2
clearcutting of forests,deforestation,request-97-1-3
foreign countries,economic development and growth,request-97-2-0
economic development and growth,increased consumption of paper and palm oil,request-97-2-1
increased consumption of paper and palm oil,demand for raw materials from forests,request-97-2-2
demand for raw materials from forests,deforestation,request-97-2-3
foreign countries,multinational corporations,request-97-3-0
multinational corporations,operations in developing countries,request-97-3-1
operations in developing countries,land acquisition and clearance,request-97-3-2
land acquisition and clearance,deforestation,request-97-3-3
foreign countries,international trade agreements,request-97-4-0
international trade agreements,liberalization of forest products trade,request-97-4-1
liberalization of forest products trade,increased logging and timber extraction,request-97-4-2
increased logging and timber extraction,deforestation,request-97-4-3
foreign countries,tourism industry,request-97-5-0
tourism industry,infrastructure development in forests,request-97-5-1
infrastructure development in forests,habitat destruction and fragmentation,request-97-5-2
habitat destruction and fragmentation,deforestation,request-97-5-3
flowing factors,heavy rainfall,request-98-0-0
heavy rainfall,saturated soil,request-98-0-1
saturated soil,runoff,request-98-0-2
runoff,flooding,request-98-0-3
flowing factors,rapid snowmelt,request-98-1-0
rapid snowmelt,excessive water flow,request-98-1-1
excessive water flow,overwhelmed drainage systems,request-98-1-2
overwhelmed drainage systems,flooding,request-98-1-3
flowing factors,strong winds,request-98-2-0
strong winds,storm surge,request-98-2-1
storm surge,coastal erosion,request-98-2-2
coastal erosion,flooding,request-98-2-3
flowing factors,landslides,request-98-3-0
landslides,blocked waterways,request-98-3-1
blocked waterways,backedup water,request-98-3-2
backedup water,flooding,request-98-3-3
flowing factors,dam failure,request-98-4-0
dam failure,uncontrolled water release,request-98-4-1
uncontrolled water release,flash flooding,request-98-4-2
flash flooding,flooding,request-98-4-3
deforestation,removal of tree roots,request-99-0-0
removal of tree roots,soil erosion,request-99-0-1
soil erosion,loss of soil stability,request-99-0-2
loss of soil stability,land sliding,request-99-0-3
deforestation,increased rainwater runoff,request-99-1-0
increased rainwater runoff,soil saturation,request-99-1-1
soil saturation,soil instability,request-99-1-2
soil instability,land sliding,request-99-1-3
deforestation,decreased evapotranspiration,request-99-2-0
decreased evapotranspiration,increased groundwater flow,request-99-2-1
increased groundwater flow,soil instability,request-99-2-2
soil instability,land sliding,request-99-2-3
deforestation,removal of vegetation cover,request-99-3-0
removal of vegetation cover,soil exposure,request-99-3-1
soil exposure,soil erosion,request-99-3-2
soil erosion,land sliding,request-99-3-3
deforestation,changes in soil microclimate,request-99-4-0
changes in soil microclimate,soil drying,request-99-4-1
soil drying,soil cracking,request-99-4-2
soil cracking,land sliding,request-99-4-3
rise in global temperatures,melting of glaciers and polar ice caps,request-100-0-0
melting of glaciers and polar ice caps,increased water flow into oceans,request-100-0-1
increased water flow into oceans,rise in sea levels,request-100-0-2
rise in sea levels,erosion of coastal areas,request-100-0-3
erosion of coastal areas,land sliding,request-100-0-4
rise in global temperatures,changes in precipitation patterns,request-100-1-0
changes in precipitation patterns,heavy rainfall in certain regions,request-100-1-1
heavy rainfall in certain regions,saturated soil,request-100-1-2
saturated soil,land sliding,request-100-1-3
rise in global temperatures,thawing of permafrost,request-100-2-0
thawing of permafrost,soil instability,request-100-2-1
soil instability,land sliding,request-100-2-2
rise in global temperatures,increased frequency of extreme weather events,request-100-3-0
increased frequency of extreme weather events,heavy rainfall and flooding,request-100-3-1
heavy rainfall and flooding,saturated soil,request-100-3-2
saturated soil,land sliding,request-100-3-3
rise in global temperatures,drought in certain regions,request-100-4-0
drought in certain regions,vegetation dieoff,request-100-4-1
vegetation dieoff,soil erosion,request-100-4-2
soil erosion,land sliding,request-100-4-3
melting of glaciers,rising of sea levels,request-101-0-0
rising of sea levels,increased water pressure on coastal cliffs,request-101-0-1
increased water pressure on coastal cliffs,erosion of coastal cliffs,request-101-0-2
erosion of coastal cliffs,land sliding,request-101-0-3
melting of glaciers,changes in groundwater levels,request-101-1-0
changes in groundwater levels,saturation of soil,request-101-1-1
saturation of soil,loss of soil stability,request-101-1-2
loss of soil stability,land sliding,request-101-1-3
melting of glaciers,increased river flow,request-101-2-0
increased river flow,erosion of riverbanks,request-101-2-1
erosion of riverbanks,undermining of hillsides,request-101-2-2
undermining of hillsides,land sliding,request-101-2-3
melting of glaciers,changes in weather patterns,request-101-3-0
changes in weather patterns,heavy rainfall,request-101-3-1
heavy rainfall,saturation of soil,request-101-3-2
saturation of soil,land sliding,request-101-3-3
soil erosion,loss of vegetation,request-102-0-0
loss of vegetation,reduced root system,request-102-0-1
reduced root system,increased water runoff,request-102-0-2
increased water runoff,saturation of soil,request-102-0-3
saturation of soil,land sliding,request-102-0-4
soil erosion,exposure of underlying rock,request-102-1-0
exposure of underlying rock,weathering of rock,request-102-1-1
weathering of rock,creation of unstable slopes,request-102-1-2
creation of unstable slopes,land sliding,request-102-1-3
soil erosion,increased surface water flow,request-102-2-0
increased surface water flow,creation of gullies and ravines,request-102-2-1
creation of gullies and ravines,undermining of slopes,request-102-2-2
undermining of slopes,land sliding,request-102-2-3
soil erosion,decreased soil cohesion,request-102-3-0
decreased soil cohesion,increased likelihood of soil failure,request-102-3-1
increased likelihood of soil failure,land sliding,request-102-3-2
soil erosion,removal of soil layer,request-102-4-0
removal of soil layer,exposure of underlying soil layer,request-102-4-1
exposure of underlying soil layer,instability of soil layer,request-102-4-2
instability of soil layer,land sliding,request-102-4-3
earthquakes,ground shaking,request-103-0-0
ground shaking,soil instability,request-103-0-1
soil instability,land sliding,request-103-0-2
earthquakes,seismic waves,request-103-1-0
seismic waves,ground vibration,request-103-1-1
ground vibration,soil liquefaction,request-103-1-2
soil liquefaction,land sliding,request-103-1-3
earthquakes,tectonic plate movement,request-103-2-0
tectonic plate movement,fault rupture,request-103-2-1
fault rupture,ground deformation,request-103-2-2
ground deformation,land sliding,request-103-2-3
earthquakes,rock fracturing,request-103-3-0
rock fracturing,slope instability,request-103-3-1
slope instability,land sliding,request-103-3-2
earthquakes,soil compaction,request-103-4-0
soil compaction,pore water pressure increase,request-103-4-1
pore water pressure increase,soil instability,request-103-4-2
soil instability,land sliding,request-103-4-3
deforestation,soil erosion,request-104-0-0
soil erosion,increased sediment load,request-104-0-1
increased sediment load,rivers filled with mud,request-104-0-2
deforestation,tree removal,request-104-1-0
tree removal,exposed soil,request-104-1-1
exposed soil,soil erosion,request-104-1-2
soil erosion,increased sediment load,request-104-1-3
increased sediment load,rivers filled with mud,request-104-1-4
deforestation,loss of vegetation,request-104-2-0
loss of vegetation,decreased water absorption,request-104-2-1
decreased water absorption,increased runoff,request-104-2-2
increased runoff,soil erosion,request-104-2-3
soil erosion,increased sediment load,request-104-2-4
increased sediment load,rivers filled with mud,request-104-2-5
deforestation,landslides,request-104-3-0
landslides,soil and debris in waterways,request-104-3-1
soil and debris in waterways,increased sediment load,request-104-3-2
increased sediment load,rivers filled with mud,request-104-3-3
deforestation,changes in water cycle,request-104-4-0
changes in water cycle,increased rainwater runoff,request-104-4-1
increased rainwater runoff,soil erosion,request-104-4-2
soil erosion,increased sediment load,request-104-4-3
increased sediment load,rivers filled with mud,request-104-4-4
rise in global temperatures,increased melting of glaciers,request-105-0-0
increased melting of glaciers,increased water flow into rivers,request-105-0-1
increased water flow into rivers,rivers filled with mud,request-105-0-2
rise in global temperatures,changes in precipitation patterns,request-105-1-0
changes in precipitation patterns,heavy rainfall events,request-105-1-1
heavy rainfall events,soil erosion and landslides,request-105-1-2
soil erosion and landslides,rivers filled with mud,request-105-1-3
rise in global temperatures,thawing of permafrost,request-105-2-0
thawing of permafrost,release of stored sediment,request-105-2-1
release of stored sediment,rivers filled with mud,request-105-2-2
rise in global temperatures,increased frequency of wildfires,request-105-3-0
increased frequency of wildfires,burned areas with increased runoff,request-105-3-1
burned areas with increased runoff,soil erosion and landslides,request-105-3-2
soil erosion and landslides,rivers filled with mud,request-105-3-3
rise in global temperatures,changes in land use patterns,request-105-4-0
changes in land use patterns,deforestation and land degradation,request-105-4-1
deforestation and land degradation,soil erosion and landslides,request-105-4-2
soil erosion and landslides,rivers filled with mud,request-105-4-3
melting of glaciers,increased water flow,request-106-0-0
increased water flow,erosion of soil and rocks,request-106-0-1
erosion of soil and rocks,release of sediment,request-106-0-2
release of sediment,rivers filled with mud,request-106-0-3
melting of glaciers,rising sea levels,request-106-1-0
rising sea levels,coastal erosion,request-106-1-1
coastal erosion,release of sediment,request-106-1-2
release of sediment,rivers filled with mud,request-106-1-3
melting of glaciers,changes in water tables,request-106-2-0
changes in water tables,increased runoff,request-106-2-1
increased runoff,erosion of soil and rocks,request-106-2-2
erosion of soil and rocks,release of sediment,request-106-2-3
release of sediment,rivers filled with mud,request-106-2-4
melting of glaciers,increased water flow,request-106-3-0
increased water flow,flooding,request-106-3-1
flooding,erosion of soil and rocks,request-106-3-2
erosion of soil and rocks,release of sediment,request-106-3-3
release of sediment,rivers filled with mud,request-106-3-4
melting of glaciers,changes in weather patterns,request-106-4-0
changes in weather patterns,heavy rainfall,request-106-4-1
heavy rainfall,flooding,request-106-4-2
flooding,erosion of soil and rocks,request-106-4-3
erosion of soil and rocks,release of sediment,request-106-4-4
release of sediment,rivers filled with mud,request-106-4-5
soil erosion,runoff water,request-107-0-0
runoff water,carrying sediment,request-107-0-1
carrying sediment,rivers filled with mud,request-107-0-2
soil erosion,landslides,request-107-1-0
landslides,debris flow,request-107-1-1
debris flow,rivers filled with mud,request-107-1-2
soil erosion,exposed soil,request-107-2-0
exposed soil,surface runoff,request-107-2-1
surface runoff,rivers filled with mud,request-107-2-2
soil erosion,increased sediment load,request-107-3-0
increased sediment load,river sedimentation,request-107-3-1
river sedimentation,rivers filled with mud,request-107-3-2
soil erosion,watercourse alteration,request-107-4-0
watercourse alteration,changes in river flow,request-107-4-1
changes in river flow,rivers filled with mud,request-107-4-2
earthquakes,landslides,request-108-0-0
landslides,soil erosion,request-108-0-1
soil erosion,debris flow,request-108-0-2
debris flow,rivers filled with mud,request-108-0-3
earthquakes,mountain instability,request-108-1-0
mountain instability,rockfalls,request-108-1-1
rockfalls,sediment transport,request-108-1-2
sediment transport,rivers filled with mud,request-108-1-3
earthquakes,ground shaking,request-108-2-0
ground shaking,soil liquefaction,request-108-2-1
soil liquefaction,mudflow,request-108-2-2
mudflow,rivers filled with mud,request-108-2-3
earthquakes,dam failure,request-108-3-0
dam failure,floods,request-108-3-1
floods,sediment transport,request-108-3-2
sediment transport,rivers filled with mud,request-108-3-3
earthquakes,land subsidence,request-108-4-0
land subsidence,altered drainage patterns,request-108-4-1
altered drainage patterns,sediment accumulation,request-108-4-2
sediment accumulation,rivers filled with mud,request-108-4-3
deforestation,soil erosion,request-109-0-0
soil erosion,increased sedimentation,request-109-0-1
increased sedimentation,canals filled with mud,request-109-0-2
deforestation,removal of tree roots,request-109-1-0
removal of tree roots,soil instability,request-109-1-1
soil instability,landslides,request-109-1-2
landslides,increased sedimentation,request-109-1-3
increased sedimentation,canals filled with mud,request-109-1-4
deforestation,increased runoff,request-109-2-0
increased runoff,flooding,request-109-2-1
flooding,sediment transport,request-109-2-2
sediment transport,canals filled with mud,request-109-2-3
deforestation,changes in water cycle,request-109-3-0
changes in water cycle,altered river flow,request-109-3-1
altered river flow,sediment deposition,request-109-3-2
sediment deposition,canals filled with mud,request-109-3-3
deforestation,loss of vegetation,request-109-4-0
loss of vegetation,soil exposure,request-109-4-1
soil exposure,erosion by water,request-109-4-2
erosion by water,sedimentation in canals,request-109-4-3
sedimentation in canals,canals filled with mud,request-109-4-4
rise in global temperatures,increased melting of polar ice caps,request-110-0-0
increased melting of polar ice caps,rise in sea levels,request-110-0-1
rise in sea levels,coastal erosion,request-110-0-2
coastal erosion,sedimentation in canals,request-110-0-3
sedimentation in canals,canals filled with mud,request-110-0-4
rise in global temperatures,changes in precipitation patterns,request-110-1-0
changes in precipitation patterns,droughts in certain regions,request-110-1-1
droughts in certain regions,decreased water flow into canals,request-110-1-2
decreased water flow into canals,sedimentation in canals,request-110-1-3
sedimentation in canals,canals filled with mud,request-110-1-4
rise in global temperatures,increased frequency of extreme weather events,request-110-2-0
increased frequency of extreme weather events,flooding in coastal areas,request-110-2-1
flooding in coastal areas,siltation in canals,request-110-2-2
siltation in canals,canals filled with mud,request-110-2-3
rise in global temperatures,thawing of permafrost,request-110-3-0
thawing of permafrost,release of methane and carbon dioxide,request-110-3-1
release of methane and carbon dioxide,increased growth of aquatic plants,request-110-3-2
increased growth of aquatic plants,clogged canals with plant material,request-110-3-3
clogged canals with plant material,canals filled with mud,request-110-3-4
melting of glaciers,increased water flow into rivers,request-111-0-0
increased water flow into rivers,flooding of rivers,request-111-0-1
flooding of rivers,overflow of rivers into adjacent lowlying areas,request-111-0-2
overflow of rivers into adjacent lowlying areas,deposition of sediment in lowlying areas,request-111-0-3
deposition of sediment in lowlying areas,accumulation of sediment in canals,request-111-0-4
accumulation of sediment in canals,canals filled with mud,request-111-0-5
melting of glaciers,rise in sea level,request-111-1-0
rise in sea level,increased tidal range and coastal erosion,request-111-1-1
increased tidal range and coastal erosion,increased sediment transport by coastal currents,request-111-1-2
increased sediment transport by coastal currents,deposition of sediment in canals,request-111-1-3
deposition of sediment in canals,canals filled with mud,request-111-1-4
melting of glaciers,changes in precipitation patterns,request-111-2-0
changes in precipitation patterns,increased rainfall in certain regions,request-111-2-1
increased rainfall in certain regions,flooding of rivers,request-111-2-2
flooding of rivers,overflow of rivers into adjacent lowlying areas,request-111-2-3
overflow of rivers into adjacent lowlying areas,deposition of sediment in lowlying areas,request-111-2-4
deposition of sediment in lowlying areas,accumulation of sediment in canals,request-111-2-5
accumulation of sediment in canals,canals filled with mud,request-111-2-6
melting of glaciers,changes in land use and land cover,request-111-3-0
changes in land use and land cover,increased soil erosion,request-111-3-1
increased soil erosion,increased sediment load in rivers,request-111-3-2
increased sediment load in rivers,deposition of sediment in canals,request-111-3-3
deposition of sediment in canals,canals filled with mud,request-111-3-4
soil erosion,sediment transport,request-112-0-0
sediment transport,riverbed sedimentation,request-112-0-1
riverbed sedimentation,canals filled with mud,request-112-0-2
soil erosion,land degradation,request-112-1-0
land degradation,increased runoff,request-112-1-1
increased runoff,riverbed sedimentation,request-112-1-2
riverbed sedimentation,canals filled with mud,request-112-1-3
soil erosion,increased surface water flow,request-112-2-0
increased surface water flow,flooding,request-112-2-1
flooding,river overflow,request-112-2-2
river overflow,riverbed sedimentation,request-112-2-3
riverbed sedimentation,canals filled with mud,request-112-2-4
soil erosion,loss of vegetation,request-112-3-0
loss of vegetation,increased surface water flow,request-112-3-1
increased surface water flow,flooding,request-112-3-2
flooding,river overflow,request-112-3-3
river overflow,riverbed sedimentation,request-112-3-4
riverbed sedimentation,canals filled with mud,request-112-3-5
earthquakes,landslides,request-113-0-0
landslides,blocked rivers,request-113-0-1
blocked rivers,flooding,request-113-0-2
flooding,canals filled with mud,request-113-0-3
earthquakes,soil liquefaction,request-113-1-0
soil liquefaction,underground sediment displacement,request-113-1-1
underground sediment displacement,riverbed sedimentation,request-113-1-2
riverbed sedimentation,canals filled with mud,request-113-1-3
earthquakes,dam failures,request-113-2-0
dam failures,uncontrolled water flow,request-113-2-1
uncontrolled water flow,sedimentladen water,request-113-2-2
sedimentladen water,canals filled with mud,request-113-2-3
earthquakes,ground deformation,request-113-3-0
ground deformation,altered river courses,request-113-3-1
altered river courses,sediment accumulation,request-113-3-2
sediment accumulation,canals filled with mud,request-113-3-3
deforestation,soil erosion,request-114-0-0
soil erosion,increased sedimentation,request-114-0-1
increased sedimentation,rivers filled with mud,request-114-0-2
rivers filled with mud,dams filled with mud,request-114-0-3
deforestation,loss of vegetation,request-114-1-0
loss of vegetation,soil instability,request-114-1-1
soil instability,landslides,request-114-1-2
landslides,rivers filled with mud,request-114-1-3
rivers filled with mud,dams filled with mud,request-114-1-4
deforestation,increased runoff,request-114-2-0
increased runoff,flooding,request-114-2-1
flooding,rivers filled with mud,request-114-2-2
rivers filled with mud,dams filled with mud,request-114-2-3
deforestation,soil compaction,request-114-3-0
soil compaction,reduced water infiltration,request-114-3-1
reduced water infiltration,increased runoff,request-114-3-2
increased runoff,flooding,request-114-3-3
flooding,rivers filled with mud,request-114-3-4
rivers filled with mud,dams filled with mud,request-114-3-5
rise in global temperatures,increased melting of glaciers,request-115-0-0
increased melting of glaciers,increased sediment load in rivers,request-115-0-1
increased sediment load in rivers,higher levels of sedimentation in dams,request-115-0-2
higher levels of sedimentation in dams,dams filled with mud,request-115-0-3
rise in global temperatures,changes in precipitation patterns,request-115-1-0
changes in precipitation patterns,increased frequency of heavy rainfall events,request-115-1-1
increased frequency of heavy rainfall events,landslides and soil erosion,request-115-1-2
landslides and soil erosion,increased sediment load in rivers,request-115-1-3
increased sediment load in rivers,higher levels of sedimentation in dams,request-115-1-4
higher levels of sedimentation in dams,dams filled with mud,request-115-1-5
rise in global temperatures,thawing of permafrost,request-115-2-0
thawing of permafrost,release of stored sediment,request-115-2-1
release of stored sediment,increased sediment load in rivers,request-115-2-2
increased sediment load in rivers,higher levels of sedimentation in dams,request-115-2-3
higher levels of sedimentation in dams,dams filled with mud,request-115-2-4
rise in global temperatures,increased frequency of wildfires,request-115-3-0
increased frequency of wildfires,burned areas with increased erosion risk,request-115-3-1
burned areas with increased erosion risk,landslides and soil erosion,request-115-3-2
landslides and soil erosion,increased sediment load in rivers,request-115-3-3
increased sediment load in rivers,higher levels of sedimentation in dams,request-115-3-4
higher levels of sedimentation in dams,dams filled with mud,request-115-3-5
melting of glaciers,increased water flow into rivers,request-116-0-0
increased water flow into rivers,erosion of riverbanks,request-116-0-1
erosion of riverbanks,release of sediment into rivers,request-116-0-2
release of sediment into rivers,transport of sediment downstream,request-116-0-3
transport of sediment downstream,deposition of sediment in dams,request-116-0-4
deposition of sediment in dams,dams filled with mud,request-116-0-5
melting of glaciers,rapid snowmelt,request-116-1-0
rapid snowmelt,flash flooding,request-116-1-1
flash flooding,overflow of rivers,request-116-1-2
overflow of rivers,erosion of riverbanks,request-116-1-3
erosion of riverbanks,release of sediment into rivers,request-116-1-4
release of sediment into rivers,transport of sediment downstream,request-116-1-5
transport of sediment downstream,deposition of sediment in dams,request-116-1-6
deposition of sediment in dams,dams filled with mud,request-116-1-7
melting of glaciers,changes in river flow patterns,request-116-2-0
changes in river flow patterns,increased sediment load in rivers,request-116-2-1
increased sediment load in rivers,transport of sediment downstream,request-116-2-2
transport of sediment downstream,deposition of sediment in dams,request-116-2-3
deposition of sediment in dams,dams filled with mud,request-116-2-4
melting of glaciers,rise in sea levels,request-116-3-0
rise in sea levels,increased coastal erosion,request-116-3-1
increased coastal erosion,release of sediment into rivers,request-116-3-2
release of sediment into rivers,transport of sediment downstream,request-116-3-3
transport of sediment downstream,deposition of sediment in dams,request-116-3-4
deposition of sediment in dams,dams filled with mud,request-116-3-5
dams filled with mud,,request-116-3-6
soil erosion,sediment transport,request-117-0-0
sediment transport,riverbed sedimentation,request-117-0-1
riverbed sedimentation,dams filled with mud,request-117-0-2
soil erosion,land degradation,request-117-1-0
land degradation,increased runoff,request-117-1-1
increased runoff,riverbed sedimentation,request-117-1-2
riverbed sedimentation,dams filled with mud,request-117-1-3
soil erosion,vegetation loss,request-117-2-0
vegetation loss,increased runoff,request-117-2-1
increased runoff,riverbed sedimentation,request-117-2-2
riverbed sedimentation,dams filled with mud,request-117-2-3
soil erosion,landslide occurrence,request-117-3-0
landslide occurrence,debris flow,request-117-3-1
debris flow,riverbed sedimentation,request-117-3-2
riverbed sedimentation,dams filled with mud,request-117-3-3
soil erosion,stream bank instability,request-117-4-0
stream bank instability,stream bed sedimentation,request-117-4-1
stream bed sedimentation,riverbed sedimentation,request-117-4-2
riverbed sedimentation,dams filled with mud,request-117-4-3
earthquakes,landslides,request-118-0-0
landslides,debris flow,request-118-0-1
debris flow,mud and sediment accumulation,request-118-0-2
mud and sediment accumulation,dams filled with mud,request-118-0-3
earthquakes,soil liquefaction,request-118-1-0
soil liquefaction,loss of soil stability,request-118-1-1
loss of soil stability,massive erosion,request-118-1-2
massive erosion,mud and sediment accumulation,request-118-1-3
mud and sediment accumulation,dams filled with mud,request-118-1-4
earthquakes,heavy rainfall,request-118-2-0
heavy rainfall,flooding,request-118-2-1
flooding,sediment transport,request-118-2-2
sediment transport,mud and sediment accumulation,request-118-2-3
mud and sediment accumulation,dams filled with mud,request-118-2-4
earthquakes,dam foundation damage,request-118-3-0
dam foundation damage,water seepage,request-118-3-1
water seepage,erosion of dam walls,request-118-3-2
erosion of dam walls,mud and sediment accumulation,request-118-3-3
mud and sediment accumulation,dams filled with mud,request-118-3-4
unplanned urbanization and infrastructure development,impervious surfaces increase,request-119-0-0
impervious surfaces increase,stormwater runoff increases,request-119-0-1
stormwater runoff increases,water flow rate accelerates,request-119-0-2
water flow rate accelerates,fast water flow,request-119-0-3
unplanned urbanization and infrastructure development,urban sprawl expands,request-119-1-0
urban sprawl expands,natural habitats are destroyed,request-119-1-1
natural habitats are destroyed,vegetation cover decreases,request-119-1-2
vegetation cover decreases,soil erosion increases,request-119-1-3
soil erosion increases,water flow rate accelerates,request-119-1-4
water flow rate accelerates,fast water flow,request-119-1-5
unplanned urbanization and infrastructure development,waterways are altered,request-119-2-0
waterways are altered,stream channels are modified,request-119-2-1
stream channels are modified,water flow patterns change,request-119-2-2
water flow patterns change,fast water flow,request-119-2-3
unplanned urbanization and infrastructure development,drainage systems are overwhelmed,request-119-3-0
drainage systems are overwhelmed,stormwater management fails,request-119-3-1
stormwater management fails,water flow rate accelerates,request-119-3-2
water flow rate accelerates,fast water flow,request-119-3-3
unplanned urbanization and infrastructure development,land use changes occur,request-119-4-0
land use changes occur,soil compaction increases,request-119-4-1
soil compaction increases,infiltration rates decrease,request-119-4-2
infiltration rates decrease,surface runoff increases,request-119-4-3
surface runoff increases,water flow rate accelerates,request-119-4-4
water flow rate accelerates,fast water flow,request-119-4-5
fast water flow,,request-119-4-6
sports utility vehicle,increased demand for suvs,request-120-0-0
increased demand for suvs,higher production of suvs,request-120-0-1
higher production of suvs,increased energy consumption for manufacturing,request-120-0-2
increased energy consumption for manufacturing,more greenhouse gas emissions from manufacturing,request-120-0-3
more greenhouse gas emissions from manufacturing,climate change,request-120-0-4
sports utility vehicle,larger carbon footprint per vehicle,request-120-1-0
larger carbon footprint per vehicle,higher emissions per mile driven,request-120-1-1
higher emissions per mile driven,increased air pollution from transportation,request-120-1-2
increased air pollution from transportation,more greenhouse gas emissions from transportation,request-120-1-3
more greenhouse gas emissions from transportation,climate change,request-120-1-4
sports utility vehicle,increased fuel consumption per vehicle,request-120-2-0
increased fuel consumption per vehicle,higher demand for fossil fuels,request-120-2-1
higher demand for fossil fuels,more oil drilling and extraction,request-120-2-2
more oil drilling and extraction,increased greenhouse gas emissions from oil production,request-120-2-3
increased greenhouse gas emissions from oil production,climate change,request-120-2-4
sports utility vehicle,heavier vehicles on roads,request-120-3-0
heavier vehicles on roads,more frequent road repairs needed,request-120-3-1
more frequent road repairs needed,increased energy consumption for road maintenance,request-120-3-2
increased energy consumption for road maintenance,more greenhouse gas emissions from maintenance,request-120-3-3
more greenhouse gas emissions from maintenance,climate change,request-120-3-4
sports utility vehicle,more resource extraction for manufacturing,request-120-4-0
more resource extraction for manufacturing,deforestation for resource extraction,request-120-4-1
deforestation for resource extraction,loss of carbon sequestration capabilities,request-120-4-2
loss of carbon sequestration capabilities,more greenhouse gas emissions from deforestation,request-120-4-3
more greenhouse gas emissions from deforestation,climate change,request-120-4-4
climate change,,request-120-4-5
fossil fuels,burning of fossil fuels,request-121-0-0
burning of fossil fuels,release of carbon dioxide and other greenhouse gases,request-121-0-1
release of carbon dioxide and other greenhouse gases,increase in atmospheric greenhouse gases,request-121-0-2
increase in atmospheric greenhouse gases,trapping of heat in the atmosphere,request-121-0-3
trapping of heat in the atmosphere,global warming,request-121-0-4
global warming,climate change,request-121-0-5
fossil fuels,burning of fossil fuels,request-121-1-0
burning of fossil fuels,release of carbon dioxide and other greenhouse gases,request-121-1-1
release of carbon dioxide and other greenhouse gases,acidification of oceans,request-121-1-2
acidification of oceans,disruption of marine ecosystems,request-121-1-3
disruption of marine ecosystems,changes in global weather patterns,request-121-1-4
changes in global weather patterns,climate change,request-121-1-5
fossil fuels,burning of fossil fuels,request-121-2-0
burning of fossil fuels,release of carbon dioxide and other greenhouse gases,request-121-2-1
release of carbon dioxide and other greenhouse gases,increase in atmospheric greenhouse gases,request-121-2-2
increase in atmospheric greenhouse gases,rise in global temperatures,request-121-2-3
rise in global temperatures,melting of polar ice caps,request-121-2-4
melting of polar ice caps,sealevel rise,request-121-2-5
sealevel rise,climate change,request-121-2-6
fossil fuels,burning of fossil fuels,request-121-3-0
burning of fossil fuels,release of carbon dioxide and other greenhouse gases,request-121-3-1
release of carbon dioxide and other greenhouse gases,increase in atmospheric greenhouse gases,request-121-3-2
increase in atmospheric greenhouse gases,changes in precipitation patterns,request-121-3-3
changes in precipitation patterns,droughts and wildfires,request-121-3-4
droughts and wildfires,loss of biodiversity,request-121-3-5
loss of biodiversity,climate change,request-121-3-6
fossil fuels,burning of fossil fuels,request-121-4-0
burning of fossil fuels,release of carbon dioxide and other greenhouse gases,request-121-4-1
release of carbon dioxide and other greenhouse gases,increase in atmospheric greenhouse gases,request-121-4-2
increase in atmospheric greenhouse gases,rise in global temperatures,request-121-4-3
rise in global temperatures,disruption of food production and distribution,request-121-4-4
disruption of food production and distribution,social and economic instability,request-121-4-5
social and economic instability,climate change,request-121-4-6
human activity,deforestation,request-122-0-0
deforestation,habitat destruction,request-122-0-1
habitat destruction,loss of carbon sequestration,request-122-0-2
loss of carbon sequestration,increased greenhouse gases,request-122-0-3
increased greenhouse gases,climate change,request-122-0-4
human activity,burning fossil fuels,request-122-1-0
burning fossil fuels,increased carbon emissions,request-122-1-1
increased carbon emissions,global warming,request-122-1-2
global warming,climate change,request-122-1-3
human activity,industrial agriculture,request-122-2-0
industrial agriculture,methane emissions,request-122-2-1
methane emissions,global warming,request-122-2-2
global warming,climate change,request-122-2-3
human activity,overfishing,request-122-3-0
overfishing,disruption of ocean ecosystems,request-122-3-1
disruption of ocean ecosystems,decreased carbon sequestration,request-122-3-2
decreased carbon sequestration,climate change,request-122-3-3
human activity,urbanization,request-122-4-0
urbanization,increased energy consumption,request-122-4-1
increased energy consumption,increased greenhouse gases,request-122-4-2
increased greenhouse gases,climate change,request-122-4-3
human activity,land use changes,request-122-5-0
land use changes,soil erosion,request-122-5-1
soil erosion,increased greenhouse gases,request-122-5-2
increased greenhouse gases,climate change,request-122-5-3
human activity,waste management practices,request-122-6-0
waste management practices,methane emissions from landfills,request-122-6-1
methane emissions from landfills,global warming,request-122-6-2
global warming,climate change,request-122-6-3
human activity,transportation emissions,request-122-7-0
transportation emissions,increased greenhouse gases,request-122-7-1
increased greenhouse gases,global warming,request-122-7-2
global warming,climate change,request-122-7-3
climate change,rising global temperatures,request-123-0-0
rising global temperatures,increased frequency of heatwaves,request-123-0-1
increased frequency of heatwaves,droughts and water scarcity,request-123-0-2
droughts and water scarcity,habitat destruction and fragmentation,request-123-0-3
habitat destruction and fragmentation,loss of food sources and shelter,request-123-0-4
loss of food sources and shelter,species at risk of extinction,request-123-0-5
climate change,rising sea levels,request-123-1-0
rising sea levels,coastal erosion and flooding,request-123-1-1
coastal erosion and flooding,saltwater intrusion into freshwater sources,request-123-1-2
saltwater intrusion into freshwater sources,disruption of aquatic ecosystems,request-123-1-3
disruption of aquatic ecosystems,loss of biodiversity,request-123-1-4
loss of biodiversity,species at risk of extinction,request-123-1-5
climate change,changes in precipitation patterns,request-123-2-0
changes in precipitation patterns,altered growing seasons and crop yields,request-123-2-1
altered growing seasons and crop yields,disruptions to food webs and nutrient cycles,request-123-2-2
disruptions to food webs and nutrient cycles,impacts on pollinators and seed dispersal,request-123-2-3
impacts on pollinators and seed dispersal,population declines and isolation,request-123-2-4
population declines and isolation,species at risk of extinction,request-123-2-5
climate change,increased frequency of wildfires,request-123-3-0
increased frequency of wildfires,habitat loss and degradation,request-123-3-1
habitat loss and degradation,disruption of migration patterns,request-123-3-2
disruption of migration patterns,changes in species interactions and behavior,request-123-3-3
changes in species interactions and behavior,population declines and isolation,request-123-3-4
population declines and isolation,species at risk of extinction,request-123-3-5
climate change,ocean acidification,request-123-4-0
ocean acidification,impacts on marine ecosystems and food webs,request-123-4-1
impacts on marine ecosystems and food webs,changes in species distributions and abundances,request-123-4-2
changes in species distributions and abundances,disruptions to trophic cascades,request-123-4-3
disruptions to trophic cascades,loss of biodiversity,request-123-4-4
loss of biodiversity,species at risk of extinction,request-123-4-5
excess of co2,increased photosynthesis,request-124-0-0
increased photosynthesis,enhanced sugar production,request-124-0-1
enhanced sugar production,increased cell growth,request-124-0-2
increased cell growth,thickening of plants' leaves,request-124-0-3
excess of co2,rise in atmospheric temperature,request-124-1-0
rise in atmospheric temperature,increased water evaporation,request-124-1-1
increased water evaporation,drought stress,request-124-1-2
drought stress,increased production of defensive compounds,request-124-1-3
increased production of defensive compounds,thickening of plants' leaves,request-124-1-4
excess of co2,ocean acidification,request-124-2-0
ocean acidification,decreased calcium carbonate availability,request-124-2-1
decreased calcium carbonate availability,impaired plant cell wall development,request-124-2-2
impaired plant cell wall development,compensatory cell wall thickening,request-124-2-3
compensatory cell wall thickening,thickening of plants' leaves,request-124-2-4
excess of co2,changes in plant hormone regulation,request-124-3-0
changes in plant hormone regulation,increased ethylene production,request-124-3-1
increased ethylene production,promotion of cell elongation,request-124-3-2
promotion of cell elongation,increased cell growth,request-124-3-3
increased cell growth,thickening of plants' leaves,request-124-3-4
thickening of plants' leaves,reduced gas exchange,request-125-0-0
reduced gas exchange,decreased oxygen intake,request-125-0-1
decreased oxygen intake,slowed down photosynthesis,request-125-0-2
slowed down photosynthesis,insufficient energy production,request-125-0-3
insufficient energy production,weakened plant growth,request-125-0-4
weakened plant growth,suffocation of the plants,request-125-0-5
thickening of plants' leaves,blocked stomata,request-125-1-0
blocked stomata,impaired transpiration,request-125-1-1
impaired transpiration,waterlogged soil,request-125-1-2
waterlogged soil,root rot,request-125-1-3
root rot,suffocation of the plants,request-125-1-4
thickening of plants' leaves,increased water retention,request-125-2-0
increased water retention,waterlogged leaves,request-125-2-1
waterlogged leaves,fungal infections,request-125-2-2
fungal infections,root damage,request-125-2-3
root damage,suffocation of the plants,request-125-2-4
thickening of plants' leaves,reduced light absorption,request-125-3-0
reduced light absorption,impaired photosynthesis,request-125-3-1
impaired photosynthesis,decreased energy production,request-125-3-2
decreased energy production,weakened plant growth,request-125-3-3
weakened plant growth,suffocation of the plants,request-125-3-4
co2 emissions,atmospheric co2 increase,request-126-0-0
atmospheric co2 increase,ocean absorption of co2,request-126-0-1
ocean absorption of co2,ocean ph decrease,request-126-0-2
ocean ph decrease,ocean acidification,request-126-0-3
co2 emissions,global warming,request-126-1-0
global warming,sea surface temperature increase,request-126-1-1
sea surface temperature increase,ocean co2 uptake,request-126-1-2
ocean co2 uptake,ocean ph decrease,request-126-1-3
ocean ph decrease,ocean acidification,request-126-1-4
co2 emissions,atmospheric co2 increase,request-126-2-0
atmospheric co2 increase,ocean carbonate decrease,request-126-2-1
ocean carbonate decrease,ocean ph decrease,request-126-2-2
ocean ph decrease,ocean acidification,request-126-2-3
co2 emissions,climate change,request-126-3-0
climate change,ocean temperature increase,request-126-3-1
ocean temperature increase,ocean co2 uptake,request-126-3-2
ocean co2 uptake,ocean ph decrease,request-126-3-3
ocean ph decrease,ocean acidification,request-126-3-4
increase in co2,absorption of co2 by oceans,request-127-0-0
absorption of co2 by oceans,decrease in ph levels,request-127-0-1
decrease in ph levels,ocean acidification,request-127-0-2
increase in co2,rise in atmospheric temperature,request-127-1-0
rise in atmospheric temperature,thermal expansion of seawater,request-127-1-1
thermal expansion of seawater,decrease in ph levels,request-127-1-2
decrease in ph levels,ocean acidification,request-127-1-3
increase in co2,increase in carbonic acid formation,request-127-2-0
increase in carbonic acid formation,release of hydrogen ions,request-127-2-1
release of hydrogen ions,decrease in ph levels,request-127-2-2
decrease in ph levels,ocean acidification,request-127-2-3
increase in co2,increase in bicarbonate ions,request-127-3-0
increase in bicarbonate ions,shift in carbonate chemistry,request-127-3-1
shift in carbonate chemistry,decrease in ph levels,request-127-3-2
decrease in ph levels,ocean acidification,request-127-3-3
fossil fuels,burning of fossil fuels,request-128-0-0
burning of fossil fuels,release of carbon dioxide,request-128-0-1
release of carbon dioxide,increase in atmospheric carbon dioxide,request-128-0-2
increase in atmospheric carbon dioxide,global warming,request-128-0-3
global warming,thawing of permafrost,request-128-0-4
thawing of permafrost,depletion of ground carbon,request-128-0-5
fossil fuels,extraction of fossil fuels,request-128-1-0
extraction of fossil fuels,deforestation for drilling and mining,request-128-1-1
deforestation for drilling and mining,removal of carbonabsorbing trees,request-128-1-2
removal of carbonabsorbing trees,increase in atmospheric carbon dioxide,request-128-1-3
increase in atmospheric carbon dioxide,global warming,request-128-1-4
global warming,thawing of permafrost,request-128-1-5
thawing of permafrost,depletion of ground carbon,request-128-1-6
fossil fuels,burning of fossil fuels,request-128-2-0
burning of fossil fuels,acid rain formation,request-128-2-1
acid rain formation,soil acidification,request-128-2-2
soil acidification,reduced carbon sequestration,request-128-2-3
reduced carbon sequestration,increase in atmospheric carbon dioxide,request-128-2-4
increase in atmospheric carbon dioxide,global warming,request-128-2-5
global warming,thawing of permafrost,request-128-2-6
thawing of permafrost,depletion of ground carbon,request-128-2-7
fossil fuels,extraction of fossil fuels,request-128-3-0
extraction of fossil fuels,oil spills and leaks,request-128-3-1
oil spills and leaks,soil contamination,request-128-3-2
soil contamination,reduced carbon sequestration,request-128-3-3
reduced carbon sequestration,increase in atmospheric carbon dioxide,request-128-3-4
increase in atmospheric carbon dioxide,global warming,request-128-3-5
global warming,thawing of permafrost,request-128-3-6
thawing of permafrost,depletion of ground carbon,request-128-3-7
depletion of ground carbon,,request-128-3-8
climate change,rising global temperatures,request-129-0-0
rising global temperatures,increased frequency of extreme weather events,request-129-0-1
increased frequency of extreme weather events,more frequent and severe natural disasters,request-129-0-2
more frequent and severe natural disasters,higher risk of property damage,request-129-0-3
higher risk of property damage,increased insurance claims,request-129-0-4
increased insurance claims,higher insurance payouts,request-129-0-5
higher insurance payouts,increase in homeowner spending on insurance premiums,request-129-0-6
climate change,rising sea levels,request-129-1-0
rising sea levels,coastal erosion and flooding,request-129-1-1
coastal erosion and flooding,increased risk of property damage,request-129-1-2
increased risk of property damage,higher insurance premiums for coastal properties,request-129-1-3
higher insurance premiums for coastal properties,increase in homeowner spending on insurance premiums,request-129-1-4
climate change,changes in weather patterns,request-129-2-0
changes in weather patterns,increased risk of wildfires,request-129-2-1
increased risk of wildfires,more frequent and destructive wildfires,request-129-2-2
more frequent and destructive wildfires,higher risk of property damage,request-129-2-3
higher risk of property damage,increased insurance claims,request-129-2-4
increased insurance claims,higher insurance payouts,request-129-2-5
higher insurance payouts,increase in homeowner spending on insurance premiums,request-129-2-6
climate change,increased frequency of heavy rainfall events,request-129-3-0
increased frequency of heavy rainfall events,flooding and water damage,request-129-3-1
flooding and water damage,higher risk of property damage,request-129-3-2
higher risk of property damage,increased insurance claims,request-129-3-3
increased insurance claims,higher insurance payouts,request-129-3-4
higher insurance payouts,increase in homeowner spending on insurance premiums,request-129-3-5
climate change,shifts in weather patterns,request-129-4-0
shifts in weather patterns,increased risk of tornadoes and severe storms,request-129-4-1
increased risk of tornadoes and severe storms,more frequent and destructive storms,request-129-4-2
more frequent and destructive storms,higher risk of property damage,request-129-4-3
higher risk of property damage,increased insurance claims,request-129-4-4
increased insurance claims,higher insurance payouts,request-129-4-5
higher insurance payouts,increase in homeowner spending on insurance premiums,request-129-4-6
humans' waste of resources,excessive energy consumption,request-130-0-0
excessive energy consumption,increased greenhouse gas emissions,request-130-0-1
increased greenhouse gas emissions,rise in global temperatures,request-130-0-2
rise in global temperatures,climate change,request-130-0-3
humans' waste of resources,deforestation and land degradation,request-130-1-0
deforestation and land degradation,loss of carbon sequestration,request-130-1-1
loss of carbon sequestration,increased atmospheric co2 levels,request-130-1-2
increased atmospheric co2 levels,climate change,request-130-1-3
humans' waste of resources,overfishing and pollution of oceans,request-130-2-0
overfishing and pollution of oceans,disruption of marine ecosystems,request-130-2-1
disruption of marine ecosystems,decreased ocean carbon absorption,request-130-2-2
decreased ocean carbon absorption,climate change,request-130-2-3
humans' waste of resources,excessive use of plastics,request-130-3-0
excessive use of plastics,microplastic pollution in oceans,request-130-3-1
microplastic pollution in oceans,disruption of marine food chains,request-130-3-2
disruption of marine food chains,decreased ocean carbon absorption,request-130-3-3
decreased ocean carbon absorption,climate change,request-130-3-4
humans' waste of resources,inefficient agriculture practices,request-130-4-0
inefficient agriculture practices,soil degradation and erosion,request-130-4-1
soil degradation and erosion,increased nitrous oxide emissions,request-130-4-2
increased nitrous oxide emissions,climate change,request-130-4-3
humans' waste of resources,inadequate waste management,request-130-5-0
inadequate waste management,methane emissions from landfills,request-130-5-1
methane emissions from landfills,increased greenhouse gas emissions,request-130-5-2
increased greenhouse gas emissions,climate change,request-130-5-3
humans' waste of energy,increased carbon emissions,request-131-0-0
increased carbon emissions,rise in atmospheric co2 levels,request-131-0-1
rise in atmospheric co2 levels,global temperature increase,request-131-0-2
global temperature increase,climate change,request-131-0-3
humans' waste of energy,excessive fossil fuel consumption,request-131-1-0
excessive fossil fuel consumption,increased greenhouse gas emissions,request-131-1-1
increased greenhouse gas emissions,trapping of heat in the atmosphere,request-131-1-2
trapping of heat in the atmosphere,global temperature increase,request-131-1-3
global temperature increase,climate change,request-131-1-4
humans' waste of energy,higher energy demands,request-131-2-0
higher energy demands,increased coal burning,request-131-2-1
increased coal burning,release of carbon dioxide and methane,request-131-2-2
release of carbon dioxide and methane,global temperature increase,request-131-2-3
global temperature increase,climate change,request-131-2-4
humans' waste of energy,inefficient energy use,request-131-3-0
inefficient energy use,wasted heat and energy release,request-131-3-1
wasted heat and energy release,increased atmospheric heat retention,request-131-3-2
increased atmospheric heat retention,global temperature increase,request-131-3-3
global temperature increase,climate change,request-131-3-4
humans' waste of energy,overreliance on nonrenewable energy sources,request-131-4-0
overreliance on nonrenewable energy sources,increased air pollution,request-131-4-1
increased air pollution,disruption of natural climate regulation,request-131-4-2
disruption of natural climate regulation,global temperature increase,request-131-4-3
global temperature increase,climate change,request-131-4-4
humans' waste of fossil fuels,burning of fossil fuels,request-132-0-0
burning of fossil fuels,release of carbon dioxide and other greenhouse gases,request-132-0-1
release of carbon dioxide and other greenhouse gases,increase in atmospheric greenhouse gases,request-132-0-2
increase in atmospheric greenhouse gases,trapping of heat in the atmosphere,request-132-0-3
trapping of heat in the atmosphere,global temperature rise,request-132-0-4
global temperature rise,climate change,request-132-0-5
humans' waste of fossil fuels,burning of fossil fuels,request-132-1-0
burning of fossil fuels,release of carbon dioxide and other greenhouse gases,request-132-1-1
release of carbon dioxide and other greenhouse gases,acidification of oceans,request-132-1-2
acidification of oceans,disruption of marine ecosystems,request-132-1-3
disruption of marine ecosystems,changes in global weather patterns,request-132-1-4
changes in global weather patterns,climate change,request-132-1-5
humans' waste of fossil fuels,burning of fossil fuels,request-132-2-0
burning of fossil fuels,release of carbon dioxide and other greenhouse gases,request-132-2-1
release of carbon dioxide and other greenhouse gases,increase in atmospheric greenhouse gases,request-132-2-2
increase in atmospheric greenhouse gases,melting of polar ice caps,request-132-2-3
melting of polar ice caps,rise in sea levels,request-132-2-4
rise in sea levels,climate change,request-132-2-5
humans' waste of fossil fuels,burning of fossil fuels,request-132-3-0
burning of fossil fuels,release of carbon dioxide and other greenhouse gases,request-132-3-1
release of carbon dioxide and other greenhouse gases,increase in atmospheric greenhouse gases,request-132-3-2
increase in atmospheric greenhouse gases,changes in global precipitation patterns,request-132-3-3
changes in global precipitation patterns,more frequent extreme weather events,request-132-3-4
more frequent extreme weather events,climate change,request-132-3-5
humans' waste of fossil fuels,burning of fossil fuels,request-132-4-0
burning of fossil fuels,release of carbon dioxide and other greenhouse gases,request-132-4-1
release of carbon dioxide and other greenhouse gases,increase in atmospheric greenhouse gases,request-132-4-2
increase in atmospheric greenhouse gases,disruption of global food systems,request-132-4-3
disruption of global food systems,increased risk of water scarcity,request-132-4-4
increased risk of water scarcity,climate change,request-132-4-5
humans' waste of resources,environmental degradation,request-133-0-0
environmental degradation,loss of natural habitats,request-133-0-1
loss of natural habitats,increased animalhuman interaction,request-133-0-2
increased animalhuman interaction,zoonotic disease transmission,request-133-0-3
zoonotic disease transmission,pandemics,request-133-0-4
humans' waste of resources,climate change,request-133-1-0
climate change,extreme weather events,request-133-1-1
extreme weather events,displacement of human populations,request-133-1-2
displacement of human populations,increased density of human populations,request-133-1-3
increased density of human populations,pandemics,request-133-1-4
humans' waste of resources,water pollution,request-133-2-0
water pollution,contaminated water supply,request-133-2-1
contaminated water supply,weakened human immune systems,request-133-2-2
weakened human immune systems,increased susceptibility to diseases,request-133-2-3
increased susceptibility to diseases,pandemics,request-133-2-4
humans' waste of resources,deforestation,request-133-3-0
deforestation,loss of medicinal plants,request-133-3-1
loss of medicinal plants,reduced availability of medicines,request-133-3-2
reduced availability of medicines,weakened human immune systems,request-133-3-3
weakened human immune systems,pandemics,request-133-3-4
humans' waste of resources,soil degradation,request-133-4-0
soil degradation,reduced food production,request-133-4-1
reduced food production,malnutrition,request-133-4-2
malnutrition,weakened human immune systems,request-133-4-3
weakened human immune systems,pandemics,request-133-4-4
humans' waste of resources,air pollution,request-133-5-0
air pollution,respiratory problems,request-133-5-1
respiratory problems,weakened human immune systems,request-133-5-2
weakened human immune systems,increased susceptibility to diseases,request-133-5-3
increased susceptibility to diseases,pandemics,request-133-5-4
humans' waste of energy,climate change,request-134-0-0
climate change,rising global temperatures,request-134-0-1
rising global temperatures,increased vectorborne disease transmission,request-134-0-2
increased vectorborne disease transmission,pandemics,request-134-0-3
humans' waste of energy,air pollution,request-134-1-0
air pollution,respiratory problems,request-134-1-1
respiratory problems,weakened immune systems,request-134-1-2
weakened immune systems,increased susceptibility to infections,request-134-1-3
increased susceptibility to infections,pandemics,request-134-1-4
humans' waste of energy,deforestation and land degradation,request-134-2-0
deforestation and land degradation,loss of biodiversity,request-134-2-1
loss of biodiversity,disruption of ecosystems,request-134-2-2
disruption of ecosystems,emergence of new zoonotic diseases,request-134-2-3
emergence of new zoonotic diseases,pandemics,request-134-2-4
humans' waste of energy,water pollution,request-134-3-0
water pollution,contaminated water sources,request-134-3-1
contaminated water sources,waterborne diseases,request-134-3-2
waterborne diseases,pandemics,request-134-3-3
humans' waste of energy,food insecurity,request-134-4-0
food insecurity,malnutrition,request-134-4-1
malnutrition,weakened immune systems,request-134-4-2
weakened immune systems,increased susceptibility to infections,request-134-4-3
increased susceptibility to infections,pandemics,request-134-4-4
humans' waste of energy,urbanization and overcrowding,request-134-5-0
urbanization and overcrowding,increased humantohuman transmission,request-134-5-1
increased humantohuman transmission,pandemics,request-134-5-2
humans' waste of fossil fuels,climate change,request-135-0-0
climate change,rising global temperatures,request-135-0-1
rising global temperatures,changes in ecosystems,request-135-0-2
changes in ecosystems,disruption of natural habitats,request-135-0-3
disruption of natural habitats,increased animal migration,request-135-0-4
increased animal migration,increased contact between animals and humans,request-135-0-5
increased contact between animals and humans,zoonotic disease transmission,request-135-0-6
zoonotic disease transmission,pandemics,request-135-0-7
humans' waste of fossil fuels,air pollution,request-135-1-0
air pollution,respiratory problems,request-135-1-1
respiratory problems,weakened immune systems,request-135-1-2
weakened immune systems,increased susceptibility to infections,request-135-1-3
increased susceptibility to infections,pandemics,request-135-1-4
humans' waste of fossil fuels,climate change,request-135-2-0
climate change,extreme weather events,request-135-2-1
extreme weather events,food and water shortages,request-135-2-2
food and water shortages,malnutrition and dehydration,request-135-2-3
malnutrition and dehydration,weakened immune systems,request-135-2-4
weakened immune systems,increased susceptibility to infections,request-135-2-5
increased susceptibility to infections,pandemics,request-135-2-6
humans' waste of fossil fuels,climate change,request-135-3-0
climate change,rising sea levels,request-135-3-1
rising sea levels,coastal flooding,request-135-3-2
coastal flooding,displacement of human populations,request-135-3-3
displacement of human populations,overcrowding and poor sanitation,request-135-3-4
overcrowding and poor sanitation,increased risk of disease outbreaks,request-135-3-5
increased risk of disease outbreaks,pandemics,request-135-3-6
humans' waste of fossil fuels,deforestation and land degradation,request-135-4-0
deforestation and land degradation,loss of biodiversity,request-135-4-1
loss of biodiversity,disruption of ecosystem services,request-135-4-2
disruption of ecosystem services,decreased ability to combat disease,request-135-4-3
decreased ability to combat disease,pandemics,request-135-4-4
humans' waste of resources,overconsumption of natural resources,request-136-0-0
overconsumption of natural resources,depletion of natural resources,request-136-0-1
depletion of natural resources,increased production costs,request-136-0-2
increased production costs,higher prices for goods and services,request-136-0-3
higher prices for goods and services,inflation,request-136-0-4
humans' waste of resources,increased energy consumption,request-136-1-0
increased energy consumption,rise in energy costs,request-136-1-1
rise in energy costs,higher production costs,request-136-1-2
higher production costs,higher prices for goods and services,request-136-1-3
higher prices for goods and services,inflation,request-136-1-4
humans' waste of resources,pollution and environmental degradation,request-136-2-0
pollution and environmental degradation,health problems and medical expenses,request-136-2-1
health problems and medical expenses,increased healthcare costs,request-136-2-2
increased healthcare costs,higher prices for goods and services,request-136-2-3
higher prices for goods and services,inflation,request-136-2-4
humans' waste of resources,waste management and disposal costs,request-136-3-0
waste management and disposal costs,increased municipal budgets,request-136-3-1
increased municipal budgets,higher taxes,request-136-3-2
higher taxes,higher prices for goods and services,request-136-3-3
higher prices for goods and services,inflation,request-136-3-4
humans' waste of resources,overreliance on nonrenewable resources,request-136-4-0
overreliance on nonrenewable resources,fluctuations in global commodity prices,request-136-4-1
fluctuations in global commodity prices,higher production costs,request-136-4-2
higher production costs,higher prices for goods and services,request-136-4-3
higher prices for goods and services,inflation,request-136-4-4
humans' waste of resources,loss of biodiversity and ecosystem disruption,request-136-5-0
loss of biodiversity and ecosystem disruption,disruption to food supply chains,request-136-5-1
disruption to food supply chains,food price increases,request-136-5-2
food price increases,higher prices for goods and services,request-136-5-3
higher prices for goods and services,inflation,request-136-5-4
humans' waste of energy,increased energy consumption,request-137-0-0
increased energy consumption,higher demand for energy resources,request-137-0-1
higher demand for energy resources,rise in energy prices,request-137-0-2
rise in energy prices,increased production costs,request-137-0-3
increased production costs,higher prices for goods and services,request-137-0-4
higher prices for goods and services,inflation,request-137-0-5
humans' waste of energy,increased greenhouse gas emissions,request-137-1-0
increased greenhouse gas emissions,climate change,request-137-1-1
climate change,extreme weather events,request-137-1-2
extreme weather events,disruption to supply chains,request-137-1-3
disruption to supply chains,shortages of goods and services,request-137-1-4
shortages of goods and services,higher prices for goods and services,request-137-1-5
higher prices for goods and services,inflation,request-137-1-6
humans' waste of energy,increased reliance on fossil fuels,request-137-2-0
increased reliance on fossil fuels,dependence on imported oil,request-137-2-1
dependence on imported oil,trade deficits,request-137-2-2
trade deficits,currency devaluation,request-137-2-3
currency devaluation,higher prices for imported goods,request-137-2-4
higher prices for imported goods,inflation,request-137-2-5
humans' waste of energy,increased energy imports,request-137-3-0
increased energy imports,higher import costs,request-137-3-1
higher import costs,increased government spending,request-137-3-2
increased government spending,monetary policy adjustments,request-137-3-3
monetary policy adjustments,increased money supply,request-137-3-4
increased money supply,inflation,request-137-3-5
humans' waste of fossil fuels,increased greenhouse gas emissions,request-138-0-0
increased greenhouse gas emissions,global warming and climate change,request-138-0-1
global warming and climate change,extreme weather events and natural disasters,request-138-0-2
extreme weather events and natural disasters,disruption of food production and supply chains,request-138-0-3
disruption of food production and supply chains,shortages of essential goods,request-138-0-4
shortages of essential goods,increased prices and inflation,request-138-0-5
increased prices and inflation,inflation,request-138-0-6
humans' waste of fossil fuels,rapid depletion of fossil fuel reserves,request-138-1-0
rapid depletion of fossil fuel reserves,increased demand for alternative energy sources,request-138-1-1
increased demand for alternative energy sources,higher production costs for alternative energy,request-138-1-2
higher production costs for alternative energy,increased costs for industries and manufacturers,request-138-1-3
increased costs for industries and manufacturers,higher prices for goods and services,request-138-1-4
higher prices for goods and services,inflation,request-138-1-5
humans' waste of fossil fuels,air and water pollution,request-138-2-0
air and water pollution,negative impacts on human health,request-138-2-1
negative impacts on human health,increased healthcare costs and expenses,request-138-2-2
increased healthcare costs and expenses,higher costs for healthcare and medical services,request-138-2-3
higher costs for healthcare and medical services,increased prices and inflation,request-138-2-4
increased prices and inflation,inflation,request-138-2-5
humans' waste of fossil fuels,dependence on nonrenewable energy sources,request-138-3-0
dependence on nonrenewable energy sources,vulnerability to price volatility,request-138-3-1
vulnerability to price volatility,fluctuations in global energy prices,request-138-3-2
fluctuations in global energy prices,increased costs for transportation and logistics,request-138-3-3
increased costs for transportation and logistics,higher prices for goods and services,request-138-3-4
higher prices for goods and services,inflation,request-138-3-5
humans' waste of fossil fuels,damage to ecosystems and biodiversity,request-138-4-0
damage to ecosystems and biodiversity,loss of natural resources and ecosystem services,request-138-4-1
loss of natural resources and ecosystem services,disruption of economic activities and industries,request-138-4-2
disruption of economic activities and industries,increased costs for industries and manufacturers,request-138-4-3
increased costs for industries and manufacturers,higher prices for goods and services,request-138-4-4
higher prices for goods and services,inflation,request-138-4-5
subsidising green investments,increased investment in renewable energy,request-139-0-0
increased investment in renewable energy,reduced dependence on fossil fuels,request-139-0-1
reduced dependence on fossil fuels,decreased greenhouse gas emissions,request-139-0-2
decreased greenhouse gas emissions,slowed global warming,request-139-0-3
slowed global warming,green transition,request-139-0-4
subsidising green investments,boost to green technology industry,request-139-1-0
boost to green technology industry,development of more efficient green technologies,request-139-1-1
development of more efficient green technologies,widespread adoption of green technologies,request-139-1-2
widespread adoption of green technologies,reduced carbon footprint,request-139-1-3
reduced carbon footprint,green transition,request-139-1-4
subsidising green investments,creation of green jobs,request-139-2-0
creation of green jobs,increased public awareness of green issues,request-139-2-1
increased public awareness of green issues,growing demand for green products and services,request-139-2-2
growing demand for green products and services,shift to a green economy,request-139-2-3
shift to a green economy,green transition,request-139-2-4
subsidising green investments,increased funding for green research and development,request-139-3-0
increased funding for green research and development,breakthroughs in green technologies,request-139-3-1
breakthroughs in green technologies,commercialisation of green technologies,request-139-3-2
commercialisation of green technologies,largescale adoption of green technologies,request-139-3-3
largescale adoption of green technologies,green transition,request-139-3-4
subsidising green investments,stimulated economic growth in green sector,request-139-4-0
stimulated economic growth in green sector,increased government revenue from green taxes,request-139-4-1
increased government revenue from green taxes,investment in green infrastructure,request-139-4-2
investment in green infrastructure,development of sustainable cities,request-139-4-3
development of sustainable cities,green transition,request-139-4-4
electricity generation from refuse inside greenhouses,greenhouse gas reduction,request-140-0-0
greenhouse gas reduction,decreased co2 emissions,request-140-0-1
decreased co2 emissions,dissipation of co2,request-140-0-2
electricity generation from refuse inside greenhouses,refuse burning reduction,request-140-1-0
refuse burning reduction,less co2 produced from refuse burning,request-140-1-1
less co2 produced from refuse burning,dissipation of co2,request-140-1-2
electricity generation from refuse inside greenhouses,increased renewable energy production,request-140-2-0
increased renewable energy production,reduced fossil fuel usage,request-140-2-1
reduced fossil fuel usage,decreased co2 emissions,request-140-2-2
decreased co2 emissions,dissipation of co2,request-140-2-3
electricity generation from refuse inside greenhouses,heat production for greenhouses,request-140-3-0
heat production for greenhouses,optimized greenhouse climate control,request-140-3-1
optimized greenhouse climate control,increased plant growth,request-140-3-2
increased plant growth,enhanced co2 absorption,request-140-3-3
enhanced co2 absorption,dissipation of co2,request-140-3-4
electricity generation from refuse inside greenhouses,onsite power generation,request-140-4-0
onsite power generation,reduced transmission line energy loss,request-140-4-1
reduced transmission line energy loss,efficient energy distribution,request-140-4-2
efficient energy distribution,decreased co2 emissions,request-140-4-3
decreased co2 emissions,dissipation of co2,request-140-4-4
electricity generation from refuse inside greenhouses,electric current flow,request-141-0-0
electric current flow,heat production in electrical systems,request-141-0-1
heat production in electrical systems,dissipation of heat,request-141-0-2
electricity generation from refuse inside greenhouses,mechanical energy conversion,request-141-1-0
mechanical energy conversion,friction and resistance in machinery,request-141-1-1
friction and resistance in machinery,heat generation in machinery,request-141-1-2
heat generation in machinery,dissipation of heat,request-141-1-3
electricity generation from refuse inside greenhouses,transformer heat generation,request-141-2-0
transformer heat generation,heat transfer to surroundings,request-141-2-1
heat transfer to surroundings,dissipation of heat,request-141-2-2
electricity generation from refuse inside greenhouses,electrical resistance in wiring,request-141-3-0
electrical resistance in wiring,joule heating effect,request-141-3-1
joule heating effect,heat dissipation through conduction,request-141-3-2
heat dissipation through conduction,dissipation of heat,request-141-3-3
electricity generation from refuse inside greenhouses,motor operation for greenhouse climate control,request-141-4-0
motor operation for greenhouse climate control,motor heat generation,request-141-4-1
motor heat generation,dissipation of heat,request-141-4-2
hot nights,increased body temperature,request-142-0-0
increased body temperature,restlessness,request-142-0-1
restlessness,difficulty falling asleep,request-142-0-2
difficulty falling asleep,loss of sleep hours,request-142-0-3
hot nights,uncomfortable sleeping environment,request-142-1-0
uncomfortable sleeping environment,tossing and turning,request-142-1-1
tossing and turning,waking up frequently,request-142-1-2
waking up frequently,loss of sleep hours,request-142-1-3
hot nights,increased sweat rate,request-142-2-0
increased sweat rate,disrupted sleep patterns,request-142-2-1
disrupted sleep patterns,lighter sleep stages,request-142-2-2
lighter sleep stages,loss of sleep hours,request-142-2-3
hot nights,heat stress,request-142-3-0
heat stress,anxiety and irritability,request-142-3-1
anxiety and irritability,racing thoughts,request-142-3-2
racing thoughts,loss of sleep hours,request-142-3-3
hot nights,open windows for ventilation,request-142-4-0
open windows for ventilation,noise pollution,request-142-4-1
noise pollution,disturbed sleep,request-142-4-2
disturbed sleep,loss of sleep hours,request-142-4-3
foreign countries,invest in agriculture,request-143-0-0
invest in agriculture,increase demand for agricultural products,request-143-0-1
increase demand for agricultural products,encourage farmers to clear land,request-143-0-2
encourage farmers to clear land,deforestation,request-143-0-3
foreign countries,provide loans for infrastructure development,request-143-1-0
provide loans for infrastructure development,construction of roads and highways,request-143-1-1
construction of roads and highways,accessibility to remote areas,request-143-1-2
accessibility to remote areas,increased logging and mining activities,request-143-1-3
increased logging and mining activities,deforestation,request-143-1-4
foreign countries,import timber and wood products,request-143-2-0
import timber and wood products,create demand for timber,request-143-2-1
create demand for timber,encourage logging companies to harvest trees,request-143-2-2
encourage logging companies to harvest trees,deforestation,request-143-2-3
foreign countries,offer trade agreements,request-143-3-0
offer trade agreements,increase trade of agricultural products,request-143-3-1
increase trade of agricultural products,encourage farmers to expand production,request-143-3-2
encourage farmers to expand production,clearing of forests for agricultural land,request-143-3-3
clearing of forests for agricultural land,deforestation,request-143-3-4
foreign countries,provide aid for economic development,request-143-4-0
provide aid for economic development,government invests in industries,request-143-4-1
government invests in industries,establishment of industries that rely on forest resources,request-143-4-2
establishment of industries that rely on forest resources,deforestation,request-143-4-3
foreign countries,invest in biofuel production,request-143-5-0
invest in biofuel production,increase demand for biofuel crops,request-143-5-1
increase demand for biofuel crops,encourage farmers to convert forests to biofuel crops,request-143-5-2
encourage farmers to convert forests to biofuel crops,deforestation,request-143-5-3
death of soil,loss of soil carbon storage,request-144-0-0
loss of soil carbon storage,release of stored carbon into atmosphere,request-144-0-1
release of stored carbon into atmosphere,increase in atmospheric co2 levels,request-144-0-2
increase in atmospheric co2 levels,rise in global temperatures,request-144-0-3
death of soil,disruption of soil ecosystem,request-144-1-0
disruption of soil ecosystem,decrease in soil's ability to sequester carbon,request-144-1-1
decrease in soil's ability to sequester carbon,increase in atmospheric co2 levels,request-144-1-2
increase in atmospheric co2 levels,rise in global temperatures,request-144-1-3
death of soil,reduced soil fertility,request-144-2-0
reduced soil fertility,decreased plant growth and productivity,request-144-2-1
decreased plant growth and productivity,increased decomposition of organic matter,request-144-2-2
increased decomposition of organic matter,release of stored carbon into atmosphere,request-144-2-3
release of stored carbon into atmosphere,increase in atmospheric co2 levels,request-144-2-4
increase in atmospheric co2 levels,rise in global temperatures,request-144-2-5
death of soil,loss of soil's water retention capacity,request-144-3-0
loss of soil's water retention capacity,changes in local hydrological cycles,request-144-3-1
changes in local hydrological cycles,altered weather patterns,request-144-3-2
altered weather patterns,increase in extreme weather events,request-144-3-3
increase in extreme weather events,rise in global temperatures,request-144-3-4
death of soil,disruption of nutrient cycles,request-144-4-0
disruption of nutrient cycles,decreased plant growth and productivity,request-144-4-1
decreased plant growth and productivity,increased use of synthetic fertilizers,request-144-4-2
increased use of synthetic fertilizers,increased n2o emissions,request-144-4-3
increased n2o emissions,rise in global temperatures,request-144-4-4
death of soil,erosion of topsoil,request-145-0-0
erosion of topsoil,loss of soil's waterabsorbing capacity,request-145-0-1
loss of soil's waterabsorbing capacity,increased runoff,request-145-0-2
increased runoff,flooding,request-145-0-3
death of soil,decreased plant growth,request-145-1-0
decreased plant growth,reduced vegetation cover,request-145-1-1
reduced vegetation cover,increased surface runoff,request-145-1-2
increased surface runoff,flooding,request-145-1-3
death of soil,increased sedimentation in waterways,request-145-2-0
increased sedimentation in waterways,reduced waterway capacity,request-145-2-1
reduced waterway capacity,increased water levels,request-145-2-2
increased water levels,flooding,request-145-2-3
death of soil,changes in soil structure,request-145-3-0
changes in soil structure,reduced infiltration rate,request-145-3-1
reduced infiltration rate,increased surface water,request-145-3-2
increased surface water,flooding,request-145-3-3
death of soil,loss of soil's filtering capacity,request-145-4-0
loss of soil's filtering capacity,contaminated waterways,request-145-4-1
contaminated waterways,altered water flow patterns,request-145-4-2
altered water flow patterns,flooding,request-145-4-3
death of soil,loss of vegetation,request-146-0-0
loss of vegetation,reduced evapotranspiration,request-146-0-1
reduced evapotranspiration,decreased atmospheric moisture,request-146-0-2
decreased atmospheric moisture,droughts,request-146-0-3
death of soil,increased soil temperature,request-146-1-0
increased soil temperature,enhanced soil water evaporation,request-146-1-1
enhanced soil water evaporation,depletion of soil water,request-146-1-2
depletion of soil water,droughts,request-146-1-3
death of soil,decreased soil organic matter,request-146-2-0
decreased soil organic matter,reduced soil water retention,request-146-2-1
reduced soil water retention,lower plant water availability,request-146-2-2
lower plant water availability,droughts,request-146-2-3
death of soil,disrupted soil ecosystem,request-146-3-0
disrupted soil ecosystem,changes in soil microbial community,request-146-3-1
changes in soil microbial community,impaired soil water cycling,request-146-3-2
impaired soil water cycling,droughts,request-146-3-3
death of soil,increased soil erosion,request-146-4-0
increased soil erosion,loss of fertile topsoil,request-146-4-1
loss of fertile topsoil,reduced plant growth and water uptake,request-146-4-2
reduced plant growth and water uptake,droughts,request-146-4-3
death of soil,soil erosion,request-147-0-0
soil erosion,loss of fertile land,request-147-0-1
loss of fertile land,decreased crop yields,request-147-0-2
decreased crop yields,increased water usage for irrigation,request-147-0-3
increased water usage for irrigation,water crises,request-147-0-4
death of soil,soil salinization,request-147-1-0
soil salinization,reduced water infiltration,request-147-1-1
reduced water infiltration,increased surface runoff,request-147-1-2
increased surface runoff,water pollution,request-147-1-3
water pollution,water crises,request-147-1-4
death of soil,decreased soil water retention,request-147-2-0
decreased soil water retention,increased flood frequency,request-147-2-1
increased flood frequency,water scarcity,request-147-2-2
water scarcity,water crises,request-147-2-3
death of soil,soil compaction,request-147-3-0
soil compaction,reduced soil aeration,request-147-3-1
reduced soil aeration,decreased plant water uptake,request-147-3-2
decreased plant water uptake,increased water demand,request-147-3-3
increased water demand,water crises,request-147-3-4
death of soil,loss of fertility,request-148-0-0
loss of fertility,reduced crop yields,request-148-0-1
reduced crop yields,food shortages,request-148-0-2
food shortages,food crises,request-148-0-3
death of soil,decreased agricultural productivity,request-148-1-0
decreased agricultural productivity,lower food production,request-148-1-1
lower food production,food scarcity,request-148-1-2
food scarcity,food crises,request-148-1-3
death of soil,erosion of topsoil,request-148-2-0
erosion of topsoil,decreased water retention,request-148-2-1
decreased water retention,drought,request-148-2-2
drought,crop failure,request-148-2-3
crop failure,food crises,request-148-2-4
death of soil,nutrient depletion,request-148-3-0
nutrient depletion,stunted plant growth,request-148-3-1
stunted plant growth,lower crop quality,request-148-3-2
lower crop quality,food contamination,request-148-3-3
food contamination,food crises,request-148-3-4
death of soil,loss of biodiversity,request-148-4-0
loss of biodiversity,disruption of ecosystem services,request-148-4-1
disruption of ecosystem services,decreased pollination,request-148-4-2
decreased pollination,reduced crop yields,request-148-4-3
reduced crop yields,food crises,request-148-4-4
sustainable lifestyles,reduced energy consumption,request-149-0-0
reduced energy consumption,lower greenhouse gas emissions,request-149-0-1
lower greenhouse gas emissions,slowed global warming,request-149-0-2
slowed global warming,mitigated burden of climate change,request-149-0-3
sustainable lifestyles,increased energy efficiency,request-149-1-0
increased energy efficiency,decreased fossil fuel usage,request-149-1-1
decreased fossil fuel usage,lower carbon footprint,request-149-1-2
lower carbon footprint,reduced burden of climate change,request-149-1-3
sustainable lifestyles,conserved natural resources,request-149-2-0
conserved natural resources,preserved ecosystems,request-149-2-1
preserved ecosystems,maintained biodiversity,request-149-2-2
maintained biodiversity,supported climate resilience,request-149-2-3
supported climate resilience,reduced burden of climate change,request-149-2-4
sustainable lifestyles,promoted ecofriendly transportation,request-149-3-0
promoted ecofriendly transportation,decreased air pollution,request-149-3-1
decreased air pollution,improved air quality,request-149-3-2
improved air quality,enhanced climate health,request-149-3-3
enhanced climate health,reduced burden of climate change,request-149-3-4
sustainable lifestyles,encouraged waste reduction,request-149-4-0
encouraged waste reduction,minimized landfill waste,request-149-4-1
minimized landfill waste,decreased methane emissions,request-149-4-2
decreased methane emissions,slowed global warming,request-149-4-3
slowed global warming,mitigated burden of climate change,request-149-4-4
sustainable lifestyles,fostered sustainable agriculture,request-149-5-0
fostered sustainable agriculture,supported soil conservation,request-149-5-1
supported soil conservation,sequestered carbon dioxide,request-149-5-2
sequestered carbon dioxide,slowed global warming,request-149-5-3
slowed global warming,mitigated burden of climate change,request-149-5-4
melting of glaciers,release of freshwater into oceans,request-150-0-0
release of freshwater into oceans,disruption of ocean currents,request-150-0-1
disruption of ocean currents,changes in global heat distribution,request-150-0-2
changes in global heat distribution,abrupt temperature spikes,request-150-0-3
melting of glaciers,increased freshwater in ocean surface,request-150-1-0
increased freshwater in ocean surface,reduced ocean salinity,request-150-1-1
reduced ocean salinity,impaired thermohaline circulation,request-150-1-2
impaired thermohaline circulation,changes in global heat distribution,request-150-1-3
changes in global heat distribution,abrupt temperature spikes,request-150-1-4
melting of glaciers,exposure of darker rock or soil,request-150-2-0
exposure of darker rock or soil,increased heat absorption,request-150-2-1
increased heat absorption,local temperature increase,request-150-2-2
local temperature increase,feedback loop of melting and heat absorption,request-150-2-3
feedback loop of melting and heat absorption,abrupt temperature spikes,request-150-2-4
melting of glaciers,release of methane from thawing permafrost,request-150-3-0
release of methane from thawing permafrost,enhanced greenhouse effect,request-150-3-1
enhanced greenhouse effect,rapid global warming,request-150-3-2
rapid global warming,abrupt temperature spikes,request-150-3-3
melting of glaciers,sealevel rise,request-150-4-0
sealevel rise,coastal erosion and flooding,request-150-4-1
coastal erosion and flooding,disruption of coastal ecosystems,request-150-4-2
disruption of coastal ecosystems,release of stored carbon into atmosphere,request-150-4-3
release of stored carbon into atmosphere,enhanced greenhouse effect,request-150-4-4
enhanced greenhouse effect,abrupt temperature spikes,request-150-4-5
cows,methane production,request-151-0-0
methane production,greenhouse gas emissions,request-151-0-1
greenhouse gas emissions,global warming,request-151-0-2
global warming,climate change,request-151-0-3
cows,deforestation for grazing,request-151-1-0
deforestation for grazing,habitat destruction,request-151-1-1
habitat destruction,loss of carbon sequestration,request-151-1-2
loss of carbon sequestration,increased atmospheric co2,request-151-1-3
increased atmospheric co2,global warming,request-151-1-4
global warming,climate change,request-151-1-5
cows,manure and fertilizer use,request-151-2-0
manure and fertilizer use,nitrous oxide emissions,request-151-2-1
nitrous oxide emissions,greenhouse gas emissions,request-151-2-2
greenhouse gas emissions,global warming,request-151-2-3
global warming,climate change,request-151-2-4
cows,increased livestock population,request-151-3-0
increased livestock population,higher demand for feed crops,request-151-3-1
higher demand for feed crops,monoculture farming practices,request-151-3-2
monoculture farming practices,soil degradation,request-151-3-3
soil degradation,reduced carbon sequestration,request-151-3-4
reduced carbon sequestration,increased atmospheric co2,request-151-3-5
increased atmospheric co2,global warming,request-151-3-6
global warming,climate change,request-151-3-7
cows,enteric fermentation,request-151-4-0
enteric fermentation,methane production,request-151-4-1
methane production,atmospheric methane concentration increase,request-151-4-2
atmospheric methane concentration increase,global warming,request-151-4-3
global warming,climate change,request-151-4-4
building country lanes,increased accessibility to rural areas,request-152-0-0
increased accessibility to rural areas,more people moved to rural areas,request-152-0-1
more people moved to rural areas,growth of rural communities,request-152-0-2
growth of rural communities,development of public space,request-152-0-3
building country lanes,improved transportation infrastructure,request-152-1-0
improved transportation infrastructure,enhanced connectivity between rural and urban areas,request-152-1-1
enhanced connectivity between rural and urban areas,increased economic activity,request-152-1-2
increased economic activity,investment in public space,request-152-1-3
building country lanes,creation of jobs in construction and maintenance,request-152-2-0
creation of jobs in construction and maintenance,increased economic activity in rural areas,request-152-2-1
increased economic activity in rural areas,growth of local businesses,request-152-2-2
growth of local businesses,development of public space,request-152-2-3
building country lanes,increased property values in rural areas,request-152-3-0
increased property values in rural areas,attraction of new residents and businesses,request-152-3-1
attraction of new residents and businesses,growth of rural communities,request-152-3-2
growth of rural communities,development of public space,request-152-3-3
building country lanes,enhanced safety and security in rural areas,request-152-4-0
enhanced safety and security in rural areas,increased sense of community,request-152-4-1
increased sense of community,demand for community spaces,request-152-4-2
demand for community spaces,development of public space,request-152-4-3
country lanes,heavy traffic,request-153-0-0
heavy traffic,increased stormwater runoff,request-153-0-1
increased stormwater runoff,flooding,request-153-0-2
country lanes,lack of drainage infrastructure,request-153-1-0
lack of drainage infrastructure,water accumulation,request-153-1-1
water accumulation,flooding,request-153-1-2
country lanes,poor road maintenance,request-153-2-0
poor road maintenance,potholes and cracks,request-153-2-1
potholes and cracks,water seepage,request-153-2-2
water seepage,flooding,request-153-2-3
country lanes,agricultural runoff,request-153-3-0
agricultural runoff,excess nutrients in waterways,request-153-3-1
excess nutrients in waterways,algal blooms,request-153-3-2
algal blooms,waterway obstruction,request-153-3-3
waterway obstruction,flooding,request-153-3-4
country lanes,urbanization,request-153-4-0
urbanization,increased impervious surfaces,request-153-4-1
increased impervious surfaces,stormwater runoff,request-153-4-2
stormwater runoff,flooding,request-153-4-3
country lanes,climate change,request-153-5-0
climate change,intensified weather patterns,request-153-5-1
intensified weather patterns,heavy rainfall,request-153-5-2
heavy rainfall,flooding,request-153-5-3
burning fossil fuels,carbon dioxide emissions,request-154-0-0
carbon dioxide emissions,atmospheric carbon dioxide increase,request-154-0-1
atmospheric carbon dioxide increase,greenhouse effect enhancement,request-154-0-2
greenhouse effect enhancement,global warming,request-154-0-3
burning fossil fuels,carbon dioxide emissions,request-154-1-0
carbon dioxide emissions,atmospheric carbon dioxide increase,request-154-1-1
atmospheric carbon dioxide increase,heat trapping,request-154-1-2
heat trapping,global warming,request-154-1-3
burning fossil fuels,carbon dioxide emissions,request-154-2-0
carbon dioxide emissions,atmospheric carbon dioxide increase,request-154-2-1
atmospheric carbon dioxide increase,temperature rise,request-154-2-2
temperature rise,global warming,request-154-2-3
burning fossil fuels,greenhouse gas emissions,request-154-3-0
greenhouse gas emissions,atmospheric greenhouse gas increase,request-154-3-1
atmospheric greenhouse gas increase,heat trapping,request-154-3-2
heat trapping,global warming,request-154-3-3
burning fossil fuels,greenhouse gas emissions,request-154-4-0
greenhouse gas emissions,atmospheric greenhouse gas increase,request-154-4-1
atmospheric greenhouse gas increase,global temperature increase,request-154-4-2
global temperature increase,global warming,request-154-4-3
burning biomass,release of carbon dioxide,request-155-0-0
release of carbon dioxide,increase in atmospheric co2 concentration,request-155-0-1
increase in atmospheric co2 concentration,trapping of heat by greenhouse gases,request-155-0-2
trapping of heat by greenhouse gases,global warming,request-155-0-3
burning biomass,release of carbon monoxide,request-155-1-0
release of carbon monoxide,formation of ozone and other pollutants,request-155-1-1
formation of ozone and other pollutants,enhanced greenhouse effect,request-155-1-2
enhanced greenhouse effect,global warming,request-155-1-3
burning biomass,release of methane and other volatile organic compounds,request-155-2-0
release of methane and other volatile organic compounds,reactions with atmospheric chemicals,request-155-2-1
reactions with atmospheric chemicals,formation of tropospheric ozone,request-155-2-2
formation of tropospheric ozone,enhanced greenhouse effect,request-155-2-3
enhanced greenhouse effect,global warming,request-155-2-4
burning biomass,release of black carbon and brown carbon,request-155-3-0
release of black carbon and brown carbon,absorption of solar radiation,request-155-3-1
absorption of solar radiation,atmospheric warming,request-155-3-2
atmospheric warming,global warming,request-155-3-3
burning biomass,deforestation and landuse change,request-155-4-0
deforestation and landuse change,disruption of carbon sequestration,request-155-4-1
disruption of carbon sequestration,increase in atmospheric co2 concentration,request-155-4-2
increase in atmospheric co2 concentration,trapping of heat by greenhouse gases,request-155-4-3
trapping of heat by greenhouse gases,global warming,request-155-4-4
human activity,greenhouse gas emissions,request-156-0-0
greenhouse gas emissions,atmospheric carbon dioxide increase,request-156-0-1
atmospheric carbon dioxide increase,global temperature rise,request-156-0-2
global temperature rise,global warming,request-156-0-3
human activity,deforestation,request-156-1-0
deforestation,carbon sequestration reduction,request-156-1-1
carbon sequestration reduction,atmospheric carbon dioxide increase,request-156-1-2
atmospheric carbon dioxide increase,global temperature rise,request-156-1-3
global temperature rise,global warming,request-156-1-4
human activity,fossil fuel burning,request-156-2-0
fossil fuel burning,greenhouse gas emissions,request-156-2-1
greenhouse gas emissions,atmospheric carbon dioxide increase,request-156-2-2
atmospheric carbon dioxide increase,global temperature rise,request-156-2-3
global temperature rise,global warming,request-156-2-4
human activity,industrial processes,request-156-3-0
industrial processes,nitrous oxide emissions,request-156-3-1
nitrous oxide emissions,atmospheric nitrous oxide increase,request-156-3-2
atmospheric nitrous oxide increase,ozone layer depletion,request-156-3-3
ozone layer depletion,global temperature rise,request-156-3-4
global temperature rise,global warming,request-156-3-5
human activity,agricultural practices,request-156-4-0
agricultural practices,methane emissions,request-156-4-1
methane emissions,atmospheric methane increase,request-156-4-2
atmospheric methane increase,global temperature rise,request-156-4-3
global temperature rise,global warming,request-156-4-4
human activity,population growth,request-156-5-0
population growth,increased energy consumption,request-156-5-1
increased energy consumption,fossil fuel burning,request-156-5-2
fossil fuel burning,greenhouse gas emissions,request-156-5-3
greenhouse gas emissions,atmospheric carbon dioxide increase,request-156-5-4
atmospheric carbon dioxide increase,global temperature rise,request-156-5-5
global temperature rise,global warming,request-156-5-6
human activity,greenhouse gas emissions,request-157-0-0
greenhouse gas emissions,increased co2 levels,request-157-0-1
increased co2 levels,trapped heat,request-157-0-2
trapped heat,rising global temperatures,request-157-0-3
rising global temperatures,global warming,request-157-0-4
human activity,deforestation,request-157-1-0
deforestation,reduced carbon sequestration,request-157-1-1
reduced carbon sequestration,increased co2 levels,request-157-1-2
increased co2 levels,trapped heat,request-157-1-3
trapped heat,rising global temperatures,request-157-1-4
rising global temperatures,global warming,request-157-1-5
human activity,burning fossil fuels,request-157-2-0
burning fossil fuels,greenhouse gas emissions,request-157-2-1
greenhouse gas emissions,increased co2 levels,request-157-2-2
increased co2 levels,trapped heat,request-157-2-3
trapped heat,rising global temperatures,request-157-2-4
rising global temperatures,global warming,request-157-2-5
human activity,industrial agriculture,request-157-3-0
industrial agriculture,methane emissions,request-157-3-1
methane emissions,increased greenhouse gases,request-157-3-2
increased greenhouse gases,trapped heat,request-157-3-3
trapped heat,rising global temperatures,request-157-3-4
rising global temperatures,global warming,request-157-3-5
human activity,transportation emissions,request-157-4-0
transportation emissions,greenhouse gas emissions,request-157-4-1
greenhouse gas emissions,increased co2 levels,request-157-4-2
increased co2 levels,trapped heat,request-157-4-3
trapped heat,rising global temperatures,request-157-4-4
rising global temperatures,global warming,request-157-4-5
human activity,population growth,request-157-5-0
population growth,increased energy consumption,request-157-5-1
increased energy consumption,burning fossil fuels,request-157-5-2
burning fossil fuels,greenhouse gas emissions,request-157-5-3
greenhouse gas emissions,increased co2 levels,request-157-5-4
increased co2 levels,trapped heat,request-157-5-5
trapped heat,rising global temperatures,request-157-5-6
rising global temperatures,global warming,request-157-5-7
human activity,land use changes,request-157-6-0
land use changes,deforestation,request-157-6-1
deforestation,reduced carbon sequestration,request-157-6-2
reduced carbon sequestration,increased co2 levels,request-157-6-3
increased co2 levels,trapped heat,request-157-6-4
trapped heat,rising global temperatures,request-157-6-5
rising global temperatures,global warming,request-157-6-6
global warming,rise in sea levels,request-158-0-0
rise in sea levels,coastal flooding,request-158-0-1
coastal flooding,disruption of food supply,request-158-0-2
disruption of food supply,widespread famine,request-158-0-3
widespread famine,social unrest and conflict,request-158-0-4
social unrest and conflict,collapse of societies,request-158-0-5
collapse of societies,end of life on earth,request-158-0-6
global warming,increased frequency of natural disasters,request-158-1-0
increased frequency of natural disasters,destruction of habitats,request-158-1-1
destruction of habitats,loss of biodiversity,request-158-1-2
loss of biodiversity,disruption of ecosystems,request-158-1-3
disruption of ecosystems,collapse of food chains,request-158-1-4
collapse of food chains,extinction of species,request-158-1-5
extinction of species,end of life on earth,request-158-1-6
global warming,melting of polar ice caps,request-158-2-0
melting of polar ice caps,changes in ocean currents,request-158-2-1
changes in ocean currents,shifts in global climate patterns,request-158-2-2
shifts in global climate patterns,extreme weather events,request-158-2-3
extreme weather events,devastating storms,request-158-2-4
devastating storms,destruction of infrastructure,request-158-2-5
destruction of infrastructure,end of life on earth,request-158-2-6
global warming,release of methane from permafrost,request-158-3-0
release of methane from permafrost,acceleration of global warming,request-158-3-1
acceleration of global warming,increased risk of wildfires,request-158-3-2
increased risk of wildfires,massive wildfires,request-158-3-3
massive wildfires,release of toxic chemicals,request-158-3-4
release of toxic chemicals,atmospheric poisoning,request-158-3-5
atmospheric poisoning,end of life on earth,request-158-3-6
global warming,ocean acidification,request-158-4-0
ocean acidification,death of coral reefs,request-158-4-1
death of coral reefs,disruption of marine ecosystems,request-158-4-2
disruption of marine ecosystems,collapse of fisheries,request-158-4-3
collapse of fisheries,food shortages,request-158-4-4
food shortages,social collapse,request-158-4-5
social collapse,end of life on earth,request-158-4-6
fuel poverty,lack of adequate heating,request-159-0-0
lack of adequate heating,respiratory problems,request-159-0-1
respiratory problems,pneumonia,request-159-0-2
pneumonia,death,request-159-0-3
fuel poverty,cold home environment,request-159-1-0
cold home environment,hypothermia,request-159-1-1
hypothermia,cardiovascular stress,request-159-1-2
cardiovascular stress,heart attack,request-159-1-3
heart attack,death,request-159-1-4
fuel poverty,inability to afford medical treatment,request-159-2-0
inability to afford medical treatment,untreated medical conditions,request-159-2-1
untreated medical conditions,deteriorating health,request-159-2-2
deteriorating health,death,request-159-2-3
fuel poverty,malnutrition,request-159-3-0
malnutrition,weakened immune system,request-159-3-1
weakened immune system,increased susceptibility to illness,request-159-3-2
increased susceptibility to illness,death,request-159-3-3
fuel poverty,mental health problems,request-159-4-0
mental health problems,depression,request-159-4-1
depression,suicide,request-159-4-2
suicide,death,request-159-4-3
fuel poverty,increased energy costs,request-159-5-0
increased energy costs,financial stress,request-159-5-1
financial stress,anxiety,request-159-5-2
anxiety,cardiovascular disease,request-159-5-3
cardiovascular disease,death,request-159-5-4
fuel poverty,poor living conditions,request-159-6-0
poor living conditions,increased risk of accidents,request-159-6-1
increased risk of accidents,fatal accidents,request-159-6-2
fatal accidents,death,request-159-6-3
climate change,rising global temperatures,request-160-0-0
rising global temperatures,melting of glaciers,request-160-0-1
melting of glaciers,sea level rise,request-160-0-2
sea level rise,coastal erosion,request-160-0-3
coastal erosion,flooding,request-160-0-4
climate change,warmer oceans,request-160-1-0
warmer oceans,increased evaporation,request-160-1-1
increased evaporation,more frequent heavy rainfall,request-160-1-2
more frequent heavy rainfall,saturated soil,request-160-1-3
saturated soil,flooding,request-160-1-4
climate change,changes in precipitation patterns,request-160-2-0
changes in precipitation patterns,increased frequency of extreme weather events,request-160-2-1
increased frequency of extreme weather events,heavy rainfall,request-160-2-2
heavy rainfall,saturated soil,request-160-2-3
saturated soil,flooding,request-160-2-4
climate change,thawing of permafrost,request-160-3-0
thawing of permafrost,release of methane,request-160-3-1
release of methane,accelerated global warming,request-160-3-2
accelerated global warming,more frequent heavy rainfall,request-160-3-3
more frequent heavy rainfall,flooding,request-160-3-4
climate change,increased atmospheric moisture,request-160-4-0
increased atmospheric moisture,more frequent heavy rainfall,request-160-4-1
more frequent heavy rainfall,saturated soil,request-160-4-2
saturated soil,flooding,request-160-4-3
climate change,disruption of ocean currents,request-160-5-0
disruption of ocean currents,changes in sea level,request-160-5-1
changes in sea level,coastal erosion,request-160-5-2
coastal erosion,flooding,request-160-5-3
climate change,rising global temperatures,request-161-0-0
rising global temperatures,increased evaporation,request-161-0-1
increased evaporation,water scarcity,request-161-0-2
water scarcity,droughts,request-161-0-3
climate change,changes in precipitation patterns,request-161-1-0
changes in precipitation patterns,reduced rainfall,request-161-1-1
reduced rainfall,water deficit,request-161-1-2
water deficit,droughts,request-161-1-3
climate change,melting of glaciers,request-161-2-0
melting of glaciers,changes in river flow,request-161-2-1
changes in river flow,water shortage,request-161-2-2
water shortage,droughts,request-161-2-3
climate change,shift in weather patterns,request-161-3-0
shift in weather patterns,prolonged heat waves,request-161-3-1
prolonged heat waves,soil moisture depletion,request-161-3-2
soil moisture depletion,droughts,request-161-3-3
climate change,increased atmospheric co2,request-161-4-0
increased atmospheric co2,enhanced plant water use,request-161-4-1
enhanced plant water use,depleted water tables,request-161-4-2
depleted water tables,droughts,request-161-4-3
climate change,warmer ocean temperatures,request-161-5-0
warmer ocean temperatures,changes in atmospheric circulation,request-161-5-1
changes in atmospheric circulation,altered weather patterns,request-161-5-2
altered weather patterns,droughts,request-161-5-3
rise in global temperatures,melting of polar ice caps,request-162-0-0
melting of polar ice caps,sea level rise,request-162-0-1
sea level rise,coastal flooding,request-162-0-2
coastal flooding,climate change,request-162-0-3
rise in global temperatures,increased evaporation from oceans,request-162-1-0
increased evaporation from oceans,more frequent and severe heatwaves,request-162-1-1
more frequent and severe heatwaves,droughts and wildfires,request-162-1-2
droughts and wildfires,climate change,request-162-1-3
rise in global temperatures,changes in precipitation patterns,request-162-2-0
changes in precipitation patterns,extreme weather events,request-162-2-1
extreme weather events,disruption of food supplies,request-162-2-2
disruption of food supplies,climate change,request-162-2-3
rise in global temperatures,thawing of permafrost,request-162-3-0
thawing of permafrost,release of methane and co2,request-162-3-1
release of methane and co2,amplification of global warming,request-162-3-2
amplification of global warming,climate change,request-162-3-3
rise in global temperatures,ocean acidification,request-162-4-0
ocean acidification,decline of marine ecosystems,request-162-4-1
decline of marine ecosystems,loss of biodiversity,request-162-4-2
loss of biodiversity,climate change,request-162-4-3
rise in global temperatures,shift in seasons and weather patterns,request-162-5-0
shift in seasons and weather patterns,disruption of ecosystems,request-162-5-1
disruption of ecosystems,loss of habitats and species extinction,request-162-5-2
loss of habitats and species extinction,climate change,request-162-5-3
climate change,,request-162-5-4
human activity,greenhouse gas emissions,request-163-0-0
greenhouse gas emissions,atmospheric co2 increase,request-163-0-1
atmospheric co2 increase,global temperature rise,request-163-0-2
global temperature rise,climate change,request-163-0-3
human activity,deforestation,request-163-1-0
deforestation,carbon sequestration reduction,request-163-1-1
carbon sequestration reduction,atmospheric co2 increase,request-163-1-2
atmospheric co2 increase,global temperature rise,request-163-1-3
global temperature rise,climate change,request-163-1-4
human activity,fossil fuel combustion,request-163-2-0
fossil fuel combustion,greenhouse gas emissions,request-163-2-1
greenhouse gas emissions,atmospheric co2 increase,request-163-2-2
atmospheric co2 increase,global temperature rise,request-163-2-3
global temperature rise,climate change,request-163-2-4
human activity,industrial processes,request-163-3-0
industrial processes,greenhouse gas emissions,request-163-3-1
greenhouse gas emissions,atmospheric co2 increase,request-163-3-2
atmospheric co2 increase,global temperature rise,request-163-3-3
global temperature rise,climate change,request-163-3-4
human activity,agricultural practices,request-163-4-0
agricultural practices,methane emissions,request-163-4-1
methane emissions,atmospheric ch4 increase,request-163-4-2
atmospheric ch4 increase,global temperature rise,request-163-4-3
global temperature rise,climate change,request-163-4-4
human activity,waste management,request-163-5-0
waste management,methane emissions,request-163-5-1
methane emissions,atmospheric ch4 increase,request-163-5-2
atmospheric ch4 increase,global temperature rise,request-163-5-3
global temperature rise,climate change,request-163-5-4
human activity,population growth,request-163-6-0
population growth,resource consumption increase,request-163-6-1
resource consumption increase,greenhouse gas emissions,request-163-6-2
greenhouse gas emissions,atmospheric co2 increase,request-163-6-3
atmospheric co2 increase,global temperature rise,request-163-6-4
global temperature rise,climate change,request-163-6-5
burning fossil fuels,carbon dioxide emissions,request-164-0-0
carbon dioxide emissions,increased atmospheric co2 concentration,request-164-0-1
increased atmospheric co2 concentration,enhanced greenhouse effect,request-164-0-2
enhanced greenhouse effect,global warming,request-164-0-3
burning fossil fuels,release of greenhouse gases,request-164-1-0
release of greenhouse gases,atmospheric trapping of heat,request-164-1-1
atmospheric trapping of heat,rise in global temperatures,request-164-1-2
rise in global temperatures,global warming,request-164-1-3
burning fossil fuels,production of carbon dioxide and methane,request-164-2-0
production of carbon dioxide and methane,increased radiative forcing,request-164-2-1
increased radiative forcing,amplified global temperature increase,request-164-2-2
amplified global temperature increase,global warming,request-164-2-3
burning fossil fuels,emissions of pollutants and aerosols,request-164-3-0
emissions of pollutants and aerosols,disruption of earth's energy balance,request-164-3-1
disruption of earth's energy balance,changes in global climate patterns,request-164-3-2
changes in global climate patterns,global warming,request-164-3-3
burning fossil fuels,heat and energy release,request-164-4-0
heat and energy release,increased thermal radiation,request-164-4-1
increased thermal radiation,atmospheric warming,request-164-4-2
atmospheric warming,global warming,request-164-4-3
global warming,,request-164-4-4
burning biomass,releasing carbon dioxide into the atmosphere,request-165-0-0
releasing carbon dioxide into the atmosphere,increasing atmospheric greenhouse gases,request-165-0-1
increasing atmospheric greenhouse gases,trapping more heat in the atmosphere,request-165-0-2
trapping more heat in the atmosphere,global warming,request-165-0-3
burning biomass,producing smoke and soot particles,request-165-1-0
producing smoke and soot particles,blocking sunlight and reducing earth's albedo,request-165-1-1
blocking sunlight and reducing earth's albedo,increasing earth's energy absorption,request-165-1-2
increasing earth's energy absorption,global warming,request-165-1-3
burning biomass,releasing methane and nitrous oxide,request-165-2-0
releasing methane and nitrous oxide,enhancing atmospheric greenhouse effect,request-165-2-1
enhancing atmospheric greenhouse effect,trapping more heat in the atmosphere,request-165-2-2
trapping more heat in the atmosphere,global warming,request-165-2-3
burning biomass,destroying carbonsequestering forests,request-165-3-0
destroying carbonsequestering forests,reducing global carbon sinks,request-165-3-1
reducing global carbon sinks,increasing atmospheric carbon dioxide,request-165-3-2
increasing atmospheric carbon dioxide,global warming,request-165-3-3
heat from gas emissions absorbed by oceans,ocean warming,request-166-0-0
ocean warming,thermal expansion of seawater,request-166-0-1
thermal expansion of seawater,increased stratification of ocean water,request-166-0-2
increased stratification of ocean water,slowing of ocean vertical mixing,request-166-0-3
heat from gas emissions absorbed by oceans,ocean warming,request-166-1-0
ocean warming,changes in ocean density,request-166-1-1
changes in ocean density,increased stratification of ocean water,request-166-1-2
increased stratification of ocean water,slowing of ocean vertical mixing,request-166-1-3
heat from gas emissions absorbed by oceans,ocean warming,request-166-2-0
ocean warming,reduced ocean overturning,request-166-2-1
reduced ocean overturning,decreased vertical mixing of ocean water,request-166-2-2
decreased vertical mixing of ocean water,slowing of ocean vertical mixing,request-166-2-3
heat from gas emissions absorbed by oceans,ocean warming,request-166-3-0
ocean warming,changes in ocean circulation patterns,request-166-3-1
changes in ocean circulation patterns,reduced ocean overturning,request-166-3-2
reduced ocean overturning,slowing of ocean vertical mixing,request-166-3-3
slowing of ocean vertical mixing,,request-166-3-4
heat from gas emissions absorbed by oceans,increased ocean temperatures,request-167-0-0
increased ocean temperatures,thermal expansion of ocean water,request-167-0-1
thermal expansion of ocean water,reduced ocean oxygen solubility,request-167-0-2
reduced ocean oxygen solubility,ocean deoxygenation,request-167-0-3
heat from gas emissions absorbed by oceans,increased ocean temperatures,request-167-1-0
increased ocean temperatures,changes in ocean circulation patterns,request-167-1-1
changes in ocean circulation patterns,reduced oxygen transport to deep waters,request-167-1-2
reduced oxygen transport to deep waters,ocean deoxygenation,request-167-1-3
heat from gas emissions absorbed by oceans,increased ocean temperatures,request-167-2-0
increased ocean temperatures,enhanced microbial respiration,request-167-2-1
enhanced microbial respiration,increased oxygen consumption,request-167-2-2
increased oxygen consumption,ocean deoxygenation,request-167-2-3
heat from gas emissions absorbed by oceans,increased ocean temperatures,request-167-3-0
increased ocean temperatures,shifts in phytoplankton community composition,request-167-3-1
shifts in phytoplankton community composition,decreased phytoplankton oxygen production,request-167-3-2
decreased phytoplankton oxygen production,ocean deoxygenation,request-167-3-3
heat from gas emissions absorbed by oceans,increased ocean temperatures,request-167-4-0
increased ocean temperatures,increased stratification of ocean waters,request-167-4-1
increased stratification of ocean waters,reduced vertical mixing and oxygen exchange,request-167-4-2
reduced vertical mixing and oxygen exchange,ocean deoxygenation,request-167-4-3
fossil fuel co2 emissions,atmospheric co2 increase,request-168-0-0
atmospheric co2 increase,ocean co2 absorption,request-168-0-1
ocean co2 absorption,ocean acidification,request-168-0-2
fossil fuel co2 emissions,atmospheric co2 increase,request-168-1-0
atmospheric co2 increase,atmospheric temperature increase,request-168-1-1
atmospheric temperature increase,sea surface temperature increase,request-168-1-2
sea surface temperature increase,ocean co2 absorption,request-168-1-3
ocean co2 absorption,ocean acidification,request-168-1-4
fossil fuel co2 emissions,atmospheric co2 increase,request-168-2-0
atmospheric co2 increase,ocean co2 absorption,request-168-2-1
ocean co2 absorption,decreased ph levels,request-168-2-2
decreased ph levels,ocean acidification,request-168-2-3
fossil fuel co2 emissions,atmospheric co2 increase,request-168-3-0
atmospheric co2 increase,atmospheric temperature increase,request-168-3-1
atmospheric temperature increase,sea surface temperature increase,request-168-3-2
sea surface temperature increase,ocean co2 absorption,request-168-3-3
ocean co2 absorption,decreased ph levels,request-168-3-4
decreased ph levels,ocean acidification,request-168-3-5
heat,high temperature,request-169-0-0
high temperature,increased sweating,request-169-0-1
increased sweating,dehydration,request-169-0-2
dehydration,heat stroke,request-169-0-3
heat stroke,hot weather deaths,request-169-0-4
heat,high temperature,request-169-1-0
high temperature,increased energy consumption,request-169-1-1
increased energy consumption,power outages,request-169-1-2
power outages,lack of air conditioning,request-169-1-3
lack of air conditioning,heat stroke,request-169-1-4
heat stroke,hot weather deaths,request-169-1-5
heat,high temperature,request-169-2-0
high temperature,increased physical activity,request-169-2-1
increased physical activity,exhaustion,request-169-2-2
exhaustion,heat stroke,request-169-2-3
heat stroke,hot weather deaths,request-169-2-4
heat,high temperature,request-169-3-0
high temperature,urban heat island effect,request-169-3-1
urban heat island effect,increased mortality rate,request-169-3-2
increased mortality rate,hot weather deaths,request-169-3-3
heat,high temperature,request-169-4-0
high temperature,drought,request-169-4-1
drought,water scarcity,request-169-4-2
water scarcity,dehydration,request-169-4-3
dehydration,heat stroke,request-169-4-4
heat stroke,hot weather deaths,request-169-4-5
heat,high temperature,request-169-5-0
high temperature,increased ozone formation,request-169-5-1
increased ozone formation,respiratory problems,request-169-5-2
respiratory problems,heat stroke,request-169-5-3
heat stroke,hot weather deaths,request-169-5-4
lack of air conditioning,increased indoor temperatures,request-170-0-0
increased indoor temperatures,heat stress,request-170-0-1
heat stress,heat stroke,request-170-0-2
heat stroke,hot weather deaths,request-170-0-3
lack of air conditioning,overheating of living spaces,request-170-1-0
overheating of living spaces,dehydration,request-170-1-1
dehydration,heat exhaustion,request-170-1-2
heat exhaustion,hot weather deaths,request-170-1-3
lack of air conditioning,discomfort and fatigue,request-170-2-0
discomfort and fatigue,reduced physical activity,request-170-2-1
reduced physical activity,heatrelated illnesses,request-170-2-2
heatrelated illnesses,hot weather deaths,request-170-2-3
lack of air conditioning,increased energy consumption,request-170-3-0
increased energy consumption,power outages,request-170-3-1
power outages,loss of cooling systems,request-170-3-2
loss of cooling systems,hot weather deaths,request-170-3-3
lack of air conditioning,poor air quality,request-170-4-0
poor air quality,respiratory distress,request-170-4-1
respiratory distress,cardiovascular strain,request-170-4-2
cardiovascular strain,hot weather deaths,request-170-4-3
cold,low temperatures,request-171-0-0
low temperatures,hypothermia,request-171-0-1
hypothermia,cold weather deaths,request-171-0-2
cold,winter season,request-171-1-0
winter season,prolonged exposure,request-171-1-1
prolonged exposure,hypothermia,request-171-1-2
hypothermia,cold weather deaths,request-171-1-3
cold,poor heating,request-171-2-0
poor heating,inadequate warmth,request-171-2-1
inadequate warmth,hypothermia,request-171-2-2
hypothermia,cold weather deaths,request-171-2-3
cold,homelessness,request-171-3-0
homelessness,lack of shelter,request-171-3-1
lack of shelter,prolonged exposure,request-171-3-2
prolonged exposure,hypothermia,request-171-3-3
hypothermia,cold weather deaths,request-171-3-4
cold,power outage,request-171-4-0
power outage,no heating,request-171-4-1
no heating,inadequate warmth,request-171-4-2
inadequate warmth,hypothermia,request-171-4-3
hypothermia,cold weather deaths,request-171-4-4
cold,flu season,request-171-5-0
flu season,weakened immune system,request-171-5-1
weakened immune system,pneumonia,request-171-5-2
pneumonia,cold weather deaths,request-171-5-3
cold,isolation,request-171-6-0
isolation,lack of medical care,request-171-6-1
lack of medical care,untreated illness,request-171-6-2
untreated illness,cold weather deaths,request-171-6-3
weakened immune system in the winter,increased susceptibility to illnesses,request-172-0-0
increased susceptibility to illnesses,contracting pneumonia,request-172-0-1
contracting pneumonia,severe respiratory failure,request-172-0-2
severe respiratory failure,death,request-172-0-3
weakened immune system in the winter,reduced ability to fight off infections,request-172-1-0
reduced ability to fight off infections,developing sepsis,request-172-1-1
developing sepsis,multiple organ failure,request-172-1-2
multiple organ failure,death,request-172-1-3
weakened immune system in the winter,vulnerability to influenza,request-172-2-0
vulnerability to influenza,severe flu complications,request-172-2-1
severe flu complications,acute respiratory distress syndrome,request-172-2-2
acute respiratory distress syndrome,death,request-172-2-3
weakened immune system in the winter,increased risk of bronchitis,request-172-3-0
increased risk of bronchitis,chronic obstructive pulmonary disease  exacerbation,request-172-3-1
chronic obstructive pulmonary disease  exacerbation,respiratory arrest,request-172-3-2
respiratory arrest,death,request-172-3-3
weakened immune system in the winter,impaired ability to combat bacterial infections,request-172-4-0
impaired ability to combat bacterial infections,developing meningitis,request-172-4-1
developing meningitis,cerebral edema and brain damage,request-172-4-2
cerebral edema and brain damage,death,request-172-4-3
cold,influenza,request-173-0-0
influenza,pneumonia,request-173-0-1
pneumonia,respiratory failure,request-173-0-2
respiratory failure,death,request-173-0-3
cold,sore throat,request-173-1-0
sore throat,infection,request-173-1-1
infection,sepsis,request-173-1-2
sepsis,organ failure,request-173-1-3
organ failure,death,request-173-1-4
cold,fever,request-173-2-0
fever,dehydration,request-173-2-1
dehydration,hypovolemic shock,request-173-2-2
hypovolemic shock,cardiac arrest,request-173-2-3
cardiac arrest,death,request-173-2-4
cold,sinus infection,request-173-3-0
sinus infection,meningitis,request-173-3-1
meningitis,brain damage,request-173-3-2
brain damage,death,request-173-3-3
cold,bronchitis,request-173-4-0
bronchitis,chronic obstructive pulmonary disease,request-173-4-1
chronic obstructive pulmonary disease,respiratory failure,request-173-4-2
respiratory failure,death,request-173-4-3
cold,ear infection,request-173-5-0
ear infection,mastoiditis,request-173-5-1
mastoiditis,sepsis,request-173-5-2
sepsis,organ failure,request-173-5-3
organ failure,death,request-173-5-4
the wholesale price of gas,increase in transportation costs,request-174-0-0
increase in transportation costs,higher prices for goods and services,request-174-0-1
higher prices for goods and services,reduced consumer purchasing power,request-174-0-2
reduced consumer purchasing power,crisis in the cost of living,request-174-0-3
the wholesale price of gas,higher costs for farmers and food manufacturers,request-174-1-0
higher costs for farmers and food manufacturers,increase in food prices,request-174-1-1
increase in food prices,reduced consumer purchasing power,request-174-1-2
reduced consumer purchasing power,crisis in the cost of living,request-174-1-3
the wholesale price of gas,increase in energy costs for businesses,request-174-2-0
increase in energy costs for businesses,higher production costs,request-174-2-1
higher production costs,higher prices for goods and services,request-174-2-2
higher prices for goods and services,reduced consumer purchasing power,request-174-2-3
reduced consumer purchasing power,crisis in the cost of living,request-174-2-4
the wholesale price of gas,higher costs for public transportation,request-174-3-0
higher costs for public transportation,increased fares and ticket prices,request-174-3-1
increased fares and ticket prices,reduced consumer purchasing power,request-174-3-2
reduced consumer purchasing power,crisis in the cost of living,request-174-3-3
the wholesale price of gas,increased costs for logistics and delivery companies,request-174-4-0
increased costs for logistics and delivery companies,higher prices for online shopping and delivery,request-174-4-1
higher prices for online shopping and delivery,reduced consumer purchasing power,request-174-4-2
reduced consumer purchasing power,crisis in the cost of living,request-174-4-3
crisis in the cost of living,,request-174-4-4
human activity,fossil fuel extraction,request-175-0-0
fossil fuel extraction,burning of fossil fuels,request-175-0-1
burning of fossil fuels,release of co2 into atmosphere,request-175-0-2
release of co2 into atmosphere,50 billion tons of co2 per year,request-175-0-3
human activity,deforestation,request-175-1-0
deforestation,decomposition of organic matter,request-175-1-1
decomposition of organic matter,release of co2 into atmosphere,request-175-1-2
release of co2 into atmosphere,50 billion tons of co2 per year,request-175-1-3
human activity,industrial processes,request-175-2-0
industrial processes,emission of co2 as byproduct,request-175-2-1
emission of co2 as byproduct,release of co2 into atmosphere,request-175-2-2
release of co2 into atmosphere,50 billion tons of co2 per year,request-175-2-3
human activity,agricultural practices,request-175-3-0
agricultural practices,soil degradation,request-175-3-1
soil degradation,release of co2 into atmosphere,request-175-3-2
release of co2 into atmosphere,50 billion tons of co2 per year,request-175-3-3
human activity,transportation,request-175-4-0
transportation,burning of fossil fuels,request-175-4-1
burning of fossil fuels,release of co2 into atmosphere,request-175-4-2
release of co2 into atmosphere,50 billion tons of co2 per year,request-175-4-3
human activity,energy consumption,request-175-5-0
energy consumption,burning of fossil fuels,request-175-5-1
burning of fossil fuels,release of co2 into atmosphere,request-175-5-2
release of co2 into atmosphere,50 billion tons of co2 per year,request-175-5-3
human activity,waste management,request-175-6-0
waste management,decomposition of organic waste,request-175-6-1
decomposition of organic waste,release of co2 into atmosphere,request-175-6-2
release of co2 into atmosphere,50 billion tons of co2 per year,request-175-6-3
fires,burning of vegetation,request-176-0-0
burning of vegetation,loss of tree cover,request-176-0-1
loss of tree cover,deforestation,request-176-0-2
fires,destruction of habitats,request-176-1-0
destruction of habitats,displacement of wildlife,request-176-1-1
displacement of wildlife,loss of biodiversity,request-176-1-2
loss of biodiversity,deforestation,request-176-1-3
fires,release of carbon emissions,request-176-2-0
release of carbon emissions,climate change,request-176-2-1
climate change,changes in rainfall patterns,request-176-2-2
changes in rainfall patterns,drought,request-176-2-3
drought,deforestation,request-176-2-4
fires,damage to soil quality,request-176-3-0
damage to soil quality,erosion,request-176-3-1
erosion,land degradation,request-176-3-2
land degradation,deforestation,request-176-3-3
fires,increased risk of future fires,request-176-4-0
increased risk of future fires,habitat fragmentation,request-176-4-1
habitat fragmentation,loss of ecosystem services,request-176-4-2
loss of ecosystem services,deforestation,request-176-4-3
increased foliage,more oxygen production,request-177-0-0
more oxygen production,improved air quality,request-177-0-1
improved air quality,enhanced ecosystem health,request-177-0-2
enhanced ecosystem health,greening of the planet,request-177-0-3
increased foliage,increased carbon sequestration,request-177-1-0
increased carbon sequestration,reduced greenhouse gas emissions,request-177-1-1
reduced greenhouse gas emissions,slowed global warming,request-177-1-2
slowed global warming,greening of the planet,request-177-1-3
increased foliage,expanded wildlife habitats,request-177-2-0
expanded wildlife habitats,increased biodiversity,request-177-2-1
increased biodiversity,enhanced ecosystem resilience,request-177-2-2
enhanced ecosystem resilience,greening of the planet,request-177-2-3
increased foliage,improved soil quality,request-177-3-0
improved soil quality,increased water retention,request-177-3-1
increased water retention,reduced soil erosion,request-177-3-2
reduced soil erosion,greening of the planet,request-177-3-3
increased foliage,increased evapotranspiration,request-177-4-0
increased evapotranspiration,altered local climate patterns,request-177-4-1
altered local climate patterns,changed weather patterns,request-177-4-2
changed weather patterns,greening of the planet,request-177-4-3
tree planting,seed germination,request-178-0-0
seed germination,sapling growth,request-178-0-1
sapling growth,forest expansion,request-178-0-2
forest expansion,reforestation,request-178-0-3
tree planting,soil erosion prevention,request-178-1-0
soil erosion prevention,land stabilization,request-178-1-1
land stabilization,habitat creation,request-178-1-2
habitat creation,reforestation,request-178-1-3
tree planting,carbon sequestration,request-178-2-0
carbon sequestration,climate change mitigation,request-178-2-1
climate change mitigation,ecosystem recovery,request-178-2-2
ecosystem recovery,reforestation,request-178-2-3
tree planting,wildlife habitat restoration,request-178-3-0
wildlife habitat restoration,biodiversity increase,request-178-3-1
biodiversity increase,ecosystem balance,request-178-3-2
ecosystem balance,reforestation,request-178-3-3
tree planting,soil fertility improvement,request-178-4-0
soil fertility improvement,vegetation growth,request-178-4-1
vegetation growth,forest regeneration,request-178-4-2
forest regeneration,reforestation,request-178-4-3
tree planting,water cycle regulation,request-178-5-0
water cycle regulation,hydrological balance,request-178-5-1
hydrological balance,ecosystem health,request-178-5-2
ecosystem health,reforestation,request-178-5-3
tree planting,seed germination,request-179-0-0
seed germination,sapling growth,request-179-0-1
sapling growth,forest regeneration,request-179-0-2
forest regeneration,reforestation,request-179-0-3
tree planting,soil erosion prevention,request-179-1-0
soil erosion prevention,land stabilization,request-179-1-1
land stabilization,habitat creation,request-179-1-2
habitat creation,reforestation,request-179-1-3
tree planting,carbon sequestration,request-179-2-0
carbon sequestration,climate change mitigation,request-179-2-1
climate change mitigation,ecosystem recovery,request-179-2-2
ecosystem recovery,reforestation,request-179-2-3
tree planting,wildlife habitat creation,request-179-3-0
wildlife habitat creation,biodiversity increase,request-179-3-1
biodiversity increase,ecosystem restoration,request-179-3-2
ecosystem restoration,reforestation,request-179-3-3
tree planting,soil quality improvement,request-179-4-0
soil quality improvement,nutrient cycling,request-179-4-1
nutrient cycling,forest ecosystem development,request-179-4-2
forest ecosystem development,reforestation,request-179-4-3
tree planting,water cycle regulation,request-179-5-0
water cycle regulation,hydrological balance,request-179-5-1
hydrological balance,forest ecosystem health,request-179-5-2
forest ecosystem health,reforestation,request-179-5-3
deforestation,removal of tree cover,request-180-0-0
removal of tree cover,exposure of soil to erosion,request-180-0-1
exposure of soil to erosion,soil erosion,request-180-0-2
soil erosion,loss of topsoil,request-180-0-3
loss of topsoil,nutrient loss in the soils,request-180-0-4
deforestation,disruption of ecosystem processes,request-180-1-0
disruption of ecosystem processes,changes in soil microbe populations,request-180-1-1
changes in soil microbe populations,reduced decomposition rates,request-180-1-2
reduced decomposition rates,accumulation of organic matter,request-180-1-3
accumulation of organic matter,nutrient loss in the soils,request-180-1-4
deforestation,increased soil temperature,request-180-2-0
increased soil temperature,enhanced soil respiration,request-180-2-1
enhanced soil respiration,increased carbon dioxide production,request-180-2-2
increased carbon dioxide production,soil acidification,request-180-2-3
soil acidification,nutrient loss in the soils,request-180-2-4
deforestation,removal of nutrientrich plant biomass,request-180-3-0
removal of nutrientrich plant biomass,reduced nutrient cycling,request-180-3-1
reduced nutrient cycling,depletion of soil nutrients,request-180-3-2
depletion of soil nutrients,nutrient loss in the soils,request-180-3-3
deforestation,compaction of soil by heavy machinery,request-180-4-0
compaction of soil by heavy machinery,reduced soil aeration,request-180-4-1
reduced soil aeration,impaired root growth,request-180-4-2
impaired root growth,nutrient loss in the soils,request-180-4-3
nutrient loss in the soils,depleted soil fertility,request-181-0-0
depleted soil fertility,reduced crop yields,request-181-0-1
reduced crop yields,increased use of synthetic fertilizers,request-181-0-2
increased use of synthetic fertilizers,dependence on external inputs,request-181-0-3
dependence on external inputs,monoculture,request-181-0-4
nutrient loss in the soils,soil erosion,request-181-1-0
soil erosion,loss of organic matter,request-181-1-1
loss of organic matter,decreased water retention,request-181-1-2
decreased water retention,increased irrigation needs,request-181-1-3
increased irrigation needs,monoculture,request-181-1-4
nutrient loss in the soils,decreased microbial activity,request-181-2-0
decreased microbial activity,impaired soil structure,request-181-2-1
impaired soil structure,reduced soil aeration,request-181-2-2
reduced soil aeration,stunted plant growth,request-181-2-3
stunted plant growth,monoculture,request-181-2-4
nutrient loss in the soils,increased soil acidity,request-181-3-0
increased soil acidity,toxicity to microorganisms,request-181-3-1
toxicity to microorganisms,disrupted nutrient cycles,request-181-3-2
disrupted nutrient cycles,reduced soil biodiversity,request-181-3-3
reduced soil biodiversity,monoculture,request-181-3-4
nutrient loss in the soils,decreased soil carbon sequestration,request-181-4-0
decreased soil carbon sequestration,increased greenhouse gas emissions,request-181-4-1
increased greenhouse gas emissions,climate change,request-181-4-2
climate change,changes in growing seasons,request-181-4-3
changes in growing seasons,monoculture,request-181-4-4
