cause,effect,custom_id
cities' burden on distal resource suppliers,depletion of remote resources,request-1-0-0
depletion of remote resources,resource scarcity in supply markets,request-1-0-1
resource scarcity in supply markets,increased resource prices,request-1-0-2
increased resource prices,higher resource costs for cities,request-1-0-3
higher resource costs for cities,increased urban consumption,request-1-0-4
increased urban consumption,increased waste production in cities,request-1-0-5
increased waste production in cities,environmental deficits in cities,request-1-0-6
cities' burden on distal resource suppliers,overexploitation of remote ecosystems,request-1-1-0
overexploitation of remote ecosystems,loss of biodiversity,request-1-1-1
loss of biodiversity,disruption of ecological balances,request-1-1-2
disruption of ecological balances,global climate changes,request-1-1-3
global climate changes,urban climate impacts,request-1-1-4
urban climate impacts,environmental deficits in cities,request-1-1-5
cities' burden on distal resource suppliers,increased transportation of resources,request-1-2-0
increased transportation of resources,higher greenhouse gas emissions,request-1-2-1
higher greenhouse gas emissions,acceleration of climate change,request-1-2-2
acceleration of climate change,increased frequency of extreme weather events,request-1-2-3
increased frequency of extreme weather events,urban infrastructure damage,request-1-2-4
urban infrastructure damage,environmental deficits in cities,request-1-2-5
cities' burden on distal resource suppliers,deforestation in supply regions,request-1-3-0
deforestation in supply regions,loss of carbon sinks,request-1-3-1
loss of carbon sinks,elevated atmospheric co₂ levels,request-1-3-2
elevated atmospheric co₂ levels,climate change impacts,request-1-3-3
climate change impacts,urban heat islands,request-1-3-4
urban heat islands,environmental deficits in cities,request-1-3-5
cities' burden on distal resource suppliers,pollution from extraction and transport,request-1-4-0
pollution from extraction and transport,global pollutant circulation,request-1-4-1
global pollutant circulation,urban pollution influx,request-1-4-2
urban pollution influx,degraded urban environments,request-1-4-3
degraded urban environments,environmental deficits in cities,request-1-4-4
cities' burden on distal resource suppliers,social instability in supply regions,request-1-5-0
social instability in supply regions,disruption of resource supplies,request-1-5-1
disruption of resource supplies,resource shortages in cities,request-1-5-2
resource shortages in cities,compromised urban services,request-1-5-3
compromised urban services,environmental deficits in cities,request-1-5-4
business,industrial activities,request-2-0-0
industrial activities,greenhouse gas emissions,request-2-0-1
greenhouse gas emissions,climate change,request-2-0-2
business,fossil fuel consumption,request-2-1-0
fossil fuel consumption,carbon dioxide emissions,request-2-1-1
carbon dioxide emissions,climate change,request-2-1-2
business,deforestation,request-2-2-0
deforestation,loss of carbon sinks,request-2-2-1
loss of carbon sinks,increased atmospheric co2,request-2-2-2
increased atmospheric co2,climate change,request-2-2-3
business,energy production,request-2-3-0
energy production,burning of fossil fuels,request-2-3-1
burning of fossil fuels,greenhouse gas accumulation,request-2-3-2
greenhouse gas accumulation,climate change,request-2-3-3
business,transportation needs,request-2-4-0
transportation needs,vehicle emissions,request-2-4-1
vehicle emissions,air pollution,request-2-4-2
air pollution,climate change,request-2-4-3
business,manufacturing processes,request-2-5-0
manufacturing processes,methane emissions,request-2-5-1
methane emissions,climate change,request-2-5-2
business,agricultural expansion,request-2-6-0
agricultural expansion,nitrous oxide emissions,request-2-6-1
nitrous oxide emissions,greenhouse gas build-up,request-2-6-2
greenhouse gas build-up,climate change,request-2-6-3
business,waste generation,request-2-7-0
waste generation,landfill methane emissions,request-2-7-1
landfill methane emissions,climate change,request-2-7-2
business,overfishing,request-2-8-0
overfishing,disruption of oceanic carbon sinks,request-2-8-1
disruption of oceanic carbon sinks,elevated co2 levels,request-2-8-2
elevated co2 levels,climate change,request-2-8-3
business,cement production,request-2-9-0
cement production,carbon dioxide release,request-2-9-1
carbon dioxide release,climate change,request-2-9-2
business,chemical manufacturing,request-2-10-0
chemical manufacturing,fluorinated gas emissions,request-2-10-1
fluorinated gas emissions,greenhouse effect enhancement,request-2-10-2
greenhouse effect enhancement,climate change,request-2-10-3
business,industrial deforestation,request-2-11-0
industrial deforestation,habitat loss,request-2-11-1
habitat loss,biodiversity decline,request-2-11-2
biodiversity decline,ecosystem imbalance,request-2-11-3
ecosystem imbalance,climate change,request-2-11-4
business,increased energy demand,request-2-12-0
increased energy demand,reliance on non-renewable resources,request-2-12-1
reliance on non-renewable resources,greenhouse gas emissions,request-2-12-2
greenhouse gas emissions,climate change,request-2-12-3
business,product distribution,request-2-13-0
product distribution,transportation emissions,request-2-13-1
transportation emissions,global warming,request-2-13-2
global warming,climate change,request-2-13-3
business,technological development,request-2-14-0
technological development,increased electricity usage,request-2-14-1
increased electricity usage,fossil fuel burning,request-2-14-2
fossil fuel burning,climate change,request-2-14-3
business,mining activities,request-2-15-0
mining activities,land degradation,request-2-15-1
land degradation,altered carbon cycles,request-2-15-2
altered carbon cycles,climate change,request-2-15-3
business,industrial refrigeration,request-2-16-0
industrial refrigeration,hydrofluorocarbon emissions,request-2-16-1
hydrofluorocarbon emissions,enhanced greenhouse effect,request-2-16-2
enhanced greenhouse effect,climate change,request-2-16-3
business,synthetic fertilizer production,request-2-17-0
synthetic fertilizer production,nitrous oxide emissions,request-2-17-1
nitrous oxide emissions,greenhouse gas accumulation,request-2-17-2
greenhouse gas accumulation,climate change,request-2-17-3
business,livestock farming,request-2-18-0
livestock farming,methane production,request-2-18-1
methane production,greenhouse gas increase,request-2-18-2
greenhouse gas increase,climate change,request-2-18-3
business,consumerism,request-2-19-0
consumerism,overproduction,request-2-19-1
overproduction,resource depletion,request-2-19-2
resource depletion,environmental stress,request-2-19-3
environmental stress,climate change,request-2-19-4
business,deforestation,request-3-0-0
deforestation,habitat loss,request-3-0-1
habitat loss,loss of biodiversity,request-3-0-2
business,industrial pollution,request-3-1-0
industrial pollution,environmental degradation,request-3-1-1
environmental degradation,loss of biodiversity,request-3-1-2
business,overfishing,request-3-2-0
overfishing,marine species decline,request-3-2-1
marine species decline,loss of biodiversity,request-3-2-2
business,urban expansion,request-3-3-0
urban expansion,habitat fragmentation,request-3-3-1
habitat fragmentation,loss of biodiversity,request-3-3-2
business,agricultural intensification,request-3-4-0
agricultural intensification,pesticide use,request-3-4-1
pesticide use,species decline,request-3-4-2
species decline,loss of biodiversity,request-3-4-3
business,mining operations,request-3-5-0
mining operations,soil erosion,request-3-5-1
soil erosion,loss of biodiversity,request-3-5-2
business,climate change emissions,request-3-6-0
climate change emissions,global warming,request-3-6-1
global warming,ecosystem disruption,request-3-6-2
ecosystem disruption,loss of biodiversity,request-3-6-3
business,invasive species introduction,request-3-7-0
invasive species introduction,native species displacement,request-3-7-1
native species displacement,loss of biodiversity,request-3-7-2
business,plastic pollution,request-3-8-0
plastic pollution,marine life harm,request-3-8-1
marine life harm,loss of biodiversity,request-3-8-2
business,oil spills,request-3-9-0
oil spills,water contamination,request-3-9-1
water contamination,loss of biodiversity,request-3-9-2
business,logging,request-3-10-0
logging,forest degradation,request-3-10-1
forest degradation,loss of biodiversity,request-3-10-2
business,resource extraction,request-3-11-0
resource extraction,ecosystem imbalance,request-3-11-1
ecosystem imbalance,loss of biodiversity,request-3-11-2
business,chemical waste disposal,request-3-12-0
chemical waste disposal,soil contamination,request-3-12-1
soil contamination,loss of biodiversity,request-3-12-2
business,water extraction,request-3-13-0
water extraction,wetland depletion,request-3-13-1
wetland depletion,loss of biodiversity,request-3-13-2
business,air pollution,request-3-14-0
air pollution,acid rain,request-3-14-1
acid rain,forest damage,request-3-14-2
forest damage,loss of biodiversity,request-3-14-3
business,industrial activities,request-4-0-0
industrial activities,pollution,request-4-0-1
pollution,degradation of nature,request-4-0-2
business,deforestation,request-4-1-0
deforestation,habitat destruction,request-4-1-1
habitat destruction,loss of biodiversity,request-4-1-2
loss of biodiversity,degradation of nature,request-4-1-3
business,greenhouse gas emissions,request-4-2-0
greenhouse gas emissions,global warming,request-4-2-1
global warming,climate change,request-4-2-2
climate change,degradation of nature,request-4-2-3
business,overfishing,request-4-3-0
overfishing,marine ecosystem disruption,request-4-3-1
marine ecosystem disruption,degradation of nature,request-4-3-2
business,mining operations,request-4-4-0
mining operations,soil erosion,request-4-4-1
soil erosion,land degradation,request-4-4-2
land degradation,degradation of nature,request-4-4-3
business,use of pesticides,request-4-5-0
use of pesticides,water contamination,request-4-5-1
water contamination,harm to aquatic life,request-4-5-2
harm to aquatic life,degradation of nature,request-4-5-3
business,plastic production,request-4-6-0
plastic production,plastic pollution,request-4-6-1
plastic pollution,wildlife endangerment,request-4-6-2
wildlife endangerment,degradation of nature,request-4-6-3
business,urban development,request-4-7-0
urban development,loss of natural habitats,request-4-7-1
loss of natural habitats,ecosystem imbalance,request-4-7-2
ecosystem imbalance,degradation of nature,request-4-7-3
business,fossil fuel consumption,request-4-8-0
fossil fuel consumption,air pollution,request-4-8-1
air pollution,acid rain formation,request-4-8-2
acid rain formation,degradation of nature,request-4-8-3
business,industrial waste disposal,request-4-9-0
industrial waste disposal,toxic landfill accumulation,request-4-9-1
toxic landfill accumulation,soil contamination,request-4-9-2
soil contamination,degradation of nature,request-4-9-3
heat from gas emissions absorbed by oceans,ocean surface warming,request-5-0-0
ocean surface warming,increased thermal stratification,request-5-0-1
increased thermal stratification,slowing of ocean vertical mixing,request-5-0-2
heat from gas emissions absorbed by oceans,melting of polar ice caps,request-5-1-0
melting of polar ice caps,freshwater influx into oceans,request-5-1-1
freshwater influx into oceans,decreased surface salinity,request-5-1-2
decreased surface salinity,increased density stratification,request-5-1-3
increased density stratification,slowing of ocean vertical mixing,request-5-1-4
heat from gas emissions absorbed by oceans,changes in wind patterns,request-5-2-0
changes in wind patterns,reduced surface turbulence,request-5-2-1
reduced surface turbulence,slowing of ocean vertical mixing,request-5-2-2
heat from gas emissions absorbed by oceans,ocean warming,request-6-0-0
ocean warming,reduced oxygen solubility,request-6-0-1
reduced oxygen solubility,decreased dissolved oxygen levels,request-6-0-2
decreased dissolved oxygen levels,ocean deoxygenation,request-6-0-3
heat from gas emissions absorbed by oceans,ocean warming,request-6-1-0
ocean warming,increased ocean stratification,request-6-1-1
increased ocean stratification,reduced vertical mixing,request-6-1-2
reduced vertical mixing,decreased oxygen transport,request-6-1-3
decreased oxygen transport,ocean deoxygenation,request-6-1-4
heat from gas emissions absorbed by oceans,ocean warming,request-6-2-0
ocean warming,higher metabolic rates,request-6-2-1
higher metabolic rates,increased oxygen consumption,request-6-2-2
increased oxygen consumption,decreased oxygen availability,request-6-2-3
decreased oxygen availability,ocean deoxygenation,request-6-2-4
heat from gas emissions absorbed by oceans,ocean warming,request-6-3-0
ocean warming,altered ocean circulation,request-6-3-1
altered ocean circulation,disrupted nutrient upwelling,request-6-3-2
disrupted nutrient upwelling,reduced phytoplankton growth,request-6-3-3
reduced phytoplankton growth,decreased oxygen production,request-6-3-4
decreased oxygen production,ocean deoxygenation,request-6-3-5
heat from gas emissions absorbed by oceans,ocean warming,request-6-4-0
ocean warming,coral bleaching,request-6-4-1
coral bleaching,habitat loss,request-6-4-2
habitat loss,ecosystem disruption,request-6-4-3
ecosystem disruption,altered oxygen dynamics,request-6-4-4
altered oxygen dynamics,ocean deoxygenation,request-6-4-5
fossil fuel co2 emissions,increased atmospheric co2 concentrations,request-7-0-0
increased atmospheric co2 concentrations,oceanic absorption of co2,request-7-0-1
oceanic absorption of co2,formation of carbonic acid in seawater,request-7-0-2
formation of carbonic acid in seawater,decrease in ocean ph,request-7-0-3
decrease in ocean ph,ocean acidification,request-7-0-4
fossil fuel co2 emissions,elevated atmospheric co2 levels,request-7-1-0
elevated atmospheric co2 levels,enhanced diffusion of co2 into oceans,request-7-1-1
enhanced diffusion of co2 into oceans,alteration of carbonate chemistry,request-7-1-2
alteration of carbonate chemistry,reduction of carbonate ions,request-7-1-3
reduction of carbonate ions,ocean acidification,request-7-1-4
fossil fuel co2 emissions,rising greenhouse gas concentrations,request-7-2-0
rising greenhouse gas concentrations,global temperature increase,request-7-2-1
global temperature increase,changes in ocean stratification,request-7-2-2
changes in ocean stratification,altered co2 uptake patterns,request-7-2-3
altered co2 uptake patterns,ocean acidification,request-7-2-4
fossil fuel co2 emissions,increased atmospheric co2,request-7-3-0
increased atmospheric co2,decreased ocean buffering capacity,request-7-3-1
decreased ocean buffering capacity,lower carbonate saturation states,request-7-3-2
lower carbonate saturation states,ocean acidification,request-7-3-3
fossil fuel co2 emissions,elevated atmospheric co2 levels,request-7-4-0
elevated atmospheric co2 levels,ocean warming,request-7-4-1
ocean warming,reduced co2 solubility in seawater,request-7-4-2
reduced co2 solubility in seawater,changes in oceanic ph,request-7-4-3
changes in oceanic ph,ocean acidification,request-7-4-4
melting of glaciers,freshwater influx into ocean,request-8-0-0
freshwater influx into ocean,decreased ocean salinity,request-8-0-1
decreased ocean salinity,reduced water density,request-8-0-2
reduced water density,disruption of thermohaline circulation,request-8-0-3
disruption of thermohaline circulation,disruption of ocean currents at intermediate depths,request-8-0-4
melting of glaciers,freshwater input into ocean,request-8-1-0
freshwater input into ocean,ocean stratification,request-8-1-1
ocean stratification,reduced vertical mixing,request-8-1-2
reduced vertical mixing,disruption of ocean currents at intermediate depths,request-8-1-3
melting of glaciers,sea-level rise,request-8-2-0
sea-level rise,alteration of pressure gradients,request-8-2-1
alteration of pressure gradients,changes in ocean circulation patterns,request-8-2-2
changes in ocean circulation patterns,disruption of ocean currents at intermediate depths,request-8-2-3
melting of glaciers,freshwater input into high-latitude oceans,request-8-3-0
freshwater input into high-latitude oceans,weakened deep water formation,request-8-3-1
weakened deep water formation,altered thermohaline circulation,request-8-3-2
altered thermohaline circulation,disruption of ocean currents at intermediate depths,request-8-3-3
melting of glaciers,decreased salinity in polar regions,request-8-4-0
decreased salinity in polar regions,altered meridional density gradients,request-8-4-1
altered meridional density gradients,changes in geostrophic currents,request-8-4-2
changes in geostrophic currents,disruption of ocean currents at intermediate depths,request-8-4-3
melting of glaciers,increased freshwater input into the ocean,request-9-0-0
increased freshwater input into the ocean,decreased salinity of surface ocean waters,request-9-0-1
decreased salinity of surface ocean waters,altered ocean density gradients,request-9-0-2
altered ocean density gradients,disruption of thermohaline circulation,request-9-0-3
disruption of thermohaline circulation,disruption of ocean temperature at intermediate depths,request-9-0-4
melting of glaciers,sea level rise,request-9-1-0
sea level rise,altered ocean current patterns,request-9-1-1
altered ocean current patterns,changes in oceanic heat distribution,request-9-1-2
changes in oceanic heat distribution,disruption of ocean temperature at intermediate depths,request-9-1-3
melting of glaciers,addition of cold freshwater to ocean surface,request-9-2-0
addition of cold freshwater to ocean surface,weakening of deep water formation,request-9-2-1
weakening of deep water formation,slowing of global ocean conveyor belt circulation,request-9-2-2
slowing of global ocean conveyor belt circulation,disruption of ocean temperature at intermediate depths,request-9-2-3
melting of glaciers,reduction in ice albedo effect,request-9-3-0
reduction in ice albedo effect,increased absorption of solar radiation by oceans,request-9-3-1
increased absorption of solar radiation by oceans,warming of surface ocean layers,request-9-3-2
warming of surface ocean layers,increased ocean stratification,request-9-3-3
increased ocean stratification,reduced vertical mixing of ocean waters,request-9-3-4
reduced vertical mixing of ocean waters,disruption of ocean temperature at intermediate depths,request-9-3-5
melting of glaciers,increased nutrient influx into the ocean,request-9-4-0
increased nutrient influx into the ocean,altered ocean productivity,request-9-4-1
altered ocean productivity,changes in biological mixing of ocean layers,request-9-4-2
changes in biological mixing of ocean layers,disruption of ocean temperature at intermediate depths,request-9-4-3
melting of glaciers,increased sedimentation in coastal waters,request-9-5-0
increased sedimentation in coastal waters,altered coastal ocean dynamics,request-9-5-1
altered coastal ocean dynamics,changes in intermediate-depth water masses,request-9-5-2
changes in intermediate-depth water masses,disruption of ocean temperature at intermediate depths,request-9-5-3
melting of glaciers,changes in freshwater input patterns,request-9-6-0
changes in freshwater input patterns,altered precipitation and evaporation rates over oceans,request-9-6-1
altered precipitation and evaporation rates over oceans,changes in salinity-driven ocean circulation,request-9-6-2
changes in salinity-driven ocean circulation,disruption of ocean temperature at intermediate depths,request-9-6-3
"here are all possible causal chains that connect climate change to melting of glaciers:

climate change",rising global temperatures,request-10-0-0
rising global temperatures,increased glacial melting,request-10-0-1
increased glacial melting,melting of glaciers,request-10-0-2
climate change,higher atmospheric temperatures,request-10-1-0
higher atmospheric temperatures,longer warm seasons,request-10-1-1
longer warm seasons,extended glacial melt periods,request-10-1-2
extended glacial melt periods,melting of glaciers,request-10-1-3
climate change,increased frequency of heatwaves,request-10-2-0
increased frequency of heatwaves,intensified melting periods,request-10-2-1
intensified melting periods,greater glacial mass loss,request-10-2-2
greater glacial mass loss,melting of glaciers,request-10-2-3
climate change,warmer winters,request-10-3-0
warmer winters,reduced snowfall,request-10-3-1
reduced snowfall,decreased snow accumulation on glaciers,request-10-3-2
decreased snow accumulation on glaciers,less glacier growth,request-10-3-3
less glacier growth,melting of glaciers,request-10-3-4
climate change,altered precipitation patterns,request-10-4-0
altered precipitation patterns,increased rainfall instead of snowfall,request-10-4-1
increased rainfall instead of snowfall,reduced snowpack accumulation,request-10-4-2
reduced snowpack accumulation,diminished glacier recharge,request-10-4-3
diminished glacier recharge,melting of glaciers,request-10-4-4
climate change,increased atmospheric water vapor,request-10-5-0
increased atmospheric water vapor,enhanced greenhouse effect,request-10-5-1
enhanced greenhouse effect,further global warming,request-10-5-2
further global warming,accelerated glacial melting,request-10-5-3
accelerated glacial melting,melting of glaciers,request-10-5-4
climate change,ocean warming,request-10-6-0
ocean warming,increased melting from glacier bases,request-10-6-1
increased melting from glacier bases,glacier destabilization,request-10-6-2
glacier destabilization,increased glacial flow into the sea,request-10-6-3
increased glacial flow into the sea,melting of glaciers,request-10-6-4
climate change,increased wildfires,request-10-7-0
increased wildfires,higher black carbon emissions,request-10-7-1
higher black carbon emissions,deposition of black carbon on glacier surfaces,request-10-7-2
deposition of black carbon on glacier surfaces,reduced albedo effect of glaciers,request-10-7-3
reduced albedo effect of glaciers,increased absorption of solar radiation,request-10-7-4
increased absorption of solar radiation,accelerated glacial melting,request-10-7-5
accelerated glacial melting,melting of glaciers,request-10-7-6
climate change,reduction of sea ice,request-10-8-0
reduction of sea ice,decreased albedo effect,request-10-8-1
decreased albedo effect,increased ocean and atmospheric temperatures,request-10-8-2
increased ocean and atmospheric temperatures,accelerated glacial melting,request-10-8-3
accelerated glacial melting,melting of glaciers,request-10-8-4
climate change,thawing permafrost,request-10-9-0
thawing permafrost,release of methane gas,request-10-9-1
release of methane gas,enhanced greenhouse effect,request-10-9-2
enhanced greenhouse effect,further global warming,request-10-9-3
further global warming,increased glacial melting,request-10-9-4
increased glacial melting,melting of glaciers,request-10-9-5
climate change,changes in atmospheric circulation patterns,request-10-10-0
changes in atmospheric circulation patterns,altered jet stream patterns,request-10-10-1
altered jet stream patterns,increased temperatures in polar regions,request-10-10-2
increased temperatures in polar regions,accelerated glacial melting,request-10-10-3
accelerated glacial melting,melting of glaciers,request-10-10-4
climate change,enhanced sublimation due to higher temperatures,request-10-11-0
enhanced sublimation due to higher temperatures,direct loss of glacier ice to the atmosphere,request-10-11-1
direct loss of glacier ice to the atmosphere,decreased glacier mass,request-10-11-2
decreased glacier mass,melting of glaciers,request-10-11-3
climate change,increased occurrence of extreme weather events,request-10-12-0
increased occurrence of extreme weather events,heavy rainfall leading to glacial lake outburst floods,request-10-12-1
heavy rainfall leading to glacial lake outburst floods,destabilization of glacier structures,request-10-12-2
destabilization of glacier structures,accelerated glacial melting,request-10-12-3
accelerated glacial melting,melting of glaciers,request-10-12-4
climate change,reduction in snowfall due to warmer temperatures,request-10-13-0
reduction in snowfall due to warmer temperatures,negative glacier mass balance,request-10-13-1
negative glacier mass balance,retreat of glacier termini,request-10-13-2
retreat of glacier termini,melting of glaciers,request-10-13-3
climate change,oceanic thermal expansion,request-10-14-0
oceanic thermal expansion,increased sea levels,request-10-14-1
increased sea levels,enhanced calving of tidewater glaciers,request-10-14-2
enhanced calving of tidewater glaciers,melting of glaciers,request-10-14-3
climate change,increased cloud cover in polar regions,request-10-15-0
increased cloud cover in polar regions,trapping of heat in the atmosphere,request-10-15-1
trapping of heat in the atmosphere,higher surface temperatures,request-10-15-2
higher surface temperatures,accelerated glacial melting,request-10-15-3
accelerated glacial melting,melting of glaciers,request-10-15-4
meltwater-induced weakening of ocean circulation,reduced transport of cold water to lower latitudes,request-11-0-0
reduced transport of cold water to lower latitudes,accumulation of heat in intermediate-depth waters,request-11-0-1
accumulation of heat in intermediate-depth waters,warming of intermediate-depth waters,request-11-0-2
meltwater-induced weakening of ocean circulation,reduced mixing of surface and deep waters,request-11-1-0
reduced mixing of surface and deep waters,heat trapped at intermediate depths,request-11-1-1
heat trapped at intermediate depths,warming of intermediate-depth waters,request-11-1-2
meltwater-induced weakening of ocean circulation,altered thermohaline circulation,request-11-2-0
altered thermohaline circulation,increased retention of heat in ocean interiors,request-11-2-1
increased retention of heat in ocean interiors,warming of intermediate-depth waters,request-11-2-2
meltwater-induced weakening of ocean circulation,increased stratification of ocean layers,request-11-3-0
increased stratification of ocean layers,reduced ventilation of intermediate waters,request-11-3-1
reduced ventilation of intermediate waters,warming of intermediate-depth waters,request-11-3-2
meltwater-induced weakening of ocean circulation,shift in ocean currents,request-11-4-0
shift in ocean currents,altered heat distribution,request-11-4-1
altered heat distribution,warming of intermediate-depth waters,request-11-4-2
meltwater-induced weakening of ocean circulation,decreased upwelling of cold deep water,request-11-5-0
decreased upwelling of cold deep water,reduced cooling of intermediate waters,request-11-5-1
reduced cooling of intermediate waters,warming of intermediate-depth waters,request-11-5-2
meltwater-induced weakening of ocean circulation,reduced northward heat transport,request-11-6-0
reduced northward heat transport,heat accumulation in mid-latitudes,request-11-6-1
heat accumulation in mid-latitudes,warming of intermediate-depth waters,request-11-6-2
meltwater-induced weakening of ocean circulation,change in salinity gradients,request-11-7-0
change in salinity gradients,disruption of thermocline,request-11-7-1
disruption of thermocline,warming of intermediate-depth waters,request-11-7-2
meltwater-induced weakening of ocean circulation,enhanced surface warming due to decreased heat transport,request-11-8-0
enhanced surface warming due to decreased heat transport,downward diffusion of heat,request-11-8-1
downward diffusion of heat,warming of intermediate-depth waters,request-11-8-2
meltwater-induced weakening of ocean circulation,decreased oceanic heat transport to poles,request-11-9-0
decreased oceanic heat transport to poles,heat accumulation in subtropical regions,request-11-9-1
heat accumulation in subtropical regions,penetration of heat to intermediate depths,request-11-9-2
penetration of heat to intermediate depths,warming of intermediate-depth waters,request-11-9-3
warming of intermediate-depth waters,increased temperature of overlying shallow waters,request-12-0-0
increased temperature of overlying shallow waters,heat penetration into seafloor sediments,request-12-0-1
heat penetration into seafloor sediments,warming of sediments containing methane hydrates,request-12-0-2
warming of sediments containing methane hydrates,destabilization of shallow subsurface methane hydrates,request-12-0-3
warming of intermediate-depth waters,alteration of ocean currents,request-12-1-0
alteration of ocean currents,increased heat transport to shallow regions,request-12-1-1
increased heat transport to shallow regions,elevated temperatures in shallow subsurface sediments,request-12-1-2
elevated temperatures in shallow subsurface sediments,destabilization of shallow subsurface methane hydrates,request-12-1-3
warming of intermediate-depth waters,increased stratification of ocean layers,request-12-2-0
increased stratification of ocean layers,reduced mixing of cold deep waters,request-12-2-1
reduced mixing of cold deep waters,warming of shallow ocean waters,request-12-2-2
warming of shallow ocean waters,destabilization of shallow subsurface methane hydrates,request-12-2-3
warming of intermediate-depth waters,changes in marine heat distribution,request-12-3-0
changes in marine heat distribution,thermal stresses on sediment structures,request-12-3-1
thermal stresses on sediment structures,weakening of methane hydrate stability,request-12-3-2
weakening of methane hydrate stability,destabilization of shallow subsurface methane hydrates,request-12-3-3
warming of intermediate-depth waters,destabilization of methane hydrates,request-13-0-0
destabilization of methane hydrates,release of methane,request-13-0-1
warming of intermediate-depth waters,melting of gas hydrates,request-13-1-0
melting of gas hydrates,release of methane,request-13-1-1
warming of intermediate-depth waters,thawing of seabed permafrost,request-13-2-0
thawing of seabed permafrost,release of methane,request-13-2-1
warming of intermediate-depth waters,increase in microbial activity,request-13-3-0
increase in microbial activity,enhanced methane production,request-13-3-1
enhanced methane production,release of methane,request-13-3-2
warming of intermediate-depth waters,reduction in methane solubility,request-13-4-0
reduction in methane solubility,exsolution of methane,request-13-4-1
exsolution of methane,release of methane,request-13-4-2
warming of intermediate-depth waters,decrease in gas hydrate stability zone,request-13-5-0
decrease in gas hydrate stability zone,release of methane,request-13-5-1
warming of intermediate-depth waters,increased sediment permeability,request-13-6-0
increased sediment permeability,migration of methane,request-13-6-1
migration of methane,release of methane,request-13-6-2
warming of intermediate-depth waters,weakening of gas hydrate cap layer,request-13-7-0
weakening of gas hydrate cap layer,methane leakage from reservoirs,request-13-7-1
methane leakage from reservoirs,release of methane,request-13-7-2
shutdown of energy production,decrease in energy supply,request-14-0-0
decrease in energy supply,increase in energy prices,request-14-0-1
increase in energy prices,increase in production costs,request-14-0-2
increase in production costs,increase in consumer prices,request-14-0-3
increase in consumer prices,inflation,request-14-0-4
shutdown of energy production,energy shortage,request-14-1-0
energy shortage,disruption of industrial production,request-14-1-1
disruption of industrial production,decrease in goods supply,request-14-1-2
decrease in goods supply,supply-demand imbalance,request-14-1-3
supply-demand imbalance,general price increase,request-14-1-4
general price increase,inflation,request-14-1-5
shutdown of energy production,reliance on energy imports,request-14-2-0
reliance on energy imports,increase in import costs,request-14-2-1
increase in import costs,trade deficit increase,request-14-2-2
trade deficit increase,currency depreciation,request-14-2-3
currency depreciation,increase in import prices,request-14-2-4
increase in import prices,inflation,request-14-2-5
shutdown of energy production,energy scarcity,request-14-3-0
energy scarcity,panic buying,request-14-3-1
panic buying,goods shortages,request-14-3-2
goods shortages,price hikes,request-14-3-3
price hikes,inflation,request-14-3-4
shutdown of energy production,increase in transportation costs,request-14-4-0
increase in transportation costs,increase in distribution costs,request-14-4-1
increase in distribution costs,increase in retail prices,request-14-4-2
increase in retail prices,inflation,request-14-4-3
shutdown of energy production,job losses,request-14-5-0
job losses,decrease in consumer spending,request-14-5-1
decrease in consumer spending,economic recession,request-14-5-2
economic recession,government stimulus spending,request-14-5-3
government stimulus spending,increase in money supply,request-14-5-4
increase in money supply,inflation,request-14-5-5
shutdown of energy production,decrease in energy exports,request-14-6-0
decrease in energy exports,loss of national income,request-14-6-1
loss of national income,increase in government debt,request-14-6-2
increase in government debt,currency devaluation,request-14-6-3
currency devaluation,increase in import prices,request-14-6-4
increase in import prices,inflation,request-14-6-5
shutdown of energy production,decrease in electricity supply,request-15-0-0
decrease in electricity supply,power outages,request-15-0-1
power outages,disruption of manufacturing processes,request-15-0-2
disruption of manufacturing processes,reduced production of goods,request-15-0-3
reduced production of goods,scarcity of products,request-15-0-4
scarcity of products,shortages,request-15-0-5
shutdown of energy production,interruption of fuel supplies,request-15-1-0
interruption of fuel supplies,transportation disruptions,request-15-1-1
transportation disruptions,delayed deliveries,request-15-1-2
delayed deliveries,scarcity of goods,request-15-1-3
scarcity of goods,shortages,request-15-1-4
shutdown of energy production,increase in energy costs,request-15-2-0
increase in energy costs,higher production expenses,request-15-2-1
higher production expenses,reduced output from industries,request-15-2-2
reduced output from industries,decreased availability of products,request-15-2-3
decreased availability of products,shortages,request-15-2-4
shutdown of energy production,failure of refrigeration systems,request-15-3-0
failure of refrigeration systems,spoilage of perishable goods,request-15-3-1
spoilage of perishable goods,reduced food supply,request-15-3-2
reduced food supply,shortages,request-15-3-3
shutdown of energy production,interruption of water treatment facilities,request-15-4-0
interruption of water treatment facilities,decreased potable water supply,request-15-4-1
decreased potable water supply,water scarcity,request-15-4-2
water scarcity,shortages,request-15-4-3
shutdown of energy production,disruption of communication networks,request-15-5-0
disruption of communication networks,lack of information dissemination,request-15-5-1
lack of information dissemination,panic buying,request-15-5-2
panic buying,depletion of store inventories,request-15-5-3
depletion of store inventories,shortages,request-15-5-4
shutdown of energy production,decrease in heating capabilities,request-15-6-0
decrease in heating capabilities,impact on indoor agriculture,request-15-6-1
impact on indoor agriculture,reduced crop yields,request-15-6-2
reduced crop yields,food shortages,request-15-6-3
food shortages,shortages,request-15-6-4
shutdown of energy production,unemployment increase,request-15-7-0
unemployment increase,reduced consumer spending,request-15-7-1
reduced consumer spending,decrease in market demand,request-15-7-2
decrease in market demand,supply chain adjustments,request-15-7-3
supply chain adjustments,shortages,request-15-7-4
shutdown of energy production,disruption of healthcare services,request-15-8-0
disruption of healthcare services,limited medical supplies,request-15-8-1
limited medical supplies,scarcity of essential medicines,request-15-8-2
scarcity of essential medicines,shortages,request-15-8-3
shutdown of energy production,decrease in mining operations,request-15-9-0
decrease in mining operations,reduced raw material extraction,request-15-9-1
reduced raw material extraction,supply deficits in manufacturing,request-15-9-2
supply deficits in manufacturing,shortages,request-15-9-3
shutdown of energy production,reduced energy supply,request-16-0-0
reduced energy supply,increased energy prices,request-16-0-1
increased energy prices,increased production costs,request-16-0-2
increased production costs,increased prices of goods and services,request-16-0-3
increased prices of goods and services,inflation,request-16-0-4
shutdown of energy production,reduced energy supply,request-16-1-0
reduced energy supply,energy shortages,request-16-1-1
energy shortages,decreased industrial output,request-16-1-2
decreased industrial output,reduced supply of goods,request-16-1-3
reduced supply of goods,higher market prices,request-16-1-4
higher market prices,inflation,request-16-1-5
shutdown of energy production,increased reliance on energy imports,request-16-2-0
increased reliance on energy imports,higher import costs,request-16-2-1
higher import costs,trade deficit expansion,request-16-2-2
trade deficit expansion,currency depreciation,request-16-2-3
currency depreciation,inflation,request-16-2-4
shutdown of energy production,job losses in energy sector,request-16-3-0
job losses in energy sector,reduced consumer spending,request-16-3-1
reduced consumer spending,economic slowdown,request-16-3-2
economic slowdown,monetary policy easing,request-16-3-3
monetary policy easing,increased money supply,request-16-3-4
increased money supply,inflation,request-16-3-5
shutdown of energy production,government subsidies for energy,request-16-4-0
government subsidies for energy,increased government spending,request-16-4-1
increased government spending,budget deficit growth,request-16-4-2
budget deficit growth,higher national debt,request-16-4-3
higher national debt,inflation,request-16-4-4
shutdown of energy production,energy rationing,request-16-5-0
energy rationing,operational limitations for businesses,request-16-5-1
operational limitations for businesses,supply chain disruptions,request-16-5-2
supply chain disruptions,product shortages,request-16-5-3
product shortages,price increases,request-16-5-4
price increases,inflation,request-16-5-5
shutdown of energy production,increased transportation costs,request-16-6-0
increased transportation costs,higher logistics expenses,request-16-6-1
higher logistics expenses,raised costs for goods delivery,request-16-6-2
raised costs for goods delivery,inflation,request-16-6-3
shutdown of energy production,shift to alternative energy sources,request-16-7-0
shift to alternative energy sources,investment in expensive technologies,request-16-7-1
investment in expensive technologies,increased capital expenditures,request-16-7-2
increased capital expenditures,higher production costs,request-16-7-3
higher production costs,inflation,request-16-7-4
shutdown of energy production,public unrest,request-16-8-0
public unrest,political instability,request-16-8-1
political instability,investor confidence decline,request-16-8-2
investor confidence decline,capital outflow,request-16-8-3
capital outflow,currency value drop,request-16-8-4
currency value drop,inflation,request-16-8-5
shutdown of energy production,reduction in exports,request-16-9-0
reduction in exports,trade imbalance,request-16-9-1
trade imbalance,weakened currency,request-16-9-2
weakened currency,increased cost of imports,request-16-9-3
increased cost of imports,inflation,request-16-9-4
shutdown of energy production,energy shortages,request-17-0-0
energy shortages,disruption of manufacturing,request-17-0-1
disruption of manufacturing,reduced production of goods,request-17-0-2
reduced production of goods,shortages,request-17-0-3
shutdown of energy production,energy shortages,request-17-1-0
energy shortages,blackouts,request-17-1-1
blackouts,disruption of distribution networks,request-17-1-2
disruption of distribution networks,shortages,request-17-1-3
shutdown of energy production,energy shortages,request-17-2-0
energy shortages,increased energy prices,request-17-2-1
increased energy prices,increased production costs,request-17-2-2
increased production costs,reduced production,request-17-2-3
reduced production,shortages,request-17-2-4
shutdown of energy production,energy shortages,request-17-3-0
energy shortages,increased energy prices,request-17-3-1
increased energy prices,increased transportation costs,request-17-3-2
increased transportation costs,decreased supply deliveries,request-17-3-3
decreased supply deliveries,shortages,request-17-3-4
shutdown of energy production,energy shortages,request-17-4-0
energy shortages,inability to power storage facilities,request-17-4-1
inability to power storage facilities,spoiling of perishable goods,request-17-4-2
spoiling of perishable goods,reduced food availability,request-17-4-3
reduced food availability,shortages,request-17-4-4
shutdown of energy production,energy shortages,request-17-5-0
energy shortages,shutdown of factories,request-17-5-1
shutdown of factories,decreased production output,request-17-5-2
decreased production output,shortages,request-17-5-3
shutdown of energy production,energy shortages,request-17-6-0
energy shortages,inability to power fueling stations,request-17-6-1
inability to power fueling stations,limited transportation of goods,request-17-6-2
limited transportation of goods,shortages,request-17-6-3
shutdown of energy production,energy shortages,request-17-7-0
energy shortages,disruption of communication networks,request-17-7-1
disruption of communication networks,disrupted logistics coordination,request-17-7-2
disrupted logistics coordination,delivery delays,request-17-7-3
delivery delays,shortages,request-17-7-4
shutdown of energy production,energy shortages,request-17-8-0
energy shortages,increased consumer costs,request-17-8-1
increased consumer costs,panic buying,request-17-8-2
panic buying,shortages,request-17-8-3
shutdown of energy production,energy shortages,request-17-9-0
energy shortages,blackouts,request-17-9-1
blackouts,disruption of supply chains,request-17-9-2
disruption of supply chains,shortages,request-17-9-3
russia,russia's invasion of ukraine,request-18-0-0
russia's invasion of ukraine,disruption of global commodity supplies,request-18-0-1
disruption of global commodity supplies,increase in energy prices,request-18-0-2
increase in energy prices,higher production costs,request-18-0-3
higher production costs,rise in consumer prices,request-18-0-4
rise in consumer prices,inflation,request-18-0-5
russia,reduction of natural gas exports to europe,request-18-1-0
reduction of natural gas exports to europe,energy shortages in europe,request-18-1-1
energy shortages in europe,increase in global energy prices,request-18-1-2
increase in global energy prices,higher manufacturing costs,request-18-1-3
higher manufacturing costs,increase in goods prices,request-18-1-4
increase in goods prices,inflation,request-18-1-5
russia,imposition of sanctions on russia,request-18-2-0
imposition of sanctions on russia,disruption of global supply chains,request-18-2-1
disruption of global supply chains,increase in production costs,request-18-2-2
increase in production costs,rise in consumer prices,request-18-2-3
rise in consumer prices,inflation,request-18-2-4
russia,cyberattacks attributed to russia,request-18-3-0
cyberattacks attributed to russia,disruptions in business operations,request-18-3-1
disruptions in business operations,economic uncertainty,request-18-3-2
economic uncertainty,increased market volatility,request-18-3-3
increased market volatility,inflation,request-18-3-4
russia,russia's influence on opec+ decisions,request-18-4-0
russia's influence on opec+ decisions,reduction in oil production,request-18-4-1
reduction in oil production,increase in oil prices,request-18-4-2
increase in oil prices,higher transportation costs,request-18-4-3
higher transportation costs,increased prices of goods and services,request-18-4-4
increased prices of goods and services,inflation,request-18-4-5
russia,export bans on certain commodities,request-18-5-0
export bans on certain commodities,global commodity shortages,request-18-5-1
global commodity shortages,increase in commodity prices,request-18-5-2
increase in commodity prices,higher costs for manufacturers,request-18-5-3
higher costs for manufacturers,rise in consumer prices,request-18-5-4
rise in consumer prices,inflation,request-18-5-5
russia,geopolitical tensions involving russia,request-18-6-0
geopolitical tensions involving russia,decreased investor confidence,request-18-6-1
decreased investor confidence,currency depreciation,request-18-6-2
currency depreciation,increased import costs,request-18-6-3
increased import costs,inflation,request-18-6-4
russia,suspension of fertilizer exports,request-18-7-0
suspension of fertilizer exports,global fertilizer shortage,request-18-7-1
global fertilizer shortage,increase in agricultural production costs,request-18-7-2
increase in agricultural production costs,rise in food prices,request-18-7-3
rise in food prices,inflation,request-18-7-4
russia,impact on global wheat supply,request-18-8-0
impact on global wheat supply,decrease in wheat exports,request-18-8-1
decrease in wheat exports,increase in wheat prices,request-18-8-2
increase in wheat prices,rise in bread prices,request-18-8-3
rise in bread prices,inflation,request-18-8-4
russia,counter-sanctions on exports,request-18-9-0
counter-sanctions on exports,supply chain disruptions,request-18-9-1
supply chain disruptions,increased transportation costs,request-18-9-2
increased transportation costs,rise in prices of goods,request-18-9-3
rise in prices of goods,inflation,request-18-9-4
russia,invasion of ukraine,request-19-0-0
invasion of ukraine,disruption of grain exports,request-19-0-1
disruption of grain exports,global food supply issues,request-19-0-2
global food supply issues,shortages,request-19-0-3
russia,invasion of ukraine,request-19-1-0
invasion of ukraine,international sanctions,request-19-1-1
international sanctions,reduction in energy exports,request-19-1-2
reduction in energy exports,energy price increases,request-19-1-3
energy price increases,shortages,request-19-1-4
russia,cutoff of gas supplies,request-19-2-0
cutoff of gas supplies,energy shortages in europe,request-19-2-1
energy shortages in europe,increased production costs,request-19-2-2
increased production costs,manufacturing slowdowns,request-19-2-3
manufacturing slowdowns,shortages,request-19-2-4
russia,cyberattacks,request-19-3-0
cyberattacks,disruption of supply chains,request-19-3-1
disruption of supply chains,logistical challenges,request-19-3-2
logistical challenges,shortages,request-19-3-3
russia,export restrictions,request-19-4-0
export restrictions,limited availability of raw materials,request-19-4-1
limited availability of raw materials,production constraints,request-19-4-2
production constraints,shortages,request-19-4-3
russia,military aggression,request-19-5-0
military aggression,regional instability,request-19-5-1
regional instability,displacement of workforce,request-19-5-2
displacement of workforce,labor shortages,request-19-5-3
labor shortages,shortages,request-19-5-4
russia,information warfare,request-19-6-0
information warfare,misinformation spread,request-19-6-1
misinformation spread,market uncertainties,request-19-6-2
market uncertainties,supply disruptions,request-19-6-3
supply disruptions,shortages,request-19-6-4
russia,withdrawal from international agreements,request-19-7-0
withdrawal from international agreements,trade barriers,request-19-7-1
trade barriers,decrease in imports and exports,request-19-7-2
decrease in imports and exports,supply limitations,request-19-7-3
supply limitations,shortages,request-19-7-4
russia,environmental policies,request-19-8-0
environmental policies,reduction in natural resource exploitation,request-19-8-1
reduction in natural resource exploitation,lower commodity outputs,request-19-8-2
lower commodity outputs,resource scarcity,request-19-8-3
resource scarcity,shortages,request-19-8-4
russia,economic recession,request-19-9-0
economic recession,decreased global investment,request-19-9-1
decreased global investment,slowdown in production,request-19-9-2
slowdown in production,shortages,request-19-9-3
united states policies,increased government spending,request-20-0-0
increased government spending,higher demand,request-20-0-1
higher demand,rising prices,request-20-0-2
rising prices,inflation,request-20-0-3
united states policies,tax cuts,request-20-1-0
tax cuts,increased disposable income,request-20-1-1
increased disposable income,increased consumer spending,request-20-1-2
increased consumer spending,rising demand,request-20-1-3
rising demand,inflation,request-20-1-4
united states policies,monetary easing,request-20-2-0
monetary easing,lower interest rates,request-20-2-1
lower interest rates,increased borrowing,request-20-2-2
increased borrowing,increased money supply,request-20-2-3
increased money supply,inflation,request-20-2-4
united states policies,tariffs on imports,request-20-3-0
tariffs on imports,increased costs for goods,request-20-3-1
increased costs for goods,higher prices,request-20-3-2
higher prices,inflation,request-20-3-3
united states policies,increased money supply,request-20-4-0
increased money supply,currency devaluation,request-20-4-1
currency devaluation,imported inflation,request-20-4-2
imported inflation,inflation,request-20-4-3
united states policies,decreased taxes on corporations,request-20-5-0
decreased taxes on corporations,increased investment,request-20-5-1
increased investment,overheating economy,request-20-5-2
overheating economy,inflation,request-20-5-3
united states policies,increase in minimum wage,request-20-6-0
increase in minimum wage,higher labor costs,request-20-6-1
higher labor costs,increased product prices,request-20-6-2
increased product prices,inflation,request-20-6-3
united states policies,deregulation,request-20-7-0
deregulation,increased risk-taking,request-20-7-1
increased risk-taking,financial bubbles,request-20-7-2
financial bubbles,market crash,request-20-7-3
market crash,economic instability,request-20-7-4
economic instability,inflation,request-20-7-5
united states policies,subsidies to certain industries,request-20-8-0
subsidies to certain industries,market distortions,request-20-8-1
market distortions,resource misallocation,request-20-8-2
resource misallocation,decreased productivity,request-20-8-3
decreased productivity,inflation,request-20-8-4
united states policies,increased tariffs,request-20-9-0
increased tariffs,trade wars,request-20-9-1
trade wars,supply chain disruptions,request-20-9-2
supply chain disruptions,scarcity of goods,request-20-9-3
scarcity of goods,price increases,request-20-9-4
price increases,inflation,request-20-9-5
united states policies,deficit spending,request-20-10-0
deficit spending,higher national debt,request-20-10-1
higher national debt,increased money printing,request-20-10-2
increased money printing,inflation,request-20-10-3
united states policies,quantitative easing,request-20-11-0
quantitative easing,increased money supply,request-20-11-1
increased money supply,currency devaluation,request-20-11-2
currency devaluation,inflation,request-20-11-3
united states policies,implementation of tariffs on imported goods,request-21-0-0
implementation of tariffs on imported goods,increased cost of imports,request-21-0-1
increased cost of imports,reduction in import volumes,request-21-0-2
reduction in import volumes,decreased availability of goods,request-21-0-3
decreased availability of goods,shortages,request-21-0-4
united states policies,trade embargoes on certain countries,request-21-1-0
trade embargoes on certain countries,disruption in supply chains,request-21-1-1
disruption in supply chains,decrease in raw material supply,request-21-1-2
decrease in raw material supply,reduced domestic production,request-21-1-3
reduced domestic production,shortages,request-21-1-4
united states policies,stringent environmental regulations,request-21-2-0
stringent environmental regulations,closure of factories,request-21-2-1
closure of factories,reduction in domestic production,request-21-2-2
reduction in domestic production,supply decrease,request-21-2-3
supply decrease,shortages,request-21-2-4
united states policies,subsidization of ethanol production,request-21-3-0
subsidization of ethanol production,increased use of corn for fuel,request-21-3-1
increased use of corn for fuel,decreased corn available for food,request-21-3-2
decreased corn available for food,shortages of corn-based food products,request-21-3-3
united states policies,reduction in immigration,request-21-4-0
reduction in immigration,labor shortages,request-21-4-1
labor shortages,decreased agricultural output,request-21-4-2
decreased agricultural output,reduced food supply,request-21-4-3
reduced food supply,shortages,request-21-4-4
united states policies,price controls on essential goods,request-21-5-0
price controls on essential goods,producers' loss of profit incentive,request-21-5-1
producers' loss of profit incentive,decreased production,request-21-5-2
decreased production,supply shortages,request-21-5-3
united states policies,increased minimum wage,request-21-6-0
increased minimum wage,higher operational costs for businesses,request-21-6-1
higher operational costs for businesses,business closures,request-21-6-2
business closures,reduced production output,request-21-6-3
reduced production output,shortages,request-21-6-4
united states policies,increased corporate taxes,request-21-7-0
increased corporate taxes,decreased corporate investment,request-21-7-1
decreased corporate investment,reduced production expansion,request-21-7-2
reduced production expansion,supply constraints,request-21-7-3
supply constraints,shortages,request-21-7-4
united states policies,limitations on oil drilling,request-21-8-0
limitations on oil drilling,decreased domestic oil production,request-21-8-1
decreased domestic oil production,reduced fuel supply,request-21-8-2
reduced fuel supply,fuel shortages,request-21-8-3
united states policies,approval of export agreements,request-21-9-0
approval of export agreements,increased export of commodities,request-21-9-1
increased export of commodities,decreased domestic supply,request-21-9-2
decreased domestic supply,shortages,request-21-9-3
united states policies,implementation of sanctions,request-21-10-0
implementation of sanctions,retaliatory measures affecting imports,request-21-10-1
retaliatory measures affecting imports,disruption of import supply chains,request-21-10-2
disruption of import supply chains,shortages,request-21-10-3
united states policies,monetary policy leading to inflation,request-21-11-0
monetary policy leading to inflation,decreased purchasing power,request-21-11-1
decreased purchasing power,increased cost of production inputs,request-21-11-2
increased cost of production inputs,reduced production,request-21-11-3
reduced production,shortages,request-21-11-4
united states policies,reduction in government subsidies,request-21-12-0
reduction in government subsidies,increased costs for producers,request-21-12-1
increased costs for producers,decreased production output,request-21-12-2
decreased production output,shortages,request-21-12-3
united states policies,imposition of quotas on imports,request-21-13-0
imposition of quotas on imports,limited quantity of goods imported,request-21-13-1
limited quantity of goods imported,supply limitations,request-21-13-2
supply limitations,shortages,request-21-13-3
united states policies,imposition of strict patent laws,request-21-14-0
imposition of strict patent laws,reduced availability of generic drugs,request-21-14-1
reduced availability of generic drugs,high cost of medications,request-21-14-2
high cost of medications,limited access to medicines,request-21-14-3
limited access to medicines,drug shortages,request-21-14-4
united states policies,implementation of covid-19 lockdowns,request-21-15-0
implementation of covid-19 lockdowns,disruption of manufacturing activities,request-21-15-1
disruption of manufacturing activities,decreased production output,request-21-15-2
decreased production output,supply chain disruptions,request-21-15-3
supply chain disruptions,shortages,request-21-15-4
united states policies,changes in healthcare regulations,request-21-16-0
changes in healthcare regulations,increased demand for medical supplies,request-21-16-1
increased demand for medical supplies,supply not keeping up with demand,request-21-16-2
supply not keeping up with demand,shortages,request-21-16-3
united states policies,regulations on agricultural practices,request-21-17-0
regulations on agricultural practices,reduced farming efficiency,request-21-17-1
reduced farming efficiency,lower crop yields,request-21-17-2
lower crop yields,food shortages,request-21-17-3
united states policies,restrictions on fishing quotas,request-21-18-0
restrictions on fishing quotas,decreased seafood harvest,request-21-18-1
decreased seafood harvest,reduced seafood supply,request-21-18-2
reduced seafood supply,shortages,request-21-18-3
united states policies,mandates on renewable energy usage,request-21-19-0
mandates on renewable energy usage,transition costs for energy providers,request-21-19-1
transition costs for energy providers,temporary energy supply issues,request-21-19-2
temporary energy supply issues,energy shortages,request-21-19-3
united states policies,cybersecurity regulations,request-21-20-0
cybersecurity regulations,increased compliance costs for businesses,request-21-20-1
increased compliance costs for businesses,diverted resources from production,request-21-20-2
diverted resources from production,reduced output,request-21-20-3
reduced output,shortages,request-21-20-4
united states policies,transportation regulations,request-21-21-0
transportation regulations,increased logistics costs,request-21-21-1
increased logistics costs,supply chain delays,request-21-21-2
supply chain delays,product unavailability,request-21-21-3
product unavailability,shortages,request-21-21-4
united states policies,financial regulations on lending,request-21-22-0
financial regulations on lending,reduced access to capital for businesses,request-21-22-1
reduced access to capital for businesses,hindered business operations,request-21-22-2
hindered business operations,decreased production,request-21-22-3
decreased production,shortages,request-21-22-4
united states policies,educational policies reducing trade skills training,request-21-23-0
educational policies reducing trade skills training,skilled labor shortage,request-21-23-1
skilled labor shortage,manufacturing delays,request-21-23-2
manufacturing delays,supply deficits,request-21-23-3
supply deficits,shortages,request-21-23-4
united states policies,enforcement of antitrust laws,request-21-24-0
enforcement of antitrust laws,breakup of large suppliers,request-21-24-1
breakup of large suppliers,market instability,request-21-24-2
market instability,supply issues,request-21-24-3
supply issues,shortages,request-21-24-4
democratic party of the united states,implementation of expansionary fiscal policies,request-22-0-0
implementation of expansionary fiscal policies,increased government spending,request-22-0-1
increased government spending,higher aggregate demand,request-22-0-2
higher aggregate demand,demand-pull inflation,request-22-0-3
demand-pull inflation,inflation,request-22-0-4
democratic party of the united states,support for higher minimum wages,request-22-1-0
support for higher minimum wages,increased labor costs,request-22-1-1
increased labor costs,higher production costs,request-22-1-2
higher production costs,increased consumer prices,request-22-1-3
increased consumer prices,inflation,request-22-1-4
democratic party of the united states,expansion of social welfare programs,request-22-2-0
expansion of social welfare programs,increased government expenditure,request-22-2-1
increased government expenditure,larger budget deficits,request-22-2-2
larger budget deficits,increased borrowing and money supply,request-22-2-3
increased borrowing and money supply,inflation,request-22-2-4
democratic party of the united states,implementation of trade tariffs,request-22-3-0
implementation of trade tariffs,increased import costs,request-22-3-1
increased import costs,higher prices for imported goods,request-22-3-2
higher prices for imported goods,rising overall price levels,request-22-3-3
rising overall price levels,inflation,request-22-3-4
democratic party of the united states,enactment of environmental regulations,request-22-4-0
enactment of environmental regulations,increased compliance costs for businesses,request-22-4-1
increased compliance costs for businesses,higher production costs,request-22-4-2
higher production costs,increased prices of goods and services,request-22-4-3
increased prices of goods and services,inflation,request-22-4-4
democratic party of the united states,support for labor unions,request-22-5-0
support for labor unions,negotiation of higher wages,request-22-5-1
negotiation of higher wages,increased consumer income,request-22-5-2
increased consumer income,higher consumer spending,request-22-5-3
higher consumer spending,demand-pull inflation,request-22-5-4
demand-pull inflation,inflation,request-22-5-5
people from balochistan,industrial activities,request-23-0-0
industrial activities,greenhouse gas emissions,request-23-0-1
greenhouse gas emissions,climate change,request-23-0-2
people from balochistan,deforestation practices,request-23-1-0
deforestation practices,loss of carbon sinks,request-23-1-1
loss of carbon sinks,climate change,request-23-1-2
people from balochistan,overgrazing of land,request-23-2-0
overgrazing of land,soil degradation,request-23-2-1
soil degradation,desertification spread,request-23-2-2
desertification spread,climate change,request-23-2-3
people from balochistan,fossil fuel consumption,request-23-3-0
fossil fuel consumption,increase in co2 emissions,request-23-3-1
increase in co2 emissions,climate change,request-23-3-2
people from balochistan,expansion of agriculture,request-23-4-0
expansion of agriculture,methane emissions from rice paddies,request-23-4-1
methane emissions from rice paddies,climate change,request-23-4-2
people from balochistan,urbanization growth,request-23-5-0
urbanization growth,increased energy demand,request-23-5-1
increased energy demand,higher fossil fuel usage,request-23-5-2
higher fossil fuel usage,climate change,request-23-5-3
people from balochistan,waste management issues,request-23-6-0
waste management issues,methane release from landfills,request-23-6-1
methane release from landfills,climate change,request-23-6-2
people from balochistan,water resource exploitation,request-23-7-0
water resource exploitation,hydrological cycle disruption,request-23-7-1
hydrological cycle disruption,climate change,request-23-7-2
people from balochistan,use of chemical fertilizers,request-23-8-0
use of chemical fertilizers,nitrous oxide emissions,request-23-8-1
nitrous oxide emissions,climate change,request-23-8-2
people from balochistan,transportation activities,request-23-9-0
transportation activities,vehicle emissions,request-23-9-1
vehicle emissions,climate change,request-23-9-2
rich countries,high consumption,request-24-0-0
high consumption,increased production,request-24-0-1
increased production,higher greenhouse gas emissions,request-24-0-2
higher greenhouse gas emissions,climate change,request-24-0-3
rich countries,industrialization,request-24-1-0
industrialization,fossil fuel combustion,request-24-1-1
fossil fuel combustion,enhanced greenhouse effect,request-24-1-2
enhanced greenhouse effect,climate change,request-24-1-3
rich countries,high energy consumption,request-24-2-0
high energy consumption,fossil fuel demand,request-24-2-1
fossil fuel demand,carbon emissions,request-24-2-2
carbon emissions,climate change,request-24-2-3
rich countries,resource-driven deforestation,request-24-3-0
resource-driven deforestation,carbon sink loss,request-24-3-1
carbon sink loss,increased atmospheric co2,request-24-3-2
increased atmospheric co2,climate change,request-24-3-3
rich countries,high vehicle usage,request-24-4-0
high vehicle usage,transportation emissions,request-24-4-1
transportation emissions,air pollution,request-24-4-2
air pollution,climate change,request-24-4-3
rich countries,high waste generation,request-24-5-0
high waste generation,methane emissions from landfills,request-24-5-1
methane emissions from landfills,greenhouse gas accumulation,request-24-5-2
greenhouse gas accumulation,climate change,request-24-5-3
rich countries,intensive agriculture,request-24-6-0
intensive agriculture,nitrous oxide emissions,request-24-6-1
nitrous oxide emissions,greenhouse gas accumulation,request-24-6-2
greenhouse gas accumulation,climate change,request-24-6-3
rich countries,investment in fossil fuels,request-24-7-0
investment in fossil fuels,prolonged fossil fuel use,request-24-7-1
prolonged fossil fuel use,carbon emissions,request-24-7-2
carbon emissions,climate change,request-24-7-3
rich countries,increased energy production,request-24-8-0
increased energy production,fossil fuel combustion,request-24-8-1
fossil fuel combustion,co2 emissions,request-24-8-2
co2 emissions,climate change,request-24-8-3
rich countries,influence on global policy,request-24-9-0
influence on global policy,delay in climate action,request-24-9-1
delay in climate action,continued emissions,request-24-9-2
continued emissions,worsening climate change,request-24-9-3
rich countries,overconsumption,request-24-10-0
overconsumption,resource depletion,request-24-10-1
resource depletion,environmental degradation,request-24-10-2
environmental degradation,climate change,request-24-10-3
climate change,rising global temperatures,request-25-0-0
rising global temperatures,increased frequency of extreme weather events,request-25-0-1
increased frequency of extreme weather events,infrastructure damage in poor regions,request-25-0-2
infrastructure damage in poor regions,economic losses in poor regions,request-25-0-3
economic losses in poor regions,impacts on poor regions,request-25-0-4
climate change,rising sea levels,request-25-1-0
rising sea levels,flooding of coastal regions,request-25-1-1
flooding of coastal regions,displacement of communities in poor regions,request-25-1-2
displacement of communities in poor regions,humanitarian crises in poor regions,request-25-1-3
humanitarian crises in poor regions,impacts on poor regions,request-25-1-4
climate change,changes in precipitation patterns,request-25-2-0
changes in precipitation patterns,severe droughts,request-25-2-1
severe droughts,agricultural failures in poor regions,request-25-2-2
agricultural failures in poor regions,food shortages in poor regions,request-25-2-3
food shortages in poor regions,impacts on poor regions,request-25-2-4
climate change,increased ocean temperatures,request-25-3-0
increased ocean temperatures,coral bleaching,request-25-3-1
coral bleaching,loss of fish habitats,request-25-3-2
loss of fish habitats,reduced fish catches in poor regions,request-25-3-3
reduced fish catches in poor regions,impacts on poor regions,request-25-3-4
climate change,melting glaciers,request-25-4-0
melting glaciers,reduced freshwater availability,request-25-4-1
reduced freshwater availability,water scarcity in poor regions,request-25-4-2
water scarcity in poor regions,health issues in poor regions,request-25-4-3
health issues in poor regions,impacts on poor regions,request-25-4-4
climate change,increased prevalence of diseases,request-25-5-0
increased prevalence of diseases,higher disease burden in poor regions,request-25-5-1
higher disease burden in poor regions,increased healthcare costs in poor regions,request-25-5-2
increased healthcare costs in poor regions,impacts on poor regions,request-25-5-3
climate change,increased frequency of heatwaves,request-25-6-0
increased frequency of heatwaves,health risks for vulnerable populations,request-25-6-1
health risks for vulnerable populations,mortality and morbidity in poor regions,request-25-6-2
mortality and morbidity in poor regions,impacts on poor regions,request-25-6-3
climate change,destruction of ecosystems,request-25-7-0
destruction of ecosystems,loss of biodiversity,request-25-7-1
loss of biodiversity,disruption of ecosystem services,request-25-7-2
disruption of ecosystem services,livelihood losses in poor regions,request-25-7-3
livelihood losses in poor regions,impacts on poor regions,request-25-7-4
climate change,increased conflict over resources,request-25-8-0
increased conflict over resources,social instability in poor regions,request-25-8-1
social instability in poor regions,economic decline in poor regions,request-25-8-2
economic decline in poor regions,impacts on poor regions,request-25-8-3
climate change,shifts in agricultural zones,request-25-9-0
shifts in agricultural zones,decreased agricultural productivity in poor regions,request-25-9-1
decreased agricultural productivity in poor regions,increased poverty in poor regions,request-25-9-2
increased poverty in poor regions,impacts on poor regions,request-25-9-3
climate change,melting of polar ice caps,request-26-0-0
melting of polar ice caps,reduction in albedo effect,request-26-0-1
reduction in albedo effect,increased absorption of solar radiation,request-26-0-2
increased absorption of solar radiation,global warming,request-26-0-3
climate change,melting of permafrost,request-26-1-0
melting of permafrost,release of methane gas,request-26-1-1
release of methane gas,increased atmospheric greenhouse gases,request-26-1-2
increased atmospheric greenhouse gases,global warming,request-26-1-3
climate change,increase in forest fires,request-26-2-0
increase in forest fires,release of carbon dioxide,request-26-2-1
release of carbon dioxide,increased atmospheric greenhouse gases,request-26-2-2
increased atmospheric greenhouse gases,global warming,request-26-2-3
climate change,warming of oceans,request-26-3-0
warming of oceans,release of dissolved carbon dioxide,request-26-3-1
release of dissolved carbon dioxide,increased atmospheric carbon dioxide levels,request-26-3-2
increased atmospheric carbon dioxide levels,global warming,request-26-3-3
climate change,droughts,request-26-4-0
droughts,decrease in vegetation,request-26-4-1
decrease in vegetation,reduced carbon dioxide absorption,request-26-4-2
reduced carbon dioxide absorption,increased atmospheric carbon dioxide levels,request-26-4-3
increased atmospheric carbon dioxide levels,global warming,request-26-4-4
climate change,increased evaporation,request-26-5-0
increased evaporation,increased water vapor in atmosphere,request-26-5-1
increased water vapor in atmosphere,enhanced greenhouse effect,request-26-5-2
enhanced greenhouse effect,global warming,request-26-5-3
climate change,desertification,request-26-6-0
desertification,reduction of carbon sinks,request-26-6-1
reduction of carbon sinks,increased atmospheric carbon dioxide levels,request-26-6-2
increased atmospheric carbon dioxide levels,global warming,request-26-6-3
climate change,thawing of glaciers,request-26-7-0
thawing of glaciers,altered ocean currents,request-26-7-1
altered ocean currents,changes in heat distribution,request-26-7-2
changes in heat distribution,global warming,request-26-7-3
climate change,increased atmospheric temperatures,request-27-0-0
increased atmospheric temperatures,melting glaciers and ice caps,request-27-0-1
melting glaciers and ice caps,rising sea levels,request-27-0-2
rising sea levels,flooding,request-27-0-3
climate change,increased atmospheric temperatures,request-27-1-0
increased atmospheric temperatures,increased evaporation,request-27-1-1
increased evaporation,greater atmospheric moisture,request-27-1-2
greater atmospheric moisture,intensified precipitation,request-27-1-3
intensified precipitation,flooding,request-27-1-4
climate change,altered weather patterns,request-27-2-0
altered weather patterns,more frequent and severe storms,request-27-2-1
more frequent and severe storms,heavy rainfall,request-27-2-2
heavy rainfall,flooding,request-27-2-3
climate change,warmer sea surface temperatures,request-27-3-0
warmer sea surface temperatures,stronger hurricanes and cyclones,request-27-3-1
stronger hurricanes and cyclones,storm surges,request-27-3-2
storm surges,flooding,request-27-3-3
climate change,permafrost thaw,request-27-4-0
permafrost thaw,land subsidence,request-27-4-1
land subsidence,increased flood vulnerability,request-27-4-2
increased flood vulnerability,flooding,request-27-4-3
climate change,increased extreme rainfall events,request-27-5-0
increased extreme rainfall events,overwhelmed drainage systems,request-27-5-1
overwhelmed drainage systems,urban flooding,request-27-5-2
urban flooding,flooding,request-27-5-3
climate change,sea level rise,request-27-6-0
sea level rise,coastal erosion,request-27-6-1
coastal erosion,loss of natural flood barriers,request-27-6-2
loss of natural flood barriers,flooding,request-27-6-3
climate change,intensified droughts,request-27-7-0
intensified droughts,widespread wildfires,request-27-7-1
widespread wildfires,deforestation,request-27-7-2
deforestation,soil degradation,request-27-7-3
soil degradation,reduced water absorption,request-27-7-4
reduced water absorption,flooding,request-27-7-5
climate change,altered precipitation patterns,request-27-8-0
altered precipitation patterns,heavy rainfall over short periods,request-27-8-1
heavy rainfall over short periods,river overflow,request-27-8-2
river overflow,flooding,request-27-8-3
stoppage of natural winds,disruption of atmospheric circulation,request-28-0-0
disruption of atmospheric circulation,altered weather patterns,request-28-0-1
altered weather patterns,increase in global temperatures,request-28-0-2
increase in global temperatures,climate change,request-28-0-3
stoppage of natural winds,accumulation of pollutants,request-28-1-0
accumulation of pollutants,increased greenhouse gas concentrations,request-28-1-1
increased greenhouse gas concentrations,enhanced greenhouse effect,request-28-1-2
enhanced greenhouse effect,climate change,request-28-1-3
stoppage of natural winds,disruption of ocean currents,request-28-2-0
disruption of ocean currents,reduced heat distribution,request-28-2-1
reduced heat distribution,global temperature anomalies,request-28-2-2
global temperature anomalies,climate change,request-28-2-3
stoppage of natural winds,reduced evaporation rates,request-28-3-0
reduced evaporation rates,decreased cloud formation,request-28-3-1
decreased cloud formation,increased solar radiation reaching earth,request-28-3-2
increased solar radiation reaching earth,climate change,request-28-3-3
stoppage of natural winds,stagnation of air masses,request-28-4-0
stagnation of air masses,heatwaves,request-28-4-1
heatwaves,increased energy consumption for cooling,request-28-4-2
increased energy consumption for cooling,increased greenhouse gas emissions,request-28-4-3
increased greenhouse gas emissions,climate change,request-28-4-4
stoppage of natural winds,reduced dispersion of aerosols,request-28-5-0
reduced dispersion of aerosols,increased atmospheric aerosol concentrations,request-28-5-1
increased atmospheric aerosol concentrations,modification of radiative forcing,request-28-5-2
modification of radiative forcing,climate change,request-28-5-3
stoppage of natural winds,alteration in jet stream patterns,request-28-6-0
alteration in jet stream patterns,extreme weather events,request-28-6-1
extreme weather events,disruption of ecosystems,request-28-6-2
disruption of ecosystems,feedback loops affecting climate,request-28-6-3
feedback loops affecting climate,climate change,request-28-6-4
stoppage of natural winds,decreased ocean upwelling,request-28-7-0
decreased ocean upwelling,reduced nutrient availability in oceans,request-28-7-1
reduced nutrient availability in oceans,decline in plankton populations,request-28-7-2
decline in plankton populations,decreased carbon dioxide absorption by oceans,request-28-7-3
decreased carbon dioxide absorption by oceans,increased atmospheric co₂ levels,request-28-7-4
increased atmospheric co₂ levels,climate change,request-28-7-5
overheating of earth's atmosphere,reduced temperature gradient between equator and poles,request-29-0-0
reduced temperature gradient between equator and poles,decreased pressure gradient,request-29-0-1
decreased pressure gradient,weakening of natural winds,request-29-0-2
weakening of natural winds,stoppage of natural winds,request-29-0-3
overheating of earth's atmosphere,melting of polar ice caps,request-29-1-0
melting of polar ice caps,reduced albedo effect,request-29-1-1
reduced albedo effect,accelerated global warming,request-29-1-2
accelerated global warming,disruption of atmospheric circulation,request-29-1-3
disruption of atmospheric circulation,stoppage of natural winds,request-29-1-4
overheating of earth's atmosphere,alteration of ocean temperatures,request-29-2-0
alteration of ocean temperatures,disruption of thermohaline circulation,request-29-2-1
disruption of thermohaline circulation,changes in ocean currents,request-29-2-2
changes in ocean currents,impact on atmospheric circulation,request-29-2-3
impact on atmospheric circulation,stoppage of natural winds,request-29-2-4
overheating of earth's atmosphere,weakening of the polar jet stream,request-29-3-0
weakening of the polar jet stream,altered weather patterns,request-29-3-1
altered weather patterns,disruption of wind systems,request-29-3-2
disruption of wind systems,stoppage of natural winds,request-29-3-3
overheating of earth's atmosphere,increased atmospheric moisture content,request-29-4-0
increased atmospheric moisture content,changes in high and low-pressure systems,request-29-4-1
changes in high and low-pressure systems,disruption of trade winds,request-29-4-2
disruption of trade winds,stoppage of natural winds,request-29-4-3
overheating of earth's atmosphere,formation of heat domes,request-29-5-0
formation of heat domes,stagnating air masses,request-29-5-1
stagnating air masses,reduction in wind speeds,request-29-5-2
reduction in wind speeds,stoppage of natural winds,request-29-5-3
overheating of earth's atmosphere,warming of arctic regions,request-29-6-0
warming of arctic regions,decrease in temperature gradient,request-29-6-1
decrease in temperature gradient,slowdown of polar vortex,request-29-6-2
slowdown of polar vortex,disruption of global wind patterns,request-29-6-3
disruption of global wind patterns,stoppage of natural winds,request-29-6-4
overheating of earth's atmosphere,increase in sea surface temperatures,request-29-7-0
increase in sea surface temperatures,altered evaporation rates,request-29-7-1
altered evaporation rates,changes in atmospheric pressure patterns,request-29-7-2
changes in atmospheric pressure patterns,disruption of wind circulation,request-29-7-3
disruption of wind circulation,stoppage of natural winds,request-29-7-4
overheating of earth's atmosphere,expansion of the hadley cell,request-29-8-0
expansion of the hadley cell,shifts in subtropical jet streams,request-29-8-1
shifts in subtropical jet streams,alteration of mid-latitude wind patterns,request-29-8-2
alteration of mid-latitude wind patterns,stoppage of natural winds,request-29-8-3
removal of hills,loss of terrain elevation,request-30-0-0
loss of terrain elevation,disruption of air flow patterns,request-30-0-1
disruption of air flow patterns,reduction in wind formation,request-30-0-2
reduction in wind formation,stoppage of natural winds,request-30-0-3
removal of hills,alteration of landscape,request-30-1-0
alteration of landscape,change in pressure gradients,request-30-1-1
change in pressure gradients,cessation of wind generation,request-30-1-2
cessation of wind generation,stoppage of natural winds,request-30-1-3
removal of hills,change in topography,request-30-2-0
change in topography,alteration of weather patterns,request-30-2-1
alteration of weather patterns,stoppage of natural winds,request-30-2-2
removal of hills,loss of vegetation,request-30-3-0
loss of vegetation,increase in soil erosion,request-30-3-1
increase in soil erosion,desertification,request-30-3-2
desertification,climate change,request-30-3-3
climate change,stoppage of natural winds,request-30-3-4
removal of hills,exposure of underlying rock,request-30-4-0
exposure of underlying rock,alteration of land surface,request-30-4-1
alteration of land surface,change in heat absorption,request-30-4-2
change in heat absorption,modification of air currents,request-30-4-3
modification of air currents,stoppage of natural winds,request-30-4-4
removal of hills,flattening of terrain,request-30-5-0
flattening of terrain,elimination of natural wind deflectors,request-30-5-1
elimination of natural wind deflectors,disruption of wind patterns,request-30-5-2
disruption of wind patterns,stoppage of natural winds,request-30-5-3
removal of hills,expansion of urban areas,request-30-6-0
expansion of urban areas,increase in air pollution,request-30-6-1
increase in air pollution,alteration of atmospheric conditions,request-30-6-2
alteration of atmospheric conditions,stoppage of natural winds,request-30-6-3
removal of hills,disruption of ecosystems,request-30-7-0
disruption of ecosystems,loss of vegetation cover,request-30-7-1
loss of vegetation cover,change in atmospheric composition,request-30-7-2
change in atmospheric composition,stoppage of natural winds,request-30-7-3
removal of hills,decrease in surface roughness,request-30-8-0
decrease in surface roughness,reduction in wind friction,request-30-8-1
reduction in wind friction,weakening of wind formation,request-30-8-2
weakening of wind formation,stoppage of natural winds,request-30-8-3
removal of hills,change in local climate,request-30-9-0
change in local climate,alteration of temperature gradients,request-30-9-1
alteration of temperature gradients,disruption of convection currents,request-30-9-2
disruption of convection currents,stoppage of natural winds,request-30-9-3
removal of mountains,decrease in altitudinal differences,request-31-0-0
decrease in altitudinal differences,reduction in temperature gradients,request-31-0-1
reduction in temperature gradients,weakening of pressure differences,request-31-0-2
weakening of pressure differences,stoppage of natural winds,request-31-0-3
removal of mountains,loss of orographic lift,request-31-1-0
loss of orographic lift,reduction in precipitation,request-31-1-1
reduction in precipitation,altered atmospheric moisture content,request-31-1-2
altered atmospheric moisture content,changes in pressure gradients,request-31-1-3
changes in pressure gradients,stoppage of natural winds,request-31-1-4
removal of mountains,flattening of terrain,request-31-2-0
flattening of terrain,homogenization of air masses,request-31-2-1
homogenization of air masses,reduction in pressure differences,request-31-2-2
reduction in pressure differences,stoppage of natural winds,request-31-2-3
removal of mountains,loss of thermal barriers,request-31-3-0
loss of thermal barriers,disruption of convection currents,request-31-3-1
disruption of convection currents,stoppage of natural winds,request-31-3-2
removal of mountains,changes in landscape topography,request-31-4-0
changes in landscape topography,alterations in wind patterns,request-31-4-1
alterations in wind patterns,stoppage of natural winds,request-31-4-2
removal of mountains,loss of frictional surfaces,request-31-5-0
loss of frictional surfaces,reduction in wind turbulence,request-31-5-1
reduction in wind turbulence,stoppage of natural winds,request-31-5-2
removal of mountains,increase in solar radiation absorption,request-31-6-0
increase in solar radiation absorption,warming of surface air,request-31-6-1
warming of surface air,reduction in wind formation,request-31-6-2
reduction in wind formation,stoppage of natural winds,request-31-6-3
removal of mountains,disruption of jet stream patterns,request-31-7-0
disruption of jet stream patterns,altered global wind circulation,request-31-7-1
altered global wind circulation,stoppage of natural winds,request-31-7-2
removal of mountains,reduction in natural wind tunnels,request-31-8-0
reduction in natural wind tunnels,decrease in wind speed,request-31-8-1
decrease in wind speed,stoppage of natural winds,request-31-8-2
removal of mountains,changes in coriolis effect influence,request-31-9-0
changes in coriolis effect influence,altered wind direction,request-31-9-1
altered wind direction,stoppage of natural winds,request-31-9-2
removal of mountains,loss of barriers to oceanic winds,request-31-10-0
loss of barriers to oceanic winds,absence of land-sea breezes,request-31-10-1
absence of land-sea breezes,stoppage of natural winds,request-31-10-2
deforestation,reduced transpiration,request-32-0-0
reduced transpiration,decreased atmospheric moisture,request-32-0-1
decreased atmospheric moisture,altered temperature gradients,request-32-0-2
altered temperature gradients,changed atmospheric pressure,request-32-0-3
changed atmospheric pressure,stoppage of natural winds,request-32-0-4
deforestation,loss of tree cover,request-32-1-0
loss of tree cover,increased surface albedo,request-32-1-1
increased surface albedo,local temperature changes,request-32-1-2
local temperature changes,disruption of atmospheric pressure systems,request-32-1-3
disruption of atmospheric pressure systems,stoppage of natural winds,request-32-1-4
deforestation,soil erosion,request-32-2-0
soil erosion,land degradation,request-32-2-1
land degradation,altered surface roughness,request-32-2-2
altered surface roughness,disruption of wind patterns,request-32-2-3
disruption of wind patterns,stoppage of natural winds,request-32-2-4
deforestation,increased greenhouse gas emissions,request-32-3-0
increased greenhouse gas emissions,global warming,request-32-3-1
global warming,altered climate patterns,request-32-3-2
altered climate patterns,disruption of atmospheric circulation,request-32-3-3
disruption of atmospheric circulation,stoppage of natural winds,request-32-3-4
deforestation,loss of canopy interception,request-32-4-0
loss of canopy interception,increased surface runoff,request-32-4-1
increased surface runoff,reduced atmospheric moisture,request-32-4-2
reduced atmospheric moisture,changes in wind patterns,request-32-4-3
changes in wind patterns,stoppage of natural winds,request-32-4-4
deforestation,reduced surface friction,request-32-5-0
reduced surface friction,altered wind flow,request-32-5-1
altered wind flow,disruption of atmospheric circulation,request-32-5-2
disruption of atmospheric circulation,stoppage of natural winds,request-32-5-3
deforestation,desertification,request-32-6-0
desertification,changed heat absorption,request-32-6-1
changed heat absorption,altered temperature gradients,request-32-6-2
altered temperature gradients,changed atmospheric pressure,request-32-6-3
changed atmospheric pressure,stoppage of natural winds,request-32-6-4
deforestation,loss of biodiversity,request-32-7-0
loss of biodiversity,disruption of ecosystems,request-32-7-1
disruption of ecosystems,altered atmospheric conditions,request-32-7-2
altered atmospheric conditions,stoppage of natural winds,request-32-7-3
human activity,burning fossil fuels,request-33-0-0
burning fossil fuels,co2 emissions,request-33-0-1
co2 emissions,enhanced greenhouse effect,request-33-0-2
enhanced greenhouse effect,global warming,request-33-0-3
human activity,deforestation,request-33-1-0
deforestation,reduced carbon sequestration,request-33-1-1
reduced carbon sequestration,increased atmospheric co2,request-33-1-2
increased atmospheric co2,enhanced greenhouse effect,request-33-1-3
enhanced greenhouse effect,global warming,request-33-1-4
human activity,industrial processes,request-33-2-0
industrial processes,greenhouse gas emissions,request-33-2-1
greenhouse gas emissions,enhanced greenhouse effect,request-33-2-2
enhanced greenhouse effect,global warming,request-33-2-3
human activity,agricultural practices,request-33-3-0
agricultural practices,methane emissions,request-33-3-1
methane emissions,enhanced greenhouse effect,request-33-3-2
enhanced greenhouse effect,global warming,request-33-3-3
human activity,livestock farming,request-33-4-0
livestock farming,methane emissions,request-33-4-1
methane emissions,enhanced greenhouse effect,request-33-4-2
enhanced greenhouse effect,global warming,request-33-4-3
human activity,use of nitrogen-based fertilizers,request-33-5-0
use of nitrogen-based fertilizers,nitrous oxide emissions,request-33-5-1
nitrous oxide emissions,enhanced greenhouse effect,request-33-5-2
enhanced greenhouse effect,global warming,request-33-5-3
human activity,black carbon emissions,request-33-6-0
black carbon emissions,reduced albedo,request-33-6-1
reduced albedo,increased absorption of solar radiation,request-33-6-2
increased absorption of solar radiation,global warming,request-33-6-3
human activity,urbanization,request-33-7-0
urbanization,increased energy consumption,request-33-7-1
increased energy consumption,co2 emissions,request-33-7-2
co2 emissions,enhanced greenhouse effect,request-33-7-3
enhanced greenhouse effect,global warming,request-33-7-4
human activity,cement production,request-33-8-0
cement production,co2 emissions,request-33-8-1
co2 emissions,enhanced greenhouse effect,request-33-8-2
enhanced greenhouse effect,global warming,request-33-8-3
human activity,biomass burning,request-33-9-0
biomass burning,co2 emissions,request-33-9-1
co2 emissions,enhanced greenhouse effect,request-33-9-2
enhanced greenhouse effect,global warming,request-33-9-3
human activity,waste generation,request-33-10-0
waste generation,landfill methane emissions,request-33-10-1
landfill methane emissions,enhanced greenhouse effect,request-33-10-2
enhanced greenhouse effect,global warming,request-33-10-3
human activity,transportation emissions,request-33-11-0
transportation emissions,co2 emissions,request-33-11-1
co2 emissions,enhanced greenhouse effect,request-33-11-2
enhanced greenhouse effect,global warming,request-33-11-3
human activity,land use changes,request-33-12-0
land use changes,reduced carbon uptake,request-33-12-1
reduced carbon uptake,enhanced greenhouse effect,request-33-12-2
enhanced greenhouse effect,global warming,request-33-12-3
human activity,mining activities,request-33-13-0
mining activities,methane emissions,request-33-13-1
methane emissions,enhanced greenhouse effect,request-33-13-2
enhanced greenhouse effect,global warming,request-33-13-3
burning fossil fuels,emission of carbon dioxide,request-34-0-0
emission of carbon dioxide,release of greenhouse gases into the atmosphere,request-34-0-1
burning fossil fuels,emission of methane,request-34-1-0
emission of methane,release of greenhouse gases into the atmosphere,request-34-1-1
burning fossil fuels,emission of nitrous oxide,request-34-2-0
emission of nitrous oxide,release of greenhouse gases into the atmosphere,request-34-2-1
burning biomass,emission of carbon dioxide,request-35-0-0
emission of carbon dioxide,release of greenhouse gases into the atmosphere,request-35-0-1
burning biomass,incomplete combustion,request-35-1-0
incomplete combustion,emission of methane,request-35-1-1
emission of methane,release of greenhouse gases into the atmosphere,request-35-1-2
burning biomass,high-temperature combustion,request-35-2-0
high-temperature combustion,formation of nitrous oxide,request-35-2-1
formation of nitrous oxide,release of greenhouse gases into the atmosphere,request-35-2-2
burning biomass,emission of nitrogen oxides,request-35-3-0
emission of nitrogen oxides,atmospheric reactions,request-35-3-1
atmospheric reactions,formation of nitrous oxide,request-35-3-2
formation of nitrous oxide,release of greenhouse gases into the atmosphere,request-35-3-3
burning biomass,emission of volatile organic compounds,request-35-4-0
emission of volatile organic compounds,photochemical reactions,request-35-4-1
photochemical reactions,formation of ozone,request-35-4-2
formation of ozone,release of greenhouse gases into the atmosphere,request-35-4-3
burning biomass,emission of black carbon,request-35-5-0
emission of black carbon,atmospheric warming,request-35-5-1
atmospheric warming,release of methane from permafrost,request-35-5-2
release of methane from permafrost,release of greenhouse gases into the atmosphere,request-35-5-3
increase in co2,global warming,request-36-0-0
global warming,melting of polar ice caps,request-36-0-1
melting of polar ice caps,sea level rise,request-36-0-2
sea level rise,flooding of coastal cities,request-36-0-3
flooding of coastal cities,property damage,request-36-0-4
property damage,economic losses,request-36-0-5
economic losses,loss of prosperity,request-36-0-6
increase in co2,global warming,request-36-1-0
global warming,sea level rise,request-36-1-1
sea level rise,displacement of populations,request-36-1-2
displacement of populations,refugee crises,request-36-1-3
refugee crises,economic burden,request-36-1-4
economic burden,loss of prosperity,request-36-1-5
increase in co2,global warming,request-36-2-0
global warming,extreme weather events,request-36-2-1
extreme weather events,infrastructure damage,request-36-2-2
infrastructure damage,economic losses,request-36-2-3
economic losses,economic downturn,request-36-2-4
economic downturn,loss of prosperity,request-36-2-5
increase in co2,global warming,request-36-3-0
global warming,heat waves,request-36-3-1
heat waves,health issues,request-36-3-2
health issues,increased healthcare costs,request-36-3-3
increased healthcare costs,economic burden,request-36-3-4
economic burden,loss of prosperity,request-36-3-5
increase in co2,climate change,request-36-4-0
climate change,droughts,request-36-4-1
droughts,water shortages,request-36-4-2
water shortages,crop failures,request-36-4-3
crop failures,food shortages,request-36-4-4
food shortages,increased food prices,request-36-4-5
increased food prices,economic hardship,request-36-4-6
economic hardship,loss of prosperity,request-36-4-7
increase in co2,climate change,request-36-5-0
climate change,extreme weather events,request-36-5-1
extreme weather events,crop failures,request-36-5-2
crop failures,food shortages,request-36-5-3
food shortages,malnutrition,request-36-5-4
malnutrition,economic instability,request-36-5-5
economic instability,loss of prosperity,request-36-5-6
increase in co2,ocean acidification,request-36-6-0
ocean acidification,death of coral reefs,request-36-6-1
death of coral reefs,loss of biodiversity,request-36-6-2
loss of biodiversity,ecosystem collapse,request-36-6-3
ecosystem collapse,economic instability,request-36-6-4
economic instability,loss of prosperity,request-36-6-5
increase in co2,air pollution,request-36-7-0
air pollution,respiratory diseases,request-36-7-1
respiratory diseases,increased healthcare costs,request-36-7-2
increased healthcare costs,economic burden,request-36-7-3
economic burden,loss of prosperity,request-36-7-4
increase in co2,air pollution,request-36-8-0
air pollution,health problems,request-36-8-1
health problems,decreased workforce productivity,request-36-8-2
decreased workforce productivity,economic downturn,request-36-8-3
economic downturn,loss of prosperity,request-36-8-4
increase in co2,ocean acidification,request-36-9-0
ocean acidification,decline in fish populations,request-36-9-1
decline in fish populations,decreased fishery yields,request-36-9-2
decreased fishery yields,economic losses in fishing industry,request-36-9-3
economic losses in fishing industry,economic downturn,request-36-9-4
economic downturn,loss of prosperity,request-36-9-5
increase in co2,climate change,request-36-10-0
climate change,spread of diseases,request-36-10-1
spread of diseases,decreased workforce productivity,request-36-10-2
decreased workforce productivity,economic decline,request-36-10-3
economic decline,loss of prosperity,request-36-10-4
increase in co2,global warming,request-36-11-0
global warming,melting of permafrost,request-36-11-1
melting of permafrost,release of methane,request-36-11-2
release of methane,accelerated global warming,request-36-11-3
accelerated global warming,exacerbated climate change,request-36-11-4
exacerbated climate change,increased extreme weather events,request-36-11-5
increased extreme weather events,economic losses,request-36-11-6
economic losses,loss of prosperity,request-36-11-7
increase in co2,climate change,request-36-12-0
climate change,extreme weather events,request-36-12-1
extreme weather events,damage to infrastructure,request-36-12-2
damage to infrastructure,high repair costs,request-36-12-3
high repair costs,economic strain,request-36-12-4
economic strain,loss of prosperity,request-36-12-5
increase in co2,global warming,request-36-13-0
global warming,heat waves,request-36-13-1
heat waves,energy demand increase,request-36-13-2
energy demand increase,strain on energy resources,request-36-13-3
strain on energy resources,economic burden,request-36-13-4
economic burden,loss of prosperity,request-36-13-5
increase in co2,climate change,request-36-14-0
climate change,loss of agricultural land,request-36-14-1
loss of agricultural land,reduced crop yields,request-36-14-2
reduced crop yields,food insecurity,request-36-14-3
food insecurity,economic decline,request-36-14-4
economic decline,loss of prosperity,request-36-14-5
increase in co2,ocean acidification,request-36-15-0
ocean acidification,shellfish population decline,request-36-15-1
shellfish population decline,impact on seafood industry,request-36-15-2
impact on seafood industry,economic losses,request-36-15-3
economic losses,loss of prosperity,request-36-15-4
increase in co2,climate change,request-36-16-0
climate change,loss of tourism attractions,request-36-16-1
loss of tourism attractions,decrease in tourism revenue,request-36-16-2
decrease in tourism revenue,economic downturn,request-36-16-3
economic downturn,loss of prosperity,request-36-16-4
increase in co2,global warming,request-36-17-0
global warming,altered weather patterns,request-36-17-1
altered weather patterns,impact on agriculture,request-36-17-2
impact on agriculture,economic instability,request-36-17-3
economic instability,loss of prosperity,request-36-17-4
increase in co2,climate change,request-36-18-0
climate change,increase in natural disasters,request-36-18-1
increase in natural disasters,insurance costs rise,request-36-18-2
insurance costs rise,financial strain,request-36-18-3
financial strain,loss of prosperity,request-36-18-4
increase in co2,global warming,request-36-19-0
global warming,changes in ecosystems,request-36-19-1
changes in ecosystems,loss of biodiversity,request-36-19-2
loss of biodiversity,disruption of ecosystem services,request-36-19-3
disruption of ecosystem services,economic impact,request-36-19-4
economic impact,loss of prosperity,request-36-19-5
increase in atmospheric co2 levels,enhancement of photosynthesis,request-37-0-0
enhancement of photosynthesis,increase in glucose production,request-37-0-1
increase in glucose production,enhancement of plant growth,request-37-0-2
increase in atmospheric co2 levels,intensification of greenhouse effect,request-37-1-0
intensification of greenhouse effect,occurrence of global warming,request-37-1-1
occurrence of global warming,extension of growing seasons,request-37-1-2
extension of growing seasons,increase in plant growth,request-37-1-3
increase in atmospheric co2 levels,partial closure of plant stomata,request-37-2-0
partial closure of plant stomata,reduction in water loss,request-37-2-1
reduction in water loss,improvement in water-use efficiency,request-37-2-2
improvement in water-use efficiency,enhanced plant growth,request-37-2-3
increase in atmospheric co2 levels,increase in carbon allocation to roots,request-37-3-0
increase in carbon allocation to roots,enhanced nutrient uptake,request-37-3-1
enhanced nutrient uptake,improved plant growth,request-37-3-2
increase in atmospheric co2 levels,increase in photosynthesis in c3 plants,request-37-4-0
increase in photosynthesis in c3 plants,competitive advantage of c3 plants,request-37-4-1
competitive advantage of c3 plants,changes in plant communities,request-37-4-2
changes in plant communities,impact on plant growth,request-37-4-3
plants,photosynthesis,request-38-0-0
photosynthesis,oxygen release,request-38-0-1
plants,light absorption,request-38-1-0
light absorption,photosynthesis,request-38-1-1
photosynthesis,oxygen release,request-38-1-2
plants,chlorophyll excitation,request-38-2-0
chlorophyll excitation,water splitting,request-38-2-1
water splitting,oxygen release,request-38-2-2
plants,water absorption,request-38-3-0
water absorption,water splitting,request-38-3-1
water splitting,oxygen release,request-38-3-2
plants,carbon dioxide absorption,request-38-4-0
carbon dioxide absorption,photosynthesis,request-38-4-1
photosynthesis,oxygen release,request-38-4-2
plants,stomata opening,request-38-5-0
stomata opening,gas exchange,request-38-5-1
gas exchange,oxygen release,request-38-5-2
plants,chloroplast activity,request-38-6-0
chloroplast activity,light-dependent reactions,request-38-6-1
light-dependent reactions,oxygen release,request-38-6-2
plants,photolysis of water,request-38-7-0
photolysis of water,oxygen formation,request-38-7-1
oxygen formation,oxygen release,request-38-7-2
plants,photosystem ii activation,request-38-8-0
photosystem ii activation,electron transport chain,request-38-8-1
electron transport chain,oxygen release,request-38-8-2
plants,atp and nadph production,request-38-9-0
atp and nadph production,calvin cycle,request-38-9-1
calvin cycle,oxygen release,request-38-9-2
fumigation,death of insects,request-39-0-0
death of insects,decomposition of insects,request-39-0-1
decomposition of insects,release of co2,request-39-0-2
release of co2,increase in co2,request-39-0-3
fumigation,chemicals released,request-39-1-0
chemicals released,co2 emissions from chemicals,request-39-1-1
co2 emissions from chemicals,increase in co2,request-39-1-2
fumigation,damage to plants,request-39-2-0
damage to plants,reduced photosynthesis,request-39-2-1
reduced photosynthesis,less co2 absorption,request-39-2-2
less co2 absorption,increase in co2,request-39-2-3
fumigation,use of fumigants,request-39-3-0
use of fumigants,production of fumigants,request-39-3-1
production of fumigants,co2 emissions in production,request-39-3-2
co2 emissions in production,increase in co2,request-39-3-3
fumigation,application machinery used,request-39-4-0
application machinery used,fuel consumption,request-39-4-1
fuel consumption,co2 emissions,request-39-4-2
co2 emissions,increase in co2,request-39-4-3
increase in co2,increase in atmospheric co2 concentration,request-40-0-0
increase in atmospheric co2 concentration,enhanced co2 diffusion into leaves,request-40-0-1
enhanced co2 diffusion into leaves,increase in photosynthesis,request-40-0-2
increase in co2,increase in intercellular co2 concentration,request-40-1-0
increase in intercellular co2 concentration,increase in carboxylation rate by rubisco,request-40-1-1
increase in carboxylation rate by rubisco,increase in photosynthesis,request-40-1-2
increase in co2,reduction in stomatal aperture,request-40-2-0
reduction in stomatal aperture,decrease in water loss,request-40-2-1
decrease in water loss,improved water use efficiency,request-40-2-2
improved water use efficiency,increase in photosynthesis,request-40-2-3
increase in co2,decrease in photorespiration in c3 plants,request-40-3-0
decrease in photorespiration in c3 plants,increase in net photosynthesis,request-40-3-1
increase in net photosynthesis,increase in photosynthesis,request-40-3-2
increase in co2,enhanced greenhouse effect,request-40-4-0
enhanced greenhouse effect,increase in global temperatures,request-40-4-1
increase in global temperatures,increase in enzymatic activity,request-40-4-2
increase in enzymatic activity,increase in photosynthesis,request-40-4-3
increase in co2,changes in precipitation patterns,request-40-5-0
changes in precipitation patterns,improved soil moisture in some regions,request-40-5-1
improved soil moisture in some regions,increase in photosynthesis,request-40-5-2
increase in co2,increase in plant growth,request-40-6-0
increase in plant growth,increase in leaf area index,request-40-6-1
increase in leaf area index,increase in total photosynthesis,request-40-6-2
increase in total photosynthesis,increase in photosynthesis,request-40-6-3
increase in co2,increase in oceanic co2 levels,request-40-7-0
increase in oceanic co2 levels,enhancement of phytoplankton photosynthesis,request-40-7-1
enhancement of phytoplankton photosynthesis,increase in photosynthesis,request-40-7-2
increase in co2,increase in plant biomass production,request-40-8-0
increase in plant biomass production,increase in litterfall,request-40-8-1
increase in litterfall,increase in soil organic matter,request-40-8-2
increase in soil organic matter,increase in nutrient availability,request-40-8-3
increase in nutrient availability,increase in photosynthesis,request-40-8-4
increase in photosynthesis,increase in glucose production,request-41-0-0
increase in glucose production,increase in energy availability,request-41-0-1
increase in energy availability,increase in cell division,request-41-0-2
increase in cell division,increase in biomass,request-41-0-3
increase in photosynthesis,increase in carbohydrate synthesis,request-41-1-0
increase in carbohydrate synthesis,increase in storage of organic compounds,request-41-1-1
increase in storage of organic compounds,increase in biomass,request-41-1-2
increase in photosynthesis,increase in production of organic molecules,request-41-2-0
increase in production of organic molecules,increase in synthesis of structural components,request-41-2-1
increase in synthesis of structural components,increase in biomass,request-41-2-2
increase in photosynthesis,increase in atp production,request-41-3-0
increase in atp production,increase in biosynthesis processes,request-41-3-1
increase in biosynthesis processes,increase in biomass,request-41-3-2
increase in photosynthesis,increase in glucose production,request-41-4-0
increase in glucose production,increase in synthesis of cellulose,request-41-4-1
increase in synthesis of cellulose,increase in biomass,request-41-4-2
increase in photosynthesis,increase in glucose production,request-41-5-0
increase in glucose production,increase in sugar transport,request-41-5-1
increase in sugar transport,increase in root growth,request-41-5-2
increase in root growth,increase in biomass,request-41-5-3
increase in photosynthesis,increase in starch accumulation,request-41-6-0
increase in starch accumulation,increase in energy reserves,request-41-6-1
increase in energy reserves,increase in biomass,request-41-6-2
increase in photosynthesis,increase in production of building blocks for growth,request-41-7-0
increase in production of building blocks for growth,increase in plant size,request-41-7-1
increase in plant size,increase in biomass,request-41-7-2
increase in photosynthesis,increase in available energy,request-41-8-0
increase in available energy,increase in nitrogen assimilation,request-41-8-1
increase in nitrogen assimilation,increase in protein synthesis,request-41-8-2
increase in protein synthesis,increase in biomass,request-41-8-3
increase in photosynthesis,increase in glucose production,request-41-9-0
increase in glucose production,increase in lipid synthesis,request-41-9-1
increase in lipid synthesis,increase in biomass,request-41-9-2
increase in photosynthesis,increase in glucose production,request-41-10-0
increase in glucose production,increase in production of nucleic acids,request-41-10-1
increase in production of nucleic acids,increase in cell proliferation,request-41-10-2
increase in cell proliferation,increase in biomass,request-41-10-3
increase in photosynthesis,increase in production of sucrose,request-41-11-0
increase in production of sucrose,increase in phloem transport,request-41-11-1
increase in phloem transport,increase in growth of non-photosynthetic tissues,request-41-11-2
increase in growth of non-photosynthetic tissues,increase in biomass,request-41-11-3
increase in photosynthesis,increase in sugar signaling,request-41-12-0
increase in sugar signaling,upregulation of growth-related genes,request-41-12-1
upregulation of growth-related genes,increase in biomass,request-41-12-2
natural greenhouse effect,warming of earth's surface,request-42-0-0
warming of earth's surface,increased evaporation,request-42-0-1
increased evaporation,increased cloud formation,request-42-0-2
increased cloud formation,reflection of solar radiation back into space,request-42-0-3
natural greenhouse effect,warming of earth's surface,request-42-1-0
warming of earth's surface,increased plant growth,request-42-1-1
increased plant growth,increased transpiration,request-42-1-2
increased transpiration,increased cloud formation,request-42-1-3
increased cloud formation,reflection of solar radiation back into space,request-42-1-4
natural greenhouse effect,warming of earth's surface,request-42-2-0
warming of earth's surface,increased wildfires,request-42-2-1
increased wildfires,increased atmospheric aerosols,request-42-2-2
increased atmospheric aerosols,reflection of solar radiation back into space,request-42-2-3
natural greenhouse effect,warming of earth's surface,request-42-3-0
warming of earth's surface,increased desertification,request-42-3-1
increased desertification,increased atmospheric dust,request-42-3-2
increased atmospheric dust,reflection of solar radiation back into space,request-42-3-3
natural greenhouse effect,warming of earth's surface,request-42-4-0
warming of earth's surface,increased sea surface temperature,request-42-4-1
increased sea surface temperature,increased phytoplankton activity,request-42-4-2
increased phytoplankton activity,release of dimethyl sulfide,request-42-4-3
release of dimethyl sulfide,increased cloud condensation nuclei,request-42-4-4
increased cloud condensation nuclei,reflection of solar radiation back into space,request-42-4-5
natural greenhouse effect,warming of earth's surface,request-42-5-0
warming of earth's surface,changes in atmospheric circulation,request-42-5-1
changes in atmospheric circulation,redistribution of aerosols,request-42-5-2
redistribution of aerosols,reflection of solar radiation back into space,request-42-5-3
natural greenhouse effect,warming of earth's surface,request-42-6-0
warming of earth's surface,expansion of hadley cells,request-42-6-1
expansion of hadley cells,shift in cloud patterns,request-42-6-2
shift in cloud patterns,reflection of solar radiation back into space,request-42-6-3
excess of co2,global warming,request-43-0-0
global warming,melting permafrost,request-43-0-1
melting permafrost,release of co2 from permafrost,request-43-0-2
release of co2 from permafrost,increase in co2,request-43-0-3
excess of co2,ocean warming,request-43-1-0
ocean warming,decreased co2 solubility,request-43-1-1
decreased co2 solubility,release of co2 from oceans,request-43-1-2
release of co2 from oceans,increase in co2,request-43-1-3
excess of co2,increased wildfires,request-43-2-0
increased wildfires,emission of co2 from fires,request-43-2-1
emission of co2 from fires,increase in co2,request-43-2-2
excess of co2,climate change,request-43-3-0
climate change,drought conditions,request-43-3-1
drought conditions,plant death,request-43-3-2
plant death,reduced co2 absorption,request-43-3-3
reduced co2 absorption,increase in co2,request-43-3-4
excess of co2,ocean acidification,request-43-4-0
ocean acidification,coral reef die-off,request-43-4-1
coral reef die-off,reduced photosynthesis,request-43-4-2
reduced photosynthesis,decrease in co2 uptake,request-43-4-3
decrease in co2 uptake,increase in co2,request-43-4-4
excess of co2,deforestation,request-43-5-0
deforestation,loss of vegetation,request-43-5-1
loss of vegetation,reduced carbon sequestration,request-43-5-2
reduced carbon sequestration,increase in co2,request-43-5-3
increase in co2,enhanced greenhouse effect,request-44-0-0
enhanced greenhouse effect,higher global temperatures,request-44-0-1
higher global temperatures,global warming,request-44-0-2
increase in co2,melting polar ice caps,request-44-1-0
melting polar ice caps,decreased albedo,request-44-1-1
decreased albedo,increased heat absorption,request-44-1-2
increased heat absorption,higher global temperatures,request-44-1-3
higher global temperatures,global warming,request-44-1-4
increase in co2,ocean acidification,request-44-2-0
ocean acidification,disruption of marine life,request-44-2-1
disruption of marine life,reduced carbon sequestration,request-44-2-2
reduced carbon sequestration,higher co2 levels,request-44-2-3
higher co2 levels,global warming,request-44-2-4
increase in co2,permafrost thawing,request-44-3-0
permafrost thawing,methane release,request-44-3-1
methane release,enhanced greenhouse effect,request-44-3-2
enhanced greenhouse effect,global warming,request-44-3-3
increase in co2,deforestation,request-44-4-0
deforestation,reduced carbon sinks,request-44-4-1
reduced carbon sinks,accumulation of co2,request-44-4-2
accumulation of co2,global warming,request-44-4-3
increase in co2,increased atmospheric water vapor,request-44-5-0
increased atmospheric water vapor,enhanced greenhouse effect,request-44-5-1
enhanced greenhouse effect,higher global temperatures,request-44-5-2
higher global temperatures,global warming,request-44-5-3
increase in co2,climate change,request-44-6-0
climate change,extreme weather events,request-44-6-1
extreme weather events,disruption of ecosystems,request-44-6-2
disruption of ecosystems,feedback loop enhancing co2 levels,request-44-6-3
feedback loop enhancing co2 levels,global warming,request-44-6-4
increase in co2,changes in ocean currents,request-44-7-0
changes in ocean currents,altered heat distribution,request-44-7-1
altered heat distribution,higher global temperatures,request-44-7-2
higher global temperatures,global warming,request-44-7-3
increase in co2,increased atmospheric co2 concentration,request-45-0-0
increased atmospheric co2 concentration,increased dissolution of co2 in oceans,request-45-0-1
increased dissolution of co2 in oceans,formation of carbonic acid,request-45-0-2
formation of carbonic acid,release of hydrogen ions,request-45-0-3
release of hydrogen ions,decrease in ocean ph,request-45-0-4
decrease in ocean ph,ocean acidification,request-45-0-5
increase in co2,increased atmospheric co2,request-45-1-0
increased atmospheric co2,more co2 absorbed by oceans,request-45-1-1
more co2 absorbed by oceans,increased hydrogen ion concentration,request-45-1-2
increased hydrogen ion concentration,reduced ocean ph,request-45-1-3
reduced ocean ph,ocean acidification,request-45-1-4
increase in co2,increased atmospheric co2,request-45-2-0
increased atmospheric co2,increased oceanic co2 uptake,request-45-2-1
increased oceanic co2 uptake,formation of bicarbonate and hydrogen ions,request-45-2-2
formation of bicarbonate and hydrogen ions,reduction in carbonate ions,request-45-2-3
reduction in carbonate ions,lower ph,request-45-2-4
lower ph,ocean acidification,request-45-2-5
increase in co2,enhanced greenhouse effect,request-45-3-0
enhanced greenhouse effect,global warming,request-45-3-1
global warming,increased sea surface temperatures,request-45-3-2
increased sea surface temperatures,altered ocean chemistry,request-45-3-3
altered ocean chemistry,ocean acidification,request-45-3-4
increase in co2,climate change,request-45-4-0
climate change,changes in oceanic currents,request-45-4-1
changes in oceanic currents,disruption of ocean stratification,request-45-4-2
disruption of ocean stratification,altered ocean chemistry,request-45-4-3
altered ocean chemistry,ocean acidification,request-45-4-4
human activity,burning fossil fuels,request-46-0-0
burning fossil fuels,co2 emissions,request-46-0-1
human activity,deforestation,request-46-1-0
deforestation,reduced co2 absorption,request-46-1-1
reduced co2 absorption,increased atmospheric co2,request-46-1-2
human activity,deforestation,request-46-2-0
deforestation,burning trees,request-46-2-1
burning trees,co2 emissions,request-46-2-2
human activity,agriculture,request-46-3-0
agriculture,tilling soil,request-46-3-1
tilling soil,soil carbon release,request-46-3-2
soil carbon release,co2 emissions,request-46-3-3
human activity,waste incineration,request-46-4-0
waste incineration,combustion of waste,request-46-4-1
combustion of waste,co2 emissions,request-46-4-2
human activity,land use changes,request-46-5-0
land use changes,soil disturbance,request-46-5-1
soil disturbance,soil carbon release,request-46-5-2
soil carbon release,co2 emissions,request-46-5-3
human activity,cement production,request-46-6-0
cement production,calcination of limestone,request-46-6-1
calcination of limestone,co2 emissions,request-46-6-2
human activity,industrial processes,request-46-7-0
industrial processes,energy consumption,request-46-7-1
energy consumption,fossil fuel combustion,request-46-7-2
fossil fuel combustion,co2 emissions,request-46-7-3
human activity,transportation,request-46-8-0
transportation,fuel combustion,request-46-8-1
fuel combustion,co2 emissions,request-46-8-2
human activity,electricity generation,request-46-9-0
electricity generation,fossil fuel combustion,request-46-9-1
fossil fuel combustion,co2 emissions,request-46-9-2
human activity,residential heating,request-46-10-0
residential heating,fuel combustion,request-46-10-1
fuel combustion,co2 emissions,request-46-10-2
human activity,mining operations,request-46-11-0
mining operations,use of heavy machinery,request-46-11-1
use of heavy machinery,fuel combustion,request-46-11-2
fuel combustion,co2 emissions,request-46-11-3
human activity,metal production,request-46-12-0
metal production,smelting processes,request-46-12-1
smelting processes,co2 emissions,request-46-12-2
human activity,land clearing,request-46-13-0
land clearing,burning biomass,request-46-13-1
burning biomass,co2 emissions,request-46-13-2
human activity,fossil fuel extraction,request-46-14-0
fossil fuel extraction,gas flaring,request-46-14-1
gas flaring,co2 emissions,request-46-14-2
human activity,deforestation,request-46-15-0
deforestation,decrease in photosynthesis,request-46-15-1
decrease in photosynthesis,reduced co2 uptake,request-46-15-2
reduced co2 uptake,increased atmospheric co2,request-46-15-3
human activity,waste generation,request-46-16-0
waste generation,decomposition of organic waste,request-46-16-1
decomposition of organic waste,co2 emissions,request-46-16-2
human activity,water production,request-46-17-0
water production,desalination plants,request-46-17-1
desalination plants,energy consumption,request-46-17-2
energy consumption,co2 emissions,request-46-17-3
human activity,operation of data centers,request-46-18-0
operation of data centers,energy consumption,request-46-18-1
energy consumption,co2 emissions,request-46-18-2
human activity,construction activities,request-46-19-0
construction activities,use of heavy equipment,request-46-19-1
use of heavy equipment,fuel combustion,request-46-19-2
fuel combustion,co2 emissions,request-46-19-3
human activity,shipping industry,request-46-20-0
shipping industry,maritime fuel combustion,request-46-20-1
maritime fuel combustion,co2 emissions,request-46-20-2
human activity,air travel,request-46-21-0
air travel,jet fuel combustion,request-46-21-1
jet fuel combustion,co2 emissions,request-46-21-2
human activity,oil refining,request-46-22-0
oil refining,energy consumption,request-46-22-1
energy consumption,co2 emissions,request-46-22-2
increase in co2,enhanced photosynthesis,request-47-0-0
enhanced photosynthesis,increased plant growth,request-47-0-1
increased plant growth,lush forests,request-47-0-2
increase in co2,increased greenhouse effect,request-47-1-0
increased greenhouse effect,rising temperatures,request-47-1-1
rising temperatures,longer growing seasons,request-47-1-2
longer growing seasons,increased plant growth,request-47-1-3
increased plant growth,lush forests,request-47-1-4
increase in co2,global warming,request-47-2-0
global warming,altered precipitation patterns,request-47-2-1
altered precipitation patterns,increased rainfall,request-47-2-2
increased rainfall,enhanced plant growth,request-47-2-3
enhanced plant growth,lush forests,request-47-2-4
increase in co2,global warming,request-47-3-0
global warming,increased atmospheric water vapor,request-47-3-1
increased atmospheric water vapor,more frequent rainfall,request-47-3-2
more frequent rainfall,increased soil moisture,request-47-3-3
increased soil moisture,enhanced plant growth,request-47-3-4
enhanced plant growth,lush forests,request-47-3-5
increase in co2,enhanced water use efficiency in plants,request-47-4-0
enhanced water use efficiency in plants,reduced water loss,request-47-4-1
reduced water loss,plant survival in drier conditions,request-47-4-2
plant survival in drier conditions,expansion of forests,request-47-4-3
expansion of forests,lush forests,request-47-4-4
increase in co2,global warming,request-47-5-0
global warming,melting permafrost,request-47-5-1
melting permafrost,release of soil nutrients,request-47-5-2
release of soil nutrients,fertile soils,request-47-5-3
fertile soils,enhanced plant growth,request-47-5-4
enhanced plant growth,lush forests,request-47-5-5
increase in co2,global warming,request-47-6-0
global warming,reduced frost frequency,request-47-6-1
reduced frost frequency,improved seedling survival,request-47-6-2
improved seedling survival,increased forest regeneration,request-47-6-3
increased forest regeneration,lush forests,request-47-6-4
increase in co2,global warming,request-47-7-0
global warming,biome shifts,request-47-7-1
biome shifts,forest expansion into new areas,request-47-7-2
forest expansion into new areas,lush forests,request-47-7-3
modern wars,naval battles,request-48-0-0
naval battles,ship torpedo attacks,request-48-0-1
ship torpedo attacks,ship hull breaches,request-48-0-2
ship hull breaches,sinking,request-48-0-3
modern wars,submarine warfare,request-48-1-0
submarine warfare,torpedo launches,request-48-1-1
torpedo launches,ship damage,request-48-1-2
ship damage,sinking,request-48-1-3
modern wars,aerial bombing,request-48-2-0
aerial bombing,dam destruction,request-48-2-1
dam destruction,flooding,request-48-2-2
flooding,sinking,request-48-2-3
modern wars,nuclear explosions,request-48-3-0
nuclear explosions,ground collapse,request-48-3-1
ground collapse,sinking,request-48-3-2
modern wars,heavy artillery bombardment,request-48-4-0
heavy artillery bombardment,structural failure,request-48-4-1
structural failure,building collapse,request-48-4-2
building collapse,sinking,request-48-4-3
modern wars,economic crisis,request-48-5-0
economic crisis,infrastructure neglect,request-48-5-1
infrastructure neglect,bridge collapse,request-48-5-2
bridge collapse,sinking,request-48-5-3
modern wars,landmine explosions,request-48-6-0
landmine explosions,ground destabilization,request-48-6-1
ground destabilization,sinking,request-48-6-2
modern wars,resource depletion,request-48-7-0
resource depletion,soil erosion,request-48-7-1
soil erosion,sinkhole formation,request-48-7-2
sinkhole formation,sinking,request-48-7-3
climate change,increased temperatures,request-49-0-0
increased temperatures,expanded vector habitats,request-49-0-1
expanded vector habitats,increased human exposure to vectors,request-49-0-2
increased human exposure to vectors,rise in infectious diseases,request-49-0-3
climate change,extreme weather events,request-49-1-0
extreme weather events,water infrastructure damage,request-49-1-1
water infrastructure damage,contaminated water supplies,request-49-1-2
contaminated water supplies,waterborne disease spread,request-49-1-3
waterborne disease spread,rise in infectious diseases,request-49-1-4
climate change,altered rainfall patterns,request-49-2-0
altered rainfall patterns,stagnant water accumulation,request-49-2-1
stagnant water accumulation,breeding grounds for mosquitoes,request-49-2-2
breeding grounds for mosquitoes,increased malaria cases,request-49-2-3
increased malaria cases,rise in infectious diseases,request-49-2-4
climate change,melting permafrost,request-49-3-0
melting permafrost,release of ancient pathogens,request-49-3-1
release of ancient pathogens,emergence of new diseases,request-49-3-2
emergence of new diseases,rise in infectious diseases,request-49-3-3
climate change,decreased biodiversity,request-49-4-0
decreased biodiversity,increase in disease vectors,request-49-4-1
increase in disease vectors,increased disease transmission,request-49-4-2
increased disease transmission,rise in infectious diseases,request-49-4-3
climate change,droughts,request-49-5-0
droughts,water scarcity,request-49-5-1
water scarcity,poor sanitation practices,request-49-5-2
poor sanitation practices,spread of infectious diseases,request-49-5-3
spread of infectious diseases,rise in infectious diseases,request-49-5-4
climate change,sea level rise,request-49-6-0
sea level rise,coastal flooding,request-49-6-1
coastal flooding,population displacement,request-49-6-2
population displacement,overcrowded living conditions,request-49-6-3
overcrowded living conditions,increased disease spread,request-49-6-4
increased disease spread,rise in infectious diseases,request-49-6-5
climate change,ocean warming,request-49-7-0
ocean warming,harmful algal blooms,request-49-7-1
harmful algal blooms,shellfish contamination,request-49-7-2
shellfish contamination,foodborne illnesses,request-49-7-3
foodborne illnesses,rise in infectious diseases,request-49-7-4
climate change,altered migration patterns of animals,request-49-8-0
altered migration patterns of animals,increased human-animal contact,request-49-8-1
increased human-animal contact,zoonotic disease spillover,request-49-8-2
zoonotic disease spillover,rise in infectious diseases,request-49-8-3
climate change,agricultural stress,request-49-9-0
agricultural stress,malnutrition,request-49-9-1
malnutrition,weakened immune systems,request-49-9-2
weakened immune systems,increased susceptibility to infections,request-49-9-3
increased susceptibility to infections,rise in infectious diseases,request-49-9-4
capitalism,industrialization,request-50-0-0
industrialization,increased fossil fuel consumption,request-50-0-1
increased fossil fuel consumption,greenhouse gas emissions,request-50-0-2
greenhouse gas emissions,climate change,request-50-0-3
capitalism,consumerism,request-50-1-0
consumerism,mass production,request-50-1-1
mass production,resource depletion,request-50-1-2
resource depletion,deforestation,request-50-1-3
deforestation,loss of carbon sinks,request-50-1-4
loss of carbon sinks,climate change,request-50-1-5
capitalism,economic growth focus,request-50-2-0
economic growth focus,exploitation of natural resources,request-50-2-1
exploitation of natural resources,biodiversity loss,request-50-2-2
biodiversity loss,ecosystem imbalance,request-50-2-3
ecosystem imbalance,climate change,request-50-2-4
capitalism,promotion of automobile use,request-50-3-0
promotion of automobile use,increased co2 emissions,request-50-3-1
increased co2 emissions,atmospheric concentration of greenhouse gases,request-50-3-2
atmospheric concentration of greenhouse gases,climate change,request-50-3-3
capitalism,industrial agriculture,request-50-4-0
industrial agriculture,methane emissions,request-50-4-1
methane emissions,enhanced greenhouse effect,request-50-4-2
enhanced greenhouse effect,climate change,request-50-4-3
capitalism,global trade expansion,request-50-5-0
global trade expansion,increased transportation emissions,request-50-5-1
increased transportation emissions,greenhouse gas accumulation,request-50-5-2
greenhouse gas accumulation,climate change,request-50-5-3
capitalism,weak environmental regulations,request-50-6-0
weak environmental regulations,high pollution levels,request-50-6-1
high pollution levels,atmospheric degradation,request-50-6-2
atmospheric degradation,climate change,request-50-6-3
capitalism,fossil fuel subsidies,request-50-7-0
fossil fuel subsidies,continued reliance on fossil fuels,request-50-7-1
continued reliance on fossil fuels,emissions growth,request-50-7-2
emissions growth,climate change,request-50-7-3
capitalism,planned obsolescence,request-50-8-0
planned obsolescence,increased waste production,request-50-8-1
increased waste production,landfill methane emissions,request-50-8-2
landfill methane emissions,climate change,request-50-8-3
capitalism,corporate lobbying,request-50-9-0
corporate lobbying,delay in climate policies,request-50-9-1
delay in climate policies,unmitigated emissions,request-50-9-2
unmitigated emissions,climate change,request-50-9-3
capitalism,emphasis on profit over sustainability,request-50-10-0
emphasis on profit over sustainability,environmental neglect,request-50-10-1
environmental neglect,ecological imbalance,request-50-10-2
ecological imbalance,climate change,request-50-10-3
capitalism,overexploitation of fossil fuels,request-50-11-0
overexploitation of fossil fuels,increase in greenhouse gases,request-50-11-1
increase in greenhouse gases,global warming,request-50-11-2
global warming,climate change,request-50-11-3
capitalism,urbanization,request-50-12-0
urbanization,heat island effect,request-50-12-1
heat island effect,increased energy consumption,request-50-12-2
increased energy consumption,higher emissions,request-50-12-3
higher emissions,climate change,request-50-12-4
capitalism,industrial waste production,request-50-13-0
industrial waste production,ocean pollution,request-50-13-1
ocean pollution,disruption of carbon absorption,request-50-13-2
disruption of carbon absorption,climate change,request-50-13-3
capitalism,encouraging individualism,request-50-14-0
encouraging individualism,lack of collective action,request-50-14-1
lack of collective action,insufficient climate mitigation,request-50-14-2
insufficient climate mitigation,climate change,request-50-14-3
capitalism,energy demand increase,request-50-15-0
energy demand increase,coal power plant proliferation,request-50-15-1
coal power plant proliferation,elevated carbon emissions,request-50-15-2
elevated carbon emissions,climate change,request-50-15-3
capitalism,investment in oil companies,request-50-16-0
investment in oil companies,exploration of new reserves,request-50-16-1
exploration of new reserves,continuation of fossil fuel use,request-50-16-2
continuation of fossil fuel use,climate change,request-50-16-3
capitalism,globalization,request-50-17-0
globalization,supply chain expansion,request-50-17-1
supply chain expansion,increased shipping emissions,request-50-17-2
increased shipping emissions,climate change,request-50-17-3
capitalism,advertising and consumer culture,request-50-18-0
advertising and consumer culture,overconsumption,request-50-18-1
overconsumption,resource overuse,request-50-18-2
resource overuse,environmental degradation,request-50-18-3
environmental degradation,climate change,request-50-18-4
capitalism,privatization of natural resources,request-50-19-0
privatization of natural resources,overexploitation for profit,request-50-19-1
overexploitation for profit,environmental harm,request-50-19-2
environmental harm,climate change,request-50-19-3
capitalism,technological advancement focus,request-50-20-0
technological advancement focus,increased energy consumption,request-50-20-1
increased energy consumption,fossil fuel dependence,request-50-20-2
fossil fuel dependence,climate change,request-50-20-3
capitalism,industrialization,request-51-0-0
industrialization,urbanization,request-51-0-1
urbanization,overcrowding,request-51-0-2
overcrowding,decline in sanitation standards,request-51-0-3
decline in sanitation standards,spread of infectious diseases,request-51-0-4
spread of infectious diseases,rise in infectious diseases,request-51-0-5
capitalism,globalization of trade,request-51-1-0
globalization of trade,increased international travel,request-51-1-1
increased international travel,rapid spread of diseases,request-51-1-2
rapid spread of diseases,rise in infectious diseases,request-51-1-3
capitalism,environmental degradation,request-51-2-0
environmental degradation,habitat destruction,request-51-2-1
habitat destruction,increased human-animal contact,request-51-2-2
increased human-animal contact,emergence of zoonotic diseases,request-51-2-3
emergence of zoonotic diseases,rise in infectious diseases,request-51-2-4
capitalism,economic inequality,request-51-3-0
economic inequality,poor access to healthcare,request-51-3-1
poor access to healthcare,vulnerability to diseases,request-51-3-2
vulnerability to diseases,rise in infectious diseases,request-51-3-3
capitalism,exploitation of natural resources,request-51-4-0
exploitation of natural resources,deforestation,request-51-4-1
deforestation,migration of disease vectors,request-51-4-2
migration of disease vectors,disease outbreaks,request-51-4-3
disease outbreaks,rise in infectious diseases,request-51-4-4
capitalism,use of antibiotics in livestock,request-51-5-0
use of antibiotics in livestock,development of antibiotic resistance,request-51-5-1
development of antibiotic resistance,spread of resistant microbes,request-51-5-2
spread of resistant microbes,rise in infectious diseases,request-51-5-3
capitalism,pollution increase,request-51-6-0
pollution increase,weakened immune systems,request-51-6-1
weakened immune systems,increased susceptibility to diseases,request-51-6-2
increased susceptibility to diseases,rise in infectious diseases,request-51-6-3
capitalism,intensification of agriculture,request-51-7-0
intensification of agriculture,crowded animal farming,request-51-7-1
crowded animal farming,emergence of new pathogens,request-51-7-2
emergence of new pathogens,rise in infectious diseases,request-51-7-3
capitalism,climate change,request-51-8-0
climate change,expansion of disease-carrying insects,request-51-8-1
expansion of disease-carrying insects,spread of vector-borne diseases,request-51-8-2
spread of vector-borne diseases,rise in infectious diseases,request-51-8-3
capitalism,work culture stressing long hours,request-51-9-0
work culture stressing long hours,reduced sleep and increased stress,request-51-9-1
reduced sleep and increased stress,immune system suppression,request-51-9-2
immune system suppression,increased risk of infection,request-51-9-3
increased risk of infection,rise in infectious diseases,request-51-9-4
capitalism,mass production,request-51-10-0
mass production,food adulteration,request-51-10-1
food adulteration,foodborne illness outbreaks,request-51-10-2
foodborne illness outbreaks,rise in infectious diseases,request-51-10-3
capitalism,urban poverty increase,request-51-11-0
urban poverty increase,slum formation,request-51-11-1
slum formation,poor hygiene conditions,request-51-11-2
poor hygiene conditions,disease proliferation,request-51-11-3
disease proliferation,rise in infectious diseases,request-51-11-4
capitalism,privatization of healthcare,request-51-12-0
privatization of healthcare,limited access to medical services,request-51-12-1
limited access to medical services,untreated illnesses,request-51-12-2
untreated illnesses,disease spread,request-51-12-3
disease spread,rise in infectious diseases,request-51-12-4
capitalism,reduced public health spending,request-51-13-0
reduced public health spending,weak disease surveillance,request-51-13-1
weak disease surveillance,failure to contain outbreaks,request-51-13-2
failure to contain outbreaks,rise in infectious diseases,request-51-13-3
capitalism,increased consumerism,request-51-14-0
increased consumerism,waste accumulation,request-51-14-1
waste accumulation,breeding grounds for disease vectors,request-51-14-2
breeding grounds for disease vectors,disease spread,request-51-14-3
disease spread,rise in infectious diseases,request-51-14-4
melting of glaciers,sea level rise,request-52-0-0
sea level rise,erosion of arctic coastlines,request-52-0-1
erosion of arctic coastlines,risk to arctic infrastructure,request-52-0-2
melting of glaciers,thawing of permafrost,request-52-1-0
thawing of permafrost,ground instability,request-52-1-1
ground instability,risk to arctic infrastructure,request-52-1-2
melting of glaciers,loss of ice roads,request-52-2-0
loss of ice roads,reduced access to remote areas,request-52-2-1
reduced access to remote areas,risk to arctic infrastructure,request-52-2-2
melting of glaciers,reduced albedo effect,request-52-3-0
reduced albedo effect,accelerated arctic warming,request-52-3-1
accelerated arctic warming,thawing of permafrost,request-52-3-2
thawing of permafrost,risk to arctic infrastructure,request-52-3-3
melting of glaciers,increased freshwater input into oceans,request-52-4-0
increased freshwater input into oceans,disruption of ocean currents,request-52-4-1
disruption of ocean currents,extreme weather in arctic,request-52-4-2
extreme weather in arctic,risk to arctic infrastructure,request-52-4-3
melting of glaciers,release of trapped greenhouse gases,request-52-5-0
release of trapped greenhouse gases,increased global temperatures,request-52-5-1
increased global temperatures,thawing of permafrost,request-52-5-2
thawing of permafrost,risk to arctic infrastructure,request-52-5-3
melting of glaciers,habitat loss for arctic wildlife,request-52-6-0
habitat loss for arctic wildlife,disruption of local ecosystems,request-52-6-1
disruption of local ecosystems,impact on indigenous communities,request-52-6-2
impact on indigenous communities,strain on arctic infrastructure,request-52-6-3
strain on arctic infrastructure,risk to arctic infrastructure,request-52-6-4
melting of glaciers,global sea level rise,request-52-7-0
global sea level rise,coastal flooding,request-52-7-1
coastal flooding,damage to arctic infrastructure,request-52-7-2
melting of glaciers,altered river flows,request-52-8-0
altered river flows,changes in sediment deposition,request-52-8-1
changes in sediment deposition,erosion of riverbanks,request-52-8-2
erosion of riverbanks,risk to arctic infrastructure,request-52-8-3
melting of glaciers,opening of new sea routes,request-52-9-0
opening of new sea routes,increased shipping traffic,request-52-9-1
increased shipping traffic,risk of accidents,request-52-9-2
risk of accidents,risk to arctic infrastructure,request-52-9-3
melting of glaciers,rise in sea temperatures,request-52-10-0
rise in sea temperatures,altered weather patterns,request-52-10-1
altered weather patterns,increased storm frequency,request-52-10-2
increased storm frequency,risk to arctic infrastructure,request-52-10-3
melting of glaciers,enhanced global warming,request-52-11-0
enhanced global warming,more severe climate change effects,request-52-11-1
more severe climate change effects,greater stress on arctic infrastructure,request-52-11-2
greater stress on arctic infrastructure,risk to arctic infrastructure,request-52-11-3
release of carbon,increase in atmospheric co₂ concentration,request-53-0-0
increase in atmospheric co₂ concentration,enhanced greenhouse effect,request-53-0-1
enhanced greenhouse effect,rise in global temperatures,request-53-0-2
rise in global temperatures,global warming,request-53-0-3
release of carbon,ocean acidification,request-53-1-0
ocean acidification,coral reef degradation,request-53-1-1
coral reef degradation,reduced carbon sequestration by oceans,request-53-1-2
reduced carbon sequestration by oceans,further increase in atmospheric co₂,request-53-1-3
further increase in atmospheric co₂,enhanced greenhouse effect,request-53-1-4
enhanced greenhouse effect,global warming,request-53-1-5
release of carbon,deforestation due to carbon emissions,request-53-2-0
deforestation due to carbon emissions,reduction of carbon sinks,request-53-2-1
reduction of carbon sinks,increase in atmospheric co₂ concentration,request-53-2-2
increase in atmospheric co₂ concentration,enhanced greenhouse effect,request-53-2-3
enhanced greenhouse effect,rise in global temperatures,request-53-2-4
rise in global temperatures,global warming,request-53-2-5
release of carbon,formation of black carbon particles,request-53-3-0
formation of black carbon particles,deposition of soot on ice surfaces,request-53-3-1
deposition of soot on ice surfaces,decrease in albedo of ice and snow,request-53-3-2
decrease in albedo of ice and snow,increased absorption of solar radiation,request-53-3-3
increased absorption of solar radiation,accelerated ice melting,request-53-3-4
accelerated ice melting,global warming,request-53-3-5
release of carbon,thawing of permafrost,request-53-4-0
thawing of permafrost,release of methane from permafrost,request-53-4-1
release of methane from permafrost,increase in atmospheric methane concentration,request-53-4-2
increase in atmospheric methane concentration,enhanced greenhouse effect,request-53-4-3
enhanced greenhouse effect,rise in global temperatures,request-53-4-4
rise in global temperatures,global warming,request-53-4-5
release of carbon,increase in atmospheric co2,request-54-0-0
increase in atmospheric co2,enhanced greenhouse effect,request-54-0-1
enhanced greenhouse effect,global warming,request-54-0-2
release of carbon,deforestation,request-54-1-0
deforestation,decrease in co2 absorption,request-54-1-1
decrease in co2 absorption,increase in atmospheric co2,request-54-1-2
increase in atmospheric co2,enhanced greenhouse effect,request-54-1-3
enhanced greenhouse effect,global warming,request-54-1-4
release of carbon,ocean acidification,request-54-2-0
ocean acidification,damage to marine organisms,request-54-2-1
damage to marine organisms,reduced carbon sequestration,request-54-2-2
reduced carbon sequestration,increase in atmospheric co2,request-54-2-3
increase in atmospheric co2,enhanced greenhouse effect,request-54-2-4
enhanced greenhouse effect,global warming,request-54-2-5
release of carbon,emission of black carbon particles,request-54-3-0
emission of black carbon particles,deposition on snow and ice,request-54-3-1
deposition on snow and ice,decrease in albedo,request-54-3-2
decrease in albedo,increase in absorption of solar radiation,request-54-3-3
increase in absorption of solar radiation,melting of ice caps,request-54-3-4
melting of ice caps,global warming,request-54-3-5
release of carbon,increase in atmospheric co2,request-54-4-0
increase in atmospheric co2,increase in earth's temperature,request-54-4-1
increase in earth's temperature,melting of permafrost,request-54-4-2
melting of permafrost,release of methane,request-54-4-3
release of methane,enhanced greenhouse effect,request-54-4-4
enhanced greenhouse effect,global warming,request-54-4-5
release of carbon,wildfires,request-54-5-0
wildfires,release of additional carbon,request-54-5-1
release of additional carbon,increase in atmospheric co2,request-54-5-2
increase in atmospheric co2,enhanced greenhouse effect,request-54-5-3
enhanced greenhouse effect,global warming,request-54-5-4
release of carbon,increase in atmospheric co2,request-54-6-0
increase in atmospheric co2,ocean warming,request-54-6-1
ocean warming,release of methane hydrates,request-54-6-2
release of methane hydrates,increase in atmospheric methane,request-54-6-3
increase in atmospheric methane,enhanced greenhouse effect,request-54-6-4
enhanced greenhouse effect,global warming,request-54-6-5
climate change,melting arctic ice,request-55-0-0
melting arctic ice,access to new oil and gas reserves,request-55-0-1
access to new oil and gas reserves,"economic opportunities tied to oil, gas and mineral resources",request-55-0-2
climate change,thawing permafrost,request-55-1-0
thawing permafrost,exposure of mineral deposits,request-55-1-1
exposure of mineral deposits,"economic opportunities tied to oil, gas and mineral resources",request-55-1-2
climate change,opening of new shipping routes,request-55-2-0
opening of new shipping routes,reduced transportation costs for resources,request-55-2-1
reduced transportation costs for resources,increased extraction activities,request-55-2-2
increased extraction activities,"economic opportunities tied to oil, gas and mineral resources",request-55-2-3
climate change,increased energy demand,request-55-3-0
increased energy demand,higher consumption of oil and gas,request-55-3-1
higher consumption of oil and gas,expansion of fossil fuel industries,request-55-3-2
expansion of fossil fuel industries,"economic opportunities tied to oil, gas and mineral resources",request-55-3-3
climate change,changes in land use patterns,request-55-4-0
changes in land use patterns,expansion of mining activities,request-55-4-1
expansion of mining activities,"economic opportunities tied to oil, gas and mineral resources",request-55-4-2
climate change,sea-level rise,request-55-5-0
sea-level rise,flooding of coastal areas,request-55-5-1
flooding of coastal areas,relocation of infrastructure development,request-55-5-2
relocation of infrastructure development,increased demand for minerals,request-55-5-3
increased demand for minerals,"economic opportunities tied to oil, gas and mineral resources",request-55-5-4
climate change,geopolitical interest in the arctic,request-55-6-0
geopolitical interest in the arctic,increased exploration activities,request-55-6-1
increased exploration activities,discovery of new resources,request-55-6-2
discovery of new resources,"economic opportunities tied to oil, gas and mineral resources",request-55-6-3
climate change,disruption of global supply chains,request-55-7-0
disruption of global supply chains,local resource extraction initiatives,request-55-7-1
local resource extraction initiatives,"economic opportunities tied to oil, gas and mineral resources",request-55-7-2
climate change,rising global temperatures,request-56-0-0
rising global temperatures,melting of polar ice caps,request-56-0-1
melting of polar ice caps,reduction of arctic sea ice,request-56-0-2
reduction of arctic sea ice,opening of arctic shipping routes,request-56-0-3
opening of arctic shipping routes,accessible shipping routes,request-56-0-4
climate change,arctic amplification,request-56-1-0
arctic amplification,accelerated ice melt in arctic,request-56-1-1
accelerated ice melt in arctic,longer ice-free periods,request-56-1-2
longer ice-free periods,extended shipping seasons,request-56-1-3
extended shipping seasons,accessible shipping routes,request-56-1-4
climate change,decrease in sea ice thickness,request-56-2-0
decrease in sea ice thickness,improved navigability of arctic waters,request-56-2-1
improved navigability of arctic waters,increased accessibility of shipping routes,request-56-2-2
increased accessibility of shipping routes,accessible shipping routes,request-56-2-3
climate change,changes in atmospheric patterns,request-56-3-0
changes in atmospheric patterns,altered wind circulation,request-56-3-1
altered wind circulation,redistribution of sea ice,request-56-3-2
redistribution of sea ice,creation of open passages,request-56-3-3
creation of open passages,accessible shipping routes,request-56-3-4
climate change,thawing of permafrost,request-56-4-0
thawing of permafrost,coastal erosion,request-56-4-1
coastal erosion,new port developments,request-56-4-2
new port developments,increased shipping activity,request-56-4-3
increased shipping activity,accessible shipping routes,request-56-4-4
cutting emissions,reduced aerosol emissions,request-57-0-0
reduced aerosol emissions,decreased global dimming,request-57-0-1
decreased global dimming,increased solar radiation at earth's surface,request-57-0-2
increased solar radiation at earth's surface,rise in global temperatures,request-57-0-3
cutting emissions,reduced sulfate aerosol emissions,request-57-1-0
reduced sulfate aerosol emissions,decreased cloud condensation nuclei,request-57-1-1
decreased cloud condensation nuclei,reduced cloud albedo,request-57-1-2
reduced cloud albedo,increased solar radiation absorption,request-57-1-3
increased solar radiation absorption,rise in global temperatures,request-57-1-4
cutting emissions,industrial relocation to unregulated regions,request-57-2-0
industrial relocation to unregulated regions,increased emissions in those regions,request-57-2-1
increased emissions in those regions,rise in global greenhouse gas emissions,request-57-2-2
rise in global greenhouse gas emissions,rise in global temperatures,request-57-2-3
cutting emissions,increased use of biofuels,request-57-3-0
increased use of biofuels,deforestation for biofuel crops,request-57-3-1
deforestation for biofuel crops,reduced forest carbon storage,request-57-3-2
reduced forest carbon storage,increased atmospheric co2,request-57-3-3
increased atmospheric co2,rise in global temperatures,request-57-3-4
cutting emissions,increased hydropower development,request-57-4-0
increased hydropower development,creation of large reservoirs,request-57-4-1
creation of large reservoirs,methane emissions from reservoirs,request-57-4-2
methane emissions from reservoirs,increased atmospheric methane,request-57-4-3
increased atmospheric methane,rise in global temperatures,request-57-4-4
cutting emissions,increased biomass burning for heating,request-57-5-0
increased biomass burning for heating,increased black carbon emissions,request-57-5-1
increased black carbon emissions,enhanced atmospheric absorption of sunlight,request-57-5-2
enhanced atmospheric absorption of sunlight,rise in global temperatures,request-57-5-3
cutting emissions,reduced particulate matter emissions,request-57-6-0
reduced particulate matter emissions,decreased cloud formation,request-57-6-1
decreased cloud formation,reduced cloud albedo effect,request-57-6-2
reduced cloud albedo effect,increased solar radiation absorption,request-57-6-3
increased solar radiation absorption,rise in global temperatures,request-57-6-4
cutting emissions,economic downturn,request-57-7-0
economic downturn,reduced investment in renewable energy,request-57-7-1
reduced investment in renewable energy,continued fossil fuel reliance,request-57-7-2
continued fossil fuel reliance,rise in global temperatures,request-57-7-3
cutting emissions,decreased atmospheric pollutants,request-57-8-0
decreased atmospheric pollutants,reduced aerosol cooling effect,request-57-8-1
reduced aerosol cooling effect,net warming due to decreased masking,request-57-8-2
net warming due to decreased masking,rise in global temperatures,request-57-8-3
cutting emissions,reduced industrial so₂ emissions,request-57-9-0
reduced industrial so₂ emissions,decreased atmospheric sulfur aerosols,request-57-9-1
decreased atmospheric sulfur aerosols,reduced solar radiation reflection,request-57-9-2
reduced solar radiation reflection,rise in global temperatures,request-57-9-3
human activity,burning of fossil fuels,request-58-0-0
burning of fossil fuels,greenhouse gas emissions,request-58-0-1
greenhouse gas emissions,enhanced greenhouse effect,request-58-0-2
enhanced greenhouse effect,global warming,request-58-0-3
global warming,climate change,request-58-0-4
human activity,deforestation,request-58-1-0
deforestation,reduced carbon sequestration,request-58-1-1
reduced carbon sequestration,increased atmospheric co2,request-58-1-2
increased atmospheric co2,enhanced greenhouse effect,request-58-1-3
enhanced greenhouse effect,global warming,request-58-1-4
global warming,climate change,request-58-1-5
human activity,industrial processes,request-58-2-0
industrial processes,methane emissions,request-58-2-1
methane emissions,increased greenhouse gases,request-58-2-2
increased greenhouse gases,enhanced greenhouse effect,request-58-2-3
enhanced greenhouse effect,global warming,request-58-2-4
global warming,climate change,request-58-2-5
human activity,agriculture,request-58-3-0
agriculture,nitrous oxide emissions,request-58-3-1
nitrous oxide emissions,increased greenhouse gas concentrations,request-58-3-2
increased greenhouse gas concentrations,enhanced greenhouse effect,request-58-3-3
enhanced greenhouse effect,global warming,request-58-3-4
global warming,climate change,request-58-3-5
human activity,use of synthetic fertilizers,request-58-4-0
use of synthetic fertilizers,nitrous oxide release,request-58-4-1
nitrous oxide release,increased greenhouse gases,request-58-4-2
increased greenhouse gases,enhanced greenhouse effect,request-58-4-3
enhanced greenhouse effect,global warming,request-58-4-4
global warming,climate change,request-58-4-5
human activity,livestock farming,request-58-5-0
livestock farming,methane production,request-58-5-1
methane production,increased greenhouse gas levels,request-58-5-2
increased greenhouse gas levels,enhanced greenhouse effect,request-58-5-3
enhanced greenhouse effect,global warming,request-58-5-4
global warming,climate change,request-58-5-5
human activity,waste generation,request-58-6-0
waste generation,landfill methane emissions,request-58-6-1
landfill methane emissions,elevated greenhouse gas concentrations,request-58-6-2
elevated greenhouse gas concentrations,enhanced greenhouse effect,request-58-6-3
enhanced greenhouse effect,global warming,request-58-6-4
global warming,climate change,request-58-6-5
human activity,refrigerant use,request-58-7-0
refrigerant use,release of hydrofluorocarbons,request-58-7-1
release of hydrofluorocarbons,increased greenhouse gas emissions,request-58-7-2
increased greenhouse gas emissions,enhanced greenhouse effect,request-58-7-3
enhanced greenhouse effect,global warming,request-58-7-4
global warming,climate change,request-58-7-5
human activity,cement production,request-58-8-0
cement production,carbon dioxide emissions,request-58-8-1
carbon dioxide emissions,increased atmospheric co2,request-58-8-2
increased atmospheric co2,enhanced greenhouse effect,request-58-8-3
enhanced greenhouse effect,global warming,request-58-8-4
global warming,climate change,request-58-8-5
human activity,land use changes,request-58-9-0
land use changes,altered surface albedo,request-58-9-1
altered surface albedo,changes in earth's energy balance,request-58-9-2
changes in earth's energy balance,global warming,request-58-9-3
global warming,climate change,request-58-9-4
human activity,urbanization,request-58-10-0
urbanization,heat island effect,request-58-10-1
heat island effect,local temperature increases,request-58-10-2
local temperature increases,contribution to global warming,request-58-10-3
contribution to global warming,climate change,request-58-10-4
human activity,aerosol emissions,request-58-11-0
aerosol emissions,atmospheric particle changes,request-58-11-1
atmospheric particle changes,cloud formation alteration,request-58-11-2
cloud formation alteration,radiation balance disruption,request-58-11-3
radiation balance disruption,climate change,request-58-11-4
human activity,fossil fuel extraction,request-58-12-0
fossil fuel extraction,methane leakages,request-58-12-1
methane leakages,increased methane levels,request-58-12-2
increased methane levels,enhanced greenhouse effect,request-58-12-3
enhanced greenhouse effect,global warming,request-58-12-4
global warming,climate change,request-58-12-5
human activity,deforestation,request-58-13-0
deforestation,habitat destruction,request-58-13-1
habitat destruction,biodiversity loss,request-58-13-2
biodiversity loss,ecosystem imbalance,request-58-13-3
ecosystem imbalance,disrupted climate regulation,request-58-13-4
disrupted climate regulation,climate change,request-58-13-5
human activity,overgrazing,request-58-14-0
overgrazing,soil degradation,request-58-14-1
soil degradation,reduced carbon storage,request-58-14-2
reduced carbon storage,increased atmospheric co2,request-58-14-3
increased atmospheric co2,enhanced greenhouse effect,request-58-14-4
enhanced greenhouse effect,global warming,request-58-14-5
global warming,climate change,request-58-14-6
human activity,industrial pollution,request-58-15-0
industrial pollution,sulfate aerosol emissions,request-58-15-1
sulfate aerosol emissions,atmospheric composition changes,request-58-15-2
atmospheric composition changes,climate forcing alterations,request-58-15-3
climate forcing alterations,climate change,request-58-15-4
human activity,water resource overuse,request-58-16-0
water resource overuse,altered hydrological cycles,request-58-16-1
altered hydrological cycles,changes in precipitation patterns,request-58-16-2
changes in precipitation patterns,climate change,request-58-16-3
human activity,black carbon emissions,request-58-17-0
black carbon emissions,soot deposition on snow,request-58-17-1
soot deposition on snow,reduced albedo in polar regions,request-58-17-2
reduced albedo in polar regions,accelerated ice melt,request-58-17-3
accelerated ice melt,sea level rise,request-58-17-4
sea level rise,climate change,request-58-17-5
human activity,oil spills,request-58-18-0
oil spills,ocean pollution,request-58-18-1
ocean pollution,marine ecosystem disruption,request-58-18-2
marine ecosystem disruption,impaired carbon sequestration,request-58-18-3
impaired carbon sequestration,increased atmospheric co2,request-58-18-4
increased atmospheric co2,climate change,request-58-18-5
human activity,chemical industry emissions,request-58-19-0
chemical industry emissions,nitrogen trifluoride release,request-58-19-1
nitrogen trifluoride release,potent greenhouse gas increase,request-58-19-2
potent greenhouse gas increase,enhanced greenhouse effect,request-58-19-3
enhanced greenhouse effect,global warming,request-58-19-4
global warming,climate change,request-58-19-5
increase in forest fires,destruction of trees,request-59-0-0
destruction of trees,reduction in forest cover,request-59-0-1
reduction in forest cover,loss of forests,request-59-0-2
increase in forest fires,loss of vegetation,request-59-1-0
loss of vegetation,soil erosion,request-59-1-1
soil erosion,desertification,request-59-1-2
desertification,loss of forests,request-59-1-3
increase in forest fires,habitat destruction,request-59-2-0
habitat destruction,biodiversity loss,request-59-2-1
biodiversity loss,ecosystem destabilization,request-59-2-2
ecosystem destabilization,loss of forests,request-59-2-3
increase in forest fires,release of carbon emissions,request-59-3-0
release of carbon emissions,climate change acceleration,request-59-3-1
climate change acceleration,increased droughts,request-59-3-2
increased droughts,forest degradation,request-59-3-3
forest degradation,loss of forests,request-59-3-4
increase in forest fires,damage to seedlings,request-59-4-0
damage to seedlings,impaired forest regeneration,request-59-4-1
impaired forest regeneration,reduced forest density,request-59-4-2
reduced forest density,loss of forests,request-59-4-3
increase in forest fires,increase in invasive species,request-59-5-0
increase in invasive species,competition with native species,request-59-5-1
competition with native species,forest decline,request-59-5-2
forest decline,loss of forests,request-59-5-3
increase in forest fires,air pollution increase,request-59-6-0
air pollution increase,acid rain formation,request-59-6-1
acid rain formation,tree damage,request-59-6-2
tree damage,loss of forests,request-59-6-3
increase in forest fires,damage to soil structure,request-59-7-0
damage to soil structure,reduced soil fertility,request-59-7-1
reduced soil fertility,poor plant growth,request-59-7-2
poor plant growth,loss of forests,request-59-7-3
increase in forest fires,fragmentation of forest habitats,request-59-8-0
fragmentation of forest habitats,isolation of wildlife populations,request-59-8-1
isolation of wildlife populations,genetic diversity loss,request-59-8-2
genetic diversity loss,forest ecosystem collapse,request-59-8-3
forest ecosystem collapse,loss of forests,request-59-8-4
increase in forest fires,displacement of wildlife,request-59-9-0
displacement of wildlife,overpopulation in adjacent areas,request-59-9-1
overpopulation in adjacent areas,overgrazing,request-59-9-2
overgrazing,forest degradation,request-59-9-3
forest degradation,loss of forests,request-59-9-4
increase in forest fires,destruction of habitats,request-60-0-0
destruction of habitats,loss of biodiversity,request-60-0-1
increase in forest fires,soil erosion,request-60-1-0
soil erosion,reduced soil fertility,request-60-1-1
reduced soil fertility,decreased plant growth,request-60-1-2
decreased plant growth,loss of biodiversity,request-60-1-3
increase in forest fires,release of carbon dioxide,request-60-2-0
release of carbon dioxide,climate change acceleration,request-60-2-1
climate change acceleration,habitat loss,request-60-2-2
habitat loss,loss of biodiversity,request-60-2-3
increase in forest fires,air pollution,request-60-3-0
air pollution,respiratory issues in wildlife,request-60-3-1
respiratory issues in wildlife,mortality of sensitive species,request-60-3-2
mortality of sensitive species,loss of biodiversity,request-60-3-3
increase in forest fires,displacement of wildlife,request-60-4-0
displacement of wildlife,population fragmentation,request-60-4-1
population fragmentation,reduced genetic diversity,request-60-4-2
reduced genetic diversity,loss of biodiversity,request-60-4-3
increase in forest fires,invasion of alien species,request-60-5-0
invasion of alien species,competition with native species,request-60-5-1
competition with native species,decline of native species,request-60-5-2
decline of native species,loss of biodiversity,request-60-5-3
increase in forest fires,loss of seed sources,request-60-6-0
loss of seed sources,reduced forest regeneration,request-60-6-1
reduced forest regeneration,decline of plant diversity,request-60-6-2
decline of plant diversity,loss of biodiversity,request-60-6-3
increase in forest fires,destruction of microorganisms,request-60-7-0
destruction of microorganisms,soil degradation,request-60-7-1
soil degradation,reduced nutrient cycling,request-60-7-2
reduced nutrient cycling,loss of plant species,request-60-7-3
loss of plant species,loss of biodiversity,request-60-7-4
increase in forest fires,water pollution,request-60-8-0
water pollution,aquatic habitat degradation,request-60-8-1
aquatic habitat degradation,death of aquatic species,request-60-8-2
death of aquatic species,loss of biodiversity,request-60-8-3
increase in forest fires,destruction of vegetation,request-61-0-0
destruction of vegetation,increase in soil erosion,request-61-0-1
increase in soil erosion,loss of soil nutrients,request-61-0-2
loss of soil nutrients,weaken of soil health,request-61-0-3
increase in forest fires,loss of plant life,request-61-1-0
loss of plant life,reduction in soil organic matter,request-61-1-1
reduction in soil organic matter,decrease in soil fertility,request-61-1-2
decrease in soil fertility,weaken of soil health,request-61-1-3
increase in forest fires,increase in soil temperature fluctuations,request-61-2-0
increase in soil temperature fluctuations,damage to soil microorganisms,request-61-2-1
damage to soil microorganisms,decrease in nutrient cycling,request-61-2-2
decrease in nutrient cycling,weaken of soil health,request-61-2-3
increase in forest fires,exposure of soil surface,request-61-3-0
exposure of soil surface,increase in water runoff,request-61-3-1
increase in water runoff,soil erosion,request-61-3-2
soil erosion,loss of soil structure,request-61-3-3
loss of soil structure,weaken of soil health,request-61-3-4
increase in forest fires,release of ash into soil,request-61-4-0
release of ash into soil,changes in soil ph,request-61-4-1
changes in soil ph,disruption of nutrient availability,request-61-4-2
disruption of nutrient availability,weaken of soil health,request-61-4-3
increase in forest fires,loss of seed bank,request-61-5-0
loss of seed bank,decrease in plant regeneration,request-61-5-1
decrease in plant regeneration,loss of vegetative cover,request-61-5-2
loss of vegetative cover,increase in soil erosion,request-61-5-3
increase in soil erosion,weaken of soil health,request-61-5-4
increase in forest fires,increase in invasive species,request-61-6-0
increase in invasive species,competition with native plants,request-61-6-1
competition with native plants,reduction in biodiversity,request-61-6-2
reduction in biodiversity,disruption of soil ecosystem,request-61-6-3
disruption of soil ecosystem,weaken of soil health,request-61-6-4
increase in forest fires,loss of canopy cover,request-61-7-0
loss of canopy cover,changes in microclimate,request-61-7-1
changes in microclimate,stress on soil organisms,request-61-7-2
stress on soil organisms,decline in soil quality,request-61-7-3
decline in soil quality,weaken of soil health,request-61-7-4
increase in forest fires,deforestation,request-62-0-0
deforestation,loss of biodiversity,request-62-0-1
loss of biodiversity,environmental threats,request-62-0-2
increase in forest fires,deforestation,request-62-1-0
deforestation,soil erosion,request-62-1-1
soil erosion,environmental threats,request-62-1-2
increase in forest fires,air pollution,request-62-2-0
air pollution,climate change,request-62-2-1
climate change,environmental threats,request-62-2-2
increase in forest fires,increased greenhouse gas emissions,request-62-3-0
increased greenhouse gas emissions,global warming,request-62-3-1
global warming,environmental threats,request-62-3-2
increase in forest fires,loss of biodiversity,request-62-4-0
loss of biodiversity,ecosystem imbalance,request-62-4-1
ecosystem imbalance,environmental threats,request-62-4-2
increase in forest fires,soil erosion,request-62-5-0
soil erosion,desertification,request-62-5-1
desertification,environmental threats,request-62-5-2
increase in forest fires,habitat destruction,request-62-6-0
habitat destruction,species extinction,request-62-6-1
species extinction,environmental threats,request-62-6-2
increase in forest fires,water contamination,request-62-7-0
water contamination,aquatic ecosystem damage,request-62-7-1
aquatic ecosystem damage,environmental threats,request-62-7-2
increase in forest fires,increase in atmospheric co2,request-62-8-0
increase in atmospheric co2,ocean acidification,request-62-8-1
ocean acidification,environmental threats,request-62-8-2
increase in forest fires,increased greenhouse gas emissions,request-62-9-0
increased greenhouse gas emissions,climate change,request-62-9-1
climate change,environmental threats,request-62-9-2
increase in forest fires,air pollution,request-62-10-0
air pollution,health problems,request-62-10-1
health problems,environmental threats,request-62-10-2
increase in forest fires,air pollution,request-62-11-0
air pollution,acid rain,request-62-11-1
acid rain,environmental threats,request-62-11-2
increase in forest fires,deforestation,request-62-12-0
deforestation,climate change acceleration,request-62-12-1
climate change acceleration,environmental threats,request-62-12-2
increase in forest fires,loss of biodiversity,request-62-13-0
loss of biodiversity,disruption of food chains,request-62-13-1
disruption of food chains,environmental threats,request-62-13-2
increase in forest fires,soil erosion,request-62-14-0
soil erosion,loss of soil fertility,request-62-14-1
loss of soil fertility,environmental threats,request-62-14-2
increase in forest fires,habitat destruction,request-62-15-0
habitat destruction,ecosystem imbalance,request-62-15-1
ecosystem imbalance,environmental threats,request-62-15-2
increase in forest fires,deforestation,request-62-16-0
deforestation,climate change acceleration,request-62-16-1
climate change acceleration,sea level rise,request-62-16-2
sea level rise,environmental threats,request-62-16-3
increase in forest fires,air pollution,request-62-17-0
air pollution,ozone depletion,request-62-17-1
ozone depletion,increased uv radiation,request-62-17-2
increased uv radiation,environmental threats,request-62-17-3
increase in forest fires,air pollution,request-62-18-0
air pollution,smog formation,request-62-18-1
smog formation,health hazards,request-62-18-2
health hazards,environmental threats,request-62-18-3
increase in forest fires,air pollution,request-62-19-0
air pollution,acid rain,request-62-19-1
acid rain,soil acidification,request-62-19-2
soil acidification,environmental threats,request-62-19-3
increase in forest fires,increased greenhouse gas emissions,request-62-20-0
increased greenhouse gas emissions,global warming,request-62-20-1
global warming,melting polar ice caps,request-62-20-2
melting polar ice caps,environmental threats,request-62-20-3
increase in forest fires,increased atmospheric co2,request-62-21-0
increased atmospheric co2,ocean acidification,request-62-21-1
ocean acidification,coral bleaching,request-62-21-2
coral bleaching,environmental threats,request-62-21-3
increase in forest fires,deforestation,request-62-22-0
deforestation,loss of wildlife habitat,request-62-22-1
loss of wildlife habitat,species extinction,request-62-22-2
species extinction,environmental threats,request-62-22-3
increase in forest fires,loss of vegetation,request-62-23-0
loss of vegetation,increased runoff,request-62-23-1
increased runoff,water pollution,request-62-23-2
water pollution,environmental threats,request-62-23-3
increase in forest fires,ash and debris,request-62-24-0
ash and debris,water contamination,request-62-24-1
water contamination,aquatic life damage,request-62-24-2
aquatic life damage,environmental threats,request-62-24-3
increase in forest fires,loss of forest cover,request-62-25-0
loss of forest cover,alteration of water cycle,request-62-25-1
alteration of water cycle,environmental threats,request-62-25-2
increase in forest fires,soil degradation,request-62-26-0
soil degradation,reduced agricultural productivity,request-62-26-1
reduced agricultural productivity,food insecurity,request-62-26-2
food insecurity,environmental threats,request-62-26-3
increase in forest fires,release of stored carbon,request-62-27-0
release of stored carbon,greenhouse effect intensification,request-62-27-1
greenhouse effect intensification,environmental threats,request-62-27-2
increase in forest fires,displacement of wildlife,request-62-28-0
displacement of wildlife,human-wildlife conflicts,request-62-28-1
human-wildlife conflicts,environmental threats,request-62-28-2
increase in forest fires,increased deforestation,request-63-0-0
increased deforestation,reduced carbon sinks,request-63-0-1
reduced carbon sinks,increased atmospheric co2,request-63-0-2
increased atmospheric co2,enhanced greenhouse effect,request-63-0-3
enhanced greenhouse effect,global warming,request-63-0-4
increase in forest fires,increased carbon emissions,request-63-1-0
increased carbon emissions,higher atmospheric co2 levels,request-63-1-1
higher atmospheric co2 levels,enhanced greenhouse effect,request-63-1-2
enhanced greenhouse effect,global warming,request-63-1-3
increase in forest fires,release of aerosols,request-63-2-0
release of aerosols,changes in atmospheric properties,request-63-2-1
changes in atmospheric properties,increased heat absorption,request-63-2-2
increased heat absorption,global warming,request-63-2-3
increase in forest fires,loss of vegetation cover,request-63-3-0
loss of vegetation cover,reduced albedo effect,request-63-3-1
reduced albedo effect,increased heat absorption,request-63-3-2
increased heat absorption,global warming,request-63-3-3
increase in forest fires,permafrost thawing,request-63-4-0
permafrost thawing,release of methane,request-63-4-1
release of methane,increased greenhouse gases,request-63-4-2
increased greenhouse gases,global warming,request-63-4-3
overpopulation,increased resource consumption,request-64-0-0
increased resource consumption,higher energy demand,request-64-0-1
higher energy demand,increased fossil fuel combustion,request-64-0-2
increased fossil fuel combustion,rise in greenhouse gas emissions,request-64-0-3
rise in greenhouse gas emissions,global warming,request-64-0-4
global warming,climate catastrophe,request-64-0-5
overpopulation,expanded agriculture,request-64-1-0
expanded agriculture,deforestation,request-64-1-1
deforestation,reduction in carbon sequestration,request-64-1-2
reduction in carbon sequestration,elevated atmospheric co₂ levels,request-64-1-3
elevated atmospheric co₂ levels,global warming,request-64-1-4
global warming,climate catastrophe,request-64-1-5
overpopulation,urban expansion,request-64-2-0
urban expansion,loss of green spaces,request-64-2-1
loss of green spaces,decrease in carbon sinks,request-64-2-2
decrease in carbon sinks,increase in greenhouse gases,request-64-2-3
increase in greenhouse gases,global warming,request-64-2-4
global warming,climate catastrophe,request-64-2-5
overpopulation,increased livestock farming,request-64-3-0
increased livestock farming,higher methane emissions,request-64-3-1
higher methane emissions,enhanced greenhouse effect,request-64-3-2
enhanced greenhouse effect,global warming,request-64-3-3
global warming,climate catastrophe,request-64-3-4
overpopulation,greater waste production,request-64-4-0
greater waste production,increased landfill use,request-64-4-1
increased landfill use,methane release from decomposition,request-64-4-2
methane release from decomposition,rise in greenhouse gas concentrations,request-64-4-3
rise in greenhouse gas concentrations,global warming,request-64-4-4
global warming,climate catastrophe,request-64-4-5
overpopulation,overexploitation of natural resources,request-64-5-0
overexploitation of natural resources,ecosystem degradation,request-64-5-1
ecosystem degradation,disruption of climate-regulating systems,request-64-5-2
disruption of climate-regulating systems,climate imbalance,request-64-5-3
climate imbalance,climate catastrophe,request-64-5-4
overpopulation,rise in transportation needs,request-64-6-0
rise in transportation needs,higher vehicle emissions,request-64-6-1
higher vehicle emissions,increase in atmospheric pollutants,request-64-6-2
increase in atmospheric pollutants,global warming,request-64-6-3
global warming,climate catastrophe,request-64-6-4
overpopulation,increased industrial activity,request-64-7-0
increased industrial activity,elevated emission of greenhouse gases,request-64-7-1
elevated emission of greenhouse gases,amplified greenhouse effect,request-64-7-2
amplified greenhouse effect,global warming,request-64-7-3
global warming,climate catastrophe,request-64-7-4
overpopulation,enhanced use of fertilizers,request-64-8-0
enhanced use of fertilizers,higher nitrous oxide emissions,request-64-8-1
higher nitrous oxide emissions,strengthened greenhouse effect,request-64-8-2
strengthened greenhouse effect,global warming,request-64-8-3
global warming,climate catastrophe,request-64-8-4
overpopulation,intensive agriculture,request-64-9-0
intensive agriculture,soil degradation,request-64-9-1
soil degradation,release of stored carbon,request-64-9-2
release of stored carbon,increase in atmospheric co₂,request-64-9-3
increase in atmospheric co₂,global warming,request-64-9-4
global warming,climate catastrophe,request-64-9-5
overpopulation,mass deforestation,request-64-10-0
mass deforestation,loss of biodiversity,request-64-10-1
loss of biodiversity,ecosystem instability,request-64-10-2
ecosystem instability,disrupted climate patterns,request-64-10-3
disrupted climate patterns,climate catastrophe,request-64-10-4
overpopulation,increased energy production,request-64-11-0
increased energy production,more power plant emissions,request-64-11-1
more power plant emissions,higher greenhouse gas levels,request-64-11-2
higher greenhouse gas levels,global warming,request-64-11-3
global warming,climate catastrophe,request-64-11-4
overpopulation,greater demand for goods,request-64-12-0
greater demand for goods,industrial expansion,request-64-12-1
industrial expansion,rise in fossil fuel use,request-64-12-2
rise in fossil fuel use,increased greenhouse gas emissions,request-64-12-3
increased greenhouse gas emissions,global warming,request-64-12-4
global warming,climate catastrophe,request-64-12-5
overpopulation,higher water usage,request-64-13-0
higher water usage,depletion of water sources,request-64-13-1
depletion of water sources,reduction in hydroelectric power,request-64-13-2
reduction in hydroelectric power,increased reliance on fossil fuels,request-64-13-3
increased reliance on fossil fuels,global warming,request-64-13-4
global warming,climate catastrophe,request-64-13-5
overpopulation,expanded landfill sites,request-64-14-0
expanded landfill sites,landfill gas emissions,request-64-14-1
landfill gas emissions,increase in methane in atmosphere,request-64-14-2
increase in methane in atmosphere,global warming,request-64-14-3
global warming,climate catastrophe,request-64-14-4
overpopulation,spread of urban heat islands,request-64-15-0
spread of urban heat islands,altered local climates,request-64-15-1
altered local climates,increased energy consumption for cooling,request-64-15-2
increased energy consumption for cooling,higher greenhouse gas emissions,request-64-15-3
higher greenhouse gas emissions,global warming,request-64-15-4
global warming,climate catastrophe,request-64-15-5
overpopulation,greater demand for housing,request-64-16-0
greater demand for housing,construction boom,request-64-16-1
construction boom,increased cement production,request-64-16-2
increased cement production,co₂ emissions from manufacturing,request-64-16-3
co₂ emissions from manufacturing,global warming,request-64-16-4
global warming,climate catastrophe,request-64-16-5
overpopulation,increased air travel,request-64-17-0
increased air travel,higher aviation emissions,request-64-17-1
higher aviation emissions,introduction of pollutants at high altitudes,request-64-17-2
introduction of pollutants at high altitudes,enhanced greenhouse effect,request-64-17-3
enhanced greenhouse effect,global warming,request-64-17-4
global warming,climate catastrophe,request-64-17-5
overpopulation,intensified mining activities,request-64-18-0
intensified mining activities,land degradation,request-64-18-1
land degradation,disruption of carbon sinks,request-64-18-2
disruption of carbon sinks,increase in atmospheric co₂,request-64-18-3
increase in atmospheric co₂,global warming,request-64-18-4
global warming,climate catastrophe,request-64-18-5
overpopulation,overfishing,request-64-19-0
overfishing,marine ecosystem disruption,request-64-19-1
marine ecosystem disruption,reduced oceanic carbon absorption,request-64-19-2
reduced oceanic carbon absorption,elevated atmospheric co₂,request-64-19-3
elevated atmospheric co₂,global warming,request-64-19-4
global warming,climate catastrophe,request-64-19-5
coal-fired plants,combustion of coal,request-65-0-0
combustion of coal,production of co2,request-65-0-1
production of co2,emission of co2,request-65-0-2
emission of co2,dissipation of co2,request-65-0-3
coal-fired plants,burning of fossil fuels,request-65-1-0
burning of fossil fuels,release of co2,request-65-1-1
release of co2,dissipation of co2,request-65-1-2
coal-fired plants,operation of boilers,request-65-2-0
operation of boilers,exhaust of flue gases,request-65-2-1
exhaust of flue gases,release of co2,request-65-2-2
release of co2,dissipation of co2,request-65-2-3
coal-fired plants,generation of electricity,request-65-3-0
generation of electricity,industrial activities,request-65-3-1
industrial activities,co2 emissions,request-65-3-2
co2 emissions,dissipation of co2,request-65-3-3
coal-fired plants,generation of electricity,request-66-0-0
generation of electricity,operation of electrical devices,request-66-0-1
operation of electrical devices,production of heat,request-66-0-2
production of heat,dissipation of heat,request-66-0-3
coal-fired plants,burning of coal,request-66-1-0
burning of coal,release of heat energy,request-66-1-1
release of heat energy,heating of water,request-66-1-2
heating of water,production of steam,request-66-1-3
production of steam,movement of turbines,request-66-1-4
movement of turbines,generation of electricity,request-66-1-5
generation of electricity,use of electricity,request-66-1-6
use of electricity,generation of heat,request-66-1-7
generation of heat,dissipation of heat,request-66-1-8
coal-fired plants,emission of greenhouse gases,request-66-2-0
emission of greenhouse gases,global warming,request-66-2-1
global warming,increase in environmental heat,request-66-2-2
increase in environmental heat,dissipation of heat,request-66-2-3
coal-fired plants,emission of waste heat,request-66-3-0
emission of waste heat,heating of environment,request-66-3-1
heating of environment,dissipation of heat,request-66-3-2
coal-fired plants,generation of electricity,request-66-4-0
generation of electricity,transmission losses,request-66-4-1
transmission losses,heat lost in transmission,request-66-4-2
heat lost in transmission,dissipation of heat,request-66-4-3
climate change,increased global temperatures,request-67-0-0
increased global temperatures,polar ice cap melting,request-67-0-1
polar ice cap melting,sea level rise,request-67-0-2
sea level rise,coastal flooding,request-67-0-3
climate change,increased atmospheric moisture,request-67-1-0
increased atmospheric moisture,heavier rainfall,request-67-1-1
heavier rainfall,river overflow,request-67-1-2
river overflow,inland flooding,request-67-1-3
climate change,more frequent hurricanes,request-67-2-0
more frequent hurricanes,greater storm surges,request-67-2-1
greater storm surges,coastal flooding,request-67-2-2
climate change,extreme weather events,request-67-3-0
extreme weather events,heavy rainfall,request-67-3-1
heavy rainfall,overwhelmed drainage systems,request-67-3-2
overwhelmed drainage systems,urban flooding,request-67-3-3
climate change,changes in precipitation patterns,request-67-4-0
changes in precipitation patterns,prolonged rainfall,request-67-4-1
prolonged rainfall,soil saturation,request-67-4-2
soil saturation,increased surface runoff,request-67-4-3
increased surface runoff,flooding,request-67-4-4
climate change,rising sea surface temperatures,request-67-5-0
rising sea surface temperatures,intensified tropical storms,request-67-5-1
intensified tropical storms,heavy rainfall,request-67-5-2
heavy rainfall,flooding,request-67-5-3
climate change,thawing permafrost,request-67-6-0
thawing permafrost,slope destabilization,request-67-6-1
slope destabilization,landslides,request-67-6-2
landslides,blocked rivers,request-67-6-3
blocked rivers,upstream flooding,request-67-6-4
climate change,increased glacial melt,request-67-7-0
increased glacial melt,expanding glacial lakes,request-67-7-1
expanding glacial lakes,glacial lake outburst floods,request-67-7-2
glacial lake outburst floods,downstream flooding,request-67-7-3
natural cycles,changes in earth's orbit,request-68-0-0
changes in earth's orbit,increased solar radiation absorption,request-68-0-1
increased solar radiation absorption,warming,request-68-0-2
natural cycles,solar activity fluctuations,request-68-1-0
solar activity fluctuations,increased solar energy,request-68-1-1
increased solar energy,warming,request-68-1-2
natural cycles,variations in ocean currents,request-68-2-0
variations in ocean currents,altered heat distribution,request-68-2-1
altered heat distribution,warming,request-68-2-2
natural cycles,reduced ice cover,request-68-3-0
reduced ice cover,lowered albedo effect,request-68-3-1
lowered albedo effect,warming,request-68-3-2
natural cycles,volcanic emissions,request-68-4-0
volcanic emissions,increase in atmospheric greenhouse gases,request-68-4-1
increase in atmospheric greenhouse gases,warming,request-68-4-2
natural cycles,changes in greenhouse gas concentrations,request-68-5-0
changes in greenhouse gas concentrations,enhanced greenhouse effect,request-68-5-1
enhanced greenhouse effect,warming,request-68-5-2
natural cycles,el niño events,request-68-6-0
el niño events,warmer ocean temperatures,request-68-6-1
warmer ocean temperatures,warming,request-68-6-2
natural cycles,deforestation by natural causes,request-68-7-0
deforestation by natural causes,decrease in carbon sequestration,request-68-7-1
decrease in carbon sequestration,warming,request-68-7-2
natural cycles,wetland methane releases,request-68-8-0
wetland methane releases,increase in atmospheric methane,request-68-8-1
increase in atmospheric methane,warming,request-68-8-2
natural cycles,orbital precession,request-68-9-0
orbital precession,shift in seasonal solar heating,request-68-9-1
shift in seasonal solar heating,warming,request-68-9-2
co2 emissions,increased atmospheric co2,request-69-0-0
increased atmospheric co2,enhanced greenhouse effect,request-69-0-1
enhanced greenhouse effect,warming,request-69-0-2
co2 emissions,increased greenhouse gas concentrations,request-69-1-0
increased greenhouse gas concentrations,earth's energy imbalance,request-69-1-1
earth's energy imbalance,global temperature rise,request-69-1-2
global temperature rise,warming,request-69-1-3
co2 emissions,atmospheric co2 concentration rise,request-69-2-0
atmospheric co2 concentration rise,infrared radiation trapping,request-69-2-1
infrared radiation trapping,surface temperature increase,request-69-2-2
surface temperature increase,warming,request-69-2-3
co2 emissions,increased atmospheric co2,request-69-3-0
increased atmospheric co2,reduced ocean co2 absorption,request-69-3-1
reduced ocean co2 absorption,higher atmospheric co2 levels,request-69-3-2
higher atmospheric co2 levels,warming,request-69-3-3
co2 emissions,increased atmospheric co2,request-69-4-0
increased atmospheric co2,ocean warming,request-69-4-1
ocean warming,methane release from clathrates,request-69-4-2
methane release from clathrates,enhanced greenhouse gas levels,request-69-4-3
enhanced greenhouse gas levels,warming,request-69-4-4
natural cycles,orbital variations (milankovitch cycles),request-70-0-0
orbital variations (milankovitch cycles),changes in solar energy distribution,request-70-0-1
changes in solar energy distribution,climate change,request-70-0-2
natural cycles,solar activity fluctuations,request-70-1-0
solar activity fluctuations,variations in solar radiation,request-70-1-1
variations in solar radiation,climate change,request-70-1-2
natural cycles,volcanic eruptions,request-70-2-0
volcanic eruptions,emission of aerosols and greenhouse gases,request-70-2-1
emission of aerosols and greenhouse gases,alteration of atmospheric composition,request-70-2-2
alteration of atmospheric composition,climate change,request-70-2-3
natural cycles,changes in ocean currents,request-70-3-0
changes in ocean currents,altered heat distribution,request-70-3-1
altered heat distribution,climate change,request-70-3-2
natural cycles,enso events (el niño/la niña),request-70-4-0
enso events (el niño/la niña),sea surface temperature changes,request-70-4-1
sea surface temperature changes,modification of atmospheric circulation,request-70-4-2
modification of atmospheric circulation,climate change,request-70-4-3
natural cycles,changes in ice cover,request-70-5-0
changes in ice cover,variations in earth's albedo,request-70-5-1
variations in earth's albedo,altered heat absorption,request-70-5-2
altered heat absorption,climate change,request-70-5-3
natural cycles,natural greenhouse gas fluctuations,request-70-6-0
natural greenhouse gas fluctuations,changes in atmospheric greenhouse gas concentrations,request-70-6-1
changes in atmospheric greenhouse gas concentrations,altered greenhouse effect,request-70-6-2
altered greenhouse effect,climate change,request-70-6-3
excess of co2,enhanced photosynthesis,request-71-0-0
enhanced photosynthesis,increased plant growth,request-71-0-1
increased plant growth,increase in biomass,request-71-0-2
excess of co2,global warming,request-71-1-0
global warming,longer growing seasons,request-71-1-1
longer growing seasons,increased plant growth,request-71-1-2
increased plant growth,increase in biomass,request-71-1-3
excess of co2,global warming,request-71-2-0
global warming,accelerated nutrient cycling,request-71-2-1
accelerated nutrient cycling,increased nutrient availability,request-71-2-2
increased nutrient availability,increased plant growth,request-71-2-3
increased plant growth,increase in biomass,request-71-2-4
excess of co2,reduced stomatal conductance in plants,request-71-3-0
reduced stomatal conductance in plants,improved water use efficiency,request-71-3-1
improved water use efficiency,increased plant growth,request-71-3-2
increased plant growth,increase in biomass,request-71-3-3
excess of co2,increased nitrogen fixation,request-71-4-0
increased nitrogen fixation,enhanced soil fertility,request-71-4-1
enhanced soil fertility,increased plant growth,request-71-4-2
increased plant growth,increase in biomass,request-71-4-3
excess of co2,global warming,request-71-5-0
global warming,increased precipitation in some regions,request-71-5-1
increased precipitation in some regions,improved water availability,request-71-5-2
improved water availability,increased plant growth,request-71-5-3
increased plant growth,increase in biomass,request-71-5-4
excess of co2,global warming,request-71-6-0
global warming,shifts in species distribution,request-71-6-1
shifts in species distribution,expansion of productive plant species,request-71-6-2
expansion of productive plant species,increase in biomass,request-71-6-3
excess of co2,increased oceanic co2 absorption,request-71-7-0
increased oceanic co2 absorption,enhanced phytoplankton growth,request-71-7-1
enhanced phytoplankton growth,increase in biomass,request-71-7-2
excess of co2,global warming,request-71-8-0
global warming,melting permafrost,request-71-8-1
melting permafrost,release of nutrients,request-71-8-2
release of nutrients,increased plant growth,request-71-8-3
increased plant growth,increase in biomass,request-71-8-4
excess of co2,global warming,request-71-9-0
global warming,increased atmospheric humidity,request-71-9-1
increased atmospheric humidity,enhanced photosynthesis,request-71-9-2
enhanced photosynthesis,increased plant growth,request-71-9-3
increased plant growth,increase in biomass,request-71-9-4
climate change,rising temperatures,request-72-0-0
rising temperatures,melting ice sheets,request-72-0-1
melting ice sheets,exposure of soil,request-72-0-2
exposure of soil,increased plant growth,request-72-0-3
increased plant growth,greening of antarctica,request-72-0-4
climate change,rising temperatures,request-72-1-0
rising temperatures,retreating snow cover,request-72-1-1
retreating snow cover,exposure of mosses and lichens,request-72-1-2
exposure of mosses and lichens,increased plant growth,request-72-1-3
increased plant growth,greening of antarctica,request-72-1-4
climate change,lengthened growing season,request-72-2-0
lengthened growing season,increased plant growth,request-72-2-1
increased plant growth,greening of antarctica,request-72-2-2
climate change,altered wind patterns,request-72-3-0
altered wind patterns,increased precipitation,request-72-3-1
increased precipitation,enhanced plant growth,request-72-3-2
enhanced plant growth,greening of antarctica,request-72-3-3
climate change,thawing permafrost,request-72-4-0
thawing permafrost,nutrient release,request-72-4-1
nutrient release,increased plant growth,request-72-4-2
increased plant growth,greening of antarctica,request-72-4-3
climate change,changing ecosystems,request-72-5-0
changing ecosystems,spread of invasive species,request-72-5-1
spread of invasive species,increased plant diversity,request-72-5-2
increased plant diversity,greening of antarctica,request-72-5-3
increased atmospheric co2,enhanced photosynthesis,request-73-0-0
enhanced photosynthesis,increased plant growth,request-73-0-1
increased plant growth,greening of the planet,request-73-0-2
increased atmospheric co2,increased plant water use efficiency,request-73-1-0
increased plant water use efficiency,plant growth in arid regions,request-73-1-1
plant growth in arid regions,greening of the planet,request-73-1-2
increased atmospheric co2,global warming,request-73-2-0
global warming,longer growing seasons,request-73-2-1
longer growing seasons,increased plant growth,request-73-2-2
increased plant growth,greening of the planet,request-73-2-3
increased atmospheric co2,global warming,request-73-3-0
global warming,increased precipitation in some regions,request-73-3-1
increased precipitation in some regions,increased plant growth,request-73-3-2
increased plant growth,greening of the planet,request-73-3-3
increased atmospheric co2,global warming,request-73-4-0
global warming,melting permafrost,request-73-4-1
melting permafrost,nutrient release into soil,request-73-4-2
nutrient release into soil,increased plant growth,request-73-4-3
increased plant growth,greening of the planet,request-73-4-4
increased atmospheric co2,global warming,request-73-5-0
global warming,retreating ice cover,request-73-5-1
retreating ice cover,expansion of vegetation into formerly icy regions,request-73-5-2
expansion of vegetation into formerly icy regions,greening of the planet,request-73-5-3
increased atmospheric co2,global warming,request-73-6-0
global warming,increased atmospheric humidity,request-73-6-1
increased atmospheric humidity,improved plant growth conditions,request-73-6-2
improved plant growth conditions,greening of the planet,request-73-6-3
temperature changes in the ocean,reduced solubility of co₂ in seawater,request-74-0-0
reduced solubility of co₂ in seawater,release of co₂ from the ocean into the atmosphere,request-74-0-1
release of co₂ from the ocean into the atmosphere,increase in co₂,request-74-0-2
temperature changes in the ocean,disruption of marine ecosystems,request-74-1-0
disruption of marine ecosystems,decrease in phytoplankton populations,request-74-1-1
decrease in phytoplankton populations,reduced absorption of co₂ by the ocean,request-74-1-2
reduced absorption of co₂ by the ocean,increase in co₂,request-74-1-3
temperature changes in the ocean,melting of methane hydrates on the seafloor,request-74-2-0
melting of methane hydrates on the seafloor,release of methane into the atmosphere,request-74-2-1
release of methane into the atmosphere,oxidation of methane to co₂,request-74-2-2
oxidation of methane to co₂,increase in co₂,request-74-2-3
temperature changes in the ocean,alteration of ocean currents,request-74-3-0
alteration of ocean currents,changes in global climate patterns,request-74-3-1
changes in global climate patterns,increased permafrost thawing,request-74-3-2
increased permafrost thawing,release of co₂ from permafrost,request-74-3-3
release of co₂ from permafrost,increase in co₂,request-74-3-4
solar changes,changes in solar radiation,request-75-0-0
changes in solar radiation,changes in earth's energy budget,request-75-0-1
changes in earth's energy budget,changes in atmospheric temperature,request-75-0-2
changes in atmospheric temperature,changes in surface ocean temperature,request-75-0-3
changes in surface ocean temperature,temperature changes in the ocean,request-75-0-4
solar changes,changes in solar radiation,request-75-1-0
changes in solar radiation,changes in atmospheric circulation,request-75-1-1
changes in atmospheric circulation,alterations in wind patterns,request-75-1-2
alterations in wind patterns,changes in ocean mixing,request-75-1-3
changes in ocean mixing,temperature changes in the ocean,request-75-1-4
solar changes,changes in solar radiation,request-75-2-0
changes in solar radiation,changes in sea ice extent,request-75-2-1
changes in sea ice extent,alterations in earth's albedo,request-75-2-2
alterations in earth's albedo,changes in ocean heat absorption,request-75-2-3
changes in ocean heat absorption,temperature changes in the ocean,request-75-2-4
solar changes,changes in uv radiation,request-75-3-0
changes in uv radiation,changes in stratospheric ozone,request-75-3-1
changes in stratospheric ozone,changes in atmospheric circulation,request-75-3-2
changes in atmospheric circulation,changes in ocean currents,request-75-3-3
changes in ocean currents,temperature changes in the ocean,request-75-3-4
solar changes,changes in solar proton events,request-75-4-0
changes in solar proton events,ionization of upper atmosphere,request-75-4-1
ionization of upper atmosphere,changes in cloud condensation nuclei,request-75-4-2
changes in cloud condensation nuclei,changes in cloud cover,request-75-4-3
changes in cloud cover,changes in earth's radiation balance,request-75-4-4
changes in earth's radiation balance,temperature changes in the ocean,request-75-4-5
solar changes,changes in the solar wind,request-75-5-0
changes in the solar wind,variations in earth's magnetosphere,request-75-5-1
variations in earth's magnetosphere,changes in cosmic ray influx,request-75-5-2
changes in cosmic ray influx,changes in cloud cover,request-75-5-3
changes in cloud cover,alterations in earth's albedo,request-75-5-4
alterations in earth's albedo,temperature changes in the ocean,request-75-5-5
solar changes,changes in solar irradiance,request-75-6-0
changes in solar irradiance,changes in photosynthesis rates,request-75-6-1
changes in photosynthesis rates,alterations in atmospheric co₂ levels,request-75-6-2
alterations in atmospheric co₂ levels,changes in the greenhouse effect,request-75-6-3
changes in the greenhouse effect,temperature changes in the ocean,request-75-6-4
solar changes,changes in solar irradiance,request-75-7-0
changes in solar irradiance,changes in phytoplankton productivity,request-75-7-1
changes in phytoplankton productivity,changes in ocean carbon sequestration,request-75-7-2
changes in ocean carbon sequestration,alterations in atmospheric co₂ levels,request-75-7-3
alterations in atmospheric co₂ levels,global temperature changes,request-75-7-4
global temperature changes,temperature changes in the ocean,request-75-7-5
investing in uranium mining stocks,increasing capital for uranium mining companies,request-76-0-0
increasing capital for uranium mining companies,expansion of uranium mining operations,request-76-0-1
expansion of uranium mining operations,increase in uranium supply,request-76-0-2
increase in uranium supply,increase in nuclear fuel availability,request-76-0-3
increase in nuclear fuel availability,increased nuclear power generation,request-76-0-4
increased nuclear power generation,reduction in fossil fuel use,request-76-0-5
reduction in fossil fuel use,reduction in air pollution,request-76-0-6
investing in uranium mining stocks,financial stability of uranium mining companies,request-76-1-0
financial stability of uranium mining companies,enhanced research in uranium extraction technologies,request-76-1-1
enhanced research in uranium extraction technologies,improved uranium mining efficiency,request-76-1-2
improved uranium mining efficiency,lower cost of nuclear energy,request-76-1-3
lower cost of nuclear energy,increased adoption of nuclear power,request-76-1-4
increased adoption of nuclear power,reduction in reliance on fossil fuels,request-76-1-5
reduction in reliance on fossil fuels,reduction in air pollution,request-76-1-6
investing in uranium mining stocks,increased public confidence in nuclear energy sector,request-76-2-0
increased public confidence in nuclear energy sector,government incentives for nuclear energy,request-76-2-1
government incentives for nuclear energy,construction of new nuclear power plants,request-76-2-2
construction of new nuclear power plants,increase in nuclear energy production,request-76-2-3
increase in nuclear energy production,decrease in fossil fuel use,request-76-2-4
decrease in fossil fuel use,reduction in air pollution,request-76-2-5
investing in uranium mining stocks,increased uranium exploration,request-76-3-0
increased uranium exploration,discovery of new uranium deposits,request-76-3-1
discovery of new uranium deposits,security of uranium supply,request-76-3-2
security of uranium supply,long-term planning for nuclear power,request-76-3-3
long-term planning for nuclear power,phasing out coal power plants,request-76-3-4
phasing out coal power plants,reduction in air pollution,request-76-3-5
investing in uranium mining stocks,uranium companies lobbying for favorable policies,request-76-4-0
uranium companies lobbying for favorable policies,government subsidies for nuclear energy,request-76-4-1
government subsidies for nuclear energy,expansion of nuclear energy capacity,request-76-4-2
expansion of nuclear energy capacity,decrease in fossil fuel energy production,request-76-4-3
decrease in fossil fuel energy production,reduction in air pollution,request-76-4-4
investing in uranium mining stocks,increased uranium mining activities,request-77-0-0
increased uranium mining activities,energy consumption in mining operations,request-77-0-1
energy consumption in mining operations,higher fossil fuel usage,request-77-0-2
higher fossil fuel usage,increased greenhouse gas emissions,request-77-0-3
increased greenhouse gas emissions,contribution to climate change,request-77-0-4
investing in uranium mining stocks,increased uranium mining activities,request-77-1-0
increased uranium mining activities,land clearing for mining sites,request-77-1-1
land clearing for mining sites,deforestation and habitat loss,request-77-1-2
deforestation and habitat loss,reduced carbon sequestration,request-77-1-3
reduced carbon sequestration,increased atmospheric co₂ levels,request-77-1-4
increased atmospheric co₂ levels,climate change,request-77-1-5
investing in uranium mining stocks,diversion of capital from renewable energy investments,request-77-2-0
diversion of capital from renewable energy investments,slower development of renewable energy technologies,request-77-2-1
slower development of renewable energy technologies,continued reliance on fossil fuels,request-77-2-2
continued reliance on fossil fuels,increased greenhouse gas emissions,request-77-2-3
increased greenhouse gas emissions,exacerbation of climate change,request-77-2-4
investing in uranium mining stocks,increased uranium mining activities,request-77-3-0
increased uranium mining activities,environmental degradation from mining operations,request-77-3-1
environmental degradation from mining operations,soil erosion and degradation,request-77-3-2
soil erosion and degradation,reduced vegetation growth,request-77-3-3
reduced vegetation growth,decreased carbon sequestration,request-77-3-4
decreased carbon sequestration,climate change,request-77-3-5
investing in uranium mining stocks,increased uranium mining activities,request-77-4-0
increased uranium mining activities,release of greenhouse gases during mining processes,request-77-4-1
release of greenhouse gases during mining processes,higher atmospheric greenhouse gas concentrations,request-77-4-2
higher atmospheric greenhouse gas concentrations,contribution to climate change,request-77-4-3
investing in uranium mining stocks,increased uranium mining activities,request-77-5-0
increased uranium mining activities,water contamination from mining runoff,request-77-5-1
water contamination from mining runoff,damage to aquatic ecosystems,request-77-5-2
damage to aquatic ecosystems,disruption of carbon sinks,request-77-5-3
disruption of carbon sinks,increased atmospheric co₂ levels,request-77-5-4
increased atmospheric co₂ levels,climate change,request-77-5-5
investing in uranium mining stocks,increased capital for uranium mining companies,request-78-0-0
increased capital for uranium mining companies,expansion of uranium mining operations,request-78-0-1
expansion of uranium mining operations,release of radioactive dust,request-78-0-2
release of radioactive dust,toxic air pollution,request-78-0-3
investing in uranium mining stocks,increased demand for uranium,request-78-1-0
increased demand for uranium,intensified uranium extraction,request-78-1-1
intensified uranium extraction,emission of toxic gases,request-78-1-2
emission of toxic gases,toxic air pollution,request-78-1-3
investing in uranium mining stocks,development of new uranium mines,request-78-2-0
development of new uranium mines,land disturbance,request-78-2-1
land disturbance,release of particulate matter,request-78-2-2
release of particulate matter,toxic air pollution,request-78-2-3
investing in uranium mining stocks,growth of uranium mining industry,request-78-3-0
growth of uranium mining industry,increased energy consumption in mining operations,request-78-3-1
increased energy consumption in mining operations,higher fossil fuel combustion,request-78-3-2
higher fossil fuel combustion,emission of pollutants,request-78-3-3
emission of pollutants,toxic air pollution,request-78-3-4
investing in uranium mining stocks,expansion of uranium transportation,request-78-4-0
expansion of uranium transportation,vehicle emissions,request-78-4-1
vehicle emissions,airborne toxins,request-78-4-2
airborne toxins,toxic air pollution,request-78-4-3
investing in uranium mining stocks,increased uranium processing activities,request-78-5-0
increased uranium processing activities,release of chemical solvents,request-78-5-1
release of chemical solvents,toxic air pollution,request-78-5-2
investing in uranium mining stocks,increased uranium availability,request-78-6-0
increased uranium availability,expansion of nuclear energy production,request-78-6-1
expansion of nuclear energy production,nuclear accidents,request-78-6-2
nuclear accidents,release of radioactive materials,request-78-6-3
release of radioactive materials,toxic air pollution,request-78-6-4
safe carbon-free nuclear energy,lower energy costs,request-79-0-0
lower energy costs,increased economic growth,request-79-0-1
increased economic growth,increased industrial activities,request-79-0-2
increased industrial activities,emissions of pollutants,request-79-0-3
emissions of pollutants,toxic air pollution,request-79-0-4
safe carbon-free nuclear energy,reduced investment in renewable energy,request-79-1-0
reduced investment in renewable energy,continued fossil fuel use,request-79-1-1
continued fossil fuel use,toxic air pollution,request-79-1-2
safe carbon-free nuclear energy,increased uranium mining,request-79-2-0
increased uranium mining,release of pollutants from mining,request-79-2-1
release of pollutants from mining,toxic air pollution,request-79-2-2
safe carbon-free nuclear energy,increased nuclear waste transport,request-79-3-0
increased nuclear waste transport,fossil fuel combustion from transport,request-79-3-1
fossil fuel combustion from transport,toxic air pollution,request-79-3-2
safe carbon-free nuclear energy,increased construction of nuclear plants,request-79-4-0
increased construction of nuclear plants,emissions from construction equipment,request-79-4-1
emissions from construction equipment,toxic air pollution,request-79-4-2
safe carbon-free nuclear energy,global expansion of nuclear technology,request-79-5-0
global expansion of nuclear technology,poor regulation in some countries,request-79-5-1
poor regulation in some countries,pollution from nuclear-related activities,request-79-5-2
pollution from nuclear-related activities,toxic air pollution,request-79-5-3
safe carbon-free nuclear energy,complacency in environmental regulation,request-79-6-0
complacency in environmental regulation,increased emissions from other sources,request-79-6-1
increased emissions from other sources,toxic air pollution,request-79-6-2
climate change,higher temperatures,request-80-0-0
higher temperatures,droughts,request-80-0-1
droughts,dry vegetation,request-80-0-2
dry vegetation,increased wildfire risk,request-80-0-3
increased wildfire risk,forest fires,request-80-0-4
forest fires,loss from forest fires,request-80-0-5
climate change,increased extreme weather events,request-80-1-0
increased extreme weather events,more lightning strikes,request-80-1-1
more lightning strikes,ignition of forest fires,request-80-1-2
ignition of forest fires,loss from forest fires,request-80-1-3
climate change,pest infestations,request-80-2-0
pest infestations,dead trees,request-80-2-1
dead trees,increased fuel load,request-80-2-2
increased fuel load,forest fires,request-80-2-3
forest fires,loss from forest fires,request-80-2-4
climate change,reduced snowfall,request-80-3-0
reduced snowfall,decreased water availability,request-80-3-1
decreased water availability,drier forests,request-80-3-2
drier forests,increased wildfire risk,request-80-3-3
increased wildfire risk,forest fires,request-80-3-4
forest fires,loss from forest fires,request-80-3-5
climate change,stronger winds,request-80-4-0
stronger winds,faster fire spread,request-80-4-1
faster fire spread,larger forest fires,request-80-4-2
larger forest fires,loss from forest fires,request-80-4-3
climate change,heatwaves,request-80-5-0
heatwaves,stressed vegetation,request-80-5-1
stressed vegetation,increased wildfire risk,request-80-5-2
increased wildfire risk,forest fires,request-80-5-3
forest fires,loss from forest fires,request-80-5-4
climate change,increased atmospheric co₂,request-80-6-0
increased atmospheric co₂,enhanced plant growth,request-80-6-1
enhanced plant growth,accumulation of vegetation,request-80-6-2
accumulation of vegetation,increased fuel load,request-80-6-3
increased fuel load,forest fires,request-80-6-4
forest fires,loss from forest fires,request-80-6-5
climate change,change in precipitation patterns,request-80-7-0
change in precipitation patterns,dry seasons,request-80-7-1
dry seasons,dry vegetation,request-80-7-2
dry vegetation,increased wildfire risk,request-80-7-3
increased wildfire risk,forest fires,request-80-7-4
forest fires,loss from forest fires,request-80-7-5
climate change,ocean warming,request-80-8-0
ocean warming,altered air circulation patterns,request-80-8-1
altered air circulation patterns,increased drought conditions,request-80-8-2
increased drought conditions,dry vegetation,request-80-8-3
dry vegetation,increased wildfire risk,request-80-8-4
increased wildfire risk,forest fires,request-80-8-5
forest fires,loss from forest fires,request-80-8-6
climate change,early snowmelt,request-80-9-0
early snowmelt,extended dry seasons,request-80-9-1
extended dry seasons,dry vegetation,request-80-9-2
dry vegetation,increased wildfire risk,request-80-9-3
increased wildfire risk,forest fires,request-80-9-4
forest fires,loss from forest fires,request-80-9-5
loss from forest fires,release of carbon from burning trees,request-81-0-0
release of carbon from burning trees,increase in carbon emissions,request-81-0-1
loss from forest fires,reduction in forest cover,request-81-1-0
reduction in forest cover,decrease in carbon absorption,request-81-1-1
decrease in carbon absorption,increase in carbon emissions,request-81-1-2
loss from forest fires,destruction of vegetation,request-81-2-0
destruction of vegetation,decrease in photosynthesis,request-81-2-1
decrease in photosynthesis,decrease in carbon uptake,request-81-2-2
decrease in carbon uptake,increase in carbon emissions,request-81-2-3
loss from forest fires,soil degradation,request-81-3-0
soil degradation,release of soil carbon,request-81-3-1
release of soil carbon,increase in carbon emissions,request-81-3-2
loss from forest fires,loss of habitat,request-81-4-0
loss of habitat,ecosystem imbalance,request-81-4-1
ecosystem imbalance,reduced carbon sequestration,request-81-4-2
reduced carbon sequestration,increase in carbon emissions,request-81-4-3
methane release from soil during forest fires,accelerated combustion due to methane,request-82-0-0
accelerated combustion due to methane,rapid consumption of forest biomass,request-82-0-1
rapid consumption of forest biomass,depletion of combustible material,request-82-0-2
depletion of combustible material,fire extinguishment,request-82-0-3
methane release from soil during forest fires,detection of methane emissions,request-82-1-0
detection of methane emissions,early firefighting intervention,request-82-1-1
early firefighting intervention,suppression of the fire,request-82-1-2
suppression of the fire,fire extinguishment,request-82-1-3
methane release from soil during forest fires,production of water vapor from methane combustion,request-82-2-0
production of water vapor from methane combustion,increased local humidity,request-82-2-1
increased local humidity,moisture dampening the fire,request-82-2-2
moisture dampening the fire,fire extinguishment,request-82-2-3
methane release from soil during forest fires,soil destabilization due to methane escape,request-82-3-0
soil destabilization due to methane escape,landslide covering the fire area,request-82-3-1
landslide covering the fire area,smothering of flames,request-82-3-2
smothering of flames,fire extinguishment,request-82-3-3
co2 emissions,increased atmospheric co2 levels,request-83-0-0
increased atmospheric co2 levels,increased oceanic co2 absorption,request-83-0-1
increased oceanic co2 absorption,formation of carbonic acid,request-83-0-2
formation of carbonic acid,increased hydrogen ion concentration,request-83-0-3
increased hydrogen ion concentration,decrease in ocean ph,request-83-0-4
decrease in ocean ph,ocean acidification,request-83-0-5
co2 emissions,elevated atmospheric co2 concentration,request-83-1-0
elevated atmospheric co2 concentration,more co2 dissolves in seawater,request-83-1-1
more co2 dissolves in seawater,formation of bicarbonate and hydrogen ions,request-83-1-2
formation of bicarbonate and hydrogen ions,lower ocean ph,request-83-1-3
lower ocean ph,ocean acidification,request-83-1-4
co2 emissions,increased co2 in atmosphere,request-83-2-0
increased co2 in atmosphere,absorption of co2 by oceans,request-83-2-1
absorption of co2 by oceans,reduction in carbonate ion concentration,request-83-2-2
reduction in carbonate ion concentration,lower ph levels in ocean,request-83-2-3
lower ph levels in ocean,ocean acidification,request-83-2-4
co2 emissions,increase in greenhouse gases,request-83-3-0
increase in greenhouse gases,global warming,request-83-3-1
global warming,changes in ocean circulation patterns,request-83-3-2
changes in ocean circulation patterns,disruption of ocean chemistry,request-83-3-3
disruption of ocean chemistry,ocean acidification,request-83-3-4
co2 emissions,atmospheric co2 accumulation,request-83-4-0
atmospheric co2 accumulation,chemical reactions in seawater,request-83-4-1
chemical reactions in seawater,alteration of carbonate equilibrium,request-83-4-2
alteration of carbonate equilibrium,increased acidity in oceans,request-83-4-3
increased acidity in oceans,ocean acidification,request-83-4-4
co2 emissions,rise in atmospheric co2,request-83-5-0
rise in atmospheric co2,enhanced co2 uptake by ocean,request-83-5-1
enhanced co2 uptake by ocean,changes in carbonate buffer system,request-83-5-2
changes in carbonate buffer system,decrease in ocean ph,request-83-5-3
decrease in ocean ph,ocean acidification,request-83-5-4
co2,ocean fertilization,request-84-0-0
ocean fertilization,plankton growth,request-84-0-1
plankton growth,increased marine food availability,request-84-0-2
increased marine food availability,improvement in the health of ocean life,request-84-0-3
co2,climate change awareness,request-84-1-0
climate change awareness,environmental policies,request-84-1-1
environmental policies,reduced ocean pollution,request-84-1-2
reduced ocean pollution,improvement in the health of ocean life,request-84-1-3
co2,development of renewable energy,request-84-2-0
development of renewable energy,decreased fossil fuel emissions,request-84-2-1
decreased fossil fuel emissions,reduced ocean acidification,request-84-2-2
reduced ocean acidification,improvement in the health of ocean life,request-84-2-3
co2,carbon capture and storage,request-84-3-0
carbon capture and storage,lower atmospheric co2 levels,request-84-3-1
lower atmospheric co2 levels,reduced ocean acidification,request-84-3-2
reduced ocean acidification,improvement in the health of ocean life,request-84-3-3
co2,enhanced plant growth,request-84-4-0
enhanced plant growth,increased oxygen production,request-84-4-1
increased oxygen production,improved ocean oxygen levels,request-84-4-2
improved ocean oxygen levels,improvement in the health of ocean life,request-84-4-3
co2,global warming,request-84-5-0
global warming,increased ocean temperatures,request-84-5-1
increased ocean temperatures,expansion of marine habitats,request-84-5-2
expansion of marine habitats,improvement in the health of ocean life,request-84-5-3
co2,atmospheric co2 levels,request-84-6-0
atmospheric co2 levels,enhanced phytoplankton growth,request-84-6-1
enhanced phytoplankton growth,increased oxygen production,request-84-6-2
increased oxygen production,improvement in the health of ocean life,request-84-6-3
co2,ocean acidification,request-84-7-0
ocean acidification,marine life decline,request-84-7-1
marine life decline,implementation of marine protection policies,request-84-7-2
implementation of marine protection policies,improvement in the health of ocean life,request-84-7-3
co2,coral bleaching,request-84-8-0
coral bleaching,conservation efforts,request-84-8-1
conservation efforts,restoration of coral reefs,request-84-8-2
restoration of coral reefs,improvement in the health of ocean life,request-84-8-3
co2,climate models,request-84-9-0
climate models,improved ocean understanding,request-84-9-1
improved ocean understanding,better conservation strategies,request-84-9-2
better conservation strategies,improvement in the health of ocean life,request-84-9-3
excess of co₂,increased photosynthesis,request-85-0-0
increased photosynthesis,increased plant growth,request-85-0-1
increased plant growth,increase in biomass,request-85-0-2
excess of co₂,co₂ fertilization effect,request-85-1-0
co₂ fertilization effect,enhanced plant metabolism,request-85-1-1
enhanced plant metabolism,increase in biomass,request-85-1-2
excess of co₂,global warming,request-85-2-0
global warming,longer growing seasons,request-85-2-1
longer growing seasons,increase in biomass,request-85-2-2
excess of co₂,climate change,request-85-3-0
climate change,altered precipitation patterns,request-85-3-1
altered precipitation patterns,improved growing conditions,request-85-3-2
improved growing conditions,increase in biomass,request-85-3-3
excess of co₂,increased water-use efficiency,request-85-4-0
increased water-use efficiency,enhanced plant growth,request-85-4-1
enhanced plant growth,increase in biomass,request-85-4-2
excess of co₂,stomatal closure in plants,request-85-5-0
stomatal closure in plants,reduced water loss,request-85-5-1
reduced water loss,increase in biomass,request-85-5-2
excess of co₂,nutrient release from permafrost,request-85-6-0
nutrient release from permafrost,enhanced soil fertility,request-85-6-1
enhanced soil fertility,increase in biomass,request-85-6-2
climate change,increased temperatures,request-86-0-0
increased temperatures,altered locust breeding cycles,request-86-0-1
altered locust breeding cycles,increased locust reproduction,request-86-0-2
increased locust reproduction,locusts,request-86-0-3
climate change,unseasonal rainfall,request-86-1-0
unseasonal rainfall,enhanced vegetation growth,request-86-1-1
enhanced vegetation growth,more food for locusts,request-86-1-2
more food for locusts,locusts,request-86-1-3
climate change,extreme weather events,request-86-2-0
extreme weather events,disruption of predator populations,request-86-2-1
disruption of predator populations,reduced predation on locusts,request-86-2-2
reduced predation on locusts,locusts,request-86-2-3
climate change,drought in traditional breeding areas,request-86-3-0
drought in traditional breeding areas,locust migration,request-86-3-1
locust migration,locust infestations,request-86-3-2
locust infestations,locusts,request-86-3-3
climate change,increased atmospheric co2,request-86-4-0
increased atmospheric co2,accelerated plant growth,request-86-4-1
accelerated plant growth,abundant food supply for locusts,request-86-4-2
abundant food supply for locusts,locusts,request-86-4-3
climate change,changes in wind patterns,request-86-5-0
changes in wind patterns,facilitated locust dispersal,request-86-5-1
facilitated locust dispersal,wider spread of locusts,request-86-5-2
wider spread of locusts,locusts,request-86-5-3
climate change,increased global temperatures,request-87-0-0
increased global temperatures,higher evaporation rates,request-87-0-1
higher evaporation rates,reduced soil moisture,request-87-0-2
reduced soil moisture,droughts,request-87-0-3
climate change,altered precipitation patterns,request-87-1-0
altered precipitation patterns,decreased rainfall,request-87-1-1
decreased rainfall,lower water supply,request-87-1-2
lower water supply,droughts,request-87-1-3
climate change,melting glaciers and snowpacks,request-87-2-0
melting glaciers and snowpacks,reduced river flow,request-87-2-1
reduced river flow,water scarcity,request-87-2-2
water scarcity,droughts,request-87-2-3
climate change,intensified heatwaves,request-87-3-0
intensified heatwaves,increased water demand,request-87-3-1
increased water demand,overextraction of water resources,request-87-3-2
overextraction of water resources,droughts,request-87-3-3
climate change,desertification processes,request-87-4-0
desertification processes,loss of vegetation cover,request-87-4-1
loss of vegetation cover,reduced soil humidity,request-87-4-2
reduced soil humidity,droughts,request-87-4-3
climate change,increased ocean temperatures,request-87-5-0
increased ocean temperatures,altered atmospheric moisture content,request-87-5-1
altered atmospheric moisture content,shifted rainfall patterns,request-87-5-2
shifted rainfall patterns,droughts,request-87-5-3
climate change,more frequent el niño events,request-87-6-0
more frequent el niño events,disrupted weather patterns,request-87-6-1
disrupted weather patterns,suppressed rainfall,request-87-6-2
suppressed rainfall,droughts,request-87-6-3
climate change,increased frequency of wildfires,request-87-7-0
increased frequency of wildfires,loss of vegetation,request-87-7-1
loss of vegetation,reduced transpiration,request-87-7-2
reduced transpiration,altered local climate,request-87-7-3
altered local climate,droughts,request-87-7-4
climate change,rising sea levels,request-87-8-0
rising sea levels,saltwater intrusion into groundwater,request-87-8-1
saltwater intrusion into groundwater,degradation of freshwater resources,request-87-8-2
degradation of freshwater resources,droughts,request-87-8-3
climate change,changes in atmospheric circulation,request-87-9-0
changes in atmospheric circulation,blocking high-pressure systems,request-87-9-1
blocking high-pressure systems,prolonged dry spells,request-87-9-2
prolonged dry spells,droughts,request-87-9-3
climate change,increased soil erosion,request-87-10-0
increased soil erosion,decreased soil water retention,request-87-10-1
decreased soil water retention,reduced agricultural productivity,request-87-10-2
reduced agricultural productivity,droughts,request-87-10-3
climate change,altered monsoon patterns,request-87-11-0
altered monsoon patterns,delayed or weakened monsoons,request-87-11-1
delayed or weakened monsoons,insufficient rainfall,request-87-11-2
insufficient rainfall,droughts,request-87-11-3
climate change,enhanced polar ice melt,request-87-12-0
enhanced polar ice melt,freshwater flux into oceans,request-87-12-1
freshwater flux into oceans,altered ocean currents,request-87-12-2
altered ocean currents,changed weather systems,request-87-12-3
changed weather systems,droughts,request-87-12-4
climate change,expansion of subtropical high-pressure zones,request-87-13-0
expansion of subtropical high-pressure zones,suppressed cloud formation,request-87-13-1
suppressed cloud formation,reduced precipitation,request-87-13-2
reduced precipitation,droughts,request-87-13-3
climate change,increased atmospheric co₂ levels,request-87-14-0
increased atmospheric co₂ levels,stomatal closure in plants,request-87-14-1
stomatal closure in plants,reduced transpiration,request-87-14-2
reduced transpiration,altered hydrological cycle,request-87-14-3
altered hydrological cycle,droughts,request-87-14-4
climate change,rising global temperatures,request-88-0-0
rising global temperatures,melting ice caps and glaciers,request-88-0-1
melting ice caps and glaciers,sea level rise,request-88-0-2
sea level rise,flooding,request-88-0-3
climate change,increased atmospheric water vapor,request-88-1-0
increased atmospheric water vapor,heavier rainfall events,request-88-1-1
heavier rainfall events,flooding,request-88-1-2
climate change,more frequent extreme weather events,request-88-2-0
more frequent extreme weather events,increased storm intensity,request-88-2-1
increased storm intensity,heavy precipitation,request-88-2-2
heavy precipitation,flooding,request-88-2-3
climate change,melting permafrost,request-88-3-0
melting permafrost,altered hydrology,request-88-3-1
altered hydrology,flooding,request-88-3-2
climate change,ocean warming,request-88-4-0
ocean warming,stronger tropical cyclones,request-88-4-1
stronger tropical cyclones,storm surge,request-88-4-2
storm surge,flooding,request-88-4-3
climate change,increased wildfires,request-88-5-0
increased wildfires,reduced vegetation cover,request-88-5-1
reduced vegetation cover,increased surface runoff,request-88-5-2
increased surface runoff,flooding,request-88-5-3
climate change,soil degradation,request-88-6-0
soil degradation,reduced infiltration capacity,request-88-6-1
reduced infiltration capacity,increased runoff,request-88-6-2
increased runoff,flooding,request-88-6-3
climate change,changes in monsoon patterns,request-88-7-0
changes in monsoon patterns,prolonged rainfall,request-88-7-1
prolonged rainfall,flooding,request-88-7-2
climate change,thawing glaciers,request-88-8-0
thawing glaciers,formation of glacial lake outburst floods,request-88-8-1
formation of glacial lake outburst floods,flooding,request-88-8-2
climate change,thermal expansion of seawater,request-88-9-0
thermal expansion of seawater,sea level rise,request-88-9-1
sea level rise,flooding,request-88-9-2
climate change,intense rainfall in urban areas,request-88-10-0
intense rainfall in urban areas,overwhelmed drainage systems,request-88-10-1
overwhelmed drainage systems,urban flooding,request-88-10-2
cars,fuel combustion,request-89-0-0
fuel combustion,carbon dioxide emissions,request-89-0-1
carbon dioxide emissions,increased atmospheric co2,request-89-0-2
increased atmospheric co2,enhanced greenhouse effect,request-89-0-3
enhanced greenhouse effect,global warming,request-89-0-4
global warming,climate change,request-89-0-5
cars,fuel combustion,request-89-1-0
fuel combustion,nitrous oxide emissions,request-89-1-1
nitrous oxide emissions,increased atmospheric nitrous oxide,request-89-1-2
increased atmospheric nitrous oxide,enhanced greenhouse effect,request-89-1-3
enhanced greenhouse effect,global warming,request-89-1-4
global warming,climate change,request-89-1-5
cars,black carbon emissions,request-89-2-0
black carbon emissions,atmospheric black carbon increase,request-89-2-1
atmospheric black carbon increase,solar radiation absorption,request-89-2-2
solar radiation absorption,atmospheric heating,request-89-2-3
atmospheric heating,global warming,request-89-2-4
global warming,climate change,request-89-2-5
cars,road construction,request-89-3-0
road construction,deforestation,request-89-3-1
deforestation,reduced carbon sequestration,request-89-3-2
reduced carbon sequestration,increased atmospheric co2,request-89-3-3
increased atmospheric co2,enhanced greenhouse effect,request-89-3-4
enhanced greenhouse effect,global warming,request-89-3-5
global warming,climate change,request-89-3-6
cars,increased petroleum demand,request-89-4-0
increased petroleum demand,oil extraction activities,request-89-4-1
oil extraction activities,methane emissions,request-89-4-2
methane emissions,atmospheric methane increase,request-89-4-3
atmospheric methane increase,enhanced greenhouse effect,request-89-4-4
enhanced greenhouse effect,global warming,request-89-4-5
global warming,climate change,request-89-4-6
cars,manufacturing processes,request-89-5-0
manufacturing processes,industrial emissions,request-89-5-1
industrial emissions,increased greenhouse gases,request-89-5-2
increased greenhouse gases,global warming,request-89-5-3
global warming,climate change,request-89-5-4
cars,urban heat island effect,request-89-6-0
urban heat island effect,increased energy consumption,request-89-6-1
increased energy consumption,greater fossil fuel usage,request-89-6-2
greater fossil fuel usage,greenhouse gas emissions,request-89-6-3
greenhouse gas emissions,global warming,request-89-6-4
global warming,climate change,request-89-6-5
climate change,increased frequency of extreme weather events,request-90-0-0
increased frequency of extreme weather events,crop failure,request-90-0-1
crop failure,reduced food supply,request-90-0-2
reduced food supply,scarcity of fresh foods,request-90-0-3
scarcity of fresh foods,escalating prices for scarce fresh foods,request-90-0-4
climate change,more frequent droughts,request-90-1-0
more frequent droughts,lower crop yields,request-90-1-1
lower crop yields,food shortages,request-90-1-2
food shortages,higher demand for limited supply,request-90-1-3
higher demand for limited supply,escalating prices for scarce fresh foods,request-90-1-4
climate change,increased temperatures,request-90-2-0
increased temperatures,proliferation of pests and diseases,request-90-2-1
proliferation of pests and diseases,damage to crops,request-90-2-2
damage to crops,reduced agricultural output,request-90-2-3
reduced agricultural output,scarcity of fresh foods,request-90-2-4
scarcity of fresh foods,escalating prices for scarce fresh foods,request-90-2-5
climate change,changes in precipitation patterns,request-90-3-0
changes in precipitation patterns,water shortages,request-90-3-1
water shortages,irrigation challenges,request-90-3-2
irrigation challenges,decreased crop productivity,request-90-3-3
decreased crop productivity,scarcity of fresh foods,request-90-3-4
scarcity of fresh foods,escalating prices for scarce fresh foods,request-90-3-5
climate change,soil degradation,request-90-4-0
soil degradation,loss of arable land,request-90-4-1
loss of arable land,reduced cultivation of fresh produce,request-90-4-2
reduced cultivation of fresh produce,scarcity of fresh foods,request-90-4-3
scarcity of fresh foods,escalating prices for scarce fresh foods,request-90-4-4
climate change,ocean warming,request-90-5-0
ocean warming,negative impact on fisheries,request-90-5-1
negative impact on fisheries,reduced supply of fresh seafood,request-90-5-2
reduced supply of fresh seafood,scarcity of fresh foods,request-90-5-3
scarcity of fresh foods,escalating prices for scarce fresh foods,request-90-5-4
climate change,increased frequency of wildfires,request-90-6-0
increased frequency of wildfires,destruction of farmland,request-90-6-1
destruction of farmland,reduced food production,request-90-6-2
reduced food production,scarcity of fresh foods,request-90-6-3
scarcity of fresh foods,escalating prices for scarce fresh foods,request-90-6-4
climate change,altered growing seasons,request-90-7-0
altered growing seasons,mismatched planting times,request-90-7-1
mismatched planting times,poor crop yields,request-90-7-2
poor crop yields,reduced food availability,request-90-7-3
reduced food availability,escalating prices for scarce fresh foods,request-90-7-4
climate change,extreme weather events,request-90-8-0
extreme weather events,damage to transportation infrastructure,request-90-8-1
damage to transportation infrastructure,supply chain disruptions,request-90-8-2
supply chain disruptions,reduced access to fresh foods,request-90-8-3
reduced access to fresh foods,escalating prices for scarce fresh foods,request-90-8-4
climate change,rising sea levels,request-90-9-0
rising sea levels,salinization of soil,request-90-9-1
salinization of soil,loss of fertile land,request-90-9-2
loss of fertile land,decreased agricultural output,request-90-9-3
decreased agricultural output,scarcity of fresh foods,request-90-9-4
scarcity of fresh foods,escalating prices for scarce fresh foods,request-90-9-5
climate change,ecosystem changes,request-90-10-0
ecosystem changes,decline of pollinators,request-90-10-1
decline of pollinators,reduced crop pollination,request-90-10-2
reduced crop pollination,lower crop yields,request-90-10-3
lower crop yields,scarcity of fresh foods,request-90-10-4
scarcity of fresh foods,escalating prices for scarce fresh foods,request-90-10-5
climate change,increased occurrence of floods,request-90-11-0
increased occurrence of floods,crop damage,request-90-11-1
crop damage,lower harvest yields,request-90-11-2
lower harvest yields,reduced availability of fresh foods,request-90-11-3
reduced availability of fresh foods,escalating prices for scarce fresh foods,request-90-11-4
climate change,higher temperatures,request-90-12-0
higher temperatures,increased water evaporation,request-90-12-1
increased water evaporation,water scarcity,request-90-12-2
water scarcity,challenges in irrigation,request-90-12-3
challenges in irrigation,reduced crop yields,request-90-12-4
reduced crop yields,scarcity of fresh foods,request-90-12-5
scarcity of fresh foods,escalating prices for scarce fresh foods,request-90-12-6
climate change,displacement of farming communities,request-90-13-0
displacement of farming communities,loss of agricultural labor,request-90-13-1
loss of agricultural labor,reduced food production,request-90-13-2
reduced food production,scarcity of fresh foods,request-90-13-3
scarcity of fresh foods,escalating prices for scarce fresh foods,request-90-13-4
climate change,increased energy costs,request-90-14-0
increased energy costs,higher agricultural production costs,request-90-14-1
higher agricultural production costs,increased food prices,request-90-14-2
increased food prices,reduced affordability of fresh foods,request-90-14-3
reduced affordability of fresh foods,escalating prices for scarce fresh foods,request-90-14-4
climate change,altered pest behavior,request-90-15-0
altered pest behavior,invasion of new pest species,request-90-15-1
invasion of new pest species,crop infestations,request-90-15-2
crop infestations,reduced food supply,request-90-15-3
reduced food supply,scarcity of fresh foods,request-90-15-4
scarcity of fresh foods,escalating prices for scarce fresh foods,request-90-15-5
climate change,increased temperatures,request-91-0-0
increased temperatures,reduced crop yields,request-91-0-1
reduced crop yields,food shortages,request-91-0-2
food shortages,malnutrition,request-91-0-3
malnutrition,cascades through nutrition,request-91-0-4
climate change,extreme weather events,request-91-1-0
extreme weather events,crop failures,request-91-1-1
crop failures,higher food prices,request-91-1-2
higher food prices,reduced food access,request-91-1-3
reduced food access,nutrient deficiencies,request-91-1-4
nutrient deficiencies,cascades through nutrition,request-91-1-5
climate change,altered precipitation patterns,request-91-2-0
altered precipitation patterns,droughts,request-91-2-1
droughts,water scarcity,request-91-2-2
water scarcity,reduced agricultural productivity,request-91-2-3
reduced agricultural productivity,food insecurity,request-91-2-4
food insecurity,cascades through nutrition,request-91-2-5
climate change,ocean warming,request-91-3-0
ocean warming,decline in fish populations,request-91-3-1
decline in fish populations,reduced seafood availability,request-91-3-2
reduced seafood availability,decreased nutrient intake,request-91-3-3
decreased nutrient intake,cascades through nutrition,request-91-3-4
climate change,increased atmospheric co2,request-91-4-0
increased atmospheric co2,decreased nutrient content in crops,request-91-4-1
decreased nutrient content in crops,lower food nutritional value,request-91-4-2
lower food nutritional value,inadequate nutrition,request-91-4-3
inadequate nutrition,cascades through nutrition,request-91-4-4
climate change,increased pest prevalence,request-91-5-0
increased pest prevalence,crop losses,request-91-5-1
crop losses,decreased food production,request-91-5-2
decreased food production,hunger and malnutrition,request-91-5-3
hunger and malnutrition,cascades through nutrition,request-91-5-4
climate change,soil degradation,request-91-6-0
soil degradation,loss of arable land,request-91-6-1
loss of arable land,reduced agricultural output,request-91-6-2
reduced agricultural output,food shortages,request-91-6-3
food shortages,inadequate nutrition,request-91-6-4
inadequate nutrition,cascades through nutrition,request-91-6-5
climate change,extreme heat events,request-91-7-0
extreme heat events,plant heat stress,request-91-7-1
plant heat stress,reduced plant growth,request-91-7-2
reduced plant growth,decreased crop harvests,request-91-7-3
decreased crop harvests,food insecurity,request-91-7-4
food insecurity,cascades through nutrition,request-91-7-5
climate change,increased natural disasters,request-91-8-0
increased natural disasters,food supply chain disruptions,request-91-8-1
food supply chain disruptions,limited food availability,request-91-8-2
limited food availability,inadequate nutrient intake,request-91-8-3
inadequate nutrient intake,cascades through nutrition,request-91-8-4
climate change,sea-level rise,request-91-9-0
sea-level rise,salinization of agricultural land,request-91-9-1
salinization of agricultural land,decreased soil fertility,request-91-9-2
decreased soil fertility,poor crop yields,request-91-9-3
poor crop yields,food scarcity,request-91-9-4
food scarcity,malnutrition,request-91-9-5
malnutrition,cascades through nutrition,request-91-9-6
climate change,increased temperatures,request-92-0-0
increased temperatures,heat waves,request-92-0-1
heat waves,heat-related illnesses,request-92-0-2
climate change,increased temperatures,request-92-1-0
increased temperatures,melting glaciers,request-92-1-1
melting glaciers,sea level rise,request-92-1-2
sea level rise,flooding,request-92-1-3
flooding,waterborne diseases,request-92-1-4
climate change,changes in precipitation patterns,request-92-2-0
changes in precipitation patterns,droughts,request-92-2-1
droughts,water scarcity,request-92-2-2
water scarcity,poor sanitation,request-92-2-3
poor sanitation,waterborne diseases,request-92-2-4
climate change,increased temperatures,request-92-3-0
increased temperatures,altered vector habitats,request-92-3-1
altered vector habitats,spread of vector-borne diseases,request-92-3-2
climate change,increased co₂ levels,request-92-4-0
increased co₂ levels,ocean acidification,request-92-4-1
ocean acidification,loss of marine life,request-92-4-2
loss of marine life,food scarcity,request-92-4-3
food scarcity,malnutrition,request-92-4-4
climate change,extreme weather events,request-92-5-0
extreme weather events,infrastructure damage,request-92-5-1
infrastructure damage,reduced healthcare access,request-92-5-2
reduced healthcare access,increased disease burden,request-92-5-3
climate change,increased ozone formation,request-92-6-0
increased ozone formation,air pollution,request-92-6-1
air pollution,respiratory diseases,request-92-6-2
climate change,extreme weather events,request-92-7-0
extreme weather events,displacement of populations,request-92-7-1
displacement of populations,mental health issues,request-92-7-2
climate change,rising sea levels,request-92-8-0
rising sea levels,coastal erosion,request-92-8-1
coastal erosion,displacement of populations,request-92-8-2
displacement of populations,overcrowding in urban areas,request-92-8-3
overcrowding in urban areas,spread of infectious diseases,request-92-8-4
climate change,increased temperatures,request-92-9-0
increased temperatures,decreased agricultural productivity,request-92-9-1
decreased agricultural productivity,food shortages,request-92-9-2
food shortages,malnutrition,request-92-9-3
climate change,increased temperatures,request-92-10-0
increased temperatures,wildfires,request-92-10-1
wildfires,air pollution,request-92-10-2
air pollution,respiratory diseases,request-92-10-3
climate change,increased temperatures,request-92-11-0
increased temperatures,heat stress on livestock,request-92-11-1
heat stress on livestock,reduced livestock productivity,request-92-11-2
reduced livestock productivity,food shortages,request-92-11-3
food shortages,malnutrition,request-92-11-4
climate change,ocean warming,request-92-12-0
ocean warming,coral bleaching,request-92-12-1
coral bleaching,loss of fish habitats,request-92-12-2
loss of fish habitats,reduced fishery yields,request-92-12-3
reduced fishery yields,food insecurity,request-92-12-4
climate change,changes in ecosystem dynamics,request-92-13-0
changes in ecosystem dynamics,biodiversity loss,request-92-13-1
biodiversity loss,disruption of ecosystem services,request-92-13-2
disruption of ecosystem services,impact on human health,request-92-13-3
climate change,increased pollen production,request-92-14-0
increased pollen production,allergens in the air,request-92-14-1
allergens in the air,allergic reactions,request-92-14-2
climate change,thermal expansion of water,request-92-15-0
thermal expansion of water,sea level rise,request-92-15-1
sea level rise,flooding,request-92-15-2
flooding,water contamination,request-92-15-3
water contamination,waterborne diseases,request-92-15-4
climate change,heavy rainfall,request-92-16-0
heavy rainfall,flooding,request-92-16-1
flooding,infrastructure damage,request-92-16-2
infrastructure damage,disruption of healthcare services,request-92-16-3
disruption of healthcare services,health issues,request-92-16-4
climate change,decrease in snowpack,request-92-17-0
decrease in snowpack,reduced freshwater supply,request-92-17-1
reduced freshwater supply,water scarcity,request-92-17-2
water scarcity,poor hygiene,request-92-17-3
poor hygiene,disease spread,request-92-17-4
climate change,desertification,request-92-18-0
desertification,loss of arable land,request-92-18-1
loss of arable land,food insecurity,request-92-18-2
food insecurity,malnutrition,request-92-18-3
climate change,algal blooms,request-92-19-0
algal blooms,water contamination,request-92-19-1
water contamination,toxin exposure,request-92-19-2
climate change,extreme weather events,request-92-20-0
extreme weather events,electrical grid failure,request-92-20-1
electrical grid failure,disruption of medical devices,request-92-20-2
disruption of medical devices,health problems,request-92-20-3
climate change,increased uv radiation exposure,request-92-21-0
increased uv radiation exposure,skin cancer,request-92-21-1
climate change,decreased nutritional quality of crops,request-92-22-0
decreased nutritional quality of crops,nutrient deficiencies,request-92-22-1
climate change,ocean warming,request-92-23-0
ocean warming,spread of marine pathogens,request-92-23-1
spread of marine pathogens,seafood contamination,request-92-23-2
seafood contamination,foodborne illnesses,request-92-23-3
climate change,increased atmospheric dust,request-92-24-0
increased atmospheric dust,air pollution,request-92-24-1
air pollution,respiratory diseases,request-92-24-2
climate change,rising temperatures,request-93-0-0
rising temperatures,increased wildfires,request-93-0-1
increased wildfires,destruction of infrastructure,request-93-0-2
destruction of infrastructure,job losses,request-93-0-3
job losses,cascades through employment,request-93-0-4
climate change,sea level rise,request-93-1-0
sea level rise,coastal flooding,request-93-1-1
coastal flooding,displacement of communities,request-93-1-2
displacement of communities,unemployment increase,request-93-1-3
unemployment increase,cascades through employment,request-93-1-4
climate change,extreme weather events,request-93-2-0
extreme weather events,crop failures,request-93-2-1
crop failures,food shortages,request-93-2-2
food shortages,economic instability,request-93-2-3
economic instability,job reductions,request-93-2-4
job reductions,cascades through employment,request-93-2-5
climate change,heatwaves,request-93-3-0
heatwaves,health issues,request-93-3-1
health issues,higher healthcare costs,request-93-3-2
higher healthcare costs,economic burden,request-93-3-3
economic burden,company layoffs,request-93-3-4
company layoffs,cascades through employment,request-93-3-5
climate change,glacial melting,request-93-4-0
glacial melting,sea level rise,request-93-4-1
sea level rise,flooding,request-93-4-2
flooding,damage to businesses,request-93-4-3
damage to businesses,job losses,request-93-4-4
job losses,cascades through employment,request-93-4-5
climate change,increased hurricanes,request-93-5-0
increased hurricanes,infrastructure damage,request-93-5-1
infrastructure damage,economic losses,request-93-5-2
economic losses,business closures,request-93-5-3
business closures,cascades through employment,request-93-5-4
climate change,prolonged droughts,request-93-6-0
prolonged droughts,agricultural decline,request-93-6-1
agricultural decline,food price increases,request-93-6-2
food price increases,economic strain,request-93-6-3
economic strain,company layoffs,request-93-6-4
company layoffs,cascades through employment,request-93-6-5
climate change,ocean acidification,request-93-7-0
ocean acidification,decline in fish stocks,request-93-7-1
decline in fish stocks,fishing industry collapse,request-93-7-2
fishing industry collapse,loss of jobs,request-93-7-3
loss of jobs,cascades through employment,request-93-7-4
climate change,air pollution increase,request-93-8-0
air pollution increase,respiratory health problems,request-93-8-1
respiratory health problems,rising healthcare costs,request-93-8-2
rising healthcare costs,economic pressure,request-93-8-3
economic pressure,unemployment growth,request-93-8-4
unemployment growth,cascades through employment,request-93-8-5
climate change,biodiversity loss,request-93-9-0
biodiversity loss,ecosystem service reduction,request-93-9-1
ecosystem service reduction,agricultural challenges,request-93-9-2
agricultural challenges,farm closures,request-93-9-3
farm closures,cascades through employment,request-93-9-4
climate change,permafrost thawing,request-93-10-0
permafrost thawing,infrastructure instability,request-93-10-1
infrastructure instability,damage to buildings,request-93-10-2
damage to buildings,economic strain,request-93-10-3
economic strain,job cuts,request-93-10-4
job cuts,cascades through employment,request-93-10-5
climate change,worker heat stress,request-93-11-0
worker heat stress,reduced productivity,request-93-11-1
reduced productivity,economic losses,request-93-11-2
economic losses,company downsizing,request-93-11-3
company downsizing,cascades through employment,request-93-11-4
climate change,disease spread,request-93-12-0
disease spread,health crises,request-93-12-1
health crises,economic disruption,request-93-12-2
economic disruption,job market instability,request-93-12-3
job market instability,cascades through employment,request-93-12-4
climate change,water shortages,request-93-13-0
water shortages,industrial constraints,request-93-13-1
industrial constraints,factory shutdowns,request-93-13-2
factory shutdowns,worker layoffs,request-93-13-3
worker layoffs,cascades through employment,request-93-13-4
climate change,desertification,request-93-14-0
desertification,loss of arable land,request-93-14-1
loss of arable land,rural unemployment,request-93-14-2
rural unemployment,urban migration,request-93-14-3
urban migration,job market saturation,request-93-14-4
job market saturation,cascades through employment,request-93-14-5
climate change,reduced snowfall,request-93-15-0
reduced snowfall,impact on winter sports,request-93-15-1
impact on winter sports,ski resort closures,request-93-15-2
ski resort closures,job losses,request-93-15-3
job losses,cascades through employment,request-93-15-4
climate change,increased wildfires,request-93-16-0
increased wildfires,destruction of homes,request-93-16-1
destruction of homes,economic losses,request-93-16-2
economic losses,layoffs,request-93-16-3
layoffs,cascades through employment,request-93-16-4
climate change,pest infestations,request-93-17-0
pest infestations,crop damage,request-93-17-1
crop damage,farmer insolvency,request-93-17-2
farmer insolvency,agricultural employment decline,request-93-17-3
agricultural employment decline,cascades through employment,request-93-17-4
climate change,coral bleaching,request-93-18-0
coral bleaching,marine biodiversity loss,request-93-18-1
marine biodiversity loss,tourism decline,request-93-18-2
tourism decline,job losses,request-93-18-3
job losses,cascades through employment,request-93-18-4
climate change,altered fish migration,request-93-19-0
altered fish migration,fishing industry impact,request-93-19-1
fishing industry impact,job losses,request-93-19-2
job losses,cascades through employment,request-93-19-3
climate change,property damage,request-93-20-0
property damage,decreased property values,request-93-20-1
decreased property values,reduced tax revenue,request-93-20-2
reduced tax revenue,budget cuts,request-93-20-3
budget cuts,government layoffs,request-93-20-4
government layoffs,cascades through employment,request-93-20-5
climate change,storm intensity increase,request-93-21-0
storm intensity increase,energy infrastructure damage,request-93-21-1
energy infrastructure damage,power outages,request-93-21-2
power outages,industrial disruptions,request-93-21-3
industrial disruptions,employment reductions,request-93-21-4
employment reductions,cascades through employment,request-93-21-5
climate change,increased energy demand,request-93-22-0
increased energy demand,strain on power grids,request-93-22-1
strain on power grids,blackouts,request-93-22-2
blackouts,business interruptions,request-93-22-3
business interruptions,job losses,request-93-22-4
job losses,cascades through employment,request-93-22-5
climate change,extreme weather events,request-94-0-0
extreme weather events,infrastructure damage,request-94-0-1
infrastructure damage,economic losses,request-94-0-2
economic losses,cascades through economy,request-94-0-3
climate change,sea level rise,request-94-1-0
sea level rise,coastal flooding,request-94-1-1
coastal flooding,property damage,request-94-1-2
property damage,economic losses,request-94-1-3
economic losses,cascades through economy,request-94-1-4
climate change,agricultural disruptions,request-94-2-0
agricultural disruptions,crop failures,request-94-2-1
crop failures,food price inflation,request-94-2-2
food price inflation,economic instability,request-94-2-3
economic instability,cascades through economy,request-94-2-4
climate change,water scarcity,request-94-3-0
water scarcity,resource conflicts,request-94-3-1
resource conflicts,social unrest,request-94-3-2
social unrest,economic downturn,request-94-3-3
economic downturn,cascades through economy,request-94-3-4
climate change,health problems,request-94-4-0
health problems,disease spread,request-94-4-1
disease spread,increased healthcare costs,request-94-4-2
increased healthcare costs,economic burden,request-94-4-3
economic burden,cascades through economy,request-94-4-4
climate change,biodiversity loss,request-94-5-0
biodiversity loss,ecosystem service decline,request-94-5-1
ecosystem service decline,economic impacts,request-94-5-2
economic impacts,cascades through economy,request-94-5-3
climate change,melting glaciers,request-94-6-0
melting glaciers,river flow changes,request-94-6-1
river flow changes,hydropower reduction,request-94-6-2
hydropower reduction,energy shortages,request-94-6-3
energy shortages,economic disruption,request-94-6-4
economic disruption,cascades through economy,request-94-6-5
climate change,ocean acidification,request-94-7-0
ocean acidification,marine life decline,request-94-7-1
marine life decline,fisheries collapse,request-94-7-2
fisheries collapse,economic losses,request-94-7-3
economic losses,cascades through economy,request-94-7-4
climate change,heatwaves,request-94-8-0
heatwaves,labor productivity loss,request-94-8-1
labor productivity loss,economic losses,request-94-8-2
economic losses,cascades through economy,request-94-8-3
climate change,droughts,request-94-9-0
droughts,agricultural losses,request-94-9-1
agricultural losses,economic hardship,request-94-9-2
economic hardship,cascades through economy,request-94-9-3
climate change,wildfires,request-94-10-0
wildfires,property destruction,request-94-10-1
property destruction,economic losses,request-94-10-2
economic losses,cascades through economy,request-94-10-3
climate change,permafrost thawing,request-94-11-0
permafrost thawing,infrastructure damage,request-94-11-1
infrastructure damage,economic losses,request-94-11-2
economic losses,cascades through economy,request-94-11-3
climate change,extreme weather events,request-94-12-0
extreme weather events,insurance claims surge,request-94-12-1
insurance claims surge,insurance industry strain,request-94-12-2
insurance industry strain,economic uncertainty,request-94-12-3
economic uncertainty,cascades through economy,request-94-12-4
climate change,migration pressures,request-94-13-0
migration pressures,overburdened urban areas,request-94-13-1
overburdened urban areas,economic strain,request-94-13-2
economic strain,cascades through economy,request-94-13-3
climate change,disruption of supply chains,request-94-14-0
disruption of supply chains,manufacturing slowdowns,request-94-14-1
manufacturing slowdowns,economic slowdown,request-94-14-2
economic slowdown,cascades through economy,request-94-14-3
mismanagement of god's work,deforestation,request-95-0-0
deforestation,reduced carbon sequestration,request-95-0-1
reduced carbon sequestration,increased atmospheric co2 levels,request-95-0-2
increased atmospheric co2 levels,enhanced greenhouse effect,request-95-0-3
enhanced greenhouse effect,climate change,request-95-0-4
mismanagement of god's work,burning of fossil fuels,request-95-1-0
burning of fossil fuels,greenhouse gas emissions,request-95-1-1
greenhouse gas emissions,global warming,request-95-1-2
global warming,climate change,request-95-1-3
mismanagement of god's work,industrial pollution,request-95-2-0
industrial pollution,accumulation of greenhouse gases,request-95-2-1
accumulation of greenhouse gases,climate change,request-95-2-2
mismanagement of god's work,overconsumption of resources,request-95-3-0
overconsumption of resources,excessive waste production,request-95-3-1
excessive waste production,methane emissions from landfills,request-95-3-2
methane emissions from landfills,climate change,request-95-3-3
mismanagement of god's work,intensive agriculture,request-95-4-0
intensive agriculture,nitrous oxide emissions,request-95-4-1
nitrous oxide emissions,enhanced greenhouse effect,request-95-4-2
enhanced greenhouse effect,climate change,request-95-4-3
mismanagement of god's work,ocean pollution,request-95-5-0
ocean pollution,decline in phytoplankton populations,request-95-5-1
decline in phytoplankton populations,reduced oceanic co2 absorption,request-95-5-2
reduced oceanic co2 absorption,increased atmospheric co2 levels,request-95-5-3
increased atmospheric co2 levels,climate change,request-95-5-4
mismanagement of god's work,destruction of wetlands,request-95-6-0
destruction of wetlands,loss of natural carbon sinks,request-95-6-1
loss of natural carbon sinks,increased greenhouse gas concentrations,request-95-6-2
increased greenhouse gas concentrations,climate change,request-95-6-3
mismanagement of god's work,overpopulation,request-95-7-0
overpopulation,increased energy consumption,request-95-7-1
increased energy consumption,fossil fuel combustion,request-95-7-2
fossil fuel combustion,greenhouse gas emissions,request-95-7-3
greenhouse gas emissions,climate change,request-95-7-4
mismanagement of god's work,melting permafrost,request-95-8-0
melting permafrost,methane release,request-95-8-1
methane release,enhanced greenhouse effect,request-95-8-2
enhanced greenhouse effect,climate change,request-95-8-3
mismanagement of god's work,loss of biodiversity,request-95-9-0
loss of biodiversity,ecosystem imbalance,request-95-9-1
ecosystem imbalance,disruption of carbon cycles,request-95-9-2
disruption of carbon cycles,climate change,request-95-9-3
mismanagement of god's work,soil degradation,request-95-10-0
soil degradation,reduced carbon storage,request-95-10-1
reduced carbon storage,increased atmospheric co2 levels,request-95-10-2
increased atmospheric co2 levels,climate change,request-95-10-3
mismanagement of god's work,desertification,request-95-11-0
desertification,loss of vegetation cover,request-95-11-1
loss of vegetation cover,decreased carbon absorption,request-95-11-2
decreased carbon absorption,climate change,request-95-11-3
mismanagement of god's work,urbanization,request-95-12-0
urbanization,heat island effect,request-95-12-1
heat island effect,local temperature increases,request-95-12-2
local temperature increases,climate change,request-95-12-3
mismanagement of god's work,industrial emissions,request-95-13-0
industrial emissions,aerosol increase,request-95-13-1
aerosol increase,atmospheric changes,request-95-13-2
atmospheric changes,climate change,request-95-13-3
mismanagement of god's work,overfishing,request-95-14-0
overfishing,disruption of marine ecosystems,request-95-14-1
disruption of marine ecosystems,altered carbon sequestration,request-95-14-2
altered carbon sequestration,climate change,request-95-14-3
mismanagement of god's work,use of chemical fertilizers,request-95-15-0
use of chemical fertilizers,nitrous oxide emissions,request-95-15-1
nitrous oxide emissions,greenhouse gas increase,request-95-15-2
greenhouse gas increase,climate change,request-95-15-3
mismanagement of god's work,deforestation,request-95-16-0
deforestation,habitat loss,request-95-16-1
habitat loss,wildlife decline,request-95-16-2
wildlife decline,ecosystem disruption,request-95-16-3
ecosystem disruption,climate change,request-95-16-4
mismanagement of god's work,methane hydrate disturbance,request-95-17-0
methane hydrate disturbance,methane release,request-95-17-1
methane release,enhanced greenhouse effect,request-95-17-2
enhanced greenhouse effect,climate change,request-95-17-3
mismanagement of god's work,excessive livestock farming,request-95-18-0
excessive livestock farming,methane emissions,request-95-18-1
methane emissions,greenhouse gas accumulation,request-95-18-2
greenhouse gas accumulation,climate change,request-95-18-3
human activity,burning of fossil fuels,request-96-0-0
burning of fossil fuels,carbon dioxide emissions,request-96-0-1
carbon dioxide emissions,greenhouse gas concentrations,request-96-0-2
human activity,deforestation,request-96-1-0
deforestation,reduced carbon absorption,request-96-1-1
reduced carbon absorption,carbon dioxide accumulation,request-96-1-2
carbon dioxide accumulation,greenhouse gas concentrations,request-96-1-3
human activity,deforestation,request-96-2-0
deforestation,carbon dioxide emissions,request-96-2-1
carbon dioxide emissions,greenhouse gas concentrations,request-96-2-2
human activity,agricultural practices,request-96-3-0
agricultural practices,methane emissions,request-96-3-1
methane emissions,greenhouse gas concentrations,request-96-3-2
human activity,livestock farming,request-96-4-0
livestock farming,methane emissions,request-96-4-1
methane emissions,greenhouse gas concentrations,request-96-4-2
human activity,rice cultivation,request-96-5-0
rice cultivation,methane emissions,request-96-5-1
methane emissions,greenhouse gas concentrations,request-96-5-2
human activity,fossil fuel extraction,request-96-6-0
fossil fuel extraction,methane emissions,request-96-6-1
methane emissions,greenhouse gas concentrations,request-96-6-2
human activity,waste management,request-96-7-0
waste management,methane emissions,request-96-7-1
methane emissions,greenhouse gas concentrations,request-96-7-2
human activity,industrial processes,request-96-8-0
industrial processes,nitrous oxide emissions,request-96-8-1
nitrous oxide emissions,greenhouse gas concentrations,request-96-8-2
human activity,fertilizer use,request-96-9-0
fertilizer use,nitrous oxide emissions,request-96-9-1
nitrous oxide emissions,greenhouse gas concentrations,request-96-9-2
human activity,industrial processes,request-96-10-0
industrial processes,fluorinated gas emissions,request-96-10-1
fluorinated gas emissions,greenhouse gas concentrations,request-96-10-2
human activity,refrigeration and air conditioning use,request-96-11-0
refrigeration and air conditioning use,fluorinated gas emissions,request-96-11-1
fluorinated gas emissions,greenhouse gas concentrations,request-96-11-2
human activity,aerosol use,request-96-12-0
aerosol use,fluorocarbon emissions,request-96-12-1
fluorocarbon emissions,greenhouse gas concentrations,request-96-12-2
human activity,transportation emissions,request-96-13-0
transportation emissions,carbon dioxide emissions,request-96-13-1
carbon dioxide emissions,greenhouse gas concentrations,request-96-13-2
human activity,energy production,request-96-14-0
energy production,carbon dioxide emissions,request-96-14-1
carbon dioxide emissions,greenhouse gas concentrations,request-96-14-2
human activity,cement production,request-96-15-0
cement production,carbon dioxide emissions,request-96-15-1
carbon dioxide emissions,greenhouse gas concentrations,request-96-15-2
human activity,industrial energy use,request-96-16-0
industrial energy use,burning of fossil fuels,request-96-16-1
burning of fossil fuels,carbon dioxide emissions,request-96-16-2
carbon dioxide emissions,greenhouse gas concentrations,request-96-16-3
human activity,electricity generation,request-96-17-0
electricity generation,burning of fossil fuels,request-96-17-1
burning of fossil fuels,carbon dioxide emissions,request-96-17-2
carbon dioxide emissions,greenhouse gas concentrations,request-96-17-3
foreign countries,demand for tropical timber,request-97-0-0
demand for tropical timber,logging activities,request-97-0-1
logging activities,deforestation,request-97-0-2
foreign countries,demand for agricultural commodities,request-97-1-0
demand for agricultural commodities,agricultural expansion,request-97-1-1
agricultural expansion,forest clearing,request-97-1-2
forest clearing,deforestation,request-97-1-3
foreign countries,demand for palm oil,request-97-2-0
demand for palm oil,palm oil plantation expansion,request-97-2-1
palm oil plantation expansion,deforestation,request-97-2-2
foreign countries,demand for beef,request-97-3-0
demand for beef,cattle ranching expansion,request-97-3-1
cattle ranching expansion,deforestation,request-97-3-2
foreign countries,investment in mining projects,request-97-4-0
investment in mining projects,mineral extraction,request-97-4-1
mineral extraction,forest land conversion,request-97-4-2
forest land conversion,deforestation,request-97-4-3
foreign countries,investment in infrastructure,request-97-5-0
investment in infrastructure,road construction,request-97-5-1
road construction,forest access increase,request-97-5-2
forest access increase,logging activities,request-97-5-3
logging activities,deforestation,request-97-5-4
foreign countries,trade agreements,request-97-6-0
trade agreements,increase in forest product exports,request-97-6-1
increase in forest product exports,intensified logging,request-97-6-2
intensified logging,deforestation,request-97-6-3
foreign countries,demand for biofuels,request-97-7-0
demand for biofuels,biofuel crop cultivation expansion,request-97-7-1
biofuel crop cultivation expansion,deforestation,request-97-7-2
foreign countries,demand for soybeans,request-97-8-0
demand for soybeans,soybean farming expansion,request-97-8-1
soybean farming expansion,deforestation,request-97-8-2
foreign countries,influence on economic policies,request-97-9-0
influence on economic policies,resource exploitation policies,request-97-9-1
resource exploitation policies,deforestation,request-97-9-2
flowing factors,heavy rainfall,request-98-0-0
heavy rainfall,increased river levels,request-98-0-1
increased river levels,river overflow,request-98-0-2
river overflow,flooding,request-98-0-3
flowing factors,rapid snowmelt,request-98-1-0
rapid snowmelt,excessive runoff,request-98-1-1
excessive runoff,overloaded rivers,request-98-1-2
overloaded rivers,flooding,request-98-1-3
flowing factors,deforestation,request-98-2-0
deforestation,loss of vegetation,request-98-2-1
loss of vegetation,increased surface runoff,request-98-2-2
increased surface runoff,flooding,request-98-2-3
flowing factors,urban development,request-98-3-0
urban development,impermeable surfaces,request-98-3-1
impermeable surfaces,reduced water infiltration,request-98-3-2
reduced water infiltration,flooding,request-98-3-3
flowing factors,blocked drainage systems,request-98-4-0
blocked drainage systems,water accumulation,request-98-4-1
water accumulation,overflowing streets,request-98-4-2
overflowing streets,flooding,request-98-4-3
flowing factors,storm surges,request-98-5-0
storm surges,coastal inundation,request-98-5-1
coastal inundation,breached levees,request-98-5-2
breached levees,flooding,request-98-5-3
flowing factors,broken dams,request-98-6-0
broken dams,sudden water release,request-98-6-1
sudden water release,downstream inundation,request-98-6-2
downstream inundation,flooding,request-98-6-3
flowing factors,ice jams,request-98-7-0
ice jams,river blockages,request-98-7-1
river blockages,upstream water buildup,request-98-7-2
upstream water buildup,flooding,request-98-7-3
flowing factors,soil saturation,request-98-8-0
soil saturation,groundwater rise,request-98-8-1
groundwater rise,inundated basements,request-98-8-2
inundated basements,flooding,request-98-8-3
flowing factors,land subsidence,request-98-9-0
land subsidence,low-lying areas,request-98-9-1
low-lying areas,water pooling,request-98-9-2
water pooling,flooding,request-98-9-3
deforestation,loss of tree roots,request-99-0-0
loss of tree roots,reduced soil cohesion,request-99-0-1
reduced soil cohesion,soil instability,request-99-0-2
soil instability,land sliding,request-99-0-3
deforestation,loss of vegetation cover,request-99-1-0
loss of vegetation cover,increased surface runoff,request-99-1-1
increased surface runoff,soil erosion,request-99-1-2
soil erosion,land sliding,request-99-1-3
deforestation,loss of vegetation cover,request-99-2-0
loss of vegetation cover,increased surface runoff,request-99-2-1
increased surface runoff,increased soil erosion,request-99-2-2
increased soil erosion,soil instability,request-99-2-3
soil instability,land sliding,request-99-2-4
deforestation,reduced interception,request-99-3-0
reduced interception,increased soil saturation,request-99-3-1
increased soil saturation,soil weakening,request-99-3-2
soil weakening,land sliding,request-99-3-3
deforestation,reduced interception,request-99-4-0
reduced interception,increased soil saturation,request-99-4-1
increased soil saturation,soil instability,request-99-4-2
soil instability,land sliding,request-99-4-3
deforestation,loss of vegetation cover,request-99-5-0
loss of vegetation cover,reduced evapotranspiration,request-99-5-1
reduced evapotranspiration,increased soil moisture,request-99-5-2
increased soil moisture,land sliding,request-99-5-3
deforestation,loss of vegetation cover,request-99-6-0
loss of vegetation cover,increased rainfall impact,request-99-6-1
increased rainfall impact,soil compaction,request-99-6-2
soil compaction,reduced infiltration,request-99-6-3
reduced infiltration,increased surface runoff,request-99-6-4
increased surface runoff,land sliding,request-99-6-5
deforestation,increased soil erosion,request-99-7-0
increased soil erosion,reduced soil depth,request-99-7-1
reduced soil depth,soil instability,request-99-7-2
soil instability,land sliding,request-99-7-3
deforestation,increased carbon emissions,request-99-8-0
increased carbon emissions,climate change,request-99-8-1
climate change,increased heavy rainfall events,request-99-8-2
increased heavy rainfall events,land sliding,request-99-8-3
deforestation,ecosystem disruption,request-99-9-0
ecosystem disruption,altered soil properties,request-99-9-1
altered soil properties,soil instability,request-99-9-2
soil instability,land sliding,request-99-9-3
deforestation,habitat loss,request-99-10-0
habitat loss,decreased soil fauna activity,request-99-10-1
decreased soil fauna activity,soil degradation,request-99-10-2
soil degradation,land sliding,request-99-10-3
rise in global temperatures,melting of glaciers,request-100-0-0
melting of glaciers,increased water runoff,request-100-0-1
increased water runoff,soil saturation,request-100-0-2
soil saturation,land sliding,request-100-0-3
rise in global temperatures,increased heavy rainfall,request-100-1-0
increased heavy rainfall,soil saturation,request-100-1-1
soil saturation,land sliding,request-100-1-2
rise in global temperatures,thawing of permafrost,request-100-2-0
thawing of permafrost,ground instability,request-100-2-1
ground instability,land sliding,request-100-2-2
rise in global temperatures,sea level rise,request-100-3-0
sea level rise,coastal erosion,request-100-3-1
coastal erosion,land sliding,request-100-3-2
rise in global temperatures,increased wildfires,request-100-4-0
increased wildfires,loss of vegetation,request-100-4-1
loss of vegetation,soil erosion,request-100-4-2
soil erosion,land sliding,request-100-4-3
rise in global temperatures,deforestation,request-100-5-0
deforestation,soil destabilization,request-100-5-1
soil destabilization,land sliding,request-100-5-2
rise in global temperatures,expansion of pests affecting forests,request-100-6-0
expansion of pests affecting forests,loss of vegetation,request-100-6-1
loss of vegetation,soil instability,request-100-6-2
soil instability,land sliding,request-100-6-3
rise in global temperatures,changes in precipitation patterns,request-100-7-0
changes in precipitation patterns,extreme weather events,request-100-7-1
extreme weather events,slope destabilization,request-100-7-2
slope destabilization,land sliding,request-100-7-3
rise in global temperatures,desertification,request-100-8-0
desertification,soil degradation,request-100-8-1
soil degradation,soil instability,request-100-8-2
soil instability,land sliding,request-100-8-3
rise in global temperatures,permafrost degradation,request-100-9-0
permafrost degradation,ground subsidence,request-100-9-1
ground subsidence,land sliding,request-100-9-2
melting of glaciers,increased river discharge,request-101-0-0
increased river discharge,riverbank erosion,request-101-0-1
riverbank erosion,land sliding,request-101-0-2
melting of glaciers,formation of glacial lakes,request-101-1-0
formation of glacial lakes,glacial lake outburst floods,request-101-1-1
glacial lake outburst floods,slope destabilization,request-101-1-2
slope destabilization,land sliding,request-101-1-3
melting of glaciers,glacial retreat,request-101-2-0
glacial retreat,exposure of unstable slopes,request-101-2-1
exposure of unstable slopes,land sliding,request-101-2-2
melting of glaciers,loss of permafrost,request-101-3-0
loss of permafrost,slope instability,request-101-3-1
slope instability,land sliding,request-101-3-2
melting of glaciers,increased sediment deposition,request-101-4-0
increased sediment deposition,overloading of slopes,request-101-4-1
overloading of slopes,land sliding,request-101-4-2
soil erosion,loss of vegetation cover,request-102-0-0
loss of vegetation cover,decreased root reinforcement,request-102-0-1
decreased root reinforcement,increased soil instability,request-102-0-2
increased soil instability,land sliding,request-102-0-3
soil erosion,formation of gullies,request-102-1-0
formation of gullies,undercutting of slopes,request-102-1-1
undercutting of slopes,loss of slope support,request-102-1-2
loss of slope support,land sliding,request-102-1-3
soil erosion,reduced soil cohesion,request-102-2-0
reduced soil cohesion,increased susceptibility to gravity,request-102-2-1
increased susceptibility to gravity,land sliding,request-102-2-2
soil erosion,exposed bedrock,request-102-3-0
exposed bedrock,weathering of rock materials,request-102-3-1
weathering of rock materials,weakening of slope materials,request-102-3-2
weakening of slope materials,land sliding,request-102-3-3
soil erosion,decreased soil depth,request-102-4-0
decreased soil depth,saturation during rainfall,request-102-4-1
saturation during rainfall,increased pore water pressure,request-102-4-2
increased pore water pressure,slope failure,request-102-4-3
slope failure,land sliding,request-102-4-4
earthquakes,ground shaking,request-103-0-0
ground shaking,slope destabilization,request-103-0-1
slope destabilization,land sliding,request-103-0-2
earthquakes,soil liquefaction,request-103-1-0
soil liquefaction,slope failure,request-103-1-1
slope failure,land sliding,request-103-1-2
earthquakes,ground shaking,request-103-2-0
ground shaking,rockfall initiation,request-103-2-1
rockfall initiation,land sliding,request-103-2-2
earthquakes,ground acceleration,request-103-3-0
ground acceleration,slope instability,request-103-3-1
slope instability,land sliding,request-103-3-2
earthquakes,ground displacement,request-103-4-0
ground displacement,slope movement,request-103-4-1
slope movement,land sliding,request-103-4-2
earthquakes,fracturing of rocks,request-103-5-0
fracturing of rocks,collapse of slopes,request-103-5-1
collapse of slopes,land sliding,request-103-5-2
earthquakes,vibrations,request-103-6-0
vibrations,destabilization of soils,request-103-6-1
destabilization of soils,land sliding,request-103-6-2
earthquakes,ground rupture,request-103-7-0
ground rupture,weakening of structural support,request-103-7-1
weakening of structural support,land sliding,request-103-7-2
earthquakes,tsunamis,request-103-8-0
tsunamis,coastal erosion,request-103-8-1
coastal erosion,land sliding,request-103-8-2
earthquakes,liquefaction of soils,request-103-9-0
liquefaction of soils,settlement of foundations,request-103-9-1
settlement of foundations,slope failure,request-103-9-2
slope failure,land sliding,request-103-9-3
earthquakes,cracking of earth dams,request-103-10-0
cracking of earth dams,release of reservoir water,request-103-10-1
release of reservoir water,erosion of slopes,request-103-10-2
erosion of slopes,land sliding,request-103-10-3
earthquakes,soil compaction,request-103-11-0
soil compaction,loss of shear strength,request-103-11-1
loss of shear strength,slope collapse,request-103-11-2
slope collapse,land sliding,request-103-11-3
earthquakes,change in groundwater levels,request-103-12-0
change in groundwater levels,increased pore water pressure,request-103-12-1
increased pore water pressure,slope failure,request-103-12-2
slope failure,land sliding,request-103-12-3
earthquakes,formation of fissures,request-103-13-0
formation of fissures,water infiltration,request-103-13-1
water infiltration,slope weakening,request-103-13-2
slope weakening,land sliding,request-103-13-3
earthquakes,damage to vegetation,request-103-14-0
damage to vegetation,reduced root cohesion,request-103-14-1
reduced root cohesion,slope instability,request-103-14-2
slope instability,land sliding,request-103-14-3
deforestation,soil erosion,request-104-0-0
soil erosion,sediments entering rivers,request-104-0-1
sediments entering rivers,rivers filled with mud,request-104-0-2
deforestation,loss of tree roots,request-104-1-0
loss of tree roots,soil erosion,request-104-1-1
soil erosion,sediments entering rivers,request-104-1-2
sediments entering rivers,rivers filled with mud,request-104-1-3
deforestation,loss of tree roots,request-104-2-0
loss of tree roots,soil instability,request-104-2-1
soil instability,soil erosion,request-104-2-2
soil erosion,sediments entering rivers,request-104-2-3
sediments entering rivers,rivers filled with mud,request-104-2-4
deforestation,loss of tree roots,request-104-3-0
loss of tree roots,soil instability,request-104-3-1
soil instability,landslides,request-104-3-2
landslides,sediments entering rivers,request-104-3-3
sediments entering rivers,rivers filled with mud,request-104-3-4
deforestation,loss of canopy cover,request-104-4-0
loss of canopy cover,increased rainfall impact,request-104-4-1
increased rainfall impact,soil erosion,request-104-4-2
soil erosion,sediments entering rivers,request-104-4-3
sediments entering rivers,rivers filled with mud,request-104-4-4
deforestation,increased soil exposure,request-104-5-0
increased soil exposure,soil erosion,request-104-5-1
soil erosion,sediments entering rivers,request-104-5-2
sediments entering rivers,rivers filled with mud,request-104-5-3
deforestation,increased runoff,request-104-6-0
increased runoff,sediment transport,request-104-6-1
sediment transport,sediments entering rivers,request-104-6-2
sediments entering rivers,rivers filled with mud,request-104-6-3
deforestation,increased runoff,request-104-7-0
increased runoff,sediment transport,request-104-7-1
sediment transport,rivers filled with mud,request-104-7-2
deforestation,increased runoff,request-104-8-0
increased runoff,soil erosion,request-104-8-1
soil erosion,sediments entering rivers,request-104-8-2
sediments entering rivers,rivers filled with mud,request-104-8-3
deforestation,land degradation,request-104-9-0
land degradation,soil erosion,request-104-9-1
soil erosion,sediments entering rivers,request-104-9-2
sediments entering rivers,rivers filled with mud,request-104-9-3
deforestation,loss of canopy cover,request-104-10-0
loss of canopy cover,increased rainfall impact,request-104-10-1
increased rainfall impact,soil instability,request-104-10-2
soil instability,landslides,request-104-10-3
landslides,sediments entering rivers,request-104-10-4
sediments entering rivers,rivers filled with mud,request-104-10-5
rise in global temperatures,glacial melting,request-105-0-0
glacial melting,increased river flow,request-105-0-1
increased river flow,erosion of river banks,request-105-0-2
erosion of river banks,rivers filled with mud,request-105-0-3
rise in global temperatures,increased heavy rainfall events,request-105-1-0
increased heavy rainfall events,soil erosion,request-105-1-1
soil erosion,sediment washed into rivers,request-105-1-2
sediment washed into rivers,rivers filled with mud,request-105-1-3
rise in global temperatures,permafrost thawing,request-105-2-0
permafrost thawing,soil destabilization,request-105-2-1
soil destabilization,increased sediment in rivers,request-105-2-2
increased sediment in rivers,rivers filled with mud,request-105-2-3
rise in global temperatures,increased wildfires,request-105-3-0
increased wildfires,deforestation,request-105-3-1
deforestation,loss of vegetation cover,request-105-3-2
loss of vegetation cover,soil erosion,request-105-3-3
soil erosion,rivers filled with mud,request-105-3-4
rise in global temperatures,drought conditions,request-105-4-0
drought conditions,reduced vegetation cover,request-105-4-1
reduced vegetation cover,soil degradation,request-105-4-2
soil degradation,rivers filled with mud,request-105-4-3
rise in global temperatures,sea level rise,request-105-5-0
sea level rise,coastal erosion,request-105-5-1
coastal erosion,sediment displacement,request-105-5-2
sediment displacement,rivers filled with mud,request-105-5-3
rise in global temperatures,desertification,request-105-6-0
desertification,dust storms,request-105-6-1
dust storms,dust deposition in rivers,request-105-6-2
dust deposition in rivers,rivers filled with mud,request-105-6-3
rise in global temperatures,more intense hurricanes,request-105-7-0
more intense hurricanes,flooding events,request-105-7-1
flooding events,soil erosion,request-105-7-2
soil erosion,rivers filled with mud,request-105-7-3
rise in global temperatures,increased agricultural pests,request-105-8-0
increased agricultural pests,expansion of agriculture,request-105-8-1
expansion of agriculture,deforestation,request-105-8-2
deforestation,soil erosion,request-105-8-3
soil erosion,rivers filled with mud,request-105-8-4
rise in global temperatures,loss of permafrost,request-105-9-0
loss of permafrost,land subsidence,request-105-9-1
land subsidence,sediment release into rivers,request-105-9-2
sediment release into rivers,rivers filled with mud,request-105-9-3
melting of glaciers,increased river flow,request-106-0-0
increased river flow,erosion,request-106-0-1
erosion,sediment transport,request-106-0-2
sediment transport,rivers filled with mud,request-106-0-3
melting of glaciers,glacial runoff,request-106-1-0
glacial runoff,sediment deposition,request-106-1-1
sediment deposition,rivers filled with mud,request-106-1-2
melting of glaciers,flooding,request-106-2-0
flooding,soil erosion,request-106-2-1
soil erosion,sediment accumulation,request-106-2-2
sediment accumulation,rivers filled with mud,request-106-2-3
melting of glaciers,vegetation loss,request-106-3-0
vegetation loss,soil erosion,request-106-3-1
soil erosion,sediment deposition,request-106-3-2
sediment deposition,rivers filled with mud,request-106-3-3
melting of glaciers,mudslides,request-106-4-0
mudslides,mud deposition,request-106-4-1
mud deposition,rivers filled with mud,request-106-4-2
melting of glaciers,permafrost thawing,request-106-5-0
permafrost thawing,soil destabilization,request-106-5-1
soil destabilization,sediment flow,request-106-5-2
sediment flow,rivers filled with mud,request-106-5-3
melting of glaciers,river bank erosion,request-106-6-0
river bank erosion,collapse of river banks,request-106-6-1
collapse of river banks,sediment entering rivers,request-106-6-2
sediment entering rivers,rivers filled with mud,request-106-6-3
melting of glaciers,glacial lake outburst floods,request-106-7-0
glacial lake outburst floods,massive erosion,request-106-7-1
massive erosion,sediment deposition downstream,request-106-7-2
sediment deposition downstream,rivers filled with mud,request-106-7-3
melting of glaciers,release of trapped sediment,request-106-8-0
release of trapped sediment,sediment entering rivers,request-106-8-1
sediment entering rivers,rivers filled with mud,request-106-8-2
soil erosion,sediment runoff,request-107-0-0
sediment runoff,rivers filled with mud,request-107-0-1
soil erosion,loss of vegetation cover,request-107-1-0
loss of vegetation cover,increased surface runoff,request-107-1-1
increased surface runoff,sediment deposition in rivers,request-107-1-2
sediment deposition in rivers,rivers filled with mud,request-107-1-3
soil erosion,increased surface runoff,request-107-2-0
increased surface runoff,riverbank erosion,request-107-2-1
riverbank erosion,sediment accumulation,request-107-2-2
sediment accumulation,rivers filled with mud,request-107-2-3
soil erosion,loss of topsoil,request-107-3-0
loss of topsoil,muddy runoff,request-107-3-1
muddy runoff,muddy rivers,request-107-3-2
muddy rivers,rivers filled with mud,request-107-3-3
earthquakes,landslides,request-108-0-0
landslides,mudslides,request-108-0-1
mudslides,rivers filled with mud,request-108-0-2
earthquakes,soil liquefaction,request-108-1-0
soil liquefaction,ground subsidence,request-108-1-1
ground subsidence,increased sediment,request-108-1-2
increased sediment,rivers filled with mud,request-108-1-3
earthquakes,dam failures,request-108-2-0
dam failures,flooding,request-108-2-1
flooding,erosion,request-108-2-2
erosion,rivers filled with mud,request-108-2-3
earthquakes,tsunamis,request-108-3-0
tsunamis,coastal erosion,request-108-3-1
coastal erosion,sediment transport,request-108-3-2
sediment transport,rivers filled with mud,request-108-3-3
earthquakes,volcanic eruptions,request-108-4-0
volcanic eruptions,ashfall,request-108-4-1
ashfall,ash deposits in rivers,request-108-4-2
ash deposits in rivers,rivers filled with mud,request-108-4-3
earthquakes,ground shaking,request-108-5-0
ground shaking,soil erosion,request-108-5-1
soil erosion,sedimentation in rivers,request-108-5-2
sedimentation in rivers,rivers filled with mud,request-108-5-3
earthquakes,building collapses,request-108-6-0
building collapses,debris flow,request-108-6-1
debris flow,river pollution,request-108-6-2
river pollution,rivers filled with mud,request-108-6-3
earthquakes,hill slope failures,request-108-7-0
hill slope failures,mass wasting events,request-108-7-1
mass wasting events,sediment deposition in rivers,request-108-7-2
sediment deposition in rivers,rivers filled with mud,request-108-7-3
earthquakes,increased runoff,request-108-8-0
increased runoff,soil erosion,request-108-8-1
soil erosion,sediment in rivers,request-108-8-2
sediment in rivers,rivers filled with mud,request-108-8-3
earthquakes,fracturing of earth's surface,request-108-9-0
fracturing of earth's surface,mud volcanoes,request-108-9-1
mud volcanoes,mud flows into rivers,request-108-9-2
mud flows into rivers,rivers filled with mud,request-108-9-3
deforestation,soil erosion,request-109-0-0
soil erosion,sedimentation in rivers,request-109-0-1
sedimentation in rivers,canals filled with mud,request-109-0-2
deforestation,loss of tree roots stabilizing soil,request-109-1-0
loss of tree roots stabilizing soil,increased surface runoff,request-109-1-1
increased surface runoff,soil erosion,request-109-1-2
soil erosion,canals filled with mud,request-109-1-3
deforestation,increased runoff,request-109-2-0
increased runoff,increased soil erosion,request-109-2-1
increased soil erosion,sedimentation in canals,request-109-2-2
sedimentation in canals,canals filled with mud,request-109-2-3
deforestation,decreased water absorption by trees,request-109-3-0
decreased water absorption by trees,increased flooding,request-109-3-1
increased flooding,sediment deposition in canals,request-109-3-2
sediment deposition in canals,canals filled with mud,request-109-3-3
deforestation,increased land exposure,request-109-4-0
increased land exposure,soil degradation,request-109-4-1
soil degradation,mudslides,request-109-4-2
mudslides,canals filled with mud,request-109-4-3
deforestation,loss of canopy cover,request-109-5-0
loss of canopy cover,increased raindrop impact on soil,request-109-5-1
increased raindrop impact on soil,soil displacement,request-109-5-2
soil displacement,sediment accumulation in canals,request-109-5-3
sediment accumulation in canals,canals filled with mud,request-109-5-4
deforestation,increased agricultural activities,request-109-6-0
increased agricultural activities,soil disturbance,request-109-6-1
soil disturbance,increased erosion,request-109-6-2
increased erosion,sedimentation in canals,request-109-6-3
sedimentation in canals,canals filled with mud,request-109-6-4
deforestation,loss of vegetation cover,request-109-7-0
loss of vegetation cover,increased wind erosion,request-109-7-1
increased wind erosion,dust deposition in canals,request-109-7-2
dust deposition in canals,canals filled with mud,request-109-7-3
deforestation,habitat destruction,request-109-8-0
habitat destruction,loss of soil-stabilizing organisms,request-109-8-1
loss of soil-stabilizing organisms,soil erosion,request-109-8-2
soil erosion,canals filled with mud,request-109-8-3
deforestation,increased fires,request-109-9-0
increased fires,soil exposure,request-109-9-1
soil exposure,erosion,request-109-9-2
erosion,sediment in canals,request-109-9-3
sediment in canals,canals filled with mud,request-109-9-4
rise in global temperatures,increased rainfall,request-110-0-0
increased rainfall,soil erosion,request-110-0-1
soil erosion,sediment deposition in canals,request-110-0-2
sediment deposition in canals,canals filled with mud,request-110-0-3
rise in global temperatures,melting of glaciers,request-110-1-0
melting of glaciers,increased sediment flow in rivers,request-110-1-1
increased sediment flow in rivers,sediment accumulation in canals,request-110-1-2
sediment accumulation in canals,canals filled with mud,request-110-1-3
rise in global temperatures,more frequent heavy rains,request-110-2-0
more frequent heavy rains,flooding,request-110-2-1
flooding,soil erosion,request-110-2-2
soil erosion,sedimentation in canals,request-110-2-3
sedimentation in canals,canals filled with mud,request-110-2-4
rise in global temperatures,drying of vegetation,request-110-3-0
drying of vegetation,wildfires,request-110-3-1
wildfires,loss of vegetation cover,request-110-3-2
loss of vegetation cover,increased soil erosion,request-110-3-3
increased soil erosion,sedimentation in canals,request-110-3-4
sedimentation in canals,canals filled with mud,request-110-3-5
rise in global temperatures,permafrost melting,request-110-4-0
permafrost melting,landslides,request-110-4-1
landslides,mud flows into canals,request-110-4-2
mud flows into canals,canals filled with mud,request-110-4-3
rise in global temperatures,drought conditions,request-110-5-0
drought conditions,reduced water levels in canals,request-110-5-1
reduced water levels in canals,sediment settling in canals,request-110-5-2
sediment settling in canals,canals filled with mud,request-110-5-3
rise in global temperatures,sea-level rise,request-110-6-0
sea-level rise,increased sedimentation in estuaries,request-110-6-1
increased sedimentation in estuaries,sediment transported into canals,request-110-6-2
sediment transported into canals,canals filled with mud,request-110-6-3
rise in global temperatures,climate change impacts on agriculture,request-110-7-0
climate change impacts on agriculture,deforestation,request-110-7-1
deforestation,soil erosion,request-110-7-2
soil erosion,sediment runoff into canals,request-110-7-3
sediment runoff into canals,canals filled with mud,request-110-7-4
rise in global temperatures,increased storm intensity,request-110-8-0
increased storm intensity,floods,request-110-8-1
floods,sediment transport into canals,request-110-8-2
sediment transport into canals,canals filled with mud,request-110-8-3
rise in global temperatures,increased soil desiccation,request-110-9-0
increased soil desiccation,cracking of soil,request-110-9-1
cracking of soil,soil erosion,request-110-9-2
soil erosion,sediment deposition in canals,request-110-9-3
sediment deposition in canals,canals filled with mud,request-110-9-4
rise in global temperatures,heat stress on vegetation,request-110-10-0
heat stress on vegetation,vegetation die-off,request-110-10-1
vegetation die-off,soil erosion,request-110-10-2
soil erosion,sediment deposition in canals,request-110-10-3
sediment deposition in canals,canals filled with mud,request-110-10-4
rise in global temperatures,changes in precipitation patterns,request-110-11-0
changes in precipitation patterns,intense rainfall events,request-110-11-1
intense rainfall events,soil erosion,request-110-11-2
soil erosion,sediment carried into canals,request-110-11-3
sediment carried into canals,canals filled with mud,request-110-11-4
rise in global temperatures,glacial retreat,request-110-12-0
glacial retreat,unstable slopes,request-110-12-1
unstable slopes,landslides,request-110-12-2
landslides,sediment flows into canals,request-110-12-3
sediment flows into canals,canals filled with mud,request-110-12-4
rise in global temperatures,permafrost thawing,request-110-13-0
permafrost thawing,ground collapse,request-110-13-1
ground collapse,mudslides,request-110-13-2
mudslides,sedimentation in canals,request-110-13-3
sedimentation in canals,canals filled with mud,request-110-13-4
melting of glaciers,increased river flow,request-111-0-0
increased river flow,rivers carrying more sediment,request-111-0-1
rivers carrying more sediment,sedimentation in canals,request-111-0-2
sedimentation in canals,canals filled with mud,request-111-0-3
melting of glaciers,increased erosion upstream,request-111-1-0
increased erosion upstream,increased sediment transport downstream,request-111-1-1
increased sediment transport downstream,sediment deposition in canals,request-111-1-2
sediment deposition in canals,canals filled with mud,request-111-1-3
melting of glaciers,sea level rise,request-111-2-0
sea level rise,flooding of low-lying areas,request-111-2-1
flooding of low-lying areas,sediment accumulation in canals,request-111-2-2
sediment accumulation in canals,canals filled with mud,request-111-2-3
melting of glaciers,glacial lake outburst floods,request-111-3-0
glacial lake outburst floods,sudden sediment surges,request-111-3-1
sudden sediment surges,sediment deposition in canals,request-111-3-2
sediment deposition in canals,canals filled with mud,request-111-3-3
melting of glaciers,changes in river dynamics,request-111-4-0
changes in river dynamics,increased river sediment load,request-111-4-1
increased river sediment load,sediment buildup in canals,request-111-4-2
sediment buildup in canals,canals filled with mud,request-111-4-3
melting of glaciers,exposure of loose soil and rock,request-111-5-0
exposure of loose soil and rock,increased erosion,request-111-5-1
increased erosion,sediment transport to canals,request-111-5-2
sediment transport to canals,canals filled with mud,request-111-5-3
melting of glaciers,increase in glacial runoff,request-111-6-0
increase in glacial runoff,enhanced river scouring,request-111-6-1
enhanced river scouring,mobilization of sediments,request-111-6-2
mobilization of sediments,canals filled with mud,request-111-6-3
melting of glaciers,altered precipitation patterns,request-111-7-0
altered precipitation patterns,increased soil erosion,request-111-7-1
increased soil erosion,sediment flow into canals,request-111-7-2
sediment flow into canals,canals filled with mud,request-111-7-3
soil erosion,increased sediment in rivers,request-112-0-0
increased sediment in rivers,sediment deposition in canals,request-112-0-1
sediment deposition in canals,canals filled with mud,request-112-0-2
soil erosion,mudslides,request-112-1-0
mudslides,mud entering canals,request-112-1-1
mud entering canals,canals filled with mud,request-112-1-2
soil erosion,loss of vegetation cover,request-112-2-0
loss of vegetation cover,increased sediment runoff,request-112-2-1
increased sediment runoff,sediment accumulation in canals,request-112-2-2
sediment accumulation in canals,canals filled with mud,request-112-2-3
soil erosion,sediment-laden floodwaters,request-112-3-0
sediment-laden floodwaters,sediment deposition in canals,request-112-3-1
sediment deposition in canals,canals filled with mud,request-112-3-2
soil erosion,increased runoff,request-112-4-0
increased runoff,sediment transport to canals,request-112-4-1
sediment transport to canals,sediment accumulation in canals,request-112-4-2
sediment accumulation in canals,canals filled with mud,request-112-4-3
soil erosion,river siltation,request-112-5-0
river siltation,reduced river flow,request-112-5-1
reduced river flow,sediment diverted to canals,request-112-5-2
sediment diverted to canals,canals filled with mud,request-112-5-3
soil erosion,degraded land surfaces,request-112-6-0
degraded land surfaces,sediment washed into canals,request-112-6-1
sediment washed into canals,canals filled with mud,request-112-6-2
earthquakes,ground shaking,request-113-0-0
ground shaking,soil liquefaction,request-113-0-1
soil liquefaction,mud flow,request-113-0-2
mud flow,canals filled with mud,request-113-0-3
earthquakes,landslides,request-113-1-0
landslides,sediment deposition in rivers,request-113-1-1
sediment deposition in rivers,sediment transport to canals,request-113-1-2
sediment transport to canals,canals filled with mud,request-113-1-3
earthquakes,dam failure,request-113-2-0
dam failure,flooding,request-113-2-1
flooding,sediment transport,request-113-2-2
sediment transport,canals filled with mud,request-113-2-3
earthquakes,riverbank erosion,request-113-3-0
riverbank erosion,increased sediment load,request-113-3-1
increased sediment load,sediment deposition in canals,request-113-3-2
sediment deposition in canals,canals filled with mud,request-113-3-3
earthquakes,tsunamis,request-113-4-0
tsunamis,coastal flooding,request-113-4-1
coastal flooding,sediment deposition inland,request-113-4-2
sediment deposition inland,canals filled with mud,request-113-4-3
earthquakes,ground fractures,request-113-5-0
ground fractures,release of subterranean mud,request-113-5-1
release of subterranean mud,mud infiltration into canals,request-113-5-2
mud infiltration into canals,canals filled with mud,request-113-5-3
earthquakes,infrastructure damage,request-113-6-0
infrastructure damage,sewage system failure,request-113-6-1
sewage system failure,overflow of waste and sediment,request-113-6-2
overflow of waste and sediment,canals filled with mud,request-113-6-3
earthquakes,uplift of riverbeds,request-113-7-0
uplift of riverbeds,altered river flow,request-113-7-1
altered river flow,sediment diversion to canals,request-113-7-2
sediment diversion to canals,canals filled with mud,request-113-7-3
earthquakes,soil liquefaction,request-113-8-0
soil liquefaction,ground subsidence,request-113-8-1
ground subsidence,slumping of soil into canals,request-113-8-2
slumping of soil into canals,canals filled with mud,request-113-8-3
earthquakes,slope instability,request-113-9-0
slope instability,mass wasting events,request-113-9-1
mass wasting events,debris flow into waterways,request-113-9-2
debris flow into waterways,canals filled with mud,request-113-9-3
deforestation,soil erosion,request-114-0-0
soil erosion,increased sedimentation in rivers,request-114-0-1
increased sedimentation in rivers,sediment accumulation in dam reservoirs,request-114-0-2
sediment accumulation in dam reservoirs,dams filled with mud,request-114-0-3
deforestation,loss of vegetation cover,request-114-1-0
loss of vegetation cover,increased surface runoff,request-114-1-1
increased surface runoff,enhanced riverbank erosion,request-114-1-2
enhanced riverbank erosion,sediment deposition in dams,request-114-1-3
sediment deposition in dams,dams filled with mud,request-114-1-4
deforestation,loss of root systems stabilizing soil,request-114-2-0
loss of root systems stabilizing soil,increased landslides,request-114-2-1
increased landslides,soil deposition into rivers,request-114-2-2
soil deposition into rivers,sediment buildup in dams,request-114-2-3
sediment buildup in dams,dams filled with mud,request-114-2-4
deforestation,reduced evapotranspiration,request-114-3-0
reduced evapotranspiration,increased soil moisture,request-114-3-1
increased soil moisture,accelerated soil erosion,request-114-3-2
accelerated soil erosion,sediment accumulation in dams,request-114-3-3
sediment accumulation in dams,dams filled with mud,request-114-3-4
deforestation,loss of leaf litter,request-114-4-0
loss of leaf litter,soil degradation,request-114-4-1
soil degradation,increased vulnerability to erosion,request-114-4-2
increased vulnerability to erosion,sediment transport to dams,request-114-4-3
sediment transport to dams,dams filled with mud,request-114-4-4
rise in global temperatures,increased glacial melting,request-115-0-0
increased glacial melting,increased river sediment,request-115-0-1
increased river sediment,sediment accumulation in dams,request-115-0-2
sediment accumulation in dams,dams filled with mud,request-115-0-3
rise in global temperatures,increased extreme weather events,request-115-1-0
increased extreme weather events,more heavy rainfall,request-115-1-1
more heavy rainfall,increased soil erosion,request-115-1-2
increased soil erosion,increased sediment in rivers,request-115-1-3
increased sediment in rivers,sediment accumulation in dams,request-115-1-4
sediment accumulation in dams,dams filled with mud,request-115-1-5
rise in global temperatures,increased forest fires,request-115-2-0
increased forest fires,loss of vegetation,request-115-2-1
loss of vegetation,increased soil erosion,request-115-2-2
increased soil erosion,increased sediment in rivers,request-115-2-3
increased sediment in rivers,sediment accumulation in dams,request-115-2-4
sediment accumulation in dams,dams filled with mud,request-115-2-5
rise in global temperatures,permafrost thawing,request-115-3-0
permafrost thawing,soil destabilization,request-115-3-1
soil destabilization,increased soil erosion,request-115-3-2
increased soil erosion,increased sediment in rivers,request-115-3-3
increased sediment in rivers,sediment accumulation in dams,request-115-3-4
sediment accumulation in dams,dams filled with mud,request-115-3-5
rise in global temperatures,changes in precipitation patterns,request-115-4-0
changes in precipitation patterns,increased rainfall in some regions,request-115-4-1
increased rainfall in some regions,increased soil erosion,request-115-4-2
increased soil erosion,increased sediment in rivers,request-115-4-3
increased sediment in rivers,sediment accumulation in dams,request-115-4-4
sediment accumulation in dams,dams filled with mud,request-115-4-5
rise in global temperatures,increased droughts,request-115-5-0
increased droughts,decreased vegetation cover,request-115-5-1
decreased vegetation cover,increased soil erosion,request-115-5-2
increased soil erosion,increased sediment in rivers,request-115-5-3
increased sediment in rivers,sediment accumulation in dams,request-115-5-4
sediment accumulation in dams,dams filled with mud,request-115-5-5
rise in global temperatures,increased pest infestations,request-115-6-0
increased pest infestations,tree die-offs,request-115-6-1
tree die-offs,loss of vegetation cover,request-115-6-2
loss of vegetation cover,increased soil erosion,request-115-6-3
increased soil erosion,increased sediment in rivers,request-115-6-4
increased sediment in rivers,sediment accumulation in dams,request-115-6-5
sediment accumulation in dams,dams filled with mud,request-115-6-6
melting of glaciers,increased river flow,request-116-0-0
increased river flow,accelerated river erosion,request-116-0-1
accelerated river erosion,increased sediment load,request-116-0-2
increased sediment load,sediment deposition in dams,request-116-0-3
sediment deposition in dams,dams filled with mud,request-116-0-4
melting of glaciers,higher water runoff,request-116-1-0
higher water runoff,soil erosion in upstream areas,request-116-1-1
soil erosion in upstream areas,greater sediment transport,request-116-1-2
greater sediment transport,sediment accumulation in reservoirs,request-116-1-3
sediment accumulation in reservoirs,dams filled with mud,request-116-1-4
melting of glaciers,loss of ice cover,request-116-2-0
loss of ice cover,exposure of bare ground,request-116-2-1
exposure of bare ground,erosion of exposed land,request-116-2-2
erosion of exposed land,sediment entering rivers,request-116-2-3
sediment entering rivers,sediment settling in dams,request-116-2-4
sediment settling in dams,dams filled with mud,request-116-2-5
melting of glaciers,altered river dynamics,request-116-3-0
altered river dynamics,increased flooding events,request-116-3-1
increased flooding events,erosion of riverbanks,request-116-3-2
erosion of riverbanks,elevated sediment levels,request-116-3-3
elevated sediment levels,sediment build-up in dams,request-116-3-4
sediment build-up in dams,dams filled with mud,request-116-3-5
melting of glaciers,glacial retreat,request-116-4-0
glacial retreat,destabilization of slopes,request-116-4-1
destabilization of slopes,landslides into rivers,request-116-4-2
landslides into rivers,increased debris flow,request-116-4-3
increased debris flow,blockage of dams with mud,request-116-4-4
blockage of dams with mud,dams filled with mud,request-116-4-5
soil erosion,increased sediment in rivers,request-117-0-0
increased sediment in rivers,sediment accumulation in dams,request-117-0-1
sediment accumulation in dams,dams filled with mud,request-117-0-2
soil erosion,sediment runoff into streams,request-117-1-0
sediment runoff into streams,sediment carried downstream,request-117-1-1
sediment carried downstream,sediment deposits in dams,request-117-1-2
sediment deposits in dams,dams filled with mud,request-117-1-3
soil erosion,mudslides,request-117-2-0
mudslides,sediment influx into rivers,request-117-2-1
sediment influx into rivers,sediment buildup in dams,request-117-2-2
sediment buildup in dams,dams filled with mud,request-117-2-3
soil erosion,loss of vegetation cover,request-117-3-0
loss of vegetation cover,increased surface runoff,request-117-3-1
increased surface runoff,sediment transport to rivers,request-117-3-2
sediment transport to rivers,sediment accumulation in dams,request-117-3-3
sediment accumulation in dams,dams filled with mud,request-117-3-4
soil erosion,increased river turbidity,request-117-4-0
increased river turbidity,sediment settling in reservoirs,request-117-4-1
sediment settling in reservoirs,dams filled with mud,request-117-4-2
soil erosion,sediment pollution of waterways,request-117-5-0
sediment pollution of waterways,sediment deposition in dams,request-117-5-1
sediment deposition in dams,dams filled with mud,request-117-5-2
soil erosion,topsoil entering rivers,request-117-6-0
topsoil entering rivers,sediment accumulation in dam reservoirs,request-117-6-1
sediment accumulation in dam reservoirs,dams filled with mud,request-117-6-2
soil erosion,increased silt in rivers,request-117-7-0
increased silt in rivers,silt deposition in dams,request-117-7-1
silt deposition in dams,dams filled with mud,request-117-7-2
soil erosion,river bank destabilization,request-117-8-0
river bank destabilization,increased landslides,request-117-8-1
increased landslides,sediment discharge into rivers,request-117-8-2
sediment discharge into rivers,sediment accumulation in dams,request-117-8-3
sediment accumulation in dams,dams filled with mud,request-117-8-4
earthquakes,landslides,request-118-0-0
landslides,river sedimentation,request-118-0-1
river sedimentation,sediment accumulation,request-118-0-2
sediment accumulation,dams filled with mud,request-118-0-3
earthquakes,soil liquefaction,request-118-1-0
soil liquefaction,mudflows,request-118-1-1
mudflows,river sedimentation,request-118-1-2
river sedimentation,dams filled with mud,request-118-1-3
earthquakes,riverbank collapse,request-118-2-0
riverbank collapse,increased sediment load,request-118-2-1
increased sediment load,reservoir siltation,request-118-2-2
reservoir siltation,dams filled with mud,request-118-2-3
unplanned urbanization and infrastructure development,increase in impermeable surfaces,request-119-0-0
increase in impermeable surfaces,decreased infiltration,request-119-0-1
decreased infiltration,increased surface runoff,request-119-0-2
increased surface runoff,fast water flow,request-119-0-3
unplanned urbanization and infrastructure development,reduction in vegetation cover,request-119-1-0
reduction in vegetation cover,decreased absorption of rainfall,request-119-1-1
decreased absorption of rainfall,increased surface runoff,request-119-1-2
increased surface runoff,fast water flow,request-119-1-3
unplanned urbanization and infrastructure development,poor drainage systems,request-119-2-0
poor drainage systems,accumulation of water,request-119-2-1
accumulation of water,sudden release of water,request-119-2-2
sudden release of water,fast water flow,request-119-2-3
unplanned urbanization and infrastructure development,alteration of natural waterways,request-119-3-0
alteration of natural waterways,narrowing of water channels,request-119-3-1
narrowing of water channels,increased water velocity,request-119-3-2
increased water velocity,fast water flow,request-119-3-3
unplanned urbanization and infrastructure development,deforestation,request-119-4-0
deforestation,soil erosion,request-119-4-1
soil erosion,sedimentation of rivers,request-119-4-2
sedimentation of rivers,reduced river capacity,request-119-4-3
reduced river capacity,fast water flow,request-119-4-4
unplanned urbanization and infrastructure development,blockage of drainage channels,request-119-5-0
blockage of drainage channels,build-up of water pressure,request-119-5-1
build-up of water pressure,sudden water release,request-119-5-2
sudden water release,fast water flow,request-119-5-3
unplanned urbanization and infrastructure development,encroachment on floodplains,request-119-6-0
encroachment on floodplains,loss of natural water storage,request-119-6-1
loss of natural water storage,increased flood risk,request-119-6-2
increased flood risk,fast water flow,request-119-6-3
unplanned urbanization and infrastructure development,destruction of wetlands,request-119-7-0
destruction of wetlands,loss of water absorption capacity,request-119-7-1
loss of water absorption capacity,increased runoff,request-119-7-2
increased runoff,fast water flow,request-119-7-3
unplanned urbanization and infrastructure development,increased stormwater runoff,request-119-8-0
increased stormwater runoff,overloading of drainage systems,request-119-8-1
overloading of drainage systems,overflowing water,request-119-8-2
overflowing water,fast water flow,request-119-8-3
unplanned urbanization and infrastructure development,construction on steep slopes,request-119-9-0
construction on steep slopes,increased gravitational water flow,request-119-9-1
increased gravitational water flow,fast water flow,request-119-9-2
sports utility vehicle,increased fuel consumption,request-120-0-0
increased fuel consumption,elevated greenhouse gas emissions,request-120-0-1
elevated greenhouse gas emissions,climate change,request-120-0-2
sports utility vehicle,low fuel efficiency,request-120-1-0
low fuel efficiency,higher co2 emissions per mile,request-120-1-1
higher co2 emissions per mile,enhanced greenhouse effect,request-120-1-2
enhanced greenhouse effect,climate change,request-120-1-3
sports utility vehicle,greater vehicle weight,request-120-2-0
greater vehicle weight,increased energy required for movement,request-120-2-1
increased energy required for movement,increased fuel burning,request-120-2-2
increased fuel burning,elevated emissions,request-120-2-3
elevated emissions,climate change,request-120-2-4
sports utility vehicle,larger engines,request-120-3-0
larger engines,greater fuel use,request-120-3-1
greater fuel use,increased greenhouse gas emissions,request-120-3-2
increased greenhouse gas emissions,climate change,request-120-3-3
sports utility vehicle,increased material usage in production,request-120-4-0
increased material usage in production,higher industrial emissions,request-120-4-1
higher industrial emissions,elevated greenhouse gases,request-120-4-2
elevated greenhouse gases,climate change,request-120-4-3
fossil fuels,combustion of fossil fuels,request-121-0-0
combustion of fossil fuels,emission of carbon dioxide,request-121-0-1
emission of carbon dioxide,increase in atmospheric co₂,request-121-0-2
increase in atmospheric co₂,enhanced greenhouse effect,request-121-0-3
enhanced greenhouse effect,global warming,request-121-0-4
global warming,climate change,request-121-0-5
fossil fuels,combustion of fossil fuels,request-121-1-0
combustion of fossil fuels,emission of methane,request-121-1-1
emission of methane,increase in atmospheric methane,request-121-1-2
increase in atmospheric methane,enhanced greenhouse effect,request-121-1-3
enhanced greenhouse effect,global warming,request-121-1-4
global warming,climate change,request-121-1-5
fossil fuels,extraction of fossil fuels,request-121-2-0
extraction of fossil fuels,methane leakage,request-121-2-1
methane leakage,increase in atmospheric methane,request-121-2-2
increase in atmospheric methane,enhanced greenhouse effect,request-121-2-3
enhanced greenhouse effect,global warming,request-121-2-4
global warming,climate change,request-121-2-5
fossil fuels,mining activities,request-121-3-0
mining activities,deforestation,request-121-3-1
deforestation,reduction of carbon sinks,request-121-3-2
reduction of carbon sinks,increase in atmospheric co₂,request-121-3-3
increase in atmospheric co₂,enhanced greenhouse effect,request-121-3-4
enhanced greenhouse effect,global warming,request-121-3-5
global warming,climate change,request-121-3-6
fossil fuels,combustion of fossil fuels,request-121-4-0
combustion of fossil fuels,emission of nitrous oxide,request-121-4-1
emission of nitrous oxide,increase in atmospheric n₂o,request-121-4-2
increase in atmospheric n₂o,enhanced greenhouse effect,request-121-4-3
enhanced greenhouse effect,global warming,request-121-4-4
global warming,climate change,request-121-4-5
fossil fuels,combustion of fossil fuels,request-121-5-0
combustion of fossil fuels,release of black carbon,request-121-5-1
release of black carbon,atmospheric soot accumulation,request-121-5-2
atmospheric soot accumulation,alteration of earth's albedo,request-121-5-3
alteration of earth's albedo,global warming,request-121-5-4
global warming,climate change,request-121-5-5
fossil fuels,combustion of fossil fuels,request-121-6-0
combustion of fossil fuels,emission of sulfur dioxide,request-121-6-1
emission of sulfur dioxide,formation of sulfate aerosols,request-121-6-2
formation of sulfate aerosols,climate forcing,request-121-6-3
climate forcing,climate change,request-121-6-4
fossil fuels,oil spills,request-121-7-0
oil spills,ocean pollution,request-121-7-1
ocean pollution,damage to marine ecosystems,request-121-7-2
damage to marine ecosystems,disruption of carbon cycle,request-121-7-3
disruption of carbon cycle,climate change,request-121-7-4
fossil fuels,use in industrial processes,request-121-8-0
use in industrial processes,industrial greenhouse gas emissions,request-121-8-1
industrial greenhouse gas emissions,increase in atmospheric greenhouse gases,request-121-8-2
increase in atmospheric greenhouse gases,enhanced greenhouse effect,request-121-8-3
enhanced greenhouse effect,global warming,request-121-8-4
global warming,climate change,request-121-8-5
fossil fuels,transportation emissions,request-121-9-0
transportation emissions,air pollution,request-121-9-1
air pollution,atmospheric composition changes,request-121-9-2
atmospheric composition changes,climate change,request-121-9-3
human activity,greenhouse gas emissions,request-122-0-0
greenhouse gas emissions,increased atmospheric co2 levels,request-122-0-1
increased atmospheric co2 levels,enhanced greenhouse effect,request-122-0-2
enhanced greenhouse effect,global warming,request-122-0-3
global warming,climate change,request-122-0-4
human activity,deforestation,request-122-1-0
deforestation,reduced carbon sequestration,request-122-1-1
reduced carbon sequestration,increased atmospheric co2,request-122-1-2
increased atmospheric co2,enhanced greenhouse effect,request-122-1-3
enhanced greenhouse effect,climate change,request-122-1-4
human activity,fossil fuel combustion,request-122-2-0
fossil fuel combustion,co2 emissions,request-122-2-1
co2 emissions,enhanced greenhouse effect,request-122-2-2
enhanced greenhouse effect,climate change,request-122-2-3
human activity,methane emissions,request-122-3-0
methane emissions,increased greenhouse gases,request-122-3-1
increased greenhouse gases,global temperature rise,request-122-3-2
global temperature rise,climate change,request-122-3-3
human activity,agricultural practices,request-122-4-0
agricultural practices,nitrous oxide emissions,request-122-4-1
nitrous oxide emissions,increased greenhouse gases,request-122-4-2
increased greenhouse gases,global warming,request-122-4-3
global warming,climate change,request-122-4-4
human activity,aerosol emissions,request-122-5-0
aerosol emissions,changes in cloud formation,request-122-5-1
changes in cloud formation,altered earth's albedo,request-122-5-2
altered earth's albedo,climate change,request-122-5-3
human activity,industrial pollution,request-122-6-0
industrial pollution,ozone depletion,request-122-6-1
ozone depletion,increased uv radiation,request-122-6-2
increased uv radiation,climate change,request-122-6-3
human activity,ocean acidification,request-122-7-0
ocean acidification,damaged marine ecosystems,request-122-7-1
damaged marine ecosystems,altered carbon cycle,request-122-7-2
altered carbon cycle,climate change,request-122-7-3
human activity,urbanization,request-122-8-0
urbanization,heat island effect,request-122-8-1
heat island effect,global warming,request-122-8-2
global warming,climate change,request-122-8-3
human activity,land-use changes,request-122-9-0
land-use changes,altered earth's albedo,request-122-9-1
altered earth's albedo,changes in energy balance,request-122-9-2
changes in energy balance,climate change,request-122-9-3
human activity,black carbon emissions,request-122-10-0
black carbon emissions,reduced albedo of snow and ice,request-122-10-1
reduced albedo of snow and ice,accelerated melting,request-122-10-2
accelerated melting,sea-level rise,request-122-10-3
sea-level rise,climate change,request-122-10-4
human activity,overfishing,request-122-11-0
overfishing,disruption of marine food chains,request-122-11-1
disruption of marine food chains,impacts on carbon cycle,request-122-11-2
impacts on carbon cycle,climate change,request-122-11-3
climate change,rising temperatures,request-123-0-0
rising temperatures,habitat loss,request-123-0-1
habitat loss,decreased biodiversity,request-123-0-2
decreased biodiversity,species at risk of extinction,request-123-0-3
climate change,ocean warming,request-123-1-0
ocean warming,coral bleaching,request-123-1-1
coral bleaching,destruction of coral reefs,request-123-1-2
destruction of coral reefs,loss of marine habitats,request-123-1-3
loss of marine habitats,species at risk of extinction,request-123-1-4
climate change,melting ice caps,request-123-2-0
melting ice caps,sea level rise,request-123-2-1
sea level rise,coastal habitat flooding,request-123-2-2
coastal habitat flooding,loss of nesting grounds,request-123-2-3
loss of nesting grounds,species at risk of extinction,request-123-2-4
climate change,changes in precipitation patterns,request-123-3-0
changes in precipitation patterns,droughts,request-123-3-1
droughts,reduced freshwater availability,request-123-3-2
reduced freshwater availability,decreased plant growth,request-123-3-3
decreased plant growth,disruption of food chains,request-123-3-4
disruption of food chains,species at risk of extinction,request-123-3-5
climate change,ocean acidification,request-123-4-0
ocean acidification,death of shell-forming organisms,request-123-4-1
death of shell-forming organisms,disruption of marine food webs,request-123-4-2
disruption of marine food webs,collapse of fish populations,request-123-4-3
collapse of fish populations,species at risk of extinction,request-123-4-4
climate change,shift in temperature zones,request-123-5-0
shift in temperature zones,species migration,request-123-5-1
species migration,invasive species introduction,request-123-5-2
invasive species introduction,competition with native species,request-123-5-3
competition with native species,native species decline,request-123-5-4
native species decline,species at risk of extinction,request-123-5-5
climate change,extreme weather events,request-123-6-0
extreme weather events,forest fires,request-123-6-1
forest fires,loss of forest habitats,request-123-6-2
loss of forest habitats,decline of forest species,request-123-6-3
decline of forest species,species at risk of extinction,request-123-6-4
climate change,earlier seasonal changes,request-123-7-0
earlier seasonal changes,mismatched reproductive cycles,request-123-7-1
mismatched reproductive cycles,population decline,request-123-7-2
population decline,species at risk of extinction,request-123-7-3
climate change,permafrost thawing,request-123-8-0
permafrost thawing,release of greenhouse gases,request-123-8-1
release of greenhouse gases,accelerated warming,request-123-8-2
accelerated warming,further habitat changes,request-123-8-3
further habitat changes,species at risk of extinction,request-123-8-4
climate change,changes in ocean currents,request-123-9-0
changes in ocean currents,altered nutrient distribution,request-123-9-1
altered nutrient distribution,reduced plankton populations,request-123-9-2
reduced plankton populations,impact on marine food webs,request-123-9-3
impact on marine food webs,species at risk of extinction,request-123-9-4
climate change,rising temperatures,request-123-10-0
rising temperatures,spread of diseases,request-123-10-1
spread of diseases,disease outbreaks in wildlife,request-123-10-2
disease outbreaks in wildlife,population declines,request-123-10-3
population declines,species at risk of extinction,request-123-10-4
climate change,altered migration patterns,request-123-11-0
altered migration patterns,disrupted breeding cycles,request-123-11-1
disrupted breeding cycles,reduced offspring survival,request-123-11-2
reduced offspring survival,species at risk of extinction,request-123-11-3
climate change,extreme weather events,request-123-12-0
extreme weather events,floods,request-123-12-1
floods,habitat destruction,request-123-12-2
habitat destruction,loss of species,request-123-12-3
loss of species,species at risk of extinction,request-123-12-4
climate change,desertification,request-123-13-0
desertification,loss of arable land,request-123-13-1
loss of arable land,reduced food availability,request-123-13-2
reduced food availability,starvation of wildlife,request-123-13-3
starvation of wildlife,species at risk of extinction,request-123-13-4
climate change,ocean deoxygenation,request-123-14-0
ocean deoxygenation,dead zones,request-123-14-1
dead zones,marine life suffocation,request-123-14-2
marine life suffocation,species at risk of extinction,request-123-14-3
excess of co2,increased photosynthesis rate,request-124-0-0
increased photosynthesis rate,accumulation of carbohydrates,request-124-0-1
accumulation of carbohydrates,increased cell wall synthesis,request-124-0-2
increased cell wall synthesis,thickening of plants' leaves,request-124-0-3
excess of co2,reduced stomatal conductance,request-124-1-0
reduced stomatal conductance,decreased transpiration rate,request-124-1-1
decreased transpiration rate,increased leaf water content,request-124-1-2
increased leaf water content,cell expansion,request-124-1-3
cell expansion,thickening of plants' leaves,request-124-1-4
excess of co2,changes in plant hormone levels,request-124-2-0
changes in plant hormone levels,altered cell division,request-124-2-1
altered cell division,changes in leaf anatomy,request-124-2-2
changes in leaf anatomy,thickening of plants' leaves,request-124-2-3
excess of co2,altered gene expression,request-124-3-0
altered gene expression,upregulation of structural proteins,request-124-3-1
upregulation of structural proteins,increased leaf tissue density,request-124-3-2
increased leaf tissue density,thickening of plants' leaves,request-124-3-3
excess of co2,enhanced carbohydrate allocation to leaves,request-124-4-0
enhanced carbohydrate allocation to leaves,increased leaf dry mass,request-124-4-1
increased leaf dry mass,thickening of plants' leaves,request-124-4-2
excess of co2,increased production of secondary metabolites,request-124-5-0
increased production of secondary metabolites,accumulation of structural compounds,request-124-5-1
accumulation of structural compounds,thickening of plants' leaves,request-124-5-2
thickening of plants' leaves,blockage of stomata,request-125-0-0
blockage of stomata,reduced gas exchange,request-125-0-1
reduced gas exchange,oxygen deficiency,request-125-0-2
oxygen deficiency,suffocation of the plants,request-125-0-3
thickening of plants' leaves,reduced transpiration,request-125-1-0
reduced transpiration,decreased water uptake,request-125-1-1
decreased water uptake,dehydration of plants,request-125-1-2
dehydration of plants,suffocation of the plants,request-125-1-3
thickening of plants' leaves,reduced photosynthesis,request-125-2-0
reduced photosynthesis,energy deficiency,request-125-2-1
energy deficiency,failure of metabolic processes,request-125-2-2
failure of metabolic processes,suffocation of the plants,request-125-2-3
thickening of plants' leaves,increased leaf thickness,request-125-3-0
increased leaf thickness,reduced co₂ uptake,request-125-3-1
reduced co₂ uptake,photosynthetic inhibition,request-125-3-2
photosynthetic inhibition,suffocation of the plants,request-125-3-3
thickening of plants' leaves,increased internal leaf resistance,request-125-4-0
increased internal leaf resistance,impaired gas diffusion,request-125-4-1
impaired gas diffusion,accumulation of toxic gases,request-125-4-2
accumulation of toxic gases,suffocation of the plants,request-125-4-3
thickening of plants' leaves,altered leaf physiology,request-125-5-0
altered leaf physiology,disruption of gas exchange,request-125-5-1
disruption of gas exchange,reduced oxygen supply,request-125-5-2
reduced oxygen supply,suffocation of the plants,request-125-5-3
thickening of plants' leaves,increased leaf density,request-125-6-0
increased leaf density,inhibition of light penetration,request-125-6-1
inhibition of light penetration,decreased photosynthesis,request-125-6-2
decreased photosynthesis,energy shortage,request-125-6-3
energy shortage,suffocation of the plants,request-125-6-4
thickening of plants' leaves,reduced stomatal aperture,request-125-7-0
reduced stomatal aperture,impaired transpiration,request-125-7-1
impaired transpiration,reduced nutrient uptake,request-125-7-2
reduced nutrient uptake,nutrient deficiency,request-125-7-3
nutrient deficiency,plant stress,request-125-7-4
plant stress,suffocation of the plants,request-125-7-5
thickening of plants' leaves,accumulation of waxy layers,request-125-8-0
accumulation of waxy layers,reduced permeability,request-125-8-1
reduced permeability,impaired gas exchange,request-125-8-2
impaired gas exchange,suffocation of the plants,request-125-8-3
thickening of plants' leaves,increased energy expenditure on leaf growth,request-125-9-0
increased energy expenditure on leaf growth,energy depletion for root growth,request-125-9-1
energy depletion for root growth,reduced root development,request-125-9-2
reduced root development,impaired water and nutrient uptake,request-125-9-3
impaired water and nutrient uptake,plant stress,request-125-9-4
plant stress,suffocation of the plants,request-125-9-5
thickening of plants' leaves,increased demand for nutrients,request-125-10-0
increased demand for nutrients,depletion of soil nutrients,request-125-10-1
depletion of soil nutrients,nutrient deficiency in plant,request-125-10-2
nutrient deficiency in plant,impaired metabolic functions,request-125-10-3
impaired metabolic functions,suffocation of the plants,request-125-10-4
thickening of plants' leaves,changes in leaf anatomy,request-125-11-0
changes in leaf anatomy,increased resistance to gas exchange,request-125-11-1
increased resistance to gas exchange,hypoxia in plant tissues,request-125-11-2
hypoxia in plant tissues,suffocation of the plants,request-125-11-3
co₂ emissions,increased atmospheric co₂ concentration,request-126-0-0
increased atmospheric co₂ concentration,increased co₂ absorption by oceans,request-126-0-1
increased co₂ absorption by oceans,formation of carbonic acid in seawater,request-126-0-2
formation of carbonic acid in seawater,decrease in ocean ph levels,request-126-0-3
decrease in ocean ph levels,ocean acidification,request-126-0-4
co₂ emissions,formation of acid rain,request-126-1-0
formation of acid rain,deposition of acid rain into oceans,request-126-1-1
deposition of acid rain into oceans,ocean acidification,request-126-1-2
increase in atmospheric co₂,uptake of co₂ by oceans,request-127-0-0
uptake of co₂ by oceans,formation of carbonic acid,request-127-0-1
formation of carbonic acid,decrease in ocean ph,request-127-0-2
increase in atmospheric co₂,dissolution of co₂ in seawater,request-127-1-0
dissolution of co₂ in seawater,release of hydrogen ions,request-127-1-1
release of hydrogen ions,ocean acidification,request-127-1-2
increase in atmospheric co₂,shift in ocean carbonate chemistry,request-127-2-0
shift in ocean carbonate chemistry,decrease in carbonate ion concentration,request-127-2-1
decrease in carbonate ion concentration,impaired calcification in marine organisms,request-127-2-2
impaired calcification in marine organisms,ocean acidification,request-127-2-3
increase in atmospheric co₂,enhanced greenhouse effect,request-127-3-0
enhanced greenhouse effect,global warming,request-127-3-1
global warming,melting of polar ice caps,request-127-3-2
melting of polar ice caps,freshwater influx into oceans,request-127-3-3
freshwater influx into oceans,alteration of ocean salinity and chemistry,request-127-3-4
alteration of ocean salinity and chemistry,ocean acidification,request-127-3-5
increase in atmospheric co₂,increased plant growth on land,request-127-4-0
increased plant growth on land,increased agricultural runoff,request-127-4-1
increased agricultural runoff,nutrient enrichment of marine waters,request-127-4-2
nutrient enrichment of marine waters,algal blooms,request-127-4-3
algal blooms,decomposition releasing co₂ in oceans,request-127-4-4
decomposition releasing co₂ in oceans,ocean acidification,request-127-4-5
increase in atmospheric co₂,ocean warming,request-127-5-0
ocean warming,reduced solubility of co₂ in warmer water,request-127-5-1
reduced solubility of co₂ in warmer water,accumulation of co₂ in surface waters,request-127-5-2
accumulation of co₂ in surface waters,ocean acidification,request-127-5-3
increase in atmospheric co₂,ocean stratification,request-127-6-0
ocean stratification,reduced mixing of surface and deep waters,request-127-6-1
reduced mixing of surface and deep waters,decrease in upwelling of alkaline waters,request-127-6-2
decrease in upwelling of alkaline waters,lower buffering capacity of oceans,request-127-6-3
lower buffering capacity of oceans,ocean acidification,request-127-6-4
fossil fuels,burning of fossil fuels,request-128-0-0
burning of fossil fuels,increase in atmospheric co2,request-128-0-1
increase in atmospheric co2,global warming,request-128-0-2
global warming,increased soil organic matter decomposition,request-128-0-3
increased soil organic matter decomposition,depletion of ground carbon,request-128-0-4
fossil fuels,burning of fossil fuels,request-128-1-0
burning of fossil fuels,increase in atmospheric co2,request-128-1-1
increase in atmospheric co2,global warming,request-128-1-2
global warming,permafrost thawing,request-128-1-3
permafrost thawing,release of soil carbon,request-128-1-4
release of soil carbon,depletion of ground carbon,request-128-1-5
fossil fuels,burning of fossil fuels,request-128-2-0
burning of fossil fuels,global warming,request-128-2-1
global warming,increased frequency of wildfires,request-128-2-2
increased frequency of wildfires,combustion of soil organic matter,request-128-2-3
combustion of soil organic matter,depletion of ground carbon,request-128-2-4
fossil fuels,burning of fossil fuels,request-128-3-0
burning of fossil fuels,climate change,request-128-3-1
climate change,extreme weather events,request-128-3-2
extreme weather events,soil erosion,request-128-3-3
soil erosion,loss of soil carbon,request-128-3-4
loss of soil carbon,depletion of ground carbon,request-128-3-5
fossil fuels,burning of fossil fuels,request-128-4-0
burning of fossil fuels,climate change,request-128-4-1
climate change,droughts,request-128-4-2
droughts,plant death,request-128-4-3
plant death,reduced plant input to soil,request-128-4-4
reduced plant input to soil,depletion of ground carbon,request-128-4-5
fossil fuels,extraction of fossil fuels,request-128-5-0
extraction of fossil fuels,land disturbance,request-128-5-1
land disturbance,soil erosion,request-128-5-2
soil erosion,loss of soil carbon,request-128-5-3
loss of soil carbon,depletion of ground carbon,request-128-5-4
fossil fuels,extraction of fossil fuels,request-128-6-0
extraction of fossil fuels,deforestation,request-128-6-1
deforestation,reduced plant input to soil,request-128-6-2
reduced plant input to soil,depletion of ground carbon,request-128-6-3
fossil fuels,extraction of fossil fuels,request-128-7-0
extraction of fossil fuels,topsoil removal,request-128-7-1
topsoil removal,loss of soil organic matter,request-128-7-2
loss of soil organic matter,depletion of ground carbon,request-128-7-3
fossil fuels,oil spills,request-128-8-0
oil spills,soil contamination,request-128-8-1
soil contamination,death of soil biota,request-128-8-2
death of soil biota,reduced soil carbon sequestration,request-128-8-3
reduced soil carbon sequestration,depletion of ground carbon,request-128-8-4
fossil fuels,burning of fossil fuels,request-128-9-0
burning of fossil fuels,emission of sulfur dioxide,request-128-9-1
emission of sulfur dioxide,acid rain,request-128-9-2
acid rain,soil acidification,request-128-9-3
soil acidification,loss of soil biota,request-128-9-4
loss of soil biota,depletion of ground carbon,request-128-9-5
climate change,increased frequency of extreme weather events,request-129-0-0
increased frequency of extreme weather events,higher risk of property damage,request-129-0-1
higher risk of property damage,increased insurance claims,request-129-0-2
increased insurance claims,higher insurance premiums,request-129-0-3
higher insurance premiums,increase in homeowner spending on insurance premiums,request-129-0-4
climate change,sea-level rise,request-129-1-0
sea-level rise,increased risk of coastal flooding,request-129-1-1
increased risk of coastal flooding,greater property damage,request-129-1-2
greater property damage,higher insurance payouts,request-129-1-3
higher insurance payouts,increase in homeowner spending on insurance premiums,request-129-1-4
climate change,more intense hurricanes,request-129-2-0
more intense hurricanes,significant property destruction,request-129-2-1
significant property destruction,increased insurance losses,request-129-2-2
increased insurance losses,elevation of insurance premiums,request-129-2-3
elevation of insurance premiums,increase in homeowner spending on insurance premiums,request-129-2-4
climate change,higher temperatures,request-129-3-0
higher temperatures,increased risk of wildfires,request-129-3-1
increased risk of wildfires,extensive property damage,request-129-3-2
extensive property damage,greater insurance claims,request-129-3-3
greater insurance claims,increase in homeowner spending on insurance premiums,request-129-3-4
climate change,melting polar ice caps,request-129-4-0
melting polar ice caps,rising sea levels,request-129-4-1
rising sea levels,erosion of coastal properties,request-129-4-2
erosion of coastal properties,higher insurance risks,request-129-4-3
higher insurance risks,increase in homeowner spending on insurance premiums,request-129-4-4
climate change,increased rainfall,request-129-5-0
increased rainfall,frequent flooding,request-129-5-1
frequent flooding,damage to homes,request-129-5-2
damage to homes,higher insurance payouts,request-129-5-3
higher insurance payouts,increase in homeowner spending on insurance premiums,request-129-5-4
climate change,extended drought periods,request-129-6-0
extended drought periods,soil subsidence,request-129-6-1
soil subsidence,structural damage to buildings,request-129-6-2
structural damage to buildings,increased insurance claims,request-129-6-3
increased insurance claims,increase in homeowner spending on insurance premiums,request-129-6-4
climate change,changing weather patterns,request-129-7-0
changing weather patterns,unpredictable natural disasters,request-129-7-1
unpredictable natural disasters,uncertainty in risk assessment,request-129-7-2
uncertainty in risk assessment,insurance companies raising premiums,request-129-7-3
insurance companies raising premiums,increase in homeowner spending on insurance premiums,request-129-7-4
humans' waste of resources,increased production demand,request-130-0-0
increased production demand,higher energy consumption,request-130-0-1
higher energy consumption,increased fossil fuel burning,request-130-0-2
increased fossil fuel burning,higher co₂ emissions,request-130-0-3
higher co₂ emissions,climate change,request-130-0-4
humans' waste of resources,excess landfill waste,request-130-1-0
excess landfill waste,methane emissions from decomposing waste,request-130-1-1
methane emissions from decomposing waste,enhanced greenhouse effect,request-130-1-2
enhanced greenhouse effect,climate change,request-130-1-3
humans' waste of resources,increased resource extraction,request-130-2-0
increased resource extraction,deforestation,request-130-2-1
deforestation,reduced carbon sequestration,request-130-2-2
reduced carbon sequestration,increased atmospheric co₂,request-130-2-3
increased atmospheric co₂,climate change,request-130-2-4
humans' waste of resources,plastic pollution,request-130-3-0
plastic pollution,harm to marine ecosystems,request-130-3-1
harm to marine ecosystems,reduced oceanic co₂ absorption,request-130-3-2
reduced oceanic co₂ absorption,increased atmospheric co₂,request-130-3-3
increased atmospheric co₂,climate change,request-130-3-4
humans' waste of resources,overconsumption,request-130-4-0
overconsumption,increased manufacturing,request-130-4-1
increased manufacturing,higher industrial emissions,request-130-4-2
higher industrial emissions,climate change,request-130-4-3
humans' waste of resources,increased mining activities,request-130-5-0
increased mining activities,land degradation,request-130-5-1
land degradation,release of soil carbon,request-130-5-2
release of soil carbon,higher atmospheric co₂,request-130-5-3
higher atmospheric co₂,climate change,request-130-5-4
humans' waste of resources,water pollution,request-130-6-0
water pollution,eutrophication,request-130-6-1
eutrophication,algal blooms,request-130-6-2
algal blooms,methane production,request-130-6-3
methane production,increased greenhouse gases,request-130-6-4
increased greenhouse gases,climate change,request-130-6-5
humans' waste of resources,increased use of fertilizers,request-130-7-0
increased use of fertilizers,nitrous oxide emissions,request-130-7-1
nitrous oxide emissions,greenhouse gas accumulation,request-130-7-2
greenhouse gas accumulation,climate change,request-130-7-3
humans' waste of resources,loss of biodiversity,request-130-8-0
loss of biodiversity,ecosystem imbalance,request-130-8-1
ecosystem imbalance,disruption of carbon cycle,request-130-8-2
disruption of carbon cycle,climate change,request-130-8-3
humans' waste of resources,ocean pollution,request-130-9-0
ocean pollution,damage to phytoplankton populations,request-130-9-1
damage to phytoplankton populations,reduced co₂ absorption by oceans,request-130-9-2
reduced co₂ absorption by oceans,increased atmospheric co₂,request-130-9-3
increased atmospheric co₂,climate change,request-130-9-4
humans' waste of energy,increased energy consumption,request-131-0-0
increased energy consumption,higher fossil fuel burning,request-131-0-1
higher fossil fuel burning,elevated greenhouse gas emissions,request-131-0-2
elevated greenhouse gas emissions,enhanced greenhouse effect,request-131-0-3
enhanced greenhouse effect,global warming,request-131-0-4
global warming,climate change,request-131-0-5
humans' waste of energy,increased electrical demand,request-131-1-0
increased electrical demand,expansion of power plants,request-131-1-1
expansion of power plants,more carbon dioxide emissions,request-131-1-2
more carbon dioxide emissions,rising atmospheric co2 levels,request-131-1-3
rising atmospheric co2 levels,global temperature rise,request-131-1-4
global temperature rise,climate change,request-131-1-5
humans' waste of energy,inefficient energy use,request-131-2-0
inefficient energy use,greater resource extraction,request-131-2-1
greater resource extraction,deforestation for fuel,request-131-2-2
deforestation for fuel,loss of carbon sinks,request-131-2-3
loss of carbon sinks,higher greenhouse gas concentrations,request-131-2-4
higher greenhouse gas concentrations,climate change,request-131-2-5
humans' waste of energy,increased industrial activity,request-131-3-0
increased industrial activity,elevated pollution levels,request-131-3-1
elevated pollution levels,atmospheric composition changes,request-131-3-2
atmospheric composition changes,disruption of climate systems,request-131-3-3
disruption of climate systems,climate change,request-131-3-4
humans' waste of energy,excessive heat release,request-131-4-0
excessive heat release,urban heat islands,request-131-4-1
urban heat islands,altered weather patterns,request-131-4-2
altered weather patterns,extreme climate events,request-131-4-3
extreme climate events,climate change,request-131-4-4
humans' waste of energy,greater methane emissions,request-131-5-0
greater methane emissions,enhanced greenhouse gas effect,request-131-5-1
enhanced greenhouse gas effect,global warming acceleration,request-131-5-2
global warming acceleration,climate change,request-131-5-3
humans' waste of fossil fuels,increased greenhouse gas emissions,request-132-0-0
increased greenhouse gas emissions,enhanced greenhouse effect,request-132-0-1
enhanced greenhouse effect,global warming,request-132-0-2
global warming,climate change,request-132-0-3
humans' waste of fossil fuels,increased atmospheric co2 levels,request-132-1-0
increased atmospheric co2 levels,global warming,request-132-1-1
global warming,climate change,request-132-1-2
humans' waste of fossil fuels,methane emissions,request-132-2-0
methane emissions,increased atmospheric methane,request-132-2-1
increased atmospheric methane,enhanced greenhouse effect,request-132-2-2
enhanced greenhouse effect,climate change,request-132-2-3
humans' waste of fossil fuels,black carbon emissions,request-132-3-0
black carbon emissions,deposition on snow and ice,request-132-3-1
deposition on snow and ice,decreased albedo,request-132-3-2
decreased albedo,accelerated ice melt,request-132-3-3
accelerated ice melt,climate change,request-132-3-4
humans' waste of fossil fuels,increased greenhouse gas emissions,request-132-4-0
increased greenhouse gas emissions,global warming,request-132-4-1
global warming,increased atmospheric water vapor,request-132-4-2
increased atmospheric water vapor,enhanced greenhouse effect,request-132-4-3
enhanced greenhouse effect,climate change,request-132-4-4
humans' waste of fossil fuels,increased co₂ absorption by oceans,request-132-5-0
increased co₂ absorption by oceans,ocean acidification,request-132-5-1
ocean acidification,disrupted marine ecosystems,request-132-5-2
disrupted marine ecosystems,altered carbon sequestration,request-132-5-3
altered carbon sequestration,increased atmospheric co₂ levels,request-132-5-4
increased atmospheric co₂ levels,climate change,request-132-5-5
humans' waste of fossil fuels,extraction and burning of fossil fuels,request-132-6-0
extraction and burning of fossil fuels,deforestation and land use change,request-132-6-1
deforestation and land use change,reduced carbon sinks,request-132-6-2
reduced carbon sinks,increased atmospheric co₂ levels,request-132-6-3
increased atmospheric co₂ levels,climate change,request-132-6-4
humans' waste of resources,environmental degradation,request-133-0-0
environmental degradation,loss of habitats,request-133-0-1
loss of habitats,increased human-animal interactions,request-133-0-2
increased human-animal interactions,zoonotic disease transmission,request-133-0-3
zoonotic disease transmission,pandemics,request-133-0-4
humans' waste of resources,pollution,request-133-1-0
pollution,weakened ecosystems,request-133-1-1
weakened ecosystems,increased disease vectors,request-133-1-2
increased disease vectors,spread of infectious diseases,request-133-1-3
spread of infectious diseases,pandemics,request-133-1-4
humans' waste of resources,climate change,request-133-2-0
climate change,permafrost melting,request-133-2-1
permafrost melting,release of ancient pathogens,request-133-2-2
release of ancient pathogens,exposure to new diseases,request-133-2-3
exposure to new diseases,pandemics,request-133-2-4
humans' waste of resources,ocean pollution,request-133-3-0
ocean pollution,reduction in biodiversity,request-133-3-1
reduction in biodiversity,disruption of natural pathogen control,request-133-3-2
disruption of natural pathogen control,emergence of new diseases,request-133-3-3
emergence of new diseases,pandemics,request-133-3-4
humans' waste of resources,deforestation,request-133-4-0
deforestation,wildlife displacement,request-133-4-1
wildlife displacement,increased contact with disease reservoirs,request-133-4-2
increased contact with disease reservoirs,disease spillover to humans,request-133-4-3
disease spillover to humans,pandemics,request-133-4-4
humans' waste of resources,overuse of antibiotics in livestock,request-133-5-0
overuse of antibiotics in livestock,antibiotic resistance development,request-133-5-1
antibiotic resistance development,spread of antibiotic-resistant bacteria,request-133-5-2
spread of antibiotic-resistant bacteria,global health threats,request-133-5-3
global health threats,pandemics,request-133-5-4
humans' waste of resources,increased landfill use,request-133-6-0
increased landfill use,rodent population growth,request-133-6-1
rodent population growth,rodents as disease carriers,request-133-6-2
rodents as disease carriers,increased disease transmission,request-133-6-3
increased disease transmission,pandemics,request-133-6-4
humans' waste of resources,contamination of water sources,request-133-7-0
contamination of water sources,spread of waterborne diseases,request-133-7-1
spread of waterborne diseases,wide-scale disease outbreaks,request-133-7-2
wide-scale disease outbreaks,pandemics,request-133-7-3
humans' waste of resources,accumulation of plastic waste,request-133-8-0
accumulation of plastic waste,microplastic pollution,request-133-8-1
microplastic pollution,disruption of microbial ecosystems,request-133-8-2
disruption of microbial ecosystems,emergence of new pathogens,request-133-8-3
emergence of new pathogens,pandemics,request-133-8-4
humans' waste of resources,urban overcrowding,request-133-9-0
urban overcrowding,poor sanitation conditions,request-133-9-1
poor sanitation conditions,increased disease transmission,request-133-9-2
increased disease transmission,pandemics,request-133-9-3
humans' waste of energy,increased greenhouse gas emissions,request-134-0-0
increased greenhouse gas emissions,global warming,request-134-0-1
global warming,climate change,request-134-0-2
climate change,habitat loss,request-134-0-3
habitat loss,wildlife displacement,request-134-0-4
wildlife displacement,increased human-wildlife interaction,request-134-0-5
increased human-wildlife interaction,transmission of zoonotic diseases,request-134-0-6
transmission of zoonotic diseases,pandemics,request-134-0-7
humans' waste of energy,climate change,request-134-1-0
climate change,melting of permafrost,request-134-1-1
melting of permafrost,release of ancient pathogens,request-134-1-2
release of ancient pathogens,pandemics,request-134-1-3
humans' waste of energy,climate change,request-134-2-0
climate change,changes in vector habitats,request-134-2-1
changes in vector habitats,spread of vector-borne diseases,request-134-2-2
spread of vector-borne diseases,pandemics,request-134-2-3
humans' waste of energy,air pollution,request-134-3-0
air pollution,health deterioration,request-134-3-1
health deterioration,reduced immunity,request-134-3-2
reduced immunity,increased infection rates,request-134-3-3
increased infection rates,pandemics,request-134-3-4
humans' waste of energy,environmental degradation,request-134-4-0
environmental degradation,loss of biodiversity,request-134-4-1
loss of biodiversity,emergence of novel pathogens,request-134-4-2
emergence of novel pathogens,pandemics,request-134-4-3
humans' waste of energy,global warming,request-134-5-0
global warming,extreme weather events,request-134-5-1
extreme weather events,displacement of populations,request-134-5-2
displacement of populations,overcrowding,request-134-5-3
overcrowding,increased disease transmission,request-134-5-4
increased disease transmission,pandemics,request-134-5-5
humans' waste of energy,climate change,request-134-6-0
climate change,ocean warming,request-134-6-1
ocean warming,harmful algal blooms,request-134-6-2
harmful algal blooms,toxins in seafood,request-134-6-3
toxins in seafood,health hazards,request-134-6-4
health hazards,pandemics,request-134-6-5
humans' waste of energy,increased energy demands,request-134-7-0
increased energy demands,expansion of industrial activities,request-134-7-1
expansion of industrial activities,deforestation,request-134-7-2
deforestation,encroachment into wildlife habitats,request-134-7-3
encroachment into wildlife habitats,increased human-wildlife contact,request-134-7-4
increased human-wildlife contact,spread of zoonotic diseases,request-134-7-5
spread of zoonotic diseases,pandemics,request-134-7-6
humans' waste of energy,fossil fuel consumption,request-134-8-0
fossil fuel consumption,air pollution,request-134-8-1
air pollution,antimicrobial resistance,request-134-8-2
antimicrobial resistance,drug-resistant pathogens,request-134-8-3
drug-resistant pathogens,pandemics,request-134-8-4
humans' waste of energy,resource depletion,request-134-9-0
resource depletion,societal stress,request-134-9-1
societal stress,breakdown of healthcare systems,request-134-9-2
breakdown of healthcare systems,ineffective disease control,request-134-9-3
ineffective disease control,pandemics,request-134-9-4
humans' waste of fossil fuels,increased greenhouse gas emissions,request-135-0-0
increased greenhouse gas emissions,global warming,request-135-0-1
global warming,climate change,request-135-0-2
climate change,habitat destruction,request-135-0-3
habitat destruction,loss of biodiversity,request-135-0-4
loss of biodiversity,increased zoonotic disease transmission,request-135-0-5
increased zoonotic disease transmission,pandemics,request-135-0-6
humans' waste of fossil fuels,increased air pollution,request-135-1-0
increased air pollution,respiratory problems in humans,request-135-1-1
respiratory problems in humans,compromised immune systems,request-135-1-2
compromised immune systems,greater susceptibility to infections,request-135-1-3
greater susceptibility to infections,pandemics,request-135-1-4
humans' waste of fossil fuels,climate change,request-135-2-0
climate change,melting permafrost,request-135-2-1
melting permafrost,release of ancient pathogens,request-135-2-2
release of ancient pathogens,human exposure to new diseases,request-135-2-3
human exposure to new diseases,pandemics,request-135-2-4
humans' waste of fossil fuels,climate change,request-135-3-0
climate change,altered migration patterns of animals,request-135-3-1
altered migration patterns of animals,increased human-wildlife contact,request-135-3-2
increased human-wildlife contact,transmission of zoonotic diseases,request-135-3-3
transmission of zoonotic diseases,pandemics,request-135-3-4
humans' waste of fossil fuels,ocean warming,request-135-4-0
ocean warming,coral reef bleaching,request-135-4-1
coral reef bleaching,loss of marine biodiversity,request-135-4-2
loss of marine biodiversity,decreased food security,request-135-4-3
decreased food security,malnutrition in humans,request-135-4-4
malnutrition in humans,weakened immune systems,request-135-4-5
weakened immune systems,pandemics,request-135-4-6
humans' waste of fossil fuels,deterioration of air quality,request-135-5-0
deterioration of air quality,respiratory illnesses,request-135-5-1
respiratory illnesses,overburdened healthcare systems,request-135-5-2
overburdened healthcare systems,increased spread of communicable diseases,request-135-5-3
increased spread of communicable diseases,pandemics,request-135-5-4
humans' waste of fossil fuels,deforestation,request-135-6-0
deforestation,loss of natural habitats,request-135-6-1
loss of natural habitats,displaced wildlife,request-135-6-2
displaced wildlife,increased human-wildlife interactions,request-135-6-3
increased human-wildlife interactions,transmission of zoonotic diseases,request-135-6-4
transmission of zoonotic diseases,pandemics,request-135-6-5
humans' waste of fossil fuels,climate change,request-135-7-0
climate change,extreme weather events,request-135-7-1
extreme weather events,displacement of populations,request-135-7-2
displacement of populations,overcrowded living conditions,request-135-7-3
overcrowded living conditions,rapid spread of infectious diseases,request-135-7-4
rapid spread of infectious diseases,pandemics,request-135-7-5
humans' waste of fossil fuels,acid rain,request-135-8-0
acid rain,soil degradation,request-135-8-1
soil degradation,reduced agricultural productivity,request-135-8-2
reduced agricultural productivity,food shortages,request-135-8-3
food shortages,malnutrition,request-135-8-4
malnutrition,weakened immune systems,request-135-8-5
weakened immune systems,pandemics,request-135-8-6
humans' waste of resources,depletion of natural resources,request-136-0-0
depletion of natural resources,resource scarcity,request-136-0-1
resource scarcity,higher production costs,request-136-0-2
higher production costs,increased prices,request-136-0-3
increased prices,inflation,request-136-0-4
humans' waste of resources,environmental degradation,request-136-1-0
environmental degradation,reduced agricultural output,request-136-1-1
reduced agricultural output,food scarcity,request-136-1-2
food scarcity,higher food prices,request-136-1-3
higher food prices,inflation,request-136-1-4
humans' waste of resources,increased waste management costs,request-136-2-0
increased waste management costs,higher operating costs for businesses,request-136-2-1
higher operating costs for businesses,higher consumer prices,request-136-2-2
higher consumer prices,inflation,request-136-2-3
humans' waste of resources,increased pollution,request-136-3-0
increased pollution,health issues in population,request-136-3-1
health issues in population,reduced labor productivity,request-136-3-2
reduced labor productivity,lower economic output,request-136-3-3
lower economic output,increased prices,request-136-3-4
increased prices,inflation,request-136-3-5
humans' waste of resources,decreased efficiency,request-136-4-0
decreased efficiency,lower economic productivity,request-136-4-1
lower economic productivity,weakened currency value,request-136-4-2
weakened currency value,higher import costs,request-136-4-3
higher import costs,inflation,request-136-4-4
humans' waste of resources,increased government spending on waste management,request-136-5-0
increased government spending on waste management,higher government deficits,request-136-5-1
higher government deficits,government printing of money,request-136-5-2
government printing of money,inflation,request-136-5-3
humans' waste of energy,increased energy demand,request-137-0-0
increased energy demand,higher energy prices,request-137-0-1
higher energy prices,increased production costs,request-137-0-2
increased production costs,higher consumer prices,request-137-0-3
higher consumer prices,inflation,request-137-0-4
humans' waste of energy,depletion of energy resources,request-137-1-0
depletion of energy resources,scarcity of energy supply,request-137-1-1
scarcity of energy supply,higher energy prices,request-137-1-2
higher energy prices,increased transportation costs,request-137-1-3
increased transportation costs,higher goods prices,request-137-1-4
higher goods prices,inflation,request-137-1-5
humans' waste of energy,increased greenhouse gas emissions,request-137-2-0
increased greenhouse gas emissions,climate change acceleration,request-137-2-1
climate change acceleration,agricultural disruptions,request-137-2-2
agricultural disruptions,food price increases,request-137-2-3
food price increases,inflation,request-137-2-4
humans' waste of energy,environmental pollution,request-137-3-0
environmental pollution,health impacts,request-137-3-1
health impacts,increased healthcare costs,request-137-3-2
increased healthcare costs,higher government spending,request-137-3-3
higher government spending,inflation,request-137-3-4
humans' waste of energy,climate change acceleration,request-137-4-0
climate change acceleration,natural disasters increase,request-137-4-1
natural disasters increase,damage to infrastructure,request-137-4-2
damage to infrastructure,reconstruction costs,request-137-4-3
reconstruction costs,increased government spending,request-137-4-4
increased government spending,inflation,request-137-4-5
humans' waste of energy,government regulation enforcement,request-137-5-0
government regulation enforcement,increased compliance costs,request-137-5-1
increased compliance costs,increased production costs,request-137-5-2
increased production costs,higher consumer prices,request-137-5-3
higher consumer prices,inflation,request-137-5-4
humans' waste of energy,depletion of fossil fuels,request-137-6-0
depletion of fossil fuels,transition to renewable energy,request-137-6-1
transition to renewable energy,investment costs,request-137-6-2
investment costs,higher energy costs,request-137-6-3
higher energy costs,increased production costs,request-137-6-4
increased production costs,inflation,request-137-6-5
humans' waste of energy,increased energy imports,request-137-7-0
increased energy imports,trade deficit expansion,request-137-7-1
trade deficit expansion,currency devaluation,request-137-7-2
currency devaluation,import price increases,request-137-7-3
import price increases,inflation,request-137-7-4
humans' waste of energy,infrastructure strain,request-137-8-0
infrastructure strain,power grid instability,request-137-8-1
power grid instability,production disruptions,request-137-8-2
production disruptions,supply shortages,request-137-8-3
supply shortages,price increases,request-137-8-4
price increases,inflation,request-137-8-5
humans' waste of energy,increased demand for energy resources,request-137-9-0
increased demand for energy resources,commodity price increases,request-137-9-1
commodity price increases,increased industry costs,request-137-9-2
increased industry costs,higher goods prices,request-137-9-3
higher goods prices,inflation,request-137-9-4
humans' waste of energy,consumption of non-renewable resources,request-137-10-0
consumption of non-renewable resources,resource depletion,request-137-10-1
resource depletion,scarcity of raw materials,request-137-10-2
scarcity of raw materials,higher production costs,request-137-10-3
higher production costs,inflation,request-137-10-4
humans' waste of energy,elevated carbon emissions,request-137-11-0
elevated carbon emissions,carbon taxes or penalties,request-137-11-1
carbon taxes or penalties,increased production costs,request-137-11-2
increased production costs,higher consumer prices,request-137-11-3
higher consumer prices,inflation,request-137-11-4
humans' waste of fossil fuels,increase in greenhouse gas emissions,request-138-0-0
increase in greenhouse gas emissions,acceleration of climate change,request-138-0-1
acceleration of climate change,increase in frequency of natural disasters,request-138-0-2
increase in frequency of natural disasters,damage to agriculture,request-138-0-3
damage to agriculture,reduction in food supply,request-138-0-4
reduction in food supply,increase in food prices,request-138-0-5
increase in food prices,inflation,request-138-0-6
humans' waste of fossil fuels,depletion of fossil fuel reserves,request-138-1-0
depletion of fossil fuel reserves,increase in energy prices,request-138-1-1
increase in energy prices,increase in production costs,request-138-1-2
increase in production costs,increase in consumer prices,request-138-1-3
increase in consumer prices,inflation,request-138-1-4
humans' waste of fossil fuels,environmental degradation,request-138-2-0
environmental degradation,government implementation of carbon taxes,request-138-2-1
government implementation of carbon taxes,increased operational costs for businesses,request-138-2-2
increased operational costs for businesses,rise in consumer prices,request-138-2-3
rise in consumer prices,inflation,request-138-2-4
humans' waste of fossil fuels,air pollution leading to health issues,request-138-3-0
air pollution leading to health issues,increased healthcare spending,request-138-3-1
increased healthcare spending,higher government expenditure,request-138-3-2
higher government expenditure,increased budget deficits,request-138-3-3
increased budget deficits,printing of money to cover deficits,request-138-3-4
printing of money to cover deficits,inflation,request-138-3-5
humans' waste of fossil fuels,increase in greenhouse gas emissions,request-138-4-0
increase in greenhouse gas emissions,acceleration of climate change,request-138-4-1
acceleration of climate change,sea level rise,request-138-4-2
sea level rise,flooding of coastal areas,request-138-4-3
flooding of coastal areas,displacement of populations,request-138-4-4
displacement of populations,strain on resources and services,request-138-4-5
strain on resources and services,increase in prices,request-138-4-6
increase in prices,inflation,request-138-4-7
humans' waste of fossil fuels,increase in greenhouse gas emissions,request-138-5-0
increase in greenhouse gas emissions,acceleration of climate change,request-138-5-1
acceleration of climate change,severe weather events damaging infrastructure,request-138-5-2
severe weather events damaging infrastructure,increased repair and maintenance costs,request-138-5-3
increased repair and maintenance costs,higher prices for consumers,request-138-5-4
higher prices for consumers,inflation,request-138-5-5
humans' waste of fossil fuels,depletion of fossil fuel reserves,request-138-6-0
depletion of fossil fuel reserves,energy scarcity,request-138-6-1
energy scarcity,increased competition for energy resources,request-138-6-2
increased competition for energy resources,geopolitical tensions,request-138-6-3
geopolitical tensions,supply chain disruptions,request-138-6-4
supply chain disruptions,increase in costs of goods,request-138-6-5
increase in costs of goods,inflation,request-138-6-6
subsidising green investments,increased funding for renewable energy projects,request-139-0-0
increased funding for renewable energy projects,wider adoption of renewable energy,request-139-0-1
wider adoption of renewable energy,decreased reliance on fossil fuels,request-139-0-2
decreased reliance on fossil fuels,reduction in greenhouse gas emissions,request-139-0-3
reduction in greenhouse gas emissions,green transition,request-139-0-4
subsidising green investments,increased research and development in green technologies,request-139-1-0
increased research and development in green technologies,advancements in energy efficiency,request-139-1-1
advancements in energy efficiency,lower production costs for green technologies,request-139-1-2
lower production costs for green technologies,increased affordability of green technologies,request-139-1-3
increased affordability of green technologies,wider adoption of green technologies,request-139-1-4
wider adoption of green technologies,green transition,request-139-1-5
subsidising green investments,development of green infrastructure,request-139-2-0
development of green infrastructure,expansion of sustainable transportation,request-139-2-1
expansion of sustainable transportation,reduction in fossil fuel consumption,request-139-2-2
reduction in fossil fuel consumption,reduction in greenhouse gas emissions,request-139-2-3
reduction in greenhouse gas emissions,green transition,request-139-2-4
subsidising green investments,job creation in green sectors,request-139-3-0
job creation in green sectors,economic growth in sustainable industries,request-139-3-1
economic growth in sustainable industries,increased investment in green technologies,request-139-3-2
increased investment in green technologies,green transition,request-139-3-3
subsidising green investments,increased public awareness of environmental issues,request-139-4-0
increased public awareness of environmental issues,changes in consumer behavior towards sustainability,request-139-4-1
changes in consumer behavior towards sustainability,increased demand for green products,request-139-4-2
increased demand for green products,growth of green industries,request-139-4-3
growth of green industries,green transition,request-139-4-4
subsidising green investments,policy changes favoring sustainability,request-139-5-0
policy changes favoring sustainability,implementation of environmental regulations,request-139-5-1
implementation of environmental regulations,reduction in industrial emissions,request-139-5-2
reduction in industrial emissions,green transition,request-139-5-3
subsidising green investments,encouragement of corporate social responsibility,request-139-6-0
encouragement of corporate social responsibility,adoption of sustainable business practices,request-139-6-1
adoption of sustainable business practices,reduction in environmental impact of industries,request-139-6-2
reduction in environmental impact of industries,green transition,request-139-6-3
subsidising green investments,promotion of circular economy practices,request-139-7-0
promotion of circular economy practices,reduction in waste production,request-139-7-1
reduction in waste production,conservation of resources,request-139-7-2
conservation of resources,sustainable development,request-139-7-3
sustainable development,green transition,request-139-7-4
subsidising green investments,increased energy security,request-139-8-0
increased energy security,decreased dependence on imported fossil fuels,request-139-8-1
decreased dependence on imported fossil fuels,stability in energy prices,request-139-8-2
stability in energy prices,economic stability,request-139-8-3
economic stability,green transition,request-139-8-4
subsidising green investments,advancements in renewable energy storage,request-139-9-0
advancements in renewable energy storage,improved efficiency of energy systems,request-139-9-1
improved efficiency of energy systems,enhanced integration of renewable energy into the grid,request-139-9-2
enhanced integration of renewable energy into the grid,green transition,request-139-9-3
electricity generation from refuse inside greenhouses,increased temperature in greenhouses,request-140-0-0
increased temperature in greenhouses,enhanced plant growth,request-140-0-1
enhanced plant growth,increased co2 absorption by plants,request-140-0-2
increased co2 absorption by plants,dissipation of co2,request-140-0-3
electricity generation from refuse inside greenhouses,combustion of refuse producing co2,request-140-1-0
combustion of refuse producing co2,elevated co2 levels within greenhouse,request-140-1-1
elevated co2 levels within greenhouse,higher co2 availability for plants,request-140-1-2
higher co2 availability for plants,enhanced photosynthesis in plants,request-140-1-3
enhanced photosynthesis in plants,increased plant biomass,request-140-1-4
increased plant biomass,increased co2 absorption from atmosphere,request-140-1-5
increased co2 absorption from atmosphere,dissipation of co2,request-140-1-6
electricity generation from refuse inside greenhouses,production of electricity locally,request-140-2-0
production of electricity locally,reduced demand for external electricity sources,request-140-2-1
reduced demand for external electricity sources,decrease in fossil fuel combustion elsewhere,request-140-2-2
decrease in fossil fuel combustion elsewhere,reduction in co2 emissions from power plants,request-140-2-3
reduction in co2 emissions from power plants,dissipation of co2,request-140-2-4
electricity generation from refuse inside greenhouses,reduction of refuse going to landfill,request-140-3-0
reduction of refuse going to landfill,decrease in methane emissions from landfills,request-140-3-1
decrease in methane emissions from landfills,lower overall greenhouse gas emissions,request-140-3-2
lower overall greenhouse gas emissions,reduction in global warming,request-140-3-3
reduction in global warming,dissipation of co2,request-140-3-4
"""electricity generation from refuse inside greenhouses""","""heat production during electricity generation""",request-141-0-0
"""heat production during electricity generation""","""dissipation of heat""",request-141-0-1
"""electricity generation from refuse inside greenhouses""","""combustion of refuse""",request-141-1-0
"""combustion of refuse""","""heat release from combustion""",request-141-1-1
"""heat release from combustion""","""dissipation of heat""",request-141-1-2
"""electricity generation from refuse inside greenhouses""","""use of electricity for operation of devices""",request-141-2-0
"""use of electricity for operation of devices""","""heat generation by devices""",request-141-2-1
"""heat generation by devices""","""dissipation of heat""",request-141-2-2
"""electricity generation from refuse inside greenhouses""","""use of electricity for heating""",request-141-3-0
"""use of electricity for heating""","""heat production by heaters""",request-141-3-1
"""heat production by heaters""","""dissipation of heat""",request-141-3-2
"""electricity generation from refuse inside greenhouses""","""use of electricity for lighting""",request-141-4-0
"""use of electricity for lighting""","""heat production by lights""",request-141-4-1
"""heat production by lights""","""dissipation of heat""",request-141-4-2
hot nights,nighttime heat,request-142-0-0
nighttime heat,sleep discomfort,request-142-0-1
sleep discomfort,difficulty falling asleep,request-142-0-2
difficulty falling asleep,loss of sleep hours,request-142-0-3
hot nights,high temperatures at night,request-142-1-0
high temperatures at night,excessive sweating,request-142-1-1
excessive sweating,sleep disturbances,request-142-1-2
sleep disturbances,loss of sleep hours,request-142-1-3
hot nights,elevated nighttime temperatures,request-142-2-0
elevated nighttime temperatures,restless sleep,request-142-2-1
restless sleep,frequent awakenings,request-142-2-2
frequent awakenings,loss of sleep hours,request-142-2-3
hot nights,uncomfortable sleep environment,request-142-3-0
uncomfortable sleep environment,difficulty staying asleep,request-142-3-1
difficulty staying asleep,interrupted sleep,request-142-3-2
interrupted sleep,loss of sleep hours,request-142-3-3
hot nights,increased humidity at night,request-142-4-0
increased humidity at night,muggy conditions,request-142-4-1
muggy conditions,sleep restlessness,request-142-4-2
sleep restlessness,loss of sleep hours,request-142-4-3
hot nights,use of air conditioning,request-142-5-0
use of air conditioning,noise from air conditioning,request-142-5-1
noise from air conditioning,sleep disruption,request-142-5-2
sleep disruption,loss of sleep hours,request-142-5-3
hot nights,opening windows at night,request-142-6-0
opening windows at night,outside noise,request-142-6-1
outside noise,sleep interruptions,request-142-6-2
sleep interruptions,loss of sleep hours,request-142-6-3
hot nights,dehydration risk,request-142-7-0
dehydration risk,physical discomfort,request-142-7-1
physical discomfort,sleep disturbance,request-142-7-2
sleep disturbance,loss of sleep hours,request-142-7-3
hot nights,heat stress,request-142-8-0
heat stress,difficulty regulating body temperature,request-142-8-1
difficulty regulating body temperature,poor sleep quality,request-142-8-2
poor sleep quality,loss of sleep hours,request-142-8-3
hot nights,increased insect activity,request-142-9-0
increased insect activity,mosquito bites at night,request-142-9-1
mosquito bites at night,sleep disturbance,request-142-9-2
sleep disturbance,loss of sleep hours,request-142-9-3
foreign countries,increased demand for palm oil,request-143-0-0
increased demand for palm oil,expansion of palm oil plantations,request-143-0-1
expansion of palm oil plantations,deforestation,request-143-0-2
foreign countries,increased demand for soybeans,request-143-1-0
increased demand for soybeans,expansion of soybean farming,request-143-1-1
expansion of soybean farming,deforestation,request-143-1-2
foreign countries,increased demand for beef,request-143-2-0
increased demand for beef,expansion of cattle ranching,request-143-2-1
expansion of cattle ranching,deforestation,request-143-2-2
foreign countries,increased demand for timber,request-143-3-0
increased demand for timber,logging activities,request-143-3-1
logging activities,deforestation,request-143-3-2
foreign countries,increased demand for biofuels,request-143-4-0
increased demand for biofuels,expansion of biofuel crop cultivation,request-143-4-1
expansion of biofuel crop cultivation,deforestation,request-143-4-2
foreign countries,increased consumption of paper products,request-143-5-0
increased consumption of paper products,increased demand for pulp and paper,request-143-5-1
increased demand for pulp and paper,logging operations,request-143-5-2
logging operations,deforestation,request-143-5-3
foreign countries,foreign investments in mining,request-143-6-0
foreign investments in mining,expansion of mining activities,request-143-6-1
expansion of mining activities,deforestation,request-143-6-2
foreign countries,investments in infrastructure projects,request-143-7-0
investments in infrastructure projects,road construction in forests,request-143-7-1
road construction in forests,increased access to forests,request-143-7-2
increased access to forests,increased logging,request-143-7-3
increased logging,deforestation,request-143-7-4
foreign countries,demand for exotic wood products,request-143-8-0
demand for exotic wood products,illegal logging,request-143-8-1
illegal logging,deforestation,request-143-8-2
foreign countries,land acquisition in developing countries,request-143-9-0
land acquisition in developing countries,conversion of forests to agriculture,request-143-9-1
conversion of forests to agriculture,deforestation,request-143-9-2
death of soil,reduced carbon sequestration,request-144-0-0
reduced carbon sequestration,increased atmospheric co2 levels,request-144-0-1
increased atmospheric co2 levels,enhanced greenhouse effect,request-144-0-2
enhanced greenhouse effect,rise in global temperatures,request-144-0-3
death of soil,loss of vegetation,request-144-1-0
loss of vegetation,reduced photosynthesis,request-144-1-1
reduced photosynthesis,increased atmospheric co2 levels,request-144-1-2
increased atmospheric co2 levels,enhanced greenhouse effect,request-144-1-3
enhanced greenhouse effect,rise in global temperatures,request-144-1-4
death of soil,increased soil erosion,request-144-2-0
increased soil erosion,desertification,request-144-2-1
desertification,altered albedo effect,request-144-2-2
altered albedo effect,greater solar radiation absorption,request-144-2-3
greater solar radiation absorption,rise in global temperatures,request-144-2-4
death of soil,release of soil-stored carbon,request-144-3-0
release of soil-stored carbon,elevated greenhouse gas emissions,request-144-3-1
elevated greenhouse gas emissions,enhanced greenhouse effect,request-144-3-2
enhanced greenhouse effect,rise in global temperatures,request-144-3-3
death of soil,decreased agricultural productivity,request-144-4-0
decreased agricultural productivity,expansion of farmland,request-144-4-1
expansion of farmland,deforestation,request-144-4-2
deforestation,reduced carbon sinks,request-144-4-3
reduced carbon sinks,increased atmospheric co2 levels,request-144-4-4
increased atmospheric co2 levels,rise in global temperatures,request-144-4-5
death of soil,loss of vegetation cover,request-145-0-0
loss of vegetation cover,increased surface runoff,request-145-0-1
increased surface runoff,flooding,request-145-0-2
death of soil,soil compaction,request-145-1-0
soil compaction,decreased infiltration,request-145-1-1
decreased infiltration,increased runoff,request-145-1-2
increased runoff,flooding,request-145-1-3
death of soil,loss of vegetation cover,request-145-2-0
loss of vegetation cover,increased soil erosion,request-145-2-1
increased soil erosion,river sedimentation,request-145-2-2
river sedimentation,reduced river capacity,request-145-2-3
reduced river capacity,flooding,request-145-2-4
death of soil,soil erosion,request-145-3-0
soil erosion,sediment deposition in rivers,request-145-3-1
sediment deposition in rivers,river blockage,request-145-3-2
river blockage,flooding,request-145-3-3
death of soil,reduced soil permeability,request-145-4-0
reduced soil permeability,increased surface runoff,request-145-4-1
increased surface runoff,flooding,request-145-4-2
death of soil,loss of vegetation,request-146-0-0
loss of vegetation,decreased transpiration,request-146-0-1
decreased transpiration,reduced atmospheric moisture,request-146-0-2
reduced atmospheric moisture,decreased rainfall,request-146-0-3
decreased rainfall,droughts,request-146-0-4
death of soil,soil erosion,request-146-1-0
soil erosion,desertification,request-146-1-1
desertification,altered local climate,request-146-1-2
altered local climate,droughts,request-146-1-3
death of soil,loss of organic matter,request-146-2-0
loss of organic matter,reduced soil water retention,request-146-2-1
reduced soil water retention,lower groundwater recharge,request-146-2-2
lower groundwater recharge,droughts,request-146-2-3
death of soil,dust storms,request-146-3-0
dust storms,cloud formation disruption,request-146-3-1
cloud formation disruption,reduced precipitation,request-146-3-2
reduced precipitation,droughts,request-146-3-3
death of soil,increased surface albedo,request-146-4-0
increased surface albedo,altered regional temperature,request-146-4-1
altered regional temperature,changes in atmospheric circulation,request-146-4-2
changes in atmospheric circulation,droughts,request-146-4-3
death of soil,loss of agricultural productivity,request-146-5-0
loss of agricultural productivity,overexploitation of water resources,request-146-5-1
overexploitation of water resources,water scarcity,request-146-5-2
water scarcity,droughts,request-146-5-3
death of soil,disruption of local ecosystems,request-146-6-0
disruption of local ecosystems,loss of biodiversity,request-146-6-1
loss of biodiversity,imbalance in ecosystem services,request-146-6-2
imbalance in ecosystem services,reduced precipitation,request-146-6-3
reduced precipitation,droughts,request-146-6-4
death of soil,loss of vegetation,request-147-0-0
loss of vegetation,increased surface runoff,request-147-0-1
increased surface runoff,decreased groundwater recharge,request-147-0-2
decreased groundwater recharge,reduced water availability,request-147-0-3
reduced water availability,water crises,request-147-0-4
death of soil,soil erosion,request-147-1-0
soil erosion,siltation of rivers and reservoirs,request-147-1-1
siltation of rivers and reservoirs,reduced water storage capacity,request-147-1-2
reduced water storage capacity,water scarcity,request-147-1-3
water scarcity,water crises,request-147-1-4
death of soil,desertification,request-147-2-0
desertification,reduced rainfall,request-147-2-1
reduced rainfall,drought conditions,request-147-2-2
drought conditions,water crises,request-147-2-3
death of soil,reduced soil permeability,request-147-3-0
reduced soil permeability,increased flooding,request-147-3-1
increased flooding,damage to water infrastructure,request-147-3-2
damage to water infrastructure,disrupted water supply,request-147-3-3
disrupted water supply,water crises,request-147-3-4
death of soil,loss of soil biodiversity,request-147-4-0
loss of soil biodiversity,breakdown of nutrient cycles,request-147-4-1
breakdown of nutrient cycles,water pollution,request-147-4-2
water pollution,contaminated water supplies,request-147-4-3
contaminated water supplies,water crises,request-147-4-4
death of soil,decreased agricultural productivity,request-147-5-0
decreased agricultural productivity,increased reliance on irrigation,request-147-5-1
increased reliance on irrigation,overuse of water resources,request-147-5-2
overuse of water resources,aquifer depletion,request-147-5-3
aquifer depletion,water crises,request-147-5-4
death of soil,loss of carbon sequestration,request-147-6-0
loss of carbon sequestration,increased atmospheric co₂,request-147-6-1
increased atmospheric co₂,climate change,request-147-6-2
climate change,altered precipitation patterns,request-147-6-3
altered precipitation patterns,water shortages,request-147-6-4
water shortages,water crises,request-147-6-5
death of soil,soil compaction,request-147-7-0
soil compaction,reduced water infiltration,request-147-7-1
reduced water infiltration,surface runoff,request-147-7-2
surface runoff,erosion,request-147-7-3
erosion,decreased water quality,request-147-7-4
decreased water quality,water crises,request-147-7-5
death of soil,loss of root systems,request-147-8-0
loss of root systems,reduced soil stability,request-147-8-1
reduced soil stability,landslides,request-147-8-2
landslides,disruption of water systems,request-147-8-3
disruption of water systems,water crises,request-147-8-4
death of soil,reduced agricultural productivity,request-148-0-0
reduced agricultural productivity,decreased crop yields,request-148-0-1
decreased crop yields,food shortages,request-148-0-2
food shortages,food crises,request-148-0-3
death of soil,soil erosion,request-148-1-0
soil erosion,loss of arable land,request-148-1-1
loss of arable land,reduced food production,request-148-1-2
reduced food production,food crises,request-148-1-3
death of soil,loss of soil nutrients,request-148-2-0
loss of soil nutrients,poor plant growth,request-148-2-1
poor plant growth,lower crop yields,request-148-2-2
lower crop yields,food crises,request-148-2-3
death of soil,increased desertification,request-148-3-0
increased desertification,expansion of barren land,request-148-3-1
expansion of barren land,reduced farmland,request-148-3-2
reduced farmland,food crises,request-148-3-3
death of soil,loss of microbial life,request-148-4-0
loss of microbial life,disrupted ecosystem services,request-148-4-1
disrupted ecosystem services,impaired plant health,request-148-4-2
impaired plant health,yield declines,request-148-4-3
yield declines,food crises,request-148-4-4
death of soil,increased pests and diseases,request-148-5-0
increased pests and diseases,crop losses,request-148-5-1
crop losses,food shortages,request-148-5-2
food shortages,food crises,request-148-5-3
sustainable lifestyles,reduced consumption of fossil fuels,request-149-0-0
reduced consumption of fossil fuels,lower greenhouse gas emissions,request-149-0-1
lower greenhouse gas emissions,slowed global warming,request-149-0-2
slowed global warming,reduced burden of climate change,request-149-0-3
sustainable lifestyles,increased use of renewable energy sources,request-149-1-0
increased use of renewable energy sources,decreased reliance on fossil fuels,request-149-1-1
decreased reliance on fossil fuels,lower co2 emissions,request-149-1-2
lower co2 emissions,mitigation of climate change,request-149-1-3
mitigation of climate change,reduced burden of climate change,request-149-1-4
sustainable lifestyles,adoption of energy-efficient technologies,request-149-2-0
adoption of energy-efficient technologies,decreased energy consumption,request-149-2-1
decreased energy consumption,reduced greenhouse gas emissions,request-149-2-2
reduced greenhouse gas emissions,lessened impact of climate change,request-149-2-3
lessened impact of climate change,reduced burden of climate change,request-149-2-4
sustainable lifestyles,increased recycling and waste reduction,request-149-3-0
increased recycling and waste reduction,lower methane emissions from landfills,request-149-3-1
lower methane emissions from landfills,reduced greenhouse gases,request-149-3-2
reduced greenhouse gases,mitigation of climate change,request-149-3-3
mitigation of climate change,reduced burden of climate change,request-149-3-4
sustainable lifestyles,sustainable transportation choices,request-149-4-0
sustainable transportation choices,reduced vehicle emissions,request-149-4-1
reduced vehicle emissions,lower atmospheric greenhouse gases,request-149-4-2
lower atmospheric greenhouse gases,slower climate change progression,request-149-4-3
slower climate change progression,reduced burden of climate change,request-149-4-4
sustainable lifestyles,support for sustainable agriculture,request-149-5-0
support for sustainable agriculture,reduced deforestation,request-149-5-1
reduced deforestation,preservation of carbon sinks,request-149-5-2
preservation of carbon sinks,lower atmospheric co2 levels,request-149-5-3
lower atmospheric co2 levels,mitigation of climate change,request-149-5-4
mitigation of climate change,reduced burden of climate change,request-149-5-5
sustainable lifestyles,reduced water consumption,request-149-6-0
reduced water consumption,conservation of water resources,request-149-6-1
conservation of water resources,enhanced ecosystem resilience,request-149-6-2
enhanced ecosystem resilience,improved adaptation to climate impacts,request-149-6-3
improved adaptation to climate impacts,reduced burden of climate change,request-149-6-4
sustainable lifestyles,conscious consumerism,request-149-7-0
conscious consumerism,encouragement of sustainable production practices,request-149-7-1
encouragement of sustainable production practices,lower environmental pollutants,request-149-7-2
lower environmental pollutants,mitigation of climate change,request-149-7-3
mitigation of climate change,reduced burden of climate change,request-149-7-4
sustainable lifestyles,advocacy for environmental policies,request-149-8-0
advocacy for environmental policies,implementation of climate action initiatives,request-149-8-1
implementation of climate action initiatives,reduction in greenhouse gas emissions,request-149-8-2
reduction in greenhouse gas emissions,mitigation of climate change,request-149-8-3
mitigation of climate change,reduced burden of climate change,request-149-8-4
melting of glaciers,rise in sea levels,request-150-0-0
rise in sea levels,disruption of ocean currents,request-150-0-1
disruption of ocean currents,alteration of global climate patterns,request-150-0-2
alteration of global climate patterns,abrupt temperature spikes,request-150-0-3
melting of glaciers,release of trapped methane gas,request-150-1-0
release of trapped methane gas,increased greenhouse gas concentrations,request-150-1-1
increased greenhouse gas concentrations,enhanced greenhouse effect,request-150-1-2
enhanced greenhouse effect,abrupt temperature spikes,request-150-1-3
melting of glaciers,reduction in earth's albedo,request-150-2-0
reduction in earth's albedo,increased absorption of solar radiation,request-150-2-1
increased absorption of solar radiation,warming of the atmosphere,request-150-2-2
warming of the atmosphere,abrupt temperature spikes,request-150-2-3
melting of glaciers,freshwater influx into oceans,request-150-3-0
freshwater influx into oceans,stratification of ocean layers,request-150-3-1
stratification of ocean layers,reduced carbon dioxide absorption by oceans,request-150-3-2
reduced carbon dioxide absorption by oceans,increased atmospheric co₂ levels,request-150-3-3
increased atmospheric co₂ levels,abrupt temperature spikes,request-150-3-4
melting of glaciers,weakening of polar vortex,request-150-4-0
weakening of polar vortex,jet stream fluctuations,request-150-4-1
jet stream fluctuations,extreme weather events,request-150-4-2
extreme weather events,abrupt temperature spikes,request-150-4-3
melting of glaciers,exposure of dark land surfaces,request-150-5-0
exposure of dark land surfaces,decreased surface albedo,request-150-5-1
decreased surface albedo,increased heat absorption,request-150-5-2
increased heat absorption,regional warming,request-150-5-3
regional warming,abrupt temperature spikes,request-150-5-4
melting of glaciers,loss of habitat for cold-adapted species,request-150-6-0
loss of habitat for cold-adapted species,decrease in biodiversity,request-150-6-1
decrease in biodiversity,disruption of ecosystems,request-150-6-2
disruption of ecosystems,imbalance in carbon cycle,request-150-6-3
imbalance in carbon cycle,increased atmospheric co₂,request-150-6-4
increased atmospheric co₂,abrupt temperature spikes,request-150-6-5
melting of glaciers,release of ancient microbes,request-150-7-0
release of ancient microbes,increase in microbial activity,request-150-7-1
increase in microbial activity,acceleration of organic matter decomposition,request-150-7-2
acceleration of organic matter decomposition,increase in greenhouse gases,request-150-7-3
increase in greenhouse gases,abrupt temperature spikes,request-150-7-4
melting of glaciers,disruption of freshwater supply,request-150-8-0
disruption of freshwater supply,stress on water resources,request-150-8-1
stress on water resources,socioeconomic instability,request-150-8-2
socioeconomic instability,reduced environmental regulation,request-150-8-3
reduced environmental regulation,increased emissions,request-150-8-4
increased emissions,abrupt temperature spikes,request-150-8-5
melting of glaciers,alteration of global circulation patterns,request-150-9-0
alteration of global circulation patterns,changes in cloud formation,request-150-9-1
changes in cloud formation,modification of earth's radiation balance,request-150-9-2
modification of earth's radiation balance,abrupt temperature spikes,request-150-9-3
cows,methane emissions,request-151-0-0
methane emissions,greenhouse gas increase,request-151-0-1
greenhouse gas increase,climate change,request-151-0-2
cows,enteric fermentation,request-151-1-0
enteric fermentation,methane production,request-151-1-1
methane production,atmospheric methane increase,request-151-1-2
atmospheric methane increase,climate change,request-151-1-3
cows,manure decomposition,request-151-2-0
manure decomposition,methane emissions,request-151-2-1
methane emissions,greenhouse gas increase,request-151-2-2
greenhouse gas increase,climate change,request-151-2-3
cows,grazing land expansion,request-151-3-0
grazing land expansion,deforestation,request-151-3-1
deforestation,carbon sink reduction,request-151-3-2
carbon sink reduction,atmospheric co2 increase,request-151-3-3
atmospheric co2 increase,climate change,request-151-3-4
cows,feed crop cultivation,request-151-4-0
feed crop cultivation,fertilizer application,request-151-4-1
fertilizer application,nitrous oxide emissions,request-151-4-2
nitrous oxide emissions,greenhouse gas increase,request-151-4-3
greenhouse gas increase,climate change,request-151-4-4
cows,feed crop cultivation,request-151-5-0
feed crop cultivation,fossil fuel use in agriculture,request-151-5-1
fossil fuel use in agriculture,co2 emissions,request-151-5-2
co2 emissions,atmospheric co2 increase,request-151-5-3
atmospheric co2 increase,climate change,request-151-5-4
cows,meat processing operations,request-151-6-0
meat processing operations,fossil fuel consumption,request-151-6-1
fossil fuel consumption,co2 emissions,request-151-6-2
co2 emissions,climate change,request-151-6-3
building country lanes,improved transportation access,request-152-0-0
improved transportation access,increased rural development,request-152-0-1
increased rural development,creation of public spaces,request-152-0-2
building country lanes,increased tourism,request-152-1-0
increased tourism,economic growth,request-152-1-1
economic growth,investment in public space,request-152-1-2
building country lanes,enhanced connectivity,request-152-2-0
enhanced connectivity,urban expansion,request-152-2-1
urban expansion,development of public space,request-152-2-2
building country lanes,improved agricultural transport,request-152-3-0
improved agricultural transport,growth in rural population,request-152-3-1
growth in rural population,establishment of public space,request-152-3-2
building country lanes,easier access to countryside,request-152-4-0
easier access to countryside,increase in recreational activities,request-152-4-1
increase in recreational activities,creation of public space,request-152-4-2
building country lanes,increased traffic,request-152-5-0
increased traffic,need for infrastructure development,request-152-5-1
need for infrastructure development,construction of public spaces,request-152-5-2
building country lanes,facilitation of community interactions,request-152-6-0
facilitation of community interactions,formation of gathering places,request-152-6-1
formation of gathering places,development of public space,request-152-6-2
building country lanes,increased land value,request-152-7-0
increased land value,investment in properties,request-152-7-1
investment in properties,development of public space,request-152-7-2
building country lanes,improved emergency services access,request-152-8-0
improved emergency services access,enhanced community safety,request-152-8-1
enhanced community safety,creation of public space,request-152-8-2
building country lanes,improved access to education and services,request-152-9-0
improved access to education and services,population growth,request-152-9-1
population growth,need for public spaces,request-152-9-2
country lanes,impermeable surfaces,request-153-0-0
impermeable surfaces,increased runoff,request-153-0-1
increased runoff,flooding,request-153-0-2
country lanes,insufficient drainage,request-153-1-0
insufficient drainage,water accumulation,request-153-1-1
water accumulation,flooding,request-153-1-2
country lanes,blocked ditches,request-153-2-0
blocked ditches,overflowing water,request-153-2-1
overflowing water,flooding,request-153-2-2
country lanes,soil erosion,request-153-3-0
soil erosion,sedimentation of rivers,request-153-3-1
sedimentation of rivers,reduced river capacity,request-153-3-2
reduced river capacity,flooding,request-153-3-3
country lanes,loss of vegetation,request-153-4-0
loss of vegetation,reduced water absorption,request-153-4-1
reduced water absorption,increased surface runoff,request-153-4-2
increased surface runoff,flooding,request-153-4-3
country lanes,culvert blockage,request-153-5-0
culvert blockage,water pooling,request-153-5-1
water pooling,flooding,request-153-5-2
country lanes,increased traffic,request-153-6-0
increased traffic,road damage,request-153-6-1
road damage,drainage impairment,request-153-6-2
drainage impairment,flooding,request-153-6-3
country lanes,construction activities,request-153-7-0
construction activities,land disturbance,request-153-7-1
land disturbance,altered water flow,request-153-7-2
altered water flow,flooding,request-153-7-3
country lanes,channelization of water,request-153-8-0
channelization of water,faster water flow,request-153-8-1
faster water flow,downstream flooding,request-153-8-2
country lanes,narrow bridges,request-153-9-0
narrow bridges,obstructed flow,request-153-9-1
obstructed flow,water backup,request-153-9-2
water backup,flooding,request-153-9-3
burning fossil fuels,emission of carbon dioxide,request-154-0-0
emission of carbon dioxide,increase in atmospheric carbon dioxide,request-154-0-1
increase in atmospheric carbon dioxide,enhanced greenhouse effect,request-154-0-2
enhanced greenhouse effect,global warming,request-154-0-3
burning fossil fuels,emission of greenhouse gases,request-154-1-0
emission of greenhouse gases,higher atmospheric greenhouse gas concentration,request-154-1-1
higher atmospheric greenhouse gas concentration,trapping of heat,request-154-1-2
trapping of heat,global warming,request-154-1-3
burning fossil fuels,release of pollutants,request-154-2-0
release of pollutants,air pollution,request-154-2-1
air pollution,altered atmospheric composition,request-154-2-2
altered atmospheric composition,global warming,request-154-2-3
burning fossil fuels,deforestation,request-154-3-0
deforestation,decrease in carbon sinks,request-154-3-1
decrease in carbon sinks,increase in atmospheric carbon dioxide,request-154-3-2
increase in atmospheric carbon dioxide,global warming,request-154-3-3
burning fossil fuels,emission of aerosols,request-154-4-0
emission of aerosols,changes in cloud formation,request-154-4-1
changes in cloud formation,altered radiative forcing,request-154-4-2
altered radiative forcing,global warming,request-154-4-3
burning fossil fuels,acid rain formation,request-154-5-0
acid rain formation,damage to vegetation,request-154-5-1
damage to vegetation,reduction in carbon absorption,request-154-5-2
reduction in carbon absorption,increase in atmospheric carbon dioxide,request-154-5-3
increase in atmospheric carbon dioxide,global warming,request-154-5-4
burning fossil fuels,methane leakage during extraction,request-154-6-0
methane leakage during extraction,increase in atmospheric methane,request-154-6-1
increase in atmospheric methane,enhanced greenhouse effect,request-154-6-2
enhanced greenhouse effect,global warming,request-154-6-3
burning fossil fuels,emissions causing ocean acidification,request-154-7-0
emissions causing ocean acidification,harm to marine life,request-154-7-1
harm to marine life,reduced oceanic carbon absorption,request-154-7-2
reduced oceanic carbon absorption,increase in atmospheric carbon dioxide,request-154-7-3
increase in atmospheric carbon dioxide,global warming,request-154-7-4
burning fossil fuels,emission of nitrous oxide,request-154-8-0
emission of nitrous oxide,increase in atmospheric nitrous oxide,request-154-8-1
increase in atmospheric nitrous oxide,enhanced greenhouse effect,request-154-8-2
enhanced greenhouse effect,global warming,request-154-8-3
burning fossil fuels,emission of black carbon,request-154-9-0
emission of black carbon,deposition on snow and ice,request-154-9-1
deposition on snow and ice,decrease in albedo,request-154-9-2
decrease in albedo,increased heat absorption,request-154-9-3
increased heat absorption,global warming,request-154-9-4
burning biomass,release of carbon dioxide,request-155-0-0
release of carbon dioxide,increase in atmospheric co₂ concentration,request-155-0-1
increase in atmospheric co₂ concentration,enhanced greenhouse effect,request-155-0-2
enhanced greenhouse effect,global warming,request-155-0-3
burning biomass,release of methane,request-155-1-0
release of methane,increase in atmospheric methane concentration,request-155-1-1
increase in atmospheric methane concentration,enhanced greenhouse effect,request-155-1-2
enhanced greenhouse effect,global warming,request-155-1-3
burning biomass,deforestation,request-155-2-0
deforestation,reduction in carbon sequestration,request-155-2-1
reduction in carbon sequestration,increase in atmospheric co₂ concentration,request-155-2-2
increase in atmospheric co₂ concentration,enhanced greenhouse effect,request-155-2-3
enhanced greenhouse effect,global warming,request-155-2-4
burning biomass,release of black carbon,request-155-3-0
release of black carbon,deposition of soot on ice surfaces,request-155-3-1
deposition of soot on ice surfaces,decrease in earth's albedo,request-155-3-2
decrease in earth's albedo,increased absorption of solar radiation,request-155-3-3
increased absorption of solar radiation,global warming,request-155-3-4
burning biomass,release of aerosols,request-155-4-0
release of aerosols,modification of cloud properties,request-155-4-1
modification of cloud properties,altered earth's radiation balance,request-155-4-2
altered earth's radiation balance,global warming,request-155-4-3
burning biomass,release of nitrogen oxides,request-155-5-0
release of nitrogen oxides,formation of tropospheric ozone,request-155-5-1
formation of tropospheric ozone,increase in greenhouse gases,request-155-5-2
increase in greenhouse gases,enhanced greenhouse effect,request-155-5-3
enhanced greenhouse effect,global warming,request-155-5-4
burning biomass,release of nitrous oxide,request-155-6-0
release of nitrous oxide,increase in atmospheric n₂o concentration,request-155-6-1
increase in atmospheric n₂o concentration,enhanced greenhouse effect,request-155-6-2
enhanced greenhouse effect,global warming,request-155-6-3
burning biomass,land use change,request-155-7-0
land use change,reduction in forest cover,request-155-7-1
reduction in forest cover,decrease in carbon sequestration,request-155-7-2
decrease in carbon sequestration,increase in atmospheric co₂ concentration,request-155-7-3
increase in atmospheric co₂ concentration,global warming,request-155-7-4
human activity,burning fossil fuels,request-156-0-0
burning fossil fuels,increased co2 emissions,request-156-0-1
increased co2 emissions,enhanced greenhouse effect,request-156-0-2
enhanced greenhouse effect,global warming,request-156-0-3
human activity,burning fossil fuels,request-156-1-0
burning fossil fuels,increased methane emissions,request-156-1-1
increased methane emissions,enhanced greenhouse effect,request-156-1-2
enhanced greenhouse effect,global warming,request-156-1-3
human activity,deforestation,request-156-2-0
deforestation,reduced carbon sequestration,request-156-2-1
reduced carbon sequestration,increased atmospheric co2,request-156-2-2
increased atmospheric co2,enhanced greenhouse effect,request-156-2-3
enhanced greenhouse effect,global warming,request-156-2-4
human activity,deforestation,request-156-3-0
deforestation,land use changes,request-156-3-1
land use changes,decreased albedo,request-156-3-2
decreased albedo,increased heat absorption,request-156-3-3
increased heat absorption,global warming,request-156-3-4
human activity,agriculture,request-156-4-0
agriculture,livestock farming,request-156-4-1
livestock farming,increased methane emissions,request-156-4-2
increased methane emissions,enhanced greenhouse effect,request-156-4-3
enhanced greenhouse effect,global warming,request-156-4-4
human activity,agriculture,request-156-5-0
agriculture,use of synthetic fertilizers,request-156-5-1
use of synthetic fertilizers,increased nitrous oxide emissions,request-156-5-2
increased nitrous oxide emissions,enhanced greenhouse effect,request-156-5-3
enhanced greenhouse effect,global warming,request-156-5-4
human activity,rice cultivation,request-156-6-0
rice cultivation,methane emissions,request-156-6-1
methane emissions,enhanced greenhouse effect,request-156-6-2
enhanced greenhouse effect,global warming,request-156-6-3
human activity,industrial processes,request-156-7-0
industrial processes,fluorinated gas emissions,request-156-7-1
fluorinated gas emissions,enhanced greenhouse effect,request-156-7-2
enhanced greenhouse effect,global warming,request-156-7-3
human activity,waste disposal,request-156-8-0
waste disposal,decomposition of organic waste in landfills,request-156-8-1
decomposition of organic waste in landfills,methane emissions,request-156-8-2
methane emissions,enhanced greenhouse effect,request-156-8-3
enhanced greenhouse effect,global warming,request-156-8-4
human activity,oil and gas extraction,request-156-9-0
oil and gas extraction,methane leaks,request-156-9-1
methane leaks,enhanced greenhouse effect,request-156-9-2
enhanced greenhouse effect,global warming,request-156-9-3
human activity,refrigerant use,request-156-10-0
refrigerant use,release of chlorofluorocarbons,request-156-10-1
release of chlorofluorocarbons,ozone layer depletion,request-156-10-2
ozone layer depletion,altered atmospheric composition,request-156-10-3
altered atmospheric composition,global warming,request-156-10-4
human activity,increased air travel,request-156-11-0
increased air travel,contrail formation,request-156-11-1
contrail formation,increased cirrus cloud cover,request-156-11-2
increased cirrus cloud cover,enhanced radiative forcing,request-156-11-3
enhanced radiative forcing,global warming,request-156-11-4
human activity,cement production,request-156-12-0
cement production,co2 emissions from calcination process,request-156-12-1
co2 emissions from calcination process,increased atmospheric co2,request-156-12-2
increased atmospheric co2,enhanced greenhouse effect,request-156-12-3
enhanced greenhouse effect,global warming,request-156-12-4
human activity,landfill management,request-156-13-0
landfill management,anaerobic decomposition,request-156-13-1
anaerobic decomposition,methane emissions,request-156-13-2
methane emissions,enhanced greenhouse effect,request-156-13-3
enhanced greenhouse effect,global warming,request-156-13-4
human activity,biomass burning,request-156-14-0
biomass burning,release of black carbon,request-156-14-1
release of black carbon,atmospheric heating,request-156-14-2
atmospheric heating,global warming,request-156-14-3
human activity,use of aerosols,request-156-15-0
use of aerosols,aerosol pollution,request-156-15-1
aerosol pollution,changes in cloud formation,request-156-15-2
changes in cloud formation,radiative forcing alterations,request-156-15-3
radiative forcing alterations,global warming,request-156-15-4
human activity,urbanization,request-156-16-0
urbanization,urban heat island effect,request-156-16-1
urban heat island effect,increased local temperatures,request-156-16-2
increased local temperatures,global warming,request-156-16-3
human activity,road transportation,request-156-17-0
road transportation,vehicular emissions,request-156-17-1
vehicular emissions,increased co2 emissions,request-156-17-2
increased co2 emissions,enhanced greenhouse effect,request-156-17-3
enhanced greenhouse effect,global warming,request-156-17-4
human activity,deforestation,request-156-18-0
deforestation,soil erosion,request-156-18-1
soil erosion,release of soil carbon,request-156-18-2
release of soil carbon,increased atmospheric co2,request-156-18-3
increased atmospheric co2,enhanced greenhouse effect,request-156-18-4
enhanced greenhouse effect,global warming,request-156-18-5
human activity,overfishing,request-156-19-0
overfishing,disruption of marine ecosystems,request-156-19-1
disruption of marine ecosystems,reduced oceanic co2 absorption,request-156-19-2
reduced oceanic co2 absorption,increased atmospheric co2,request-156-19-3
increased atmospheric co2,enhanced greenhouse effect,request-156-19-4
enhanced greenhouse effect,global warming,request-156-19-5
human activity,permafrost disturbance,request-156-20-0
permafrost disturbance,release of methane hydrates,request-156-20-1
release of methane hydrates,methane emissions,request-156-20-2
methane emissions,enhanced greenhouse effect,request-156-20-3
enhanced greenhouse effect,global warming,request-156-20-4
human activity,mining activities,request-156-21-0
mining activities,dust and particulate emissions,request-156-21-1
dust and particulate emissions,changes in atmospheric composition,request-156-21-2
changes in atmospheric composition,radiative forcing alterations,request-156-21-3
radiative forcing alterations,global warming,request-156-21-4
human activity,artificial nitrogen fixation,request-156-22-0
artificial nitrogen fixation,increased nitrous oxide emissions,request-156-22-1
increased nitrous oxide emissions,enhanced greenhouse effect,request-156-22-2
enhanced greenhouse effect,global warming,request-156-22-3
human activity,land-use changes,request-156-23-0
land-use changes,wetland destruction,request-156-23-1
wetland destruction,methane sinks reduction,request-156-23-2
methane sinks reduction,increased atmospheric methane,request-156-23-3
increased atmospheric methane,enhanced greenhouse effect,request-156-23-4
enhanced greenhouse effect,global warming,request-156-23-5
human activity,construction activities,request-156-24-0
construction activities,increased energy consumption,request-156-24-1
increased energy consumption,fossil fuel use,request-156-24-2
fossil fuel use,increased co2 emissions,request-156-24-3
increased co2 emissions,enhanced greenhouse effect,request-156-24-4
enhanced greenhouse effect,global warming,request-156-24-5
human activity,fossil fuel combustion,request-157-0-0
fossil fuel combustion,greenhouse gas emissions,request-157-0-1
greenhouse gas emissions,increased atmospheric greenhouse gases,request-157-0-2
increased atmospheric greenhouse gases,enhanced greenhouse effect,request-157-0-3
enhanced greenhouse effect,global warming,request-157-0-4
human activity,deforestation,request-157-1-0
deforestation,reduced carbon sequestration,request-157-1-1
reduced carbon sequestration,increased atmospheric co₂,request-157-1-2
increased atmospheric co₂,enhanced greenhouse effect,request-157-1-3
enhanced greenhouse effect,global warming,request-157-1-4
human activity,industrial processes,request-157-2-0
industrial processes,methane emissions,request-157-2-1
methane emissions,increased atmospheric methane,request-157-2-2
increased atmospheric methane,enhanced greenhouse effect,request-157-2-3
enhanced greenhouse effect,global warming,request-157-2-4
human activity,agricultural practices,request-157-3-0
agricultural practices,nitrous oxide emissions,request-157-3-1
nitrous oxide emissions,increased atmospheric nitrous oxide,request-157-3-2
increased atmospheric nitrous oxide,enhanced greenhouse effect,request-157-3-3
enhanced greenhouse effect,global warming,request-157-3-4
human activity,waste generation,request-157-4-0
waste generation,landfill methane emissions,request-157-4-1
landfill methane emissions,increased atmospheric methane,request-157-4-2
increased atmospheric methane,enhanced greenhouse effect,request-157-4-3
enhanced greenhouse effect,global warming,request-157-4-4
human activity,refrigerant use,request-157-5-0
refrigerant use,cfc and hfc emissions,request-157-5-1
cfc and hfc emissions,ozone layer depletion,request-157-5-2
ozone layer depletion,altered atmospheric composition,request-157-5-3
altered atmospheric composition,global warming,request-157-5-4
human activity,urbanization,request-157-6-0
urbanization,increased energy consumption,request-157-6-1
increased energy consumption,higher fossil fuel use,request-157-6-2
higher fossil fuel use,elevated greenhouse gas levels,request-157-6-3
elevated greenhouse gas levels,global warming,request-157-6-4
human activity,transportation emissions,request-157-7-0
transportation emissions,increased atmospheric co₂,request-157-7-1
increased atmospheric co₂,enhanced greenhouse effect,request-157-7-2
enhanced greenhouse effect,global warming,request-157-7-3
human activity,cement production,request-157-8-0
cement production,co₂ emissions,request-157-8-1
co₂ emissions,increased atmospheric co₂,request-157-8-2
increased atmospheric co₂,enhanced greenhouse effect,request-157-8-3
enhanced greenhouse effect,global warming,request-157-8-4
human activity,livestock farming,request-157-9-0
livestock farming,methane release,request-157-9-1
methane release,increased atmospheric methane,request-157-9-2
increased atmospheric methane,enhanced greenhouse effect,request-157-9-3
enhanced greenhouse effect,global warming,request-157-9-4
global warming,melting polar ice caps,request-158-0-0
melting polar ice caps,rising sea levels,request-158-0-1
rising sea levels,flooding of coastal areas,request-158-0-2
flooding of coastal areas,displacement of populations,request-158-0-3
displacement of populations,resource scarcity,request-158-0-4
resource scarcity,global conflicts,request-158-0-5
global conflicts,nuclear warfare,request-158-0-6
nuclear warfare,end of life on earth,request-158-0-7
global warming,extreme weather events,request-158-1-0
extreme weather events,ecosystem destruction,request-158-1-1
ecosystem destruction,mass extinctions,request-158-1-2
mass extinctions,collapse of food chains,request-158-1-3
collapse of food chains,food shortages,request-158-1-4
food shortages,societal collapse,request-158-1-5
societal collapse,end of life on earth,request-158-1-6
global warming,ocean acidification,request-158-2-0
ocean acidification,death of marine life,request-158-2-1
death of marine life,reduction of oxygen production,request-158-2-2
reduction of oxygen production,atmospheric oxygen depletion,request-158-2-3
atmospheric oxygen depletion,end of life on earth,request-158-2-4
global warming,release of methane hydrates,request-158-3-0
release of methane hydrates,accelerated warming,request-158-3-1
accelerated warming,uninhabitable climate,request-158-3-2
uninhabitable climate,end of life on earth,request-158-3-3
global warming,droughts,request-158-4-0
droughts,agricultural failures,request-158-4-1
agricultural failures,famine,request-158-4-2
famine,mass migration,request-158-4-3
mass migration,overpopulation in urban areas,request-158-4-4
overpopulation in urban areas,resource wars,request-158-4-5
resource wars,end of life on earth,request-158-4-6
global warming,melting permafrost,request-158-5-0
melting permafrost,release of ancient viruses,request-158-5-1
release of ancient viruses,global pandemics,request-158-5-2
global pandemics,collapse of healthcare systems,request-158-5-3
collapse of healthcare systems,widespread mortality,request-158-5-4
widespread mortality,end of life on earth,request-158-5-5
global warming,decrease in albedo effect,request-158-6-0
decrease in albedo effect,increased solar absorption,request-158-6-1
increased solar absorption,runaway greenhouse effect,request-158-6-2
runaway greenhouse effect,venus-like conditions,request-158-6-3
venus-like conditions,end of life on earth,request-158-6-4
global warming,disruption of jet streams,request-158-7-0
disruption of jet streams,climate instability,request-158-7-1
climate instability,agricultural unpredictability,request-158-7-2
agricultural unpredictability,food supply disruption,request-158-7-3
food supply disruption,global famine,request-158-7-4
global famine,end of life on earth,request-158-7-5
global warming,sea-level rise,request-158-8-0
sea-level rise,salination of freshwater sources,request-158-8-1
salination of freshwater sources,water scarcity,request-158-8-2
water scarcity,humanitarian crises,request-158-8-3
humanitarian crises,end of life on earth,request-158-8-4
global warming,species migration,request-158-9-0
species migration,invasive species proliferation,request-158-9-1
invasive species proliferation,ecosystem imbalance,request-158-9-2
ecosystem imbalance,biodiversity loss,request-158-9-3
biodiversity loss,ecological collapse,request-158-9-4
ecological collapse,end of life on earth,request-158-9-5
fuel poverty,inadequate heating,request-159-0-0
inadequate heating,cold homes,request-159-0-1
cold homes,hypothermia,request-159-0-2
hypothermia,death,request-159-0-3
fuel poverty,inadequate heating,request-159-1-0
inadequate heating,cold homes,request-159-1-1
cold homes,respiratory problems,request-159-1-2
respiratory problems,death,request-159-1-3
fuel poverty,use of unsafe heating methods,request-159-2-0
use of unsafe heating methods,carbon monoxide poisoning,request-159-2-1
carbon monoxide poisoning,death,request-159-2-2
fuel poverty,electricity disconnection,request-159-3-0
electricity disconnection,lack of lighting,request-159-3-1
lack of lighting,accidents,request-159-3-2
accidents,injuries,request-159-3-3
injuries,death,request-159-3-4
fuel poverty,psychological stress,request-159-4-0
psychological stress,mental health issues,request-159-4-1
mental health issues,suicide,request-159-4-2
suicide,death,request-159-4-3
fuel poverty,social isolation,request-159-5-0
social isolation,depression,request-159-5-1
depression,suicide,request-159-5-2
suicide,death,request-159-5-3
fuel poverty,financial strain,request-159-6-0
financial strain,malnutrition,request-159-6-1
malnutrition,weakened immune system,request-159-6-2
weakened immune system,illness,request-159-6-3
illness,death,request-159-6-4
climate change,increased global temperatures,request-160-0-0
increased global temperatures,melting glaciers,request-160-0-1
melting glaciers,sea level rise,request-160-0-2
sea level rise,flooding,request-160-0-3
climate change,increased atmospheric moisture,request-160-1-0
increased atmospheric moisture,heavy rainfall,request-160-1-1
heavy rainfall,flooding,request-160-1-2
climate change,altered weather patterns,request-160-2-0
altered weather patterns,more intense storms,request-160-2-1
more intense storms,flooding,request-160-2-2
climate change,increased ocean temperatures,request-160-3-0
increased ocean temperatures,more powerful hurricanes,request-160-3-1
more powerful hurricanes,flooding,request-160-3-2
climate change,increased evaporation,request-160-4-0
increased evaporation,more intense precipitation events,request-160-4-1
more intense precipitation events,flooding,request-160-4-2
climate change,sea level rise,request-160-5-0
sea level rise,coastal erosion,request-160-5-1
coastal erosion,flooding,request-160-5-2
climate change,shifting jet streams,request-160-6-0
shifting jet streams,unusual weather patterns,request-160-6-1
unusual weather patterns,flooding,request-160-6-2
climate change,increased frequency of el niño events,request-160-7-0
increased frequency of el niño events,extreme weather conditions,request-160-7-1
extreme weather conditions,flooding,request-160-7-2
climate change,glacier retreat,request-160-8-0
glacier retreat,glacial lake outburst floods,request-160-8-1
glacial lake outburst floods,flooding,request-160-8-2
climate change,loss of wetlands,request-160-9-0
loss of wetlands,reduced natural flood defenses,request-160-9-1
reduced natural flood defenses,flooding,request-160-9-2
climate change,deforestation,request-160-10-0
deforestation,reduced water retention,request-160-10-1
reduced water retention,flooding,request-160-10-2
climate change,soil degradation,request-160-11-0
soil degradation,reduced water absorption,request-160-11-1
reduced water absorption,flooding,request-160-11-2
climate change,thawing permafrost,request-160-12-0
thawing permafrost,ground destabilization,request-160-12-1
ground destabilization,flooding,request-160-12-2
climate change,ocean thermal expansion,request-160-13-0
ocean thermal expansion,sea level rise,request-160-13-1
sea level rise,flooding,request-160-13-2
climate change,melting ice sheets,request-160-14-0
melting ice sheets,sea level rise,request-160-14-1
sea level rise,flooding,request-160-14-2
climate change,increased temperatures,request-161-0-0
increased temperatures,increased evaporation,request-161-0-1
increased evaporation,reduced soil moisture,request-161-0-2
reduced soil moisture,droughts,request-161-0-3
climate change,altered precipitation patterns,request-161-1-0
altered precipitation patterns,reduced rainfall,request-161-1-1
reduced rainfall,droughts,request-161-1-2
climate change,glacier melting,request-161-2-0
glacier melting,reduced snowpack,request-161-2-1
reduced snowpack,decreased river flow,request-161-2-2
decreased river flow,droughts,request-161-2-3
climate change,increased sea surface temperatures,request-161-3-0
increased sea surface temperatures,altered weather patterns,request-161-3-1
altered weather patterns,shifted rainfall distribution,request-161-3-2
shifted rainfall distribution,droughts,request-161-3-3
climate change,changes in atmospheric circulation,request-161-4-0
changes in atmospheric circulation,persistent high-pressure systems,request-161-4-1
persistent high-pressure systems,reduced precipitation,request-161-4-2
reduced precipitation,droughts,request-161-4-3
climate change,increased frequency of el niño events,request-161-5-0
increased frequency of el niño events,suppressed rainfall in affected regions,request-161-5-1
suppressed rainfall in affected regions,droughts,request-161-5-2
climate change,desertification,request-161-6-0
desertification,land degradation,request-161-6-1
land degradation,reduced water availability,request-161-6-2
reduced water availability,droughts,request-161-6-3
climate change,increased frequency of heatwaves,request-161-7-0
increased frequency of heatwaves,soil moisture depletion,request-161-7-1
soil moisture depletion,droughts,request-161-7-2
climate change,reduced snowpack,request-161-8-0
reduced snowpack,earlier spring runoff,request-161-8-1
earlier spring runoff,decreased water storage,request-161-8-2
decreased water storage,droughts,request-161-8-3
climate change,increased atmospheric co₂ levels,request-161-9-0
increased atmospheric co₂ levels,stomatal closure in plants,request-161-9-1
stomatal closure in plants,reduced transpiration,request-161-9-2
reduced transpiration,lower local humidity,request-161-9-3
lower local humidity,droughts,request-161-9-4
rise in global temperatures,melting of polar ice caps,request-162-0-0
melting of polar ice caps,rise in sea levels,request-162-0-1
rise in sea levels,disruption of ocean currents,request-162-0-2
disruption of ocean currents,alteration of climate patterns,request-162-0-3
alteration of climate patterns,climate change,request-162-0-4
rise in global temperatures,increased evaporation,request-162-1-0
increased evaporation,changes in precipitation patterns,request-162-1-1
changes in precipitation patterns,extreme weather events,request-162-1-2
extreme weather events,climate change,request-162-1-3
rise in global temperatures,melting of permafrost,request-162-2-0
melting of permafrost,release of methane gas,request-162-2-1
release of methane gas,enhanced greenhouse effect,request-162-2-2
enhanced greenhouse effect,further temperature rise,request-162-2-3
further temperature rise,climate change,request-162-2-4
rise in global temperatures,ocean warming,request-162-3-0
ocean warming,coral bleaching,request-162-3-1
coral bleaching,marine ecosystem disruption,request-162-3-2
marine ecosystem disruption,altered climate regulation,request-162-3-3
altered climate regulation,climate change,request-162-3-4
rise in global temperatures,increased heatwaves,request-162-4-0
increased heatwaves,wildfires,request-162-4-1
wildfires,release of carbon dioxide,request-162-4-2
release of carbon dioxide,further greenhouse gas concentration,request-162-4-3
further greenhouse gas concentration,climate change,request-162-4-4
human activity,burning fossil fuels,request-163-0-0
burning fossil fuels,increased greenhouse gas emissions,request-163-0-1
increased greenhouse gas emissions,enhanced greenhouse effect,request-163-0-2
enhanced greenhouse effect,global warming,request-163-0-3
global warming,climate change,request-163-0-4
human activity,deforestation,request-163-1-0
deforestation,reduced carbon sequestration,request-163-1-1
reduced carbon sequestration,increased atmospheric co2 levels,request-163-1-2
increased atmospheric co2 levels,enhanced greenhouse effect,request-163-1-3
enhanced greenhouse effect,global warming,request-163-1-4
global warming,climate change,request-163-1-5
human activity,industrial processes,request-163-2-0
industrial processes,release of methane,request-163-2-1
release of methane,elevated greenhouse gas concentrations,request-163-2-2
elevated greenhouse gas concentrations,enhanced greenhouse effect,request-163-2-3
enhanced greenhouse effect,global warming,request-163-2-4
global warming,climate change,request-163-2-5
human activity,agricultural activities,request-163-3-0
agricultural activities,nitrous oxide emissions,request-163-3-1
nitrous oxide emissions,increased greenhouse gas presence,request-163-3-2
increased greenhouse gas presence,enhanced greenhouse effect,request-163-3-3
enhanced greenhouse effect,global warming,request-163-3-4
global warming,climate change,request-163-3-5
human activity,use of refrigerants,request-163-4-0
use of refrigerants,emission of hydrofluorocarbons,request-163-4-1
emission of hydrofluorocarbons,increased greenhouse gas potency,request-163-4-2
increased greenhouse gas potency,enhanced greenhouse effect,request-163-4-3
enhanced greenhouse effect,global warming,request-163-4-4
global warming,climate change,request-163-4-5
human activity,land use changes,request-163-5-0
land use changes,altered surface albedo,request-163-5-1
altered surface albedo,increased solar absorption,request-163-5-2
increased solar absorption,global warming,request-163-5-3
global warming,climate change,request-163-5-4
human activity,urbanization,request-163-6-0
urbanization,heat island effect,request-163-6-1
heat island effect,localized temperature rise,request-163-6-2
localized temperature rise,altered weather patterns,request-163-6-3
altered weather patterns,climate change,request-163-6-4
human activity,cement production,request-163-7-0
cement production,co2 emissions,request-163-7-1
co2 emissions,increased atmospheric co2 levels,request-163-7-2
increased atmospheric co2 levels,enhanced greenhouse effect,request-163-7-3
enhanced greenhouse effect,global warming,request-163-7-4
global warming,climate change,request-163-7-5
human activity,waste management practices,request-163-8-0
waste management practices,methane release from landfills,request-163-8-1
methane release from landfills,increased greenhouse gas emissions,request-163-8-2
increased greenhouse gas emissions,enhanced greenhouse effect,request-163-8-3
enhanced greenhouse effect,global warming,request-163-8-4
global warming,climate change,request-163-8-5
human activity,biomass burning,request-163-9-0
biomass burning,release of black carbon,request-163-9-1
release of black carbon,atmospheric heating,request-163-9-2
atmospheric heating,accelerated ice melt,request-163-9-3
accelerated ice melt,sea level rise,request-163-9-4
sea level rise,climate change,request-163-9-5
human activity,overfishing,request-163-10-0
overfishing,disruption of marine ecosystems,request-163-10-1
disruption of marine ecosystems,reduced carbon sequestration by oceans,request-163-10-2
reduced carbon sequestration by oceans,increased atmospheric co2,request-163-10-3
increased atmospheric co2,enhanced greenhouse effect,request-163-10-4
enhanced greenhouse effect,global warming,request-163-10-5
global warming,climate change,request-163-10-6
human activity,livestock farming,request-163-11-0
livestock farming,methane emissions from enteric fermentation,request-163-11-1
methane emissions from enteric fermentation,elevated greenhouse gas levels,request-163-11-2
elevated greenhouse gas levels,enhanced greenhouse effect,request-163-11-3
enhanced greenhouse effect,global warming,request-163-11-4
global warming,climate change,request-163-11-5
human activity,deforestation,request-163-12-0
deforestation,soil erosion,request-163-12-1
soil erosion,release of soil carbon,request-163-12-2
release of soil carbon,increased atmospheric co2,request-163-12-3
increased atmospheric co2,enhanced greenhouse effect,request-163-12-4
enhanced greenhouse effect,global warming,request-163-12-5
global warming,climate change,request-163-12-6
human activity,industrial chemical use,request-163-13-0
industrial chemical use,nitric oxide emissions,request-163-13-1
nitric oxide emissions,increased greenhouse gas emissions,request-163-13-2
increased greenhouse gas emissions,enhanced greenhouse effect,request-163-13-3
enhanced greenhouse effect,global warming,request-163-13-4
global warming,climate change,request-163-13-5
human activity,transportation emissions,request-163-14-0
transportation emissions,increased co2 and nox emissions,request-163-14-1
increased co2 and nox emissions,elevated greenhouse gas concentrations,request-163-14-2
elevated greenhouse gas concentrations,enhanced greenhouse effect,request-163-14-3
enhanced greenhouse effect,global warming,request-163-14-4
global warming,climate change,request-163-14-5
burning fossil fuels,emission of carbon dioxide,request-164-0-0
emission of carbon dioxide,increased atmospheric co2 concentration,request-164-0-1
increased atmospheric co2 concentration,enhanced greenhouse effect,request-164-0-2
enhanced greenhouse effect,global warming,request-164-0-3
burning fossil fuels,emission of methane,request-164-1-0
emission of methane,increased atmospheric methane levels,request-164-1-1
increased atmospheric methane levels,enhanced greenhouse effect,request-164-1-2
enhanced greenhouse effect,global warming,request-164-1-3
burning fossil fuels,emission of nitrous oxide,request-164-2-0
emission of nitrous oxide,increased atmospheric n2o concentration,request-164-2-1
increased atmospheric n2o concentration,enhanced greenhouse effect,request-164-2-2
enhanced greenhouse effect,global warming,request-164-2-3
burning fossil fuels,release of black carbon (soot),request-164-3-0
release of black carbon (soot),deposition of soot on ice and snow,request-164-3-1
deposition of soot on ice and snow,reduced albedo (surface reflectivity),request-164-3-2
reduced albedo (surface reflectivity),increased absorption of solar radiation,request-164-3-3
increased absorption of solar radiation,global warming,request-164-3-4
burning fossil fuels,emission of aerosols,request-164-4-0
emission of aerosols,alteration of cloud formation,request-164-4-1
alteration of cloud formation,changes in earth's radiative balance,request-164-4-2
changes in earth's radiative balance,global warming,request-164-4-3
burning fossil fuels,ocean acidification,request-164-5-0
ocean acidification,harm to marine organisms,request-164-5-1
harm to marine organisms,reduced carbon sequestration by oceans,request-164-5-2
reduced carbon sequestration by oceans,increased atmospheric co2 concentration,request-164-5-3
increased atmospheric co2 concentration,global warming,request-164-5-4
burning fossil fuels,formation of tropospheric ozone,request-164-6-0
formation of tropospheric ozone,increased atmospheric ozone levels,request-164-6-1
increased atmospheric ozone levels,enhanced greenhouse effect,request-164-6-2
enhanced greenhouse effect,global warming,request-164-6-3
burning fossil fuels,land degradation for fossil fuel extraction,request-164-7-0
land degradation for fossil fuel extraction,deforestation and habitat loss,request-164-7-1
deforestation and habitat loss,reduced carbon absorption by vegetation,request-164-7-2
reduced carbon absorption by vegetation,increased atmospheric co2 concentration,request-164-7-3
increased atmospheric co2 concentration,global warming,request-164-7-4
burning fossil fuels,industrial heat release,request-164-8-0
industrial heat release,urban heat island effect,request-164-8-1
urban heat island effect,increased local temperatures,request-164-8-2
increased local temperatures,contribution to global warming,request-164-8-3
burning fossil fuels,economic development,request-164-9-0
economic development,increased energy consumption,request-164-9-1
increased energy consumption,higher greenhouse gas emissions,request-164-9-2
higher greenhouse gas emissions,accumulation of greenhouse gases in the atmosphere,request-164-9-3
accumulation of greenhouse gases in the atmosphere,global warming,request-164-9-4
burning biomass,release of carbon dioxide,request-165-0-0
release of carbon dioxide,increased atmospheric carbon dioxide,request-165-0-1
increased atmospheric carbon dioxide,enhanced greenhouse effect,request-165-0-2
enhanced greenhouse effect,global warming,request-165-0-3
burning biomass,emission of black carbon,request-165-1-0
emission of black carbon,deposition of black carbon on ice and snow,request-165-1-1
deposition of black carbon on ice and snow,decreased albedo,request-165-1-2
decreased albedo,increased absorption of solar radiation,request-165-1-3
increased absorption of solar radiation,global warming,request-165-1-4
burning biomass,deforestation,request-165-2-0
deforestation,reduced carbon sequestration,request-165-2-1
reduced carbon sequestration,increased atmospheric carbon dioxide,request-165-2-2
increased atmospheric carbon dioxide,enhanced greenhouse effect,request-165-2-3
enhanced greenhouse effect,global warming,request-165-2-4
burning biomass,release of methane,request-165-3-0
release of methane,increased atmospheric methane,request-165-3-1
increased atmospheric methane,enhanced greenhouse effect,request-165-3-2
enhanced greenhouse effect,global warming,request-165-3-3
burning biomass,release of nitrous oxide,request-165-4-0
release of nitrous oxide,increased atmospheric nitrous oxide,request-165-4-1
increased atmospheric nitrous oxide,enhanced greenhouse effect,request-165-4-2
enhanced greenhouse effect,global warming,request-165-4-3
heat from gas emissions absorbed by oceans,surface ocean warming,request-166-0-0
surface ocean warming,increased ocean stratification,request-166-0-1
increased ocean stratification,slowing of ocean vertical mixing,request-166-0-2
heat from gas emissions absorbed by oceans,melting of sea ice,request-166-1-0
melting of sea ice,freshwater input to surface ocean,request-166-1-1
freshwater input to surface ocean,reduced salinity of surface waters,request-166-1-2
reduced salinity of surface waters,increased ocean stratification,request-166-1-3
increased ocean stratification,slowing of ocean vertical mixing,request-166-1-4
heat from gas emissions absorbed by oceans,surface ocean warming,request-166-2-0
surface ocean warming,reduced density of surface waters,request-166-2-1
reduced density of surface waters,increased density gradient between surface and deep ocean,request-166-2-2
increased density gradient between surface and deep ocean,slowing of ocean vertical mixing,request-166-2-3
heat from gas emissions absorbed by oceans,surface ocean warming,request-166-3-0
surface ocean warming,strengthening of thermocline,request-166-3-1
strengthening of thermocline,slowing of ocean vertical mixing,request-166-3-2
heat from gas emissions absorbed by oceans,increase in ocean temperatures,request-167-0-0
increase in ocean temperatures,reduced solubility of oxygen in seawater,request-167-0-1
reduced solubility of oxygen in seawater,lower oxygen content in ocean water,request-167-0-2
lower oxygen content in ocean water,ocean deoxygenation,request-167-0-3
heat from gas emissions absorbed by oceans,increase in ocean temperatures,request-167-1-0
increase in ocean temperatures,enhanced stratification of ocean layers,request-167-1-1
enhanced stratification of ocean layers,reduced vertical mixing of ocean waters,request-167-1-2
reduced vertical mixing of ocean waters,decreased transport of oxygen to deeper layers,request-167-1-3
decreased transport of oxygen to deeper layers,ocean deoxygenation,request-167-1-4
heat from gas emissions absorbed by oceans,increase in ocean temperatures,request-167-2-0
increase in ocean temperatures,increased metabolic rates of marine organisms,request-167-2-1
increased metabolic rates of marine organisms,higher consumption of oxygen by marine organisms,request-167-2-2
higher consumption of oxygen by marine organisms,depletion of oxygen in ocean waters,request-167-2-3
depletion of oxygen in ocean waters,ocean deoxygenation,request-167-2-4
heat from gas emissions absorbed by oceans,increase in ocean temperatures,request-167-3-0
increase in ocean temperatures,expansion of oxygen minimum zones,request-167-3-1
expansion of oxygen minimum zones,reduced habitat for aerobic marine life,request-167-3-2
reduced habitat for aerobic marine life,ocean deoxygenation,request-167-3-3
heat from gas emissions absorbed by oceans,increase in ocean temperatures,request-167-4-0
increase in ocean temperatures,enhanced microbial decomposition of organic matter,request-167-4-1
enhanced microbial decomposition of organic matter,increased oxygen consumption by bacteria,request-167-4-2
increased oxygen consumption by bacteria,depletion of oxygen in ocean waters,request-167-4-3
depletion of oxygen in ocean waters,ocean deoxygenation,request-167-4-4
heat from gas emissions absorbed by oceans,increase in ocean temperatures,request-167-5-0
increase in ocean temperatures,algal blooms due to nutrient accumulation,request-167-5-1
algal blooms due to nutrient accumulation,decomposition of algae consuming oxygen,request-167-5-2
decomposition of algae consuming oxygen,lower oxygen levels in ocean water,request-167-5-3
lower oxygen levels in ocean water,ocean deoxygenation,request-167-5-4
heat from gas emissions absorbed by oceans,increase in ocean temperatures,request-167-6-0
increase in ocean temperatures,melting of polar ice caps,request-167-6-1
melting of polar ice caps,freshwater influx into oceans,request-167-6-2
freshwater influx into oceans,disruption of thermohaline circulation,request-167-6-3
disruption of thermohaline circulation,reduced oxygen transport to deep ocean,request-167-6-4
reduced oxygen transport to deep ocean,ocean deoxygenation,request-167-6-5
heat from gas emissions absorbed by oceans,increase in ocean temperatures,request-167-7-0
increase in ocean temperatures,reduced upwelling of nutrient-rich waters,request-167-7-1
reduced upwelling of nutrient-rich waters,impact on phytoplankton productivity,request-167-7-2
impact on phytoplankton productivity,altered oxygen production and consumption balance,request-167-7-3
altered oxygen production and consumption balance,ocean deoxygenation,request-167-7-4
fossil fuel co2 emissions,increased atmospheric co2 levels,request-168-0-0
increased atmospheric co2 levels,greater absorption of co2 by oceans,request-168-0-1
greater absorption of co2 by oceans,formation of carbonic acid in seawater,request-168-0-2
formation of carbonic acid in seawater,lowering of ocean ph,request-168-0-3
lowering of ocean ph,ocean acidification,request-168-0-4
fossil fuel co2 emissions,elevated atmospheric co2 concentration,request-168-1-0
elevated atmospheric co2 concentration,increased partial pressure of co2 over oceans,request-168-1-1
increased partial pressure of co2 over oceans,shift in carbonate chemistry equilibrium,request-168-1-2
shift in carbonate chemistry equilibrium,decrease in carbonate ion availability,request-168-1-3
decrease in carbonate ion availability,ocean acidification,request-168-1-4
fossil fuel co2 emissions,rising atmospheric co2,request-168-2-0
rising atmospheric co2,increased co2 dissolution in seawater,request-168-2-1
increased co2 dissolution in seawater,release of hydrogen ions in ocean,request-168-2-2
release of hydrogen ions in ocean,decrease in ocean ph,request-168-2-3
decrease in ocean ph,ocean acidification,request-168-2-4
heat,dehydration,request-169-0-0
dehydration,organ failure,request-169-0-1
organ failure,hot weather deaths,request-169-0-2
heat,heat exhaustion,request-169-1-0
heat exhaustion,heat stroke,request-169-1-1
heat stroke,hot weather deaths,request-169-1-2
heat,increased body temperature,request-169-2-0
increased body temperature,cellular damage,request-169-2-1
cellular damage,hot weather deaths,request-169-2-2
heat,sweating,request-169-3-0
sweating,electrolyte imbalance,request-169-3-1
electrolyte imbalance,cardiac arrhythmia,request-169-3-2
cardiac arrhythmia,hot weather deaths,request-169-3-3
heat,heat cramps,request-169-4-0
heat cramps,muscle fatigue,request-169-4-1
muscle fatigue,collapse,request-169-4-2
collapse,hot weather deaths,request-169-4-3
heat,elevated ozone levels,request-169-5-0
elevated ozone levels,respiratory problems,request-169-5-1
respiratory problems,hot weather deaths,request-169-5-2
heat,sunburn,request-169-6-0
sunburn,skin damage,request-169-6-1
skin damage,infection,request-169-6-2
infection,hot weather deaths,request-169-6-3
heat,increased metabolic rate,request-169-7-0
increased metabolic rate,oxygen demand,request-169-7-1
oxygen demand,cardiac stress,request-169-7-2
cardiac stress,hot weather deaths,request-169-7-3
heat,dehydration,request-169-8-0
dehydration,blood thickening,request-169-8-1
blood thickening,blood clots,request-169-8-2
blood clots,hot weather deaths,request-169-8-3
heat,sleep disturbances,request-169-9-0
sleep disturbances,fatigue,request-169-9-1
fatigue,accidents,request-169-9-2
accidents,hot weather deaths,request-169-9-3
heat,heat syncope,request-169-10-0
heat syncope,falls,request-169-10-1
falls,injuries,request-169-10-2
injuries,hot weather deaths,request-169-10-3
heat,increased air pollution,request-169-11-0
increased air pollution,asthma attacks,request-169-11-1
asthma attacks,hot weather deaths,request-169-11-2
heat,wildfires,request-169-12-0
wildfires,smoke inhalation,request-169-12-1
smoke inhalation,respiratory failure,request-169-12-2
respiratory failure,hot weather deaths,request-169-12-3
lack of air conditioning,high indoor temperatures,request-170-0-0
high indoor temperatures,heat stress,request-170-0-1
heat stress,heat exhaustion,request-170-0-2
heat exhaustion,heat stroke,request-170-0-3
heat stroke,hot weather deaths,request-170-0-4
lack of air conditioning,high indoor temperatures,request-170-1-0
high indoor temperatures,heat stress,request-170-1-1
heat stress,dehydration,request-170-1-2
dehydration,organ failure,request-170-1-3
organ failure,hot weather deaths,request-170-1-4
lack of air conditioning,high indoor temperatures,request-170-2-0
high indoor temperatures,increased body temperature,request-170-2-1
increased body temperature,hyperthermia,request-170-2-2
hyperthermia,hot weather deaths,request-170-2-3
lack of air conditioning,high indoor temperatures,request-170-3-0
high indoor temperatures,heat stress,request-170-3-1
heat stress,hot weather deaths,request-170-3-2
lack of air conditioning,high indoor temperatures,request-170-4-0
high indoor temperatures,cardiovascular strain,request-170-4-1
cardiovascular strain,heart failure,request-170-4-2
heart failure,hot weather deaths,request-170-4-3
lack of air conditioning,high indoor temperatures,request-170-5-0
high indoor temperatures,dehydration,request-170-5-1
dehydration,kidney failure,request-170-5-2
kidney failure,hot weather deaths,request-170-5-3
cold,hypothermia,request-171-0-0
hypothermia,cold weather deaths,request-171-0-1
cold,frostbite,request-171-1-0
frostbite,infection,request-171-1-1
infection,cold weather deaths,request-171-1-2
cold,ice formation on roads,request-171-2-0
ice formation on roads,slippery conditions,request-171-2-1
slippery conditions,vehicle accidents,request-171-2-2
vehicle accidents,cold weather deaths,request-171-2-3
cold,ice on sidewalks,request-171-3-0
ice on sidewalks,slip and fall accidents,request-171-3-1
slip and fall accidents,cold weather deaths,request-171-3-2
cold,snowfall,request-171-4-0
snowfall,snow accumulation,request-171-4-1
snow accumulation,roof collapses,request-171-4-2
roof collapses,cold weather deaths,request-171-4-3
cold,increased use of heating devices,request-171-5-0
increased use of heating devices,carbon monoxide poisoning,request-171-5-1
carbon monoxide poisoning,cold weather deaths,request-171-5-2
cold,use of unsafe heating methods,request-171-6-0
use of unsafe heating methods,house fires,request-171-6-1
house fires,cold weather deaths,request-171-6-2
cold,increased energy demand,request-171-7-0
increased energy demand,power outages,request-171-7-1
power outages,loss of heating,request-171-7-2
loss of heating,hypothermia,request-171-7-3
hypothermia,cold weather deaths,request-171-7-4
cold,increased indoor crowding,request-171-8-0
increased indoor crowding,spread of infectious diseases,request-171-8-1
spread of infectious diseases,cold weather deaths,request-171-8-2
cold,exacerbation of chronic illnesses,request-171-9-0
exacerbation of chronic illnesses,cold weather deaths,request-171-9-1
weakened immune system in the winter,increased susceptibility to infections,request-172-0-0
increased susceptibility to infections,contracting a cold,request-172-0-1
contracting a cold,developing pneumonia,request-172-0-2
developing pneumonia,respiratory failure,request-172-0-3
respiratory failure,death,request-172-0-4
weakened immune system in the winter,increased susceptibility to infections,request-172-1-0
increased susceptibility to infections,contracting influenza,request-172-1-1
contracting influenza,severe flu complications,request-172-1-2
severe flu complications,organ failure,request-172-1-3
organ failure,death,request-172-1-4
weakened immune system in the winter,increased susceptibility to infections,request-172-2-0
increased susceptibility to infections,contracting bacterial infection,request-172-2-1
contracting bacterial infection,development of sepsis,request-172-2-2
development of sepsis,multiple organ dysfunction,request-172-2-3
multiple organ dysfunction,death,request-172-2-4
weakened immune system in the winter,reactivation of latent viruses,request-172-3-0
reactivation of latent viruses,shingles outbreak,request-172-3-1
shingles outbreak,severe complications,request-172-3-2
severe complications,death,request-172-3-3
weakened immune system in the winter,exacerbation of existing chronic conditions,request-172-4-0
exacerbation of existing chronic conditions,cardiac complications,request-172-4-1
cardiac complications,heart failure,request-172-4-2
heart failure,death,request-172-4-3
weakened immune system in the winter,development of autoimmune disorders,request-172-5-0
development of autoimmune disorders,progressive organ damage,request-172-5-1
progressive organ damage,death,request-172-5-2
weakened immune system in the winter,increased susceptibility to infections,request-172-6-0
increased susceptibility to infections,contracting covid-19,request-172-6-1
contracting covid-19,severe acute respiratory syndrome,request-172-6-2
severe acute respiratory syndrome,respiratory failure,request-172-6-3
respiratory failure,death,request-172-6-4
weakened immune system in the winter,increased susceptibility to infections,request-172-7-0
increased susceptibility to infections,gastrointestinal infection,request-172-7-1
gastrointestinal infection,dehydration,request-172-7-2
dehydration,organ failure,request-172-7-3
organ failure,death,request-172-7-4
weakened immune system in the winter,poor wound healing,request-172-8-0
poor wound healing,infection of wounds,request-172-8-1
infection of wounds,sepsis,request-172-8-2
sepsis,death,request-172-8-3
weakened immune system in the winter,increased cancer cell proliferation,request-172-9-0
increased cancer cell proliferation,cancer progression,request-172-9-1
cancer progression,metastasis,request-172-9-2
metastasis,death,request-172-9-3
cold,hypothermia,request-173-0-0
hypothermia,heart failure,request-173-0-1
heart failure,death,request-173-0-2
cold,hypothermia,request-173-1-0
hypothermia,organ failure,request-173-1-1
organ failure,death,request-173-1-2
cold,frostbite,request-173-2-0
frostbite,infection,request-173-2-1
infection,sepsis,request-173-2-2
sepsis,death,request-173-2-3
cold,common cold,request-173-3-0
common cold,pneumonia,request-173-3-1
pneumonia,respiratory failure,request-173-3-2
respiratory failure,death,request-173-3-3
cold,vasoconstriction,request-173-4-0
vasoconstriction,ischemia,request-173-4-1
ischemia,tissue necrosis,request-173-4-2
tissue necrosis,organ failure,request-173-4-3
organ failure,death,request-173-4-4
cold,decreased immunity,request-173-5-0
decreased immunity,infection,request-173-5-1
infection,sepsis,request-173-5-2
sepsis,death,request-173-5-3
cold,shivering,request-173-6-0
shivering,exhaustion,request-173-6-1
exhaustion,collapse,request-173-6-2
collapse,death,request-173-6-3
cold,vasoconstriction,request-173-7-0
vasoconstriction,increased blood pressure,request-173-7-1
increased blood pressure,stroke,request-173-7-2
stroke,death,request-173-7-3
the wholesale price of gas,increased cost of gas for energy producers,request-174-0-0
increased cost of gas for energy producers,increased cost of electricity production,request-174-0-1
increased cost of electricity production,increased retail energy prices,request-174-0-2
increased retail energy prices,higher household energy bills,request-174-0-3
higher household energy bills,reduced disposable income for households,request-174-0-4
reduced disposable income for households,crisis in the cost of living,request-174-0-5
the wholesale price of gas,increased production costs for manufacturers,request-174-1-0
increased production costs for manufacturers,higher prices of goods and services,request-174-1-1
higher prices of goods and services,reduced purchasing power of consumers,request-174-1-2
reduced purchasing power of consumers,crisis in the cost of living,request-174-1-3
the wholesale price of gas,increased transportation costs,request-174-2-0
increased transportation costs,increased cost of goods transported,request-174-2-1
increased cost of goods transported,increased retail prices,request-174-2-2
increased retail prices,consumers face higher expenses,request-174-2-3
consumers face higher expenses,crisis in the cost of living,request-174-2-4
the wholesale price of gas,inflation increases,request-174-3-0
inflation increases,central bank raises interest rates,request-174-3-1
central bank raises interest rates,higher mortgage and loan repayments,request-174-3-2
higher mortgage and loan repayments,reduced disposable income,request-174-3-3
reduced disposable income,crisis in the cost of living,request-174-3-4
the wholesale price of gas,increased operational costs for businesses,request-174-4-0
increased operational costs for businesses,businesses lay off employees,request-174-4-1
businesses lay off employees,increased unemployment,request-174-4-2
increased unemployment,reduced household incomes,request-174-4-3
reduced household incomes,crisis in the cost of living,request-174-4-4
the wholesale price of gas,government increases taxes to subsidize energy costs,request-174-5-0
government increases taxes to subsidize energy costs,higher taxes for consumers,request-174-5-1
higher taxes for consumers,less disposable income,request-174-5-2
less disposable income,crisis in the cost of living,request-174-5-3
the wholesale price of gas,energy companies pass costs to consumers,request-174-6-0
energy companies pass costs to consumers,higher energy bills for households,request-174-6-1
higher energy bills for households,consumers struggle financially,request-174-6-2
consumers struggle financially,crisis in the cost of living,request-174-6-3
the wholesale price of gas,increased cost of raw materials,request-174-7-0
increased cost of raw materials,higher prices for manufactured goods,request-174-7-1
higher prices for manufactured goods,increased cost of living,request-174-7-2
increased cost of living,crisis in the cost of living,request-174-7-3
the wholesale price of gas,economic uncertainty,request-174-8-0
economic uncertainty,decreased investment,request-174-8-1
decreased investment,economic contraction,request-174-8-2
economic contraction,job losses,request-174-8-3
job losses,crisis in the cost of living,request-174-8-4
the wholesale price of gas,energy shortages,request-174-9-0
energy shortages,reduced industrial output,request-174-9-1
reduced industrial output,economic recession,request-174-9-2
economic recession,crisis in the cost of living,request-174-9-3
human activity,fossil fuel combustion,request-175-0-0
fossil fuel combustion,co2 emissions,request-175-0-1
co2 emissions,50 billion tons of co2 per year,request-175-0-2
human activity,industrialization,request-175-1-0
industrialization,increased energy consumption,request-175-1-1
increased energy consumption,higher fossil fuel use,request-175-1-2
higher fossil fuel use,co2 emissions,request-175-1-3
co2 emissions,50 billion tons of co2 per year,request-175-1-4
human activity,transportation expansion,request-175-2-0
transportation expansion,vehicle emissions,request-175-2-1
vehicle emissions,co2 release,request-175-2-2
co2 release,50 billion tons of co2 per year,request-175-2-3
human activity,deforestation,request-175-3-0
deforestation,reduced carbon sequestration,request-175-3-1
reduced carbon sequestration,increased atmospheric co2,request-175-3-2
increased atmospheric co2,50 billion tons of co2 per year,request-175-3-3
human activity,agricultural practices,request-175-4-0
agricultural practices,soil carbon release,request-175-4-1
soil carbon release,co2 emissions,request-175-4-2
co2 emissions,50 billion tons of co2 per year,request-175-4-3
human activity,cement production,request-175-5-0
cement production,co2 release from chemical processes,request-175-5-1
co2 release from chemical processes,50 billion tons of co2 per year,request-175-5-2
human activity,electricity generation,request-175-6-0
electricity generation,coal-fired power plants,request-175-6-1
coal-fired power plants,co2 emissions,request-175-6-2
co2 emissions,50 billion tons of co2 per year,request-175-6-3
human activity,waste incineration,request-175-7-0
waste incineration,combustion emissions,request-175-7-1
combustion emissions,co2 release,request-175-7-2
co2 release,50 billion tons of co2 per year,request-175-7-3
human activity,land use changes,request-175-8-0
land use changes,peatland drainage,request-175-8-1
peatland drainage,co2 emissions,request-175-8-2
co2 emissions,50 billion tons of co2 per year,request-175-8-3
human activity,urbanization,request-175-9-0
urbanization,increased infrastructure development,request-175-9-1
increased infrastructure development,higher energy demand,request-175-9-2
higher energy demand,co2 emissions,request-175-9-3
co2 emissions,50 billion tons of co2 per year,request-175-9-4
fires,tree burning,request-176-0-0
tree burning,loss of forest cover,request-176-0-1
loss of forest cover,deforestation,request-176-0-2
fires,habitat destruction,request-176-1-0
habitat destruction,ecosystem disruption,request-176-1-1
ecosystem disruption,deforestation,request-176-1-2
fires,soil degradation,request-176-2-0
soil degradation,soil infertility,request-176-2-1
soil infertility,vegetation loss,request-176-2-2
vegetation loss,deforestation,request-176-2-3
fires,air pollution,request-176-3-0
air pollution,climate change,request-176-3-1
climate change,drought,request-176-3-2
drought,deforestation,request-176-3-3
fires,economic losses,request-176-4-0
economic losses,increased exploitation,request-176-4-1
increased exploitation,deforestation,request-176-4-2
fires,biodiversity loss,request-176-5-0
biodiversity loss,ecosystem imbalance,request-176-5-1
ecosystem imbalance,deforestation,request-176-5-2
fires,destruction of seedlings,request-176-6-0
destruction of seedlings,regeneration failure,request-176-6-1
regeneration failure,deforestation,request-176-6-2
fires,human displacement,request-176-7-0
human displacement,increased land clearing,request-176-7-1
increased land clearing,deforestation,request-176-7-2
increased foliage,increased photosynthesis,request-177-0-0
increased photosynthesis,increased plant biomass,request-177-0-1
increased plant biomass,expansion of vegetation cover,request-177-0-2
expansion of vegetation cover,greening of the planet,request-177-0-3
increased foliage,increased shade cover,request-177-1-0
increased shade cover,reduced soil evaporation,request-177-1-1
reduced soil evaporation,enhanced soil moisture,request-177-1-2
enhanced soil moisture,increased plant growth,request-177-1-3
increased plant growth,greening of the planet,request-177-1-4
increased foliage,increased transpiration,request-177-2-0
increased transpiration,increased atmospheric moisture,request-177-2-1
increased atmospheric moisture,increased rainfall,request-177-2-2
increased rainfall,enhanced vegetation growth,request-177-2-3
enhanced vegetation growth,greening of the planet,request-177-2-4
increased foliage,increased litter fall,request-177-3-0
increased litter fall,enhanced soil fertility,request-177-3-1
enhanced soil fertility,increased plant growth,request-177-3-2
increased plant growth,greening of the planet,request-177-3-3
increased foliage,increased habitat for herbivores,request-177-4-0
increased habitat for herbivores,enhanced seed dispersal,request-177-4-1
enhanced seed dispersal,spread of plant species,request-177-4-2
spread of plant species,expansion of vegetation cover,request-177-4-3
expansion of vegetation cover,greening of the planet,request-177-4-4
tree planting,growth of new trees,request-178-0-0
growth of new trees,increased forest cover,request-178-0-1
increased forest cover,reforestation,request-178-0-2
tree planting,increased tree density,request-178-1-0
increased tree density,reforestation,request-178-1-1
tree planting,soil stabilization,request-178-2-0
soil stabilization,improved soil quality,request-178-2-1
improved soil quality,reforestation,request-178-2-2
tree planting,habitat restoration,request-178-3-0
habitat restoration,reforestation,request-178-3-1
tree planting,carbon sequestration,request-178-4-0
carbon sequestration,climate improvement,request-178-4-1
climate improvement,reforestation,request-178-4-2
tree planting,erosion reduction,request-178-5-0
erosion reduction,reforestation,request-178-5-1
tree planting,biodiversity increase,request-178-6-0
biodiversity increase,healthy forest ecosystem,request-178-6-1
healthy forest ecosystem,reforestation,request-178-6-2
tree planting,tree growth,request-179-0-0
tree growth,increased forest area,request-179-0-1
increased forest area,reforestation,request-179-0-2
tree planting,soil stabilization,request-179-1-0
soil stabilization,improved soil quality,request-179-1-1
improved soil quality,enhanced seedling survival,request-179-1-2
enhanced seedling survival,forest regeneration,request-179-1-3
forest regeneration,reforestation,request-179-1-4
tree planting,erosion control,request-179-2-0
erosion control,stabilized landscapes,request-179-2-1
stabilized landscapes,forest recovery,request-179-2-2
forest recovery,reforestation,request-179-2-3
tree planting,increased canopy cover,request-179-3-0
increased canopy cover,microclimate improvement,request-179-3-1
microclimate improvement,forest ecosystem establishment,request-179-3-2
forest ecosystem establishment,reforestation,request-179-3-3
tree planting,habitat creation,request-179-4-0
habitat creation,biodiversity increase,request-179-4-1
biodiversity increase,ecosystem recovery,request-179-4-2
ecosystem recovery,reforestation,request-179-4-3
tree planting,carbon sequestration,request-179-5-0
carbon sequestration,climate regulation,request-179-5-1
climate regulation,forest expansion,request-179-5-2
forest expansion,reforestation,request-179-5-3
tree planting,wildlife attraction,request-179-6-0
wildlife attraction,seed dispersal,request-179-6-1
seed dispersal,natural regeneration,request-179-6-2
natural regeneration,reforestation,request-179-6-3
tree planting,community engagement,request-179-7-0
community engagement,sustained reforestation efforts,request-179-7-1
sustained reforestation efforts,expanded forest areas,request-179-7-2
expanded forest areas,reforestation,request-179-7-3
tree planting,reconnecting fragmented habitats,request-179-8-0
reconnecting fragmented habitats,ecosystem connectivity,request-179-8-1
ecosystem connectivity,biodiversity conservation,request-179-8-2
biodiversity conservation,reforestation,request-179-8-3
deforestation,loss of tree roots,request-180-0-0
loss of tree roots,increased soil erosion,request-180-0-1
increased soil erosion,nutrient loss in the soils,request-180-0-2
deforestation,reduced canopy cover,request-180-1-0
reduced canopy cover,greater exposure of soil to rain,request-180-1-1
greater exposure of soil to rain,topsoil degradation,request-180-1-2
topsoil degradation,nutrient loss in the soils,request-180-1-3
deforestation,diminished leaf litter,request-180-2-0
diminished leaf litter,decreased organic matter input,request-180-2-1
decreased organic matter input,lower soil fertility,request-180-2-2
lower soil fertility,nutrient loss in the soils,request-180-2-3
deforestation,increased soil exposure to sunlight,request-180-3-0
increased soil exposure to sunlight,higher soil temperatures,request-180-3-1
higher soil temperatures,enhanced nutrient volatilization,request-180-3-2
enhanced nutrient volatilization,nutrient loss in the soils,request-180-3-3
deforestation,disruption of soil microbial communities,request-180-4-0
disruption of soil microbial communities,impaired nutrient cycling,request-180-4-1
impaired nutrient cycling,nutrient loss in the soils,request-180-4-2
deforestation,compaction of exposed soil,request-180-5-0
compaction of exposed soil,reduced water infiltration,request-180-5-1
reduced water infiltration,nutrient runoff,request-180-5-2
nutrient runoff,nutrient loss in the soils,request-180-5-3
deforestation,loss of protective vegetation,request-180-6-0
loss of protective vegetation,wind erosion of topsoil,request-180-6-1
wind erosion of topsoil,nutrient loss in the soils,request-180-6-2
nutrient loss in the soils,reduced soil fertility,request-181-0-0
reduced soil fertility,decreased crop diversity,request-181-0-1
decreased crop diversity,adoption of single crop species,request-181-0-2
adoption of single crop species,monoculture,request-181-0-3
nutrient loss in the soils,increased use of chemical fertilizers,request-181-1-0
increased use of chemical fertilizers,dependence on high-input agriculture,request-181-1-1
dependence on high-input agriculture,implementation of monoculture practices,request-181-1-2
implementation of monoculture practices,monoculture,request-181-1-3
nutrient loss in the soils,soil degradation,request-181-2-0
soil degradation,abandonment of crop rotations,request-181-2-1
abandonment of crop rotations,shift to monoculture,request-181-2-2
shift to monoculture,monoculture,request-181-2-3
nutrient loss in the soils,economic pressure on farmers,request-181-3-0
economic pressure on farmers,adoption of cash crops,request-181-3-1
adoption of cash crops,monoculture,request-181-3-2
