cause,effect,custom_id
cities' burden on distal resource suppliers,distal resource suppliers face increased demand,request-1-0-0
distal resource suppliers face increased demand,distal resource suppliers increase extraction of resources,request-1-0-1
distal resource suppliers increase extraction of resources,resource extraction,request-1-0-2
resource extraction,environmental degradation affects air and water quality,request-1-0-3
environmental degradation affects air and water quality,degraded air and water quality lead to health problems in cities,request-1-0-4
degraded air and water quality lead to health problems in cities,health problems contribute to environmental deficits in cities,request-1-0-5
health problems contribute to environmental deficits in cities,environmental deficits in cities result from the burden on distal resource suppliers,request-1-0-6
business expansion,industrial production,request-2-0-0
industrial production,emission of greenhouse gases,request-2-0-1
emission of greenhouse gases,increase in carbon dioxide levels,request-2-0-2
increase in carbon dioxide levels,global warming,request-2-0-3
global warming,climate change>,request-2-0-4
corporate investments,construction activities,request-2-1-0
construction activities,deforestation,request-2-1-1
deforestation,release of stored carbon,request-2-1-2
release of stored carbon,greenhouse gas accumulation,request-2-1-3
greenhouse gas accumulation,global warming,request-2-1-4
global warming,climate change>,request-2-1-5
manufacturing processes,energy consumption,request-2-2-0
energy consumption,burning of fossil fuels,request-2-2-1
burning of fossil fuels,emission of greenhouse gases,request-2-2-2
emission of greenhouse gases,global warming,request-2-2-3
global warming,climate change>,request-2-2-4
urban development,increased transportation needs,request-2-3-0
increased transportation needs,more vehicles on the road,request-2-3-1
more vehicles on the road,emission of greenhouse gases,request-2-3-2
emission of greenhouse gases,global warming,request-2-3-3
global warming,climate change>,request-2-3-4
agricultural practices,use of synthetic fertilizers,request-2-4-0
use of synthetic fertilizers,release of nitrous oxide,request-2-4-1
release of nitrous oxide,greenhouse gas accumulation,request-2-4-2
greenhouse gas accumulation,global warming,request-2-4-3
global warming,climate change>,request-2-4-4
energy sector growth,fossil fuel extraction,request-2-5-0
fossil fuel extraction,carbon dioxide emissions,request-2-5-1
carbon dioxide emissions,greenhouse gas accumulation,request-2-5-2
greenhouse gas accumulation,global warming,request-2-5-3
global warming,climate change>,request-2-5-4
business expansion,deforestation for land development,request-3-0-0
deforestation for land development,habitat destruction,request-3-0-1
habitat destruction,species displacement,request-3-0-2
species displacement,reduced biodiversity,request-3-0-3
reduced biodiversity,loss of biodiversity,request-3-0-4
business pollution,water contamination,request-3-1-0
water contamination,harm to aquatic life,request-3-1-1
harm to aquatic life,disruption of food chains,request-3-1-2
disruption of food chains,ecosystem imbalance,request-3-1-3
ecosystem imbalance,loss of biodiversity,request-3-1-4
business overfishing,depletion of fish populations,request-3-2-0
depletion of fish populations,disruption of marine ecosystems,request-3-2-1
disruption of marine ecosystems,loss of marine biodiversity,request-3-2-2
loss of marine biodiversity,loss of biodiversity,request-3-2-3
business agricultural expansion,land clearing for crop cultivation,request-3-3-0
land clearing for crop cultivation,soil degradation,request-3-3-1
soil degradation,loss of plant species,request-3-3-2
loss of plant species,loss of biodiversity,request-3-3-3
business urban development,construction of buildings and infrastructure,request-3-4-0
construction of buildings and infrastructure,loss of natural habitats,request-3-4-1
loss of natural habitats,displacement of wildlife,request-3-4-2
displacement of wildlife,loss of biodiversity,request-3-4-3
business expansion,industrial pollution,request-4-0-0
industrial pollution,deforestation,request-4-0-1
deforestation,soil erosion,request-4-0-2
soil erosion,water contamination,request-4-0-3
water contamination,loss of biodiversity,request-4-0-4
loss of biodiversity,degradation of nature,request-4-0-5
business activities,emission of greenhouse gases,request-4-1-0
emission of greenhouse gases,global warming,request-4-1-1
global warming,climate change,request-4-1-2
climate change,extreme weather events,request-4-1-3
extreme weather events,natural habitat destruction,request-4-1-4
natural habitat destruction,degradation of nature,request-4-1-5
business consumption,extraction of natural resources,request-4-2-0
extraction of natural resources,habitat disruption,request-4-2-1
habitat disruption,pollution of ecosystems,request-4-2-2
pollution of ecosystems,loss of species,request-4-2-3
loss of species,degradation of nature,request-4-2-4
business waste production,landfill expansion,request-4-3-0
landfill expansion,soil contamination,request-4-3-1
soil contamination,waterway pollution,request-4-3-2
waterway pollution,ecosystem imbalance,request-4-3-3
ecosystem imbalance,degradation of nature,request-4-3-4
business transportation,air pollution,request-4-4-0
air pollution,acid rain,request-4-4-1
acid rain,soil acidification,request-4-4-2
soil acidification,plant damage,request-4-4-3
plant damage,degradation of nature,request-4-4-4
business chemical use,chemical runoff,request-4-5-0
chemical runoff,waterway contamination,request-4-5-1
waterway contamination,aquatic life harm,request-4-5-2
aquatic life harm,ecosystem disruption,request-4-5-3
ecosystem disruption,degradation of nature,request-4-5-4
gas emissions,heat from gas emissions absorbed by oceans,request-5-0-0
heat from gas emissions absorbed by oceans,increased ocean temperature,request-5-0-1
increased ocean temperature,reduced water density,request-5-0-2
reduced water density,slowing of ocean vertical mixing,request-5-0-3
gas emissions,heat from gas emissions absorbed by oceans,request-6-0-0
heat from gas emissions absorbed by oceans,ocean warming,request-6-0-1
ocean warming,stratification of ocean layers,request-6-0-2
stratification of ocean layers,reduced mixing of surface and deep waters,request-6-0-3
reduced mixing of surface and deep waters,decreased oxygen supply to deeper waters,request-6-0-4
decreased oxygen supply to deeper waters,ocean deoxygenation,request-6-0-5
gas emissions,heat from gas emissions absorbed by oceans,request-6-1-0
heat from gas emissions absorbed by oceans,increased ocean temperatures,request-6-1-1
increased ocean temperatures,enhanced biological activity,request-6-1-2
enhanced biological activity,higher oxygen consumption by marine organisms,request-6-1-3
higher oxygen consumption by marine organisms,reduced oxygen levels in ocean waters,request-6-1-4
reduced oxygen levels in ocean waters,ocean deoxygenation,request-6-1-5
gas emissions,heat from gas emissions absorbed by oceans,request-6-2-0
heat from gas emissions absorbed by oceans,altered ocean currents,request-6-2-1
altered ocean currents,disrupted nutrient distribution,request-6-2-2
disrupted nutrient distribution,impaired oxygen production in marine ecosystems,request-6-2-3
impaired oxygen production in marine ecosystems,decreased oxygen availability,request-6-2-4
decreased oxygen availability,ocean deoxygenation,request-6-2-5
gas emissions,heat from gas emissions absorbed by oceans,request-6-3-0
heat from gas emissions absorbed by oceans,ocean acidification,request-6-3-1
ocean acidification,impacted marine life respiration,request-6-3-2
impacted marine life respiration,reduced oxygen levels in ocean waters,request-6-3-3
reduced oxygen levels in ocean waters,ocean deoxygenation,request-6-3-4
fossil fuel combustion,carbon dioxide release,request-7-0-0
carbon dioxide release,carbon dioxide accumulation in atmosphere,request-7-0-1
carbon dioxide accumulation in atmosphere,increased atmospheric co2 levels,request-7-0-2
increased atmospheric co2 levels,enhanced greenhouse effect,request-7-0-3
enhanced greenhouse effect,global temperature rise,request-7-0-4
global temperature rise,ocean warming,request-7-0-5
ocean warming,decrease in ocean ph,request-7-0-6
decrease in ocean ph,ocean acidification,request-7-0-7
melting of glaciers,rising sea levels,request-8-0-0
rising sea levels,increased freshwater influx into the ocean,request-8-0-1
increased freshwater influx into the ocean,alteration of salinity gradients,request-8-0-2
alteration of salinity gradients,disruption of ocean currents at intermediate depths,request-8-0-3
melting of glaciers,increased freshwater influx into oceans,request-9-0-0
increased freshwater influx into oceans,disruption of ocean salinity,request-9-0-1
disruption of ocean salinity,alteration of ocean currents,request-9-0-2
alteration of ocean currents,disruption of ocean temperature at intermediate depths,request-9-0-3
global warming due to increased greenhouse gases,rising average temperatures on earth,request-10-0-0
rising average temperatures on earth,increased melting of polar ice caps,request-10-0-1
increased melting of polar ice caps,accelerated melting of glaciers,request-10-0-2
deforestation leading to reduced carbon absorption,higher levels of carbon dioxide in the atmosphere,request-10-1-0
higher levels of carbon dioxide in the atmosphere,global warming due to increased greenhouse gases,request-10-1-1
global warming due to increased greenhouse gases,rising average temperatures on earth,request-10-1-2
rising average temperatures on earth,increased melting of polar ice caps,request-10-1-3
increased melting of polar ice caps,accelerated melting of glaciers,request-10-1-4
burning of fossil fuels for energy production,increased emissions of greenhouse gases,request-10-2-0
increased emissions of greenhouse gases,global warming due to increased greenhouse gases,request-10-2-1
global warming due to increased greenhouse gases,rising average temperatures on earth,request-10-2-2
rising average temperatures on earth,increased melting of polar ice caps,request-10-2-3
increased melting of polar ice caps,accelerated melting of glaciers,request-10-2-4
industrial activities releasing pollutants,greenhouse gas emissions from factories,request-10-3-0
greenhouse gas emissions from factories,global warming due to increased greenhouse gases,request-10-3-1
global warming due to increased greenhouse gases,rising average temperatures on earth,request-10-3-2
rising average temperatures on earth,increased melting of polar ice caps,request-10-3-3
increased melting of polar ice caps,accelerated melting of glaciers,request-10-3-4
transportation sector emissions,increased carbon dioxide emissions from vehicles,request-10-4-0
increased carbon dioxide emissions from vehicles,global warming due to increased greenhouse gases,request-10-4-1
global warming due to increased greenhouse gases,rising average temperatures on earth,request-10-4-2
rising average temperatures on earth,increased melting of polar ice caps,request-10-4-3
increased melting of polar ice caps,accelerated melting of glaciers,request-10-4-4
urbanization and land use changes,loss of natural habitats and vegetation,request-10-5-0
loss of natural habitats and vegetation,higher levels of carbon dioxide in the atmosphere,request-10-5-1
higher levels of carbon dioxide in the atmosphere,global warming due to increased greenhouse gases,request-10-5-2
global warming due to increased greenhouse gases,rising average temperatures on earth,request-10-5-3
rising average temperatures on earth,increased melting of polar ice caps,request-10-5-4
increased melting of polar ice caps,accelerated melting of glaciers,request-10-5-5
meltdown of arctic ice,increased freshwater input into the north atlantic,request-11-0-0
increased freshwater input into the north atlantic,weakening of the atlantic meridional overturning circulation,request-11-0-1
weakening of the atlantic meridional overturning circulation,reduced heat transport to intermediatedepth waters,request-11-0-2
reduced heat transport to intermediatedepth waters,warming of intermediatedepth waters,request-11-0-3
warming of intermediatedepth waters,increase in ocean temperature,request-12-0-0
increase in ocean temperature,expansion of water volume,request-12-0-1
expansion of water volume,release of dissolved gases,request-12-0-2
release of dissolved gases,rise in sea level,request-12-0-3
rise in sea level,increased pressure on shallow subsurface sediments,request-12-0-4
increased pressure on shallow subsurface sediments,melting of shallow subsurface methane hydrates,request-12-0-5
melting of shallow subsurface methane hydrates,release of methane gas,request-12-0-6
release of methane gas,stabilization of shallow subsurface methane hydrates,request-12-0-7
stabilization of shallow subsurface methane hydrates,destabilization of shallow subsurface methane hydrates,request-12-0-8
warming of intermediatedepth waters,increase in ocean temperature,request-13-0-0
increase in ocean temperature,percolation of methane hydrates,request-13-0-1
percolation of methane hydrates,release of methane,request-13-0-2
warming of intermediatedepth waters,melting of permafrost,request-13-1-0
melting of permafrost,release of methane from thawing permafrost,request-13-1-1
release of methane from thawing permafrost,release of methane,request-13-1-2
warming of intermediatedepth waters,increased microbial activity in ocean sediments,request-13-2-0
increased microbial activity in ocean sediments,production of methane by microbes,request-13-2-1
production of methane by microbes,release of methane,request-13-2-2
warming of intermediatedepth waters,disruption of marine ecosystems,request-13-3-0
disruption of marine ecosystems,release of methane from disrupted ecosystems,request-13-3-1
release of methane from disrupted ecosystems,release of methane,request-13-3-2
shutdown of energy production,increase in energy costs,request-14-0-0
increase in energy costs,decrease in industrial output,request-14-0-1
decrease in industrial output,decrease in supply of goods,request-14-0-2
decrease in supply of goods,increase in prices of goods,request-14-0-3
increase in prices of goods,inflation,request-14-0-4
shutdown of energy production,increased energy costs,request-15-0-0
increased energy costs,businesses increase prices,request-15-0-1
businesses increase prices,consumer spending decreases,request-15-0-2
consumer spending decreases,demand for goods and services decreases,request-15-0-3
demand for goods and services decreases,factories reduce production,request-15-0-4
factories reduce production,unemployment rises,request-15-0-5
unemployment rises,income levels decrease,request-15-0-6
income levels decrease,shortages,request-15-0-7
shutdown of energy production,transportation disruptions,request-15-1-0
transportation disruptions,supply chain delays,request-15-1-1
supply chain delays,goods become scarce,request-15-1-2
goods become scarce,consumer demand exceeds supply,request-15-1-3
consumer demand exceeds supply,shortages,request-15-1-4
shutdown of energy production,industrial operations halt,request-15-2-0
industrial operations halt,manufacturing of essential goods stops,request-15-2-1
manufacturing of essential goods stops,essential goods become scarce,request-15-2-2
essential goods become scarce,shortages,request-15-2-3
shutdown of energy production,power outages affect storage facilities,request-15-3-0
power outages affect storage facilities,stored goods spoil or become unusable,request-15-3-1
stored goods spoil or become unusable,availability of goods decreases,request-15-3-2
availability of goods decreases,shortages,request-15-3-3
shutdown of energy production,increase in energy costs,request-16-0-0
increase in energy costs,decrease in industrial output,request-16-0-1
decrease in industrial output,decrease in supply of goods,request-16-0-2
decrease in supply of goods,increase in prices of goods,request-16-0-3
increase in prices of goods,inflation,request-16-0-4
shutdown of energy production,increased energy costs,request-17-0-0
increased energy costs,businesses increase prices,request-17-0-1
businesses increase prices,consumer spending decreases,request-17-0-2
consumer spending decreases,demand for goods and services decreases,request-17-0-3
demand for goods and services decreases,factories reduce production,request-17-0-4
factories reduce production,unemployment rises,request-17-0-5
unemployment rises,income levels decrease,request-17-0-6
income levels decrease,shortages,request-17-0-7
shutdown of energy production,transportation disruptions,request-17-1-0
transportation disruptions,supply chain delays,request-17-1-1
supply chain delays,goods become scarce,request-17-1-2
goods become scarce,consumer demand exceeds supply,request-17-1-3
consumer demand exceeds supply,shortages,request-17-1-4
shutdown of energy production,industrial operations halt,request-17-2-0
industrial operations halt,manufacturing of essential goods stops,request-17-2-1
manufacturing of essential goods stops,essential goods become scarce,request-17-2-2
essential goods become scarce,shortages,request-17-2-3
shutdown of energy production,power outages affect storage facilities,request-17-3-0
power outages affect storage facilities,stored goods spoil or become unusable,request-17-3-1
stored goods spoil or become unusable,availability of goods decreases,request-17-3-2
availability of goods decreases,shortages,request-17-3-3
russia implements economic sanctions on a neighboring country,neighboring country experiences a shortage of essential goods,request-18-0-0
neighboring country experiences a shortage of essential goods,neighboring country faces increased production costs,request-18-0-1
neighboring country faces increased production costs,neighboring country raises prices on goods and services,request-18-0-2
neighboring country raises prices on goods and services,neighboring country's currency devalues due to decreased demand,request-18-0-3
neighboring country's currency devalues due to decreased demand,neighboring country's imports become more expensive,request-18-0-4
neighboring country's imports become more expensive,neighboring country experiences higher inflation rates,request-18-0-5
neighboring country experiences higher inflation rates,neighboring country struggles to stabilize its economy,request-18-0-6
neighboring country struggles to stabilize its economy,neighboring country's economic instability spreads to other countries,request-18-0-7
neighboring country's economic instability spreads to other countries,neighboring countries face increased trade tensions,request-18-0-8
neighboring countries face increased trade tensions,global trade tensions lead to decreased international trade,request-18-0-9
global trade tensions lead to decreased international trade,decreased international trade affects global supply chains,request-18-0-10
decreased international trade affects global supply chains,disrupted global supply chains lead to increased costs for businesses worldwide,request-18-0-11
disrupted global supply chains lead to increased costs for businesses worldwide,businesses worldwide pass on increased costs to consumers,request-18-0-12
businesses worldwide pass on increased costs to consumers,consumers worldwide experience higher prices,request-18-0-13
consumers worldwide experience higher prices,consumers worldwide face inflation,request-18-0-14
consumers worldwide face inflation,inflation worldwide affects russia's economy,request-18-0-15
inflation worldwide affects russia's economy,russia experiences inflation due to global economic factors,request-18-0-16
russia experiences inflation due to global economic factors,russia faces inflation,request-18-0-17
russia increases oil production,global oil prices drop,request-18-1-0
global oil prices drop,russia's oil revenue decreases,request-18-1-1
russia's oil revenue decreases,russia faces budget deficits,request-18-1-2
russia faces budget deficits,russia's government cuts public spending,request-18-1-3
russia's government cuts public spending,unemployment rates rise in russia,request-18-1-4
unemployment rates rise in russia,higher unemployment,request-18-1-5
higher unemployment,decreased consumer spending affects russian businesses,request-18-1-6
decreased consumer spending affects russian businesses,russian businesses face reduced profits,request-18-1-7
russian businesses face reduced profits,russian businesses cut wages or lay off workers,request-18-1-8
russian businesses cut wages or lay off workers,reduced wages and unemployment contribute to decreased consumer purchasing power,request-18-1-9
reduced wages and unemployment contribute to decreased consumer purchasing power,decreased purchasing power,request-18-1-10
decreased purchasing power,reduced demand affects russian businesses' ability to maintain prices,request-18-1-11
reduced demand affects russian businesses' ability to maintain prices,russian businesses reduce prices to stimulate demand,request-18-1-12
russian businesses reduce prices to stimulate demand,reduced prices lead to deflationary pressures in russia,request-18-1-13
reduced prices lead to deflationary pressures in russia,deflationary pressures affect russia's economy,request-18-1-14
deflationary pressures affect russia's economy,russia faces deflation,request-18-1-15
russia faces geopolitical tensions with western countries,russia's government imposes trade restrictions,request-18-2-0
russia's government imposes trade restrictions,russia's trade partners face increased tariffs and trade barriers,request-18-2-1
russia's trade partners face increased tariffs and trade barriers,russia's trade partners experience reduced exports to russia,request-18-2-2
russia's trade partners experience reduced exports to russia,russia's trade partners face decreased revenue from exports,request-18-2-3
russia's trade partners face decreased revenue from exports,russia's trade partners struggle to stabilize their economies,request-18-2-4
russia's trade partners struggle to stabilize their economies,russia's trade partners face economic instability,request-18-2-5
russia's trade partners face economic instability,russia's trade partners face inflation,request-18-2-6
russia's trade partners face inflation,russia faces inflation due to strained trade relationships,request-18-2-7
russia faces inflation due to strained trade relationships,russia's inflation affects its economy,request-18-2-8
russia's inflation affects its economy,russia faces inflation,request-18-2-9
russia invests heavily in military spending,russia's government reallocates funds from social programs,request-18-3-0
russia's government reallocates funds from social programs,russia's social programs face budget cuts,request-18-3-1
russia's social programs face budget cuts,russia's citizens face reduced access to healthcare and education,request-18-3-2
russia's citizens face reduced access to healthcare and education,reduced access to healthcare and education affects productivity,request-18-3-3
reduced access to healthcare and education affects productivity,reduced productivity affects russia's economy,request-18-3-4
reduced productivity affects russia's economy,russia's economy faces slower growth,request-18-3-5
russia's economy faces slower growth,russia's inflation rate increases,request-18-3-6
russia's inflation rate increases,russia faces inflation,request-18-3-7
russia experiences a cyber attack on its financial institutions,russia's financial institutions face operational disruptions,request-18-4-0
russia's financial institutions face operational disruptions,russia's banking sector faces instability,request-18-4-1
russia's banking sector faces instability,russia's banking sector faces decreased confidence,request-18-4-2
russia's banking sector faces decreased confidence,russia's citizens face difficulty accessing funds,request-18-4-3
russia's citizens face difficulty accessing funds,russia's businesses face challenges in accessing credit,request-18-4-4
russia's businesses face challenges in accessing credit,russia's businesses face reduced investment,request-18-4-5
russia's businesses face reduced investment,russia's economy faces slower growth,request-18-4-6
russia's economy faces slower growth,russia's inflation rate increases,request-18-4-7
russia's inflation rate increases,russia faces inflation,request-18-4-8
russia faces international isolation due to political actions,russia's international trade partners face decreased economic cooperation,request-18-5-0
russia's international trade partners face decreased economic cooperation,russia's international trade partners face reduced trade opportunities,request-18-5-1
russia's international trade partners face reduced trade opportunities,russia's international trade partners face economic instability,request-18-5-2
russia's international trade partners face economic instability,russia's international trade partners face inflation,request-18-5-3
russia's international trade partners face inflation,russia faces inflation due to strained international relations,request-18-5-4
russia faces inflation due to strained international relations,russia's inflation affects its economy,request-18-5-5
russia's inflation affects its economy,russia faces inflation,request-18-5-6
russia sanctions,oil prices rise,request-19-0-0
oil prices rise,global supply decreases,request-19-0-1
global supply decreases,transportation costs increase,request-19-0-2
transportation costs increase,manufacturing costs increase,request-19-0-3
manufacturing costs increase,product availability decreases,request-19-0-4
product availability decreases,shortages occur,request-19-0-5
russia sanctions,currency devalues,request-19-1-0
currency devalues,import costs rise,request-19-1-1
import costs rise,businesses increase prices,request-19-1-2
businesses increase prices,consumer spending decreases,request-19-1-3
consumer spending decreases,production slows,request-19-1-4
production slows,shortages occur,request-19-1-5
russia sanctions,trade restrictions,request-19-2-0
trade restrictions,supply chain disruptions,request-19-2-1
supply chain disruptions,raw materials become scarce,request-19-2-2
raw materials become scarce,product shortages,request-19-2-3
product shortages,shortages occur,request-19-2-4
russia sanctions,energy exports decrease,request-19-3-0
energy exports decrease,energy shortages in other countries,request-19-3-1
energy shortages in other countries,industries rely on energy,request-19-3-2
industries rely on energy,production slows,request-19-3-3
production slows,shortages occur,request-19-3-4
government spending increases,consumer demand rises,request-20-0-0
consumer demand rises,prices go up,request-20-0-1
prices go up,inflation increases,request-20-0-2
trade deficits widen,demand for foreign currency increases,request-20-1-0
demand for foreign currency increases,exchange rates fluctuate,request-20-1-1
exchange rates fluctuate,import prices rise,request-20-1-2
import prices rise,inflation increases,request-20-1-3
interest rates lowered,borrowing increases,request-20-2-0
borrowing increases,consumer spending rises,request-20-2-1
consumer spending rises,demand for goods increases,request-20-2-2
demand for goods increases,prices go up,request-20-2-3
prices go up,inflation increases,request-20-2-4
tax cuts implemented,disposable income increases,request-20-3-0
disposable income increases,consumer spending rises,request-20-3-1
consumer spending rises,demand for goods increases,request-20-3-2
demand for goods increases,prices go up,request-20-3-3
prices go up,inflation increases,request-20-3-4
regulatory easing,business investment increases,request-20-4-0
business investment increases,production capacity expands,request-20-4-1
production capacity expands,supply chain issues arise,request-20-4-2
supply chain issues arise,prices go up,request-20-4-3
prices go up,inflation increases,request-20-4-4
government regulations,increased production costs for businesses,request-21-0-0
increased production costs for businesses,companies reduce their output,request-21-0-1
companies reduce their output,limited availability of goods,request-21-0-2
limited availability of goods,shortages in the market,request-21-0-3
trade restrictions,importation of goods becomes more difficult,request-21-1-0
importation of goods becomes more difficult,domestic suppliers face competition from abroad,request-21-1-1
domestic suppliers face competition from abroad,domestic suppliers reduce production,request-21-1-2
domestic suppliers reduce production,shortages in the market,request-21-1-3
tax increases,businesses have less capital to invest,request-21-2-0
businesses have less capital to invest,businesses cut back on production,request-21-2-1
businesses cut back on production,limited availability of goods,request-21-2-2
limited availability of goods,shortages in the market,request-21-2-3
labor laws,increased labor costs for businesses,request-21-3-0
increased labor costs for businesses,businesses reduce workforce or hours,request-21-3-1
businesses reduce workforce or hours,decreased production capacity,request-21-3-2
decreased production capacity,limited availability of goods,request-21-3-3
limited availability of goods,shortages in the market,request-21-3-4
environmental regulations,compliance costs increase for businesses,request-21-4-0
compliance costs increase for businesses,businesses reduce production to cut costs,request-21-4-1
businesses reduce production to cut costs,limited availability of goods,request-21-4-2
limited availability of goods,shortages in the market,request-21-4-3
democratic party of the united states,legislates,request-22-0-0
legislates,tax policies,request-22-0-1
tax policies,increase,request-22-0-2
increase,government spending,request-22-0-3
government spending,boosts,request-22-0-4
boosts,economic activity,request-22-0-5
economic activity,creates,request-22-0-6
creates,demand for goods and services,request-22-0-7
demand for goods and services,inflationary pressures,request-22-0-8
inflationary pressures,inflation,request-22-0-9
democratic party of the united states,implements,request-22-1-0
implements,social programs,request-22-1-1
social programs,increases,request-22-1-2
increases,unemployment benefits,request-22-1-3
unemployment benefits,reduces,request-22-1-4
reduces,work incentives,request-22-1-5
work incentives,higher unemployment,request-22-1-6
higher unemployment,labor market,request-22-1-7
labor market,wage pressures,request-22-1-8
wage pressures,inflation,request-22-1-9
democratic party of the united states,controls,request-22-2-0
controls,federal budget,request-22-2-1
federal budget,spends,request-22-2-2
spends,more,request-22-2-3
more,on,request-22-2-4
on,entitlement programs,request-22-2-5
entitlement programs,higher,request-22-2-6
higher,government debt,request-22-2-7
government debt,borrowing,request-22-2-8
borrowing,interest rates,request-22-2-9
interest rates,inflation,request-22-2-10
democratic party of the united states,pursues,request-22-3-0
pursues,aggressive,request-22-3-1
aggressive,environmental regulations,request-22-3-2
environmental regulations,increases,request-22-3-3
increases,costs for,request-22-3-4
costs for,businesses,request-22-3-5
businesses,higher,request-22-3-6
higher,production costs,request-22-3-7
production costs,product prices,request-22-3-8
product prices,inflation,request-22-3-9
democratic party of the united states,enacts,request-22-4-0
enacts,minimum wage laws,request-22-4-1
minimum wage laws,raises,request-22-4-2
raises,minimum wage,request-22-4-3
minimum wage,increases,request-22-4-4
increases,labor costs,request-22-4-5
labor costs,businesses,request-22-4-6
businesses,higher,request-22-4-7
higher,product prices,request-22-4-8
product prices,inflation,request-22-4-9
democratic party of the united states,increases,request-22-5-0
increases,regulations,request-22-5-1
regulations,on,request-22-5-2
on,financial institutions,request-22-5-3
financial institutions,higher,request-22-5-4
higher,operational costs,request-22-5-5
operational costs,banks,request-22-5-6
banks,higher,request-22-5-7
higher,interest rates,request-22-5-8
interest rates,inflation,request-22-5-9
democratic party of the united states,supports,request-22-6-0
supports,labor unions,request-22-6-1
labor unions,raises,request-22-6-2
raises,wages,request-22-6-3
wages,increases,request-22-6-4
increases,consumer spending,request-22-6-5
consumer spending,higher,request-22-6-6
higher,demand,request-22-6-7
demand,inflationary pressures,request-22-6-8
inflationary pressures,inflation,request-22-6-9
people from balochistan migrate to other regions due to economic hardships,migration,request-23-0-0
migration,urbanization results in higher energy consumption and industrial activities,request-23-0-1
urbanization results in higher energy consumption and industrial activities,higher energy consumption and industrial activities contribute to greenhouse gas emissions,request-23-0-2
higher energy consumption and industrial activities contribute to greenhouse gas emissions,greenhouse gas emissions cause global warming,request-23-0-3
greenhouse gas emissions cause global warming,global warming,request-23-0-4
people from balochistan engage in unsustainable farming practices,unsustainable farming practices lead to soil degradation and deforestation,request-23-1-0
unsustainable farming practices lead to soil degradation and deforestation,soil degradation and deforestation reduce the land's capacity to absorb carbon dioxide,request-23-1-1
soil degradation and deforestation reduce the land's capacity to absorb carbon dioxide,reduced carbon absorption increases atmospheric co2 levels,request-23-1-2
reduced carbon absorption increases atmospheric co2 levels,increased atmospheric co2 levels contribute to global warming,request-23-1-3
increased atmospheric co2 levels contribute to global warming,global warming,request-23-1-4
people from balochistan rely heavily on fossil fuels for energy,heavy reliance on fossil fuels,request-23-2-0
heavy reliance on fossil fuels,significant carbon emissions contribute to the greenhouse effect,request-23-2-1
significant carbon emissions contribute to the greenhouse effect,the greenhouse effect causes an increase in global temperatures,request-23-2-2
the greenhouse effect causes an increase in global temperatures,an increase in global temperatures,request-23-2-3
people from balochistan contribute to pollution through industrial activities,industrial activities release pollutants into the atmosphere,request-23-3-0
industrial activities release pollutants into the atmosphere,pollutants in the atmosphere contribute to the greenhouse effect,request-23-3-1
pollutants in the atmosphere contribute to the greenhouse effect,the greenhouse effect results in global warming,request-23-3-2
the greenhouse effect results in global warming,global warming,request-23-3-3
high carbon emissions from rich countries,increased greenhouse gases in the atmosphere,request-24-0-0
increased greenhouse gases in the atmosphere,global warming,request-24-0-1
global warming,extreme weather events,request-24-0-2
extreme weather events,climate change,request-24-0-3
industrial activities in rich countries,deforestation for agricultural expansion,request-24-1-0
deforestation for agricultural expansion,loss of carbon sinks,request-24-1-1
loss of carbon sinks,higher carbon dioxide levels,request-24-1-2
higher carbon dioxide levels,climate change,request-24-1-3
energy consumption in rich countries,burning of fossil fuels,request-24-2-0
burning of fossil fuels,high carbon emissions,request-24-2-1
high carbon emissions,greenhouse gas accumulation,request-24-2-2
greenhouse gas accumulation,climate change,request-24-2-3
highincome lifestyle in rich countries,excessive consumption of resources,request-24-3-0
excessive consumption of resources,waste generation,request-24-3-1
waste generation,pollution,request-24-3-2
pollution,climate change,request-24-3-3
transportation in rich countries,high fuel consumption,request-24-4-0
high fuel consumption,emissions from vehicles,request-24-4-1
emissions from vehicles,air pollution,request-24-4-2
air pollution,greenhouse gas accumulation,request-24-4-3
greenhouse gas accumulation,climate change,request-24-4-4
investment in fossil fuels by rich countries,extraction and burning of fossil fuels,request-24-5-0
extraction and burning of fossil fuels,carbon emissions,request-24-5-1
carbon emissions,global warming,request-24-5-2
global warming,climate change,request-24-5-3
rising global temperatures,melting polar ice caps,request-25-0-0
melting polar ice caps,rising sea levels,request-25-0-1
rising sea levels,flooding of coastal areas,request-25-0-2
flooding of coastal areas,displacement of coastal communities,request-25-0-3
displacement of coastal communities,economic strain on affected regions,request-25-0-4
economic strain on affected regions,increased poverty in coastal areas,request-25-0-5
increased poverty in coastal areas,impacts on poor regions,request-25-0-6
increased greenhouse gas emissions,stratospheric ozone depletion,request-25-1-0
stratospheric ozone depletion,higher uv radiation reaching earth,request-25-1-1
higher uv radiation reaching earth,health issues such as skin cancer and cataracts,request-25-1-2
health issues such as skin cancer and cataracts,increased healthcare costs,request-25-1-3
increased healthcare costs,strain on healthcare systems in poor regions,request-25-1-4
strain on healthcare systems in poor regions,reduced economic productivity due to health issues,request-25-1-5
reduced economic productivity due to health issues,impacts on poor regions,request-25-1-6
deforestation,loss of biodiversity,request-25-2-0
loss of biodiversity,disruption of local ecosystems,request-25-2-1
disruption of local ecosystems,reduction in agricultural productivity,request-25-2-2
reduction in agricultural productivity,food scarcity,request-25-2-3
food scarcity,increased food prices,request-25-2-4
increased food prices,economic hardship for poor regions,request-25-2-5
economic hardship for poor regions,impacts on poor regions,request-25-2-6
extreme weather events,hurricanes and typhoons,request-25-3-0
hurricanes and typhoons,destruction of infrastructure,request-25-3-1
destruction of infrastructure,loss of homes and livelihoods,request-25-3-2
loss of homes and livelihoods,displacement of populations,request-25-3-3
displacement of populations,strain on social services,request-25-3-4
strain on social services,increased poverty and inequality in affected regions,request-25-3-5
increased poverty and inequality in affected regions,impacts on poor regions,request-25-3-6
ocean acidification,coral bleaching,request-25-4-0
coral bleaching,loss of marine biodiversity,request-25-4-1
loss of marine biodiversity,decline in fish populations,request-25-4-2
decline in fish populations,reduced fishery yields,request-25-4-3
reduced fishery yields,economic hardship for communities dependent on fishing,request-25-4-4
economic hardship for communities dependent on fishing,increased poverty in coastal and island regions,request-25-4-5
increased poverty in coastal and island regions,impacts on poor regions,request-25-4-6
industrialization,burning of fossil fuels,request-26-0-0
burning of fossil fuels,increase in greenhouse gases,request-26-0-1
increase in greenhouse gases,climate change,request-26-0-2
climate change,melting of polar ice caps,request-26-0-3
melting of polar ice caps,rising sea levels,request-26-0-4
rising sea levels,global warming,request-26-0-5
deforestation,reduction of carbon dioxide absorption by forests,request-26-1-0
reduction of carbon dioxide absorption by forests,climate change,request-26-1-1
climate change,increased atmospheric carbon dioxide levels,request-26-1-2
increased atmospheric carbon dioxide levels,greenhouse effect,request-26-1-3
greenhouse effect,global warming,request-26-1-4
transportation emissions,increase in carbon dioxide and other greenhouse gases,request-26-2-0
increase in carbon dioxide and other greenhouse gases,climate change,request-26-2-1
climate change,higher global temperatures,request-26-2-2
higher global temperatures,global warming,request-26-2-3
energy production,"burning of coal, oil, and natural gas",request-26-3-0
"burning of coal, oil, and natural gas",increase in greenhouse gases,request-26-3-1
increase in greenhouse gases,climate change,request-26-3-2
climate change,altered weather patterns,request-26-3-3
altered weather patterns,global warming,request-26-3-4
rising global temperatures,melting polar ice caps,request-27-0-0
melting polar ice caps,sea level rise,request-27-0-1
sea level rise,increased coastal flooding,request-27-0-2
increased coastal flooding,flooding in coastal areas,request-27-0-3
increased greenhouse gas emissions,global warming,request-27-1-0
global warming,higher atmospheric temperatures,request-27-1-1
higher atmospheric temperatures,intensified weather patterns,request-27-1-2
intensified weather patterns,heavy rainfall events,request-27-1-3
heavy rainfall events,ground saturation,request-27-1-4
ground saturation,increased runoff,request-27-1-5
increased runoff,flooding in river basins,request-27-1-6
deforestation,reduction in carbon sequestration,request-27-2-0
reduction in carbon sequestration,higher atmospheric co2 levels,request-27-2-1
higher atmospheric co2 levels,global warming,request-27-2-2
global warming,rising global temperatures,request-27-2-3
rising global temperatures,melting polar ice caps,request-27-2-4
melting polar ice caps,sea level rise,request-27-2-5
sea level rise,increased coastal flooding,request-27-2-6
increased coastal flooding,flooding in coastal areas,request-27-2-7
urbanization,increased impervious surfaces,request-27-3-0
increased impervious surfaces,reduced natural water absorption,request-27-3-1
reduced natural water absorption,increased runoff,request-27-3-2
increased runoff,flooding in urban areas,request-27-3-3
flooding in urban areas,flooding in surrounding areas,request-27-3-4
overexploitation of water resources,depletion of freshwater supplies,request-27-4-0
depletion of freshwater supplies,increased water stress,request-27-4-1
increased water stress,increased frequency of droughts,request-27-4-2
increased frequency of droughts,reduced soil moisture,request-27-4-3
reduced soil moisture,increased runoff during rain events,request-27-4-4
increased runoff during rain events,flooding in droughtprone areas,request-27-4-5
extreme weather events,heavy rainfall,request-27-5-0
heavy rainfall,increased runoff,request-27-5-1
increased runoff,flooding in affected regions,request-27-5-2
climate change,altered precipitation patterns,request-27-6-0
altered precipitation patterns,increased rainfall intensity,request-27-6-1
increased rainfall intensity,increased runoff,request-27-6-2
increased runoff,flooding in affected regions,request-27-6-3
stoppage of natural winds,reduced air circulation,request-28-0-0
reduced air circulation,altered weather patterns,request-28-0-1
altered weather patterns,shift in climate zones,request-28-0-2
shift in climate zones,climate change,request-28-0-3
stoppage of natural winds,decreased ocean surface temperatures,request-28-1-0
decreased ocean surface temperatures,reduced oceanic heat distribution,request-28-1-1
reduced oceanic heat distribution,altered weather patterns,request-28-1-2
altered weather patterns,climate change,request-28-1-3
stoppage of natural winds,increased dust and sand in the atmosphere,request-28-2-0
increased dust and sand in the atmosphere,reduced solar radiation reaching the earth,request-28-2-1
reduced solar radiation reaching the earth,altered weather patterns,request-28-2-2
altered weather patterns,climate change,request-28-2-3
stoppage of natural winds,reduced carbon dioxide absorption by oceans,request-28-3-0
reduced carbon dioxide absorption by oceans,increased atmospheric carbon dioxide levels,request-28-3-1
increased atmospheric carbon dioxide levels,altered weather patterns,request-28-3-2
altered weather patterns,climate change,request-28-3-3
stoppage of natural winds,disrupted marine ecosystems,request-28-4-0
disrupted marine ecosystems,altered ocean currents,request-28-4-1
altered ocean currents,altered weather patterns,request-28-4-2
altered weather patterns,climate change,request-28-4-3
increase in earth's atmospheric temperature,intensification of convective currents,request-29-0-0
intensification of convective currents,alteration in atmospheric pressure gradients,request-29-0-1
alteration in atmospheric pressure gradients,enhancement of wind speed,request-29-0-2
enhancement of wind speed,disruption of natural wind patterns,request-29-0-3
disruption of natural wind patterns,stoppage of natural winds,request-29-0-4
increase in earth's atmospheric temperature,intensification of convective currents,request-29-1-0
intensification of convective currents,formation of high and lowpressure systems,request-29-1-1
formation of high and lowpressure systems,intensification of storm systems,request-29-1-2
intensification of storm systems,stoppage of natural winds,request-29-1-3
increase in earth's atmospheric temperature,intensification of convective currents,request-29-2-0
intensification of convective currents,alteration in atmospheric pressure gradients,request-29-2-1
alteration in atmospheric pressure gradients,intensification of wind speed,request-29-2-2
intensification of wind speed,formation of high and lowpressure systems,request-29-2-3
formation of high and lowpressure systems,stoppage of natural winds,request-29-2-4
increase in earth's atmospheric temperature,intensification of convective currents,request-29-3-0
intensification of convective currents,alteration in atmospheric pressure gradients,request-29-3-1
alteration in atmospheric pressure gradients,formation of high and lowpressure systems,request-29-3-2
formation of high and lowpressure systems,disruption of natural wind patterns,request-29-3-3
disruption of natural wind patterns,stoppage of natural winds,request-29-3-4
increase in earth's atmospheric temperature,intensification of convective currents,request-29-4-0
intensification of convective currents,formation of high and lowpressure systems,request-29-4-1
formation of high and lowpressure systems,intensification of storm systems,request-29-4-2
intensification of storm systems,stoppage of natural winds,request-29-4-3
removal of hills,alteration of landscape,request-30-0-0
alteration of landscape,change in wind patterns,request-30-0-1
change in wind patterns,stoppage of natural winds,request-30-0-2
removal of hills,disturbance of local climate,request-30-1-0
disturbance of local climate,change in wind patterns,request-30-1-1
change in wind patterns,stoppage of natural winds,request-30-1-2
removal of hills,formation of new valleys,request-30-2-0
formation of new valleys,alteration of wind patterns,request-30-2-1
alteration of wind patterns,stoppage of natural winds,request-30-2-2
removal of hills,disruption of natural water flow,request-30-3-0
disruption of natural water flow,alteration of wind patterns,request-30-3-1
alteration of wind patterns,stoppage of natural winds,request-30-3-2
removal of hills,creation of open spaces,request-30-4-0
creation of open spaces,alteration of wind patterns,request-30-4-1
alteration of wind patterns,stoppage of natural winds,request-30-4-2
mountain removal,landscape alteration,request-31-0-0
landscape alteration,change in wind patterns,request-31-0-1
change in wind patterns,reduction in wind speed,request-31-0-2
reduction in wind speed,stoppage of natural winds,request-31-0-3
mountain removal,deforestation,request-31-1-0
deforestation,soil erosion,request-31-1-1
soil erosion,change in wind patterns,request-31-1-2
change in wind patterns,reduction in wind speed,request-31-1-3
reduction in wind speed,stoppage of natural winds,request-31-1-4
mountain removal,construction activities,request-31-2-0
construction activities,urbanization,request-31-2-1
urbanization,change in wind patterns,request-31-2-2
change in wind patterns,reduction in wind speed,request-31-2-3
reduction in wind speed,stoppage of natural winds,request-31-2-4
mountain removal,deforestation,request-31-3-0
deforestation,soil erosion,request-31-3-1
soil erosion,change in vegetation,request-31-3-2
change in vegetation,change in wind patterns,request-31-3-3
change in wind patterns,reduction in wind speed,request-31-3-4
reduction in wind speed,stoppage of natural winds,request-31-3-5
mountain removal,landscape alteration,request-31-4-0
landscape alteration,change in local climate,request-31-4-1
change in local climate,change in wind patterns,request-31-4-2
change in wind patterns,reduction in wind speed,request-31-4-3
reduction in wind speed,stoppage of natural winds,request-31-4-4
deforestation,loss of trees,request-32-0-0
loss of trees,reduction in surface roughness,request-32-0-1
reduction in surface roughness,decrease in friction,request-32-0-2
decrease in friction,altered wind patterns,request-32-0-3
altered wind patterns,stoppage of natural winds,request-32-0-4
deforestation,removal of forest cover,request-32-1-0
removal of forest cover,exposure of soil,request-32-1-1
exposure of soil,increased soil erosion,request-32-1-2
increased soil erosion,loss of vegetation,request-32-1-3
loss of vegetation,change in land surface,request-32-1-4
change in land surface,altered wind patterns,request-32-1-5
altered wind patterns,stoppage of natural winds,request-32-1-6
deforestation,cutting down trees,request-32-2-0
cutting down trees,disruption of root systems,request-32-2-1
disruption of root systems,soil destabilization,request-32-2-2
soil destabilization,loss of tree cover,request-32-2-3
loss of tree cover,altered wind patterns,request-32-2-4
altered wind patterns,stoppage of natural winds,request-32-2-5
deforestation,clearing forests,request-32-3-0
clearing forests,loss of tree canopy,request-32-3-1
loss of tree canopy,change in land surface,request-32-3-2
change in land surface,altered wind patterns,request-32-3-3
altered wind patterns,stoppage of natural winds,request-32-3-4
deforestation,removal of trees,request-32-4-0
removal of trees,exposure of soil,request-32-4-1
exposure of soil,increased soil erosion,request-32-4-2
increased soil erosion,change in land surface,request-32-4-3
change in land surface,altered wind patterns,request-32-4-4
altered wind patterns,stoppage of natural winds,request-32-4-5
deforestation,cutting down trees,request-32-5-0
cutting down trees,disruption of root systems,request-32-5-1
disruption of root systems,soil destabilization,request-32-5-2
soil destabilization,loss of tree cover,request-32-5-3
loss of tree cover,altered wind patterns,request-32-5-4
altered wind patterns,stoppage of natural winds,request-32-5-5
deforestation,clearing forests,request-32-6-0
clearing forests,loss of tree canopy,request-32-6-1
loss of tree canopy,change in land surface,request-32-6-2
change in land surface,altered wind patterns,request-32-6-3
altered wind patterns,stoppage of natural winds,request-32-6-4
deforestation,removal of trees,request-32-7-0
removal of trees,exposure of soil,request-32-7-1
exposure of soil,increased soil erosion,request-32-7-2
increased soil erosion,loss of tree cover,request-32-7-3
loss of tree cover,altered wind patterns,request-32-7-4
altered wind patterns,stoppage of natural winds,request-32-7-5
deforestation,cutting down trees,request-32-8-0
cutting down trees,disruption of root systems,request-32-8-1
disruption of root systems,soil destabilization,request-32-8-2
soil destabilization,loss of tree cover,request-32-8-3
loss of tree cover,altered wind patterns,request-32-8-4
altered wind patterns,stoppage of natural winds,request-32-8-5
deforestation,clearing forests,request-32-9-0
clearing forests,loss of tree canopy,request-32-9-1
loss of tree canopy,change in land surface,request-32-9-2
change in land surface,altered wind patterns,request-32-9-3
altered wind patterns,stoppage of natural winds,request-32-9-4
deforestation,removal of trees,request-32-10-0
removal of trees,exposure of soil,request-32-10-1
exposure of soil,increased soil erosion,request-32-10-2
increased soil erosion,change in land surface,request-32-10-3
change in land surface,altered wind patterns,request-32-10-4
altered wind patterns,stoppage of natural winds,request-32-10-5
deforestation,cutting down trees,request-32-11-0
cutting down trees,disruption of root systems,request-32-11-1
disruption of root systems,soil destabilization,request-32-11-2
soil destabilization,loss of tree cover,request-32-11-3
loss of tree cover,altered wind patterns,request-32-11-4
altered wind patterns,stoppage of natural winds,request-32-11-5
deforestation,clearing forests,request-32-12-0
clearing forests,loss of tree canopy,request-32-12-1
loss of tree canopy,change in land surface,request-32-12-2
change in land surface,altered wind patterns,request-32-12-3
altered wind patterns,stoppage of natural winds,request-32-12-4
deforestation,removal of trees,request-32-13-0
removal of trees,exposure of soil,request-32-13-1
exposure of soil,increased soil erosion,request-32-13-2
increased soil erosion,loss of tree cover,request-32-13-3
loss of tree cover,altered wind patterns,request-32-13-4
altered wind patterns,stoppage of natural winds,request-32-13-5
deforestation,cutting down trees,request-32-14-0
cutting down trees,disruption of root systems,request-32-14-1
disruption of root systems,soil destabilization,request-32-14-2
soil destabilization,loss of tree cover,request-32-14-3
loss of tree cover,altered wind patterns,request-32-14-4
altered wind patterns,stoppage of natural winds,request-32-14-5
deforestation,clearing forests,request-32-15-0
clearing forests,loss of tree canopy,request-32-15-1
loss of tree canopy,change in land surface,request-32-15-2
change in land surface,altered wind patterns,request-32-15-3
altered wind patterns,stoppage of natural winds,request-32-15-4
deforestation,removal of trees,request-32-16-0
removal of trees,exposure of soil,request-32-16-1
exposure of soil,increased soil erosion,request-32-16-2
increased soil erosion,change in land surface,request-32-16-3
change in land surface,altered wind patterns,request-32-16-4
altered wind patterns,stoppage of natural winds,request-32-16-5
deforestation,cutting down trees,request-32-17-0
cutting down trees,disruption of root systems,request-32-17-1
disruption of root systems,soil destabilization,request-32-17-2
soil destabilization,loss of tree cover,request-32-17-3
loss of tree cover,altered wind patterns,request-32-17-4
altered wind patterns,stoppage of natural winds,request-32-17-5
deforestation,clearing forests,request-32-18-0
clearing forests,loss of tree canopy,request-32-18-1
loss of tree canopy,change in land surface,request-32-18-2
change in land surface,altered wind patterns,request-32-18-3
altered wind patterns,stoppage of natural winds,request-32-18-4
deforestation,removal of trees,request-32-19-0
removal of trees,exposure of soil,request-32-19-1
exposure of soil,increased soil erosion,request-32-19-2
increased soil erosion,change in land surface,request-32-19-3
change in land surface,altered wind patterns,request-32-19-4
altered wind patterns,stoppage of natural winds,request-32-19-5
deforestation,cutting down trees,request-32-20-0
cutting down trees,disruption of root systems,request-32-20-1
disruption of root systems,soil destabilization,request-32-20-2
soil destabilization,loss of tree cover,request-32-20-3
loss of tree cover,altered wind patterns,request-32-20-4
altered wind patterns,stoppage of natural winds,request-32-20-5
deforestation,clearing forests,request-32-21-0
clearing forests,loss of tree canopy,request-32-21-1
loss of tree canopy,change in land surface,request-32-21-2
change in land surface,altered wind patterns,request-32-21-3
altered wind patterns,stoppage of natural winds,request-32-21-4
deforestation,removal of trees,request-32-22-0
removal of trees,exposure of soil,request-32-22-1
exposure of soil,increased soil erosion,request-32-22-2
increased soil erosion,change in land surface,request-32-22-3
change in land surface,altered wind patterns,request-32-22-4
altered wind patterns,stoppage of natural winds,request-32-22-5
deforestation,cutting down trees,request-32-23-0
cutting down trees,disruption of root systems,request-32-23-1
disruption of root systems,soil destabilization,request-32-23-2
soil destabilization,loss of tree cover,request-32-23-3
loss of tree cover,altered wind patterns,request-32-23-4
altered wind patterns,stoppage of natural winds,request-32-23-5
deforestation,clearing forests,request-32-24-0
clearing forests,loss of tree canopy,request-32-24-1
loss of tree canopy,change in land surface,request-32-24-2
change in land surface,altered wind patterns,request-32-24-3
altered wind patterns,stoppage of natural winds,request-32-24-4
deforestation,removal of trees,request-32-25-0
removal of trees,exposure of soil,request-32-25-1
exposure of soil,increased soil erosion,request-32-25-2
increased soil erosion,change in land surface,request-32-25-3
change in land surface,altered wind patterns,request-32-25-4
altered wind patterns,stoppage of natural winds,request-32-25-5
deforestation,cutting down trees,request-32-26-0
cutting down trees,disruption of root systems,request-32-26-1
disruption of root systems,soil destabilization,request-32-26-2
soil destabilization,loss of tree cover,request-32-26-3
loss of tree cover,altered wind patterns,request-32-26-4
altered wind patterns,stoppage of natural winds,request-32-26-5
deforestation,clearing forests,request-32-27-0
clearing forests,loss of tree canopy,request-32-27-1
loss of tree canopy,change in land surface,request-32-27-2
change in land surface,altered wind patterns,request-32-27-3
altered wind patterns,stoppage of natural winds,request-32-27-4
deforestation,removal of trees,request-32-28-0
removal of trees,exposure of soil,request-32-28-1
exposure of soil,increased soil erosion,request-32-28-2
increased soil erosion,change in land surface,request-32-28-3
change in land surface,altered wind patterns,request-32-28-4
altered wind patterns,stoppage of natural winds,request-32-28-5
deforestation,cutting down trees,request-32-29-0
cutting down trees,disruption of root systems,request-32-29-1
disruption of root systems,soil destabilization,request-32-29-2
soil destabilization,loss of tree cover,request-32-29-3
loss of tree cover,altered wind patterns,request-32-29-4
altered wind patterns,stoppage of natural winds,request-32-29-5
deforestation,clearing forests,request-32-30-0
clearing forests,loss of tree canopy,request-32-30-1
loss of tree canopy,change in land surface,request-32-30-2
change in land surface,altered wind patterns,request-32-30-3
altered wind patterns,stoppage of natural winds,request-32-30-4
deforestation,removal of trees,request-32-31-0
removal of trees,exposure of soil,request-32-31-1
exposure of soil,increased soil erosion,request-32-31-2
increased soil erosion,change in land surface,request-32-31-3
change in land surface,altered wind patterns,request-32-31-4
altered wind patterns,stoppage of natural winds,request-32-31-5
deforestation,cutting down trees,request-32-32-0
cutting down trees,disruption of root systems,request-32-32-1
disruption of root systems,soil destabilization,request-32-32-2
soil destabilization,loss of tree cover,request-32-32-3
loss of tree cover,altered wind patterns,request-32-32-4
altered wind patterns,stoppage of natural winds,request-32-32-5
deforestation,clearing forests,request-32-33-0
clearing forests,loss of tree canopy,request-32-33-1
loss of tree canopy,change in land surface,request-32-33-2
change in land surface,altered wind patterns,request-32-33-3
altered wind patterns,stoppage of natural winds,request-32-33-4
deforestation,removal of trees,request-32-34-0
removal of trees,exposure of soil,request-32-34-1
exposure of soil,increased soil erosion,request-32-34-2
increased soil erosion,change in land surface,request-32-34-3
change in land surface,altered wind patterns,request-32-34-4
altered wind patterns,stoppage of natural winds,request-32-34-5
deforestation,cutting down trees,request-32-35-0
cutting down trees,disruption of root systems,request-32-35-1
disruption of root systems,soil destabilization,request-32-35-2
soil destabilization,loss of tree cover,request-32-35-3
loss of tree cover,altered wind patterns,request-32-35-4
altered wind patterns,stoppage of natural winds,request-32-35-5
deforestation,clearing forests,request-32-36-0
clearing forests,loss of tree canopy,request-32-36-1
loss of tree canopy,change in land surface,request-32-36-2
change in land surface,altered wind patterns,request-32-36-3
altered wind patterns,stoppage of natural winds,request-32-36-4
deforestation,removal of trees,request-32-37-0
removal of trees,exposure of soil,request-32-37-1
exposure of soil,increased soil erosion,request-32-37-2
increased soil erosion,change in land surface,request-32-37-3
change in land surface,altered wind patterns,request-32-37-4
altered wind patterns,stoppage of natural winds,request-32-37-5
deforestation,cutting down trees,request-32-38-0
cutting down trees,disruption of root systems,request-32-38-1
disruption of root systems,soil destabilization,request-32-38-2
soil destabilization,loss of tree cover,request-32-38-3
loss of tree cover,altered wind patterns,request-32-38-4
altered wind patterns,stoppage of natural winds,request-32-38-5
deforestation,clearing forests,request-32-39-0
clearing forests,loss of tree canopy,request-32-39-1
loss of tree canopy,change in land surface,request-32-39-2
change in land surface,altered wind patterns,request-32-39-3
altered wind patterns,stoppage of natural winds,request-32-39-4
deforestation,removal of trees,request-32-40-0
removal of trees,exposure of soil,request-32-40-1
exposure of soil,increased soil erosion,request-32-40-2
increased soil erosion,change in land surface,request-32-40-3
change in land surface,altered wind patterns,request-32-40-4
altered wind patterns,stoppage of natural winds,request-32-40-5
deforestation,cutting down trees,request-32-41-0
cutting down trees,disruption of root systems,request-32-41-1
disruption of root systems,soil destabilization,request-32-41-2
soil destabilization,loss of tree cover,request-32-41-3
loss of tree cover,altered wind patterns,request-32-41-4
altered wind patterns,stoppage of natural winds,request-32-41-5
deforestation,clearing forests,request-32-42-0
clearing forests,loss of tree canopy,request-32-42-1
loss of tree canopy,change in land surface,request-32-42-2
change in land surface,altered wind patterns,request-32-42-3
altered wind patterns,stoppage of natural winds,request-32-42-4
deforestation,removal of trees,request-32-43-0
removal of trees,exposure of soil,request-32-43-1
exposure of soil,increased soil erosion,request-32-43-2
increased soil erosion,change in land surface,request-32-43-3
change in land surface,altered wind patterns,request-32-43-4
altered wind patterns,stoppage of natural winds,request-32-43-5
deforestation,cutting down trees,request-32-44-0
cutting down trees,disruption of root systems,request-32-44-1
disruption of root systems,soil destabilization,request-32-44-2
soil destabilization,loss of tree cover,request-32-44-3
loss of tree cover,altered wind patterns,request-32-44-4
altered wind patterns,stoppage of natural winds,request-32-44-5
deforestation,clearing forests,request-32-45-0
clearing forests,loss of tree canopy,request-32-45-1
loss of tree canopy,change in land surface,request-32-45-2
change in land surface,altered wind patterns,request-32-45-3
altered wind patterns,stoppage of natural winds,request-32-45-4
deforestation,removal of trees,request-32-46-0
removal of trees,exposure of soil,request-32-46-1
exposure of soil,increased soil erosion,request-32-46-2
increased soil erosion,change in land surface,request-32-46-3
change in land surface,altered wind patterns,request-32-46-4
altered wind patterns,stoppage of natural winds,request-32-46-5
deforestation,cutting down trees,request-32-47-0
cutting down trees,disruption of root systems,request-32-47-1
disruption of root systems,soil destabilization,request-32-47-2
soil destabilization,loss of tree cover,request-32-47-3
loss of tree cover,altered wind patterns,request-32-47-4
altered wind patterns,stoppage of natural winds,request-32-47-5
deforestation,clearing forests,request-32-48-0
clearing forests,loss of tree canopy,request-32-48-1
loss of tree canopy,change in land surface,request-32-48-2
change in land surface,altered wind patterns,request-32-48-3
altered wind patterns,stoppage of natural winds,request-32-48-4
deforestation,removal of trees,request-32-49-0
removal of trees,exposure of soil,request-32-49-1
exposure of soil,increased soil erosion,request-32-49-2
increased soil erosion,change in land surface,request-32-49-3
change in land surface,altered wind patterns,request-32-49-4
altered wind patterns,stoppage of natural winds,request-32-49-5
deforestation,cutting down trees,request-32-50-0
cutting down trees,disruption of root systems,request-32-50-1
disruption of root systems,soil destabilization,request-32-50-2
soil destabilization,loss of tree cover,request-32-50-3
loss of tree cover,altered wind patterns,request-32-50-4
altered wind patterns,stoppage of natural winds,request-32-50-5
deforestation,clearing forests,request-32-51-0
clearing forests,loss of tree canopy,request-32-51-1
loss of tree canopy,change in land surface,request-32-51-2
change in land surface,altered wind patterns,request-32-51-3
altered wind patterns,stoppage of natural winds,request-32-51-4
deforestation,removal of trees,request-32-52-0
removal of trees,exposure of soil,request-32-52-1
exposure of soil,increased soil erosion,request-32-52-2
increased soil erosion,change in land surface,request-32-52-3
change in land surface,altered wind patterns,request-32-52-4
altered wind patterns,stoppage of natural winds,request-32-52-5
deforestation,cutting down trees,request-32-53-0
cutting down trees,disruption of root systems,request-32-53-1
disruption of root systems,soil destabilization,request-32-53-2
soil destabilization,loss of tree cover,request-32-53-3
loss of tree cover,altered wind patterns,request-32-53-4
altered wind patterns,stoppage of natural winds,request-32-53-5
deforestation,clearing forests,request-32-54-0
clearing forests,loss of tree canopy,request-32-54-1
loss of tree canopy,change in land surface,request-32-54-2
change in land surface,altered wind patterns,request-32-54-3
altered wind patterns,stoppage of natural winds,request-32-54-4
deforestation,removal of trees,request-32-55-0
removal of trees,exposure of soil,request-32-55-1
exposure of soil,increased soil erosion,request-32-55-2
increased soil erosion,change in land surface,request-32-55-3
change in land surface,altered wind patterns,request-32-55-4
altered wind patterns,stoppage of natural winds,request-32-55-5
deforestation,cutting down trees,request-32-56-0
cutting down trees,disruption of root systems,request-32-56-1
disruption of root systems,soil destabilization,request-32-56-2
soil destabilization,loss of tree cover,request-32-56-3
loss of tree cover,altered wind patterns,request-32-56-4
altered wind patterns,stoppage of natural winds,request-32-56-5
deforestation,clearing forests,request-32-57-0
clearing forests,loss of tree canopy,request-32-57-1
loss of tree canopy,change in land surface,request-32-57-2
change in land surface,altered wind patterns,request-32-57-3
altered wind patterns,stoppage of natural winds,request-32-57-4
deforestation,removal of trees,request-32-58-0
removal of trees,exposure of soil,request-32-58-1
exposure of soil,increased soil erosion,request-32-58-2
increased soil erosion,change in land surface,request-32-58-3
change in land surface,altered wind patterns,request-32-58-4
altered wind patterns,stoppage of natural winds,request-32-58-5
deforestation,cutting down trees,request-32-59-0
cutting down trees,disruption of root systems,request-32-59-1
disruption of root systems,soil destabilization,request-32-59-2
soil destabilization,loss of tree cover,request-32-59-3
loss of tree cover,altered wind patterns,request-32-59-4
altered wind patterns,stoppage of natural winds,request-32-59-5
deforestation,clearing forests,request-32-60-0
clearing forests,loss of tree canopy,request-32-60-1
loss of tree canopy,change in land surface,request-32-60-2
change in land surface,altered wind patterns,request-32-60-3
altered wind patterns,stoppage of natural winds,request-32-60-4
deforestation,removal of trees,request-32-61-0
removal of trees,exposure of soil,request-32-61-1
exposure of soil,increased soil erosion,request-32-61-2
increased soil erosion,change in land surface,request-32-61-3
change in land surface,altered wind patterns,request-32-61-4
altered wind patterns,stoppage of natural winds,request-32-61-5
deforestation,cutting down trees,request-32-62-0
cutting down trees,disruption of root systems,request-32-62-1
disruption of root systems,soil destabilization,request-32-62-2
soil destabilization,loss of tree cover,request-32-62-3
loss of tree cover,altered wind patterns,request-32-62-4
altered wind patterns,stoppage of natural winds,request-32-62-5
deforestation,clearing forests,request-32-63-0
clearing forests,loss of tree canopy,request-32-63-1
loss of tree canopy,change in land surface,request-32-63-2
change in land surface,altered wind patterns,request-32-63-3
altered wind patterns,stoppage of natural winds,request-32-63-4
deforestation,removal of trees,request-32-64-0
removal of trees,exposure of soil,request-32-64-1
exposure of soil,increased soil erosion,request-32-64-2
increased soil erosion,change in land surface,request-32-64-3
change in land surface,altered wind patterns,request-32-64-4
altered wind patterns,stoppage of natural winds,request-32-64-5
deforestation,cutting down trees,request-32-65-0
cutting down trees,disruption of root systems,request-32-65-1
disruption of root systems,soil destabilization,request-32-65-2
soil destabilization,loss of tree cover,request-32-65-3
loss of tree cover,altered wind patterns,request-32-65-4
altered wind patterns,stoppage of natural winds,request-32-65-5
deforestation,clearing forests,request-32-66-0
clearing forests,loss of tree canopy,request-32-66-1
loss of tree canopy,change in land surface,request-32-66-2
change in land surface,altered wind patterns,request-32-66-3
altered wind patterns,stoppage of natural winds,request-32-66-4
deforestation,removal of trees,request-32-67-0
removal of trees,exposure of soil,request-32-67-1
exposure of soil,increased soil erosion,request-32-67-2
increased soil erosion,change in land surface,request-32-67-3
change in land surface,altered wind patterns,request-32-67-4
altered wind patterns,stoppage of natural winds,request-32-67-5
industrialization,burning of fossil fuels,request-33-0-0
burning of fossil fuels,release of greenhouse gases,request-33-0-1
release of greenhouse gases,increased atmospheric co2 levels,request-33-0-2
increased atmospheric co2 levels,enhanced greenhouse effect,request-33-0-3
enhanced greenhouse effect,global warming,request-33-0-4
deforestation,loss of trees,request-33-1-0
loss of trees,reduced carbon sequestration,request-33-1-1
reduced carbon sequestration,increased atmospheric co2 levels,request-33-1-2
increased atmospheric co2 levels,enhanced greenhouse effect,request-33-1-3
enhanced greenhouse effect,global warming,request-33-1-4
urbanization,construction activities,request-33-2-0
construction activities,release of carbon emissions,request-33-2-1
release of carbon emissions,increased atmospheric co2 levels,request-33-2-2
increased atmospheric co2 levels,enhanced greenhouse effect,request-33-2-3
enhanced greenhouse effect,global warming,request-33-2-4
overpopulation,increased demand for resources,request-33-3-0
increased demand for resources,deforestation,request-33-3-1
deforestation,loss of trees,request-33-3-2
loss of trees,reduced carbon sequestration,request-33-3-3
reduced carbon sequestration,increased atmospheric co2 levels,request-33-3-4
increased atmospheric co2 levels,enhanced greenhouse effect,request-33-3-5
enhanced greenhouse effect,global warming,request-33-3-6
fossil fuel consumption,burning of fossil fuels,request-33-4-0
burning of fossil fuels,release of greenhouse gases,request-33-4-1
release of greenhouse gases,increased atmospheric co2 levels,request-33-4-2
increased atmospheric co2 levels,enhanced greenhouse effect,request-33-4-3
enhanced greenhouse effect,global warming,request-33-4-4
energy production,burning of fossil fuels,request-33-5-0
burning of fossil fuels,release of greenhouse gases,request-33-5-1
release of greenhouse gases,increased atmospheric co2 levels,request-33-5-2
increased atmospheric co2 levels,enhanced greenhouse effect,request-33-5-3
enhanced greenhouse effect,global warming,request-33-5-4
transportation,burning of fossil fuels,request-33-6-0
burning of fossil fuels,release of greenhouse gases,request-33-6-1
release of greenhouse gases,increased atmospheric co2 levels,request-33-6-2
increased atmospheric co2 levels,enhanced greenhouse effect,request-33-6-3
enhanced greenhouse effect,global warming,request-33-6-4
manufacturing,burning of fossil fuels,request-33-7-0
burning of fossil fuels,release of greenhouse gases,request-33-7-1
release of greenhouse gases,increased atmospheric co2 levels,request-33-7-2
increased atmospheric co2 levels,enhanced greenhouse effect,request-33-7-3
enhanced greenhouse effect,global warming,request-33-7-4
waste disposal,decomposition of organic waste,request-33-8-0
decomposition of organic waste,release of methane,request-33-8-1
release of methane,increased atmospheric greenhouse gases,request-33-8-2
increased atmospheric greenhouse gases,enhanced greenhouse effect,request-33-8-3
enhanced greenhouse effect,global warming,request-33-8-4
burning fossil fuels,emissions of carbon dioxide,request-34-0-0
emissions of carbon dioxide,release of greenhouse gases into the atmosphere,request-34-0-1
burning fossil fuels,production of industrial waste,request-34-1-0
production of industrial waste,release of methane,request-34-1-1
release of methane,release of greenhouse gases into the atmosphere,request-34-1-2
burning fossil fuels,deforestation,request-34-2-0
deforestation,reduced carbon sequestration,request-34-2-1
reduced carbon sequestration,increased carbon dioxide levels,request-34-2-2
increased carbon dioxide levels,release of greenhouse gases into the atmosphere,request-34-2-3
burning fossil fuels,combustion of coal,request-34-3-0
combustion of coal,release of sulfur dioxide,request-34-3-1
release of sulfur dioxide,formation of acid rain,request-34-3-2
formation of acid rain,release of greenhouse gases into the atmosphere,request-34-3-3
burning fossil fuels,transportation,request-34-4-0
transportation,emission of nitrogen oxides,request-34-4-1
emission of nitrogen oxides,formation of groundlevel ozone,request-34-4-2
formation of groundlevel ozone,release of greenhouse gases into the atmosphere,request-34-4-3
burning fossil fuels,power plants,request-34-5-0
power plants,release of carbon dioxide,request-34-5-1
release of carbon dioxide,release of greenhouse gases into the atmosphere,request-34-5-2
burning fossil fuels,manufacturing processes,request-34-6-0
manufacturing processes,release of volatile organic compounds,request-34-6-1
release of volatile organic compounds,formation of groundlevel ozone,request-34-6-2
formation of groundlevel ozone,release of greenhouse gases into the atmosphere,request-34-6-3
burning of biomass,emissions of carbon dioxide,request-35-0-0
emissions of carbon dioxide,release of greenhouse gases into the atmosphere,request-35-0-1
burning of biomass,production of particulate matter,request-35-1-0
production of particulate matter,release of greenhouse gases into the atmosphere,request-35-1-1
burning of biomass,release of volatile organic compounds,request-35-2-0
release of volatile organic compounds,formation of groundlevel ozone,request-35-2-1
formation of groundlevel ozone,release of greenhouse gases into the atmosphere,request-35-2-2
burning of biomass,release of sulfur dioxide,request-35-3-0
release of sulfur dioxide,formation of acid rain,request-35-3-1
formation of acid rain,release of greenhouse gases into the atmosphere,request-35-3-2
burning of biomass,release of methane,request-35-4-0
release of methane,formation of groundlevel ozone,request-35-4-1
formation of groundlevel ozone,release of greenhouse gases into the atmosphere,request-35-4-2
increase in co2 emissions,global warming accelerates,request-36-0-0
global warming accelerates,rising sea levels cause coastal flooding,request-36-0-1
rising sea levels cause coastal flooding,displacement of coastal communities,request-36-0-2
displacement of coastal communities,loss of homes and infrastructure,request-36-0-3
loss of homes and infrastructure,economic downturn in affected areas,request-36-0-4
economic downturn in affected areas,decrease in local and national prosperity,request-36-0-5
increase in co2 emissions,increased frequency of extreme weather events,request-36-1-0
increased frequency of extreme weather events,damage to agricultural productivity,request-36-1-1
damage to agricultural productivity,food shortages and higher food prices,request-36-1-2
food shortages and higher food prices,increased cost of living,request-36-1-3
increased cost of living,reduction in disposable income,request-36-1-4
reduction in disposable income,decrease in consumer spending,request-36-1-5
decrease in consumer spending,economic stagnation,request-36-1-6
economic stagnation,loss of prosperity,request-36-1-7
increase in co2 emissions,ocean acidification,request-36-2-0
ocean acidification,coral reef degradation,request-36-2-1
coral reef degradation,decline in marine biodiversity,request-36-2-2
decline in marine biodiversity,impact on fishing industries,request-36-2-3
impact on fishing industries,loss of livelihoods for fishermen,request-36-2-4
loss of livelihoods for fishermen,economic decline in coastal communities,request-36-2-5
economic decline in coastal communities,loss of prosperity,request-36-2-6
increase in co2 emissions,melting of polar ice caps,request-36-3-0
melting of polar ice caps,rising sea levels,request-36-3-1
rising sea levels,inundation of coastal cities,request-36-3-2
inundation of coastal cities,destruction of infrastructure,request-36-3-3
destruction of infrastructure,displacement of populations,request-36-3-4
displacement of populations,strain on resources and services,request-36-3-5
strain on resources and services,economic downturn,request-36-3-6
economic downturn,loss of prosperity,request-36-3-7
increase in co2 emissions,global temperature rise,request-36-4-0
global temperature rise,heatwaves and droughts,request-36-4-1
heatwaves and droughts,water scarcity,request-36-4-2
water scarcity,reduced agricultural yields,request-36-4-3
reduced agricultural yields,food insecurity,request-36-4-4
food insecurity,higher food prices,request-36-4-5
higher food prices,decreased economic output,request-36-4-6
decreased economic output,loss of prosperity,request-36-4-7
co2 emission increases,atmospheric co2 levels rise,request-37-0-0
atmospheric co2 levels rise,photosynthesis in plants accelerates,request-37-0-1
photosynthesis in plants accelerates,plants absorb more co2,request-37-0-2
plants absorb more co2,plants convert co2 into oxygen and glucose,request-37-0-3
plants convert co2 into oxygen and glucose,growth of plants is stimulated,request-37-0-4
industrial activities release co2,co2 concentration in the air increases,request-37-1-0
co2 concentration in the air increases,plants experience higher co2 availability,request-37-1-1
plants experience higher co2 availability,photosynthetic rate increases in plants,request-37-1-2
photosynthetic rate increases in plants,plants use more co2 for photosynthesis,request-37-1-3
plants use more co2 for photosynthesis,growth of plants is enhanced,request-37-1-4
deforestation,atmospheric co2 levels rise,request-37-2-0
atmospheric co2 levels rise,plants absorb more co2,request-37-2-1
plants absorb more co2,photosynthesis in plants is stimulated,request-37-2-2
photosynthesis in plants is stimulated,plants convert co2 into oxygen and glucose,request-37-2-3
plants convert co2 into oxygen and glucose,growth of plants is stimulated,request-37-2-4
burning of fossil fuels increases co2,atmospheric co2 levels rise,request-37-3-0
atmospheric co2 levels rise,plants experience higher co2 availability,request-37-3-1
plants experience higher co2 availability,photosynthetic rate increases in plants,request-37-3-2
photosynthetic rate increases in plants,plants use more co2 for photosynthesis,request-37-3-3
plants use more co2 for photosynthesis,growth of plants is enhanced,request-37-3-4
photosynthesis in plants,absorption of sunlight by chlorophyll,request-38-0-0
absorption of sunlight by chlorophyll,conversion of carbon dioxide and water into glucose and oxygen,request-38-0-1
conversion of carbon dioxide and water into glucose and oxygen,release of oxygen into the atmosphere,request-38-0-2
plant growth,utilization of nutrients from the soil,request-38-1-0
utilization of nutrients from the soil,photosynthesis process in the leaves,request-38-1-1
photosynthesis process in the leaves,release of oxygen as a byproduct,request-38-1-2
plant respiration,utilization of oxygen by plant cells,request-38-2-0
utilization of oxygen by plant cells,release of carbon dioxide into the atmosphere,request-38-2-1
release of carbon dioxide into the atmosphere,oxygen replenishment for photosynthesis,request-38-2-2
fumigation,release of chemicals,request-39-0-0
release of chemicals,disruption of microbial activity,request-39-0-1
disruption of microbial activity,decomposition of organic matter,request-39-0-2
decomposition of organic matter,production of co2,request-39-0-3
production of co2,increase in co2,request-39-0-4
increase in co2 concentration in the atmosphere,higher co2 levels lead to more co2 available for photosynthesis,request-40-0-0
higher co2 levels lead to more co2 available for photosynthesis,plants take in more co2 for photosynthesis,request-40-0-1
plants take in more co2 for photosynthesis,increased co2 uptake enhances the rate of photosynthesis,request-40-0-2
increased co2 uptake enhances the rate of photosynthesis,more co2 in the atmosphere causes an increase in photosynthesis,request-40-0-3
increase in co2 concentration in the atmosphere,higher co2 levels cause plants to grow more vigorously,request-40-1-0
higher co2 levels cause plants to grow more vigorously,vigorous plant growth requires more photosynthesis,request-40-1-1
vigorous plant growth requires more photosynthesis,increased plant growth,request-40-1-2
increased plant growth,higher photosynthesis rates result from increased co2 levels,request-40-1-3
increase in co2 concentration in the atmosphere,higher co2 levels stimulate stomatal opening in leaves,request-40-2-0
higher co2 levels stimulate stomatal opening in leaves,open stomata allow more co2 to enter the plant,request-40-2-1
open stomata allow more co2 to enter the plant,increased co2 uptake inside the plant enhances photosynthesis,request-40-2-2
increased co2 uptake inside the plant enhances photosynthesis,more co2 in the atmosphere causes an increase in photosynthesis,request-40-2-3
increase in co2 concentration in the atmosphere,higher co2 levels reduce competition for light among plants,request-40-3-0
higher co2 levels reduce competition for light among plants,reduced competition allows more light to reach individual plants,request-40-3-1
reduced competition allows more light to reach individual plants,increased light availability enhances photosynthesis,request-40-3-2
increased light availability enhances photosynthesis,more co2 in the atmosphere causes an increase in photosynthesis,request-40-3-3
increase in co2 concentration in the atmosphere,higher co2 levels can lead to increased water vapor in the atmosphere,request-40-4-0
higher co2 levels can lead to increased water vapor in the atmosphere,increased water vapor can lead to changes in precipitation patterns,request-40-4-1
increased water vapor can lead to changes in precipitation patterns,changes in precipitation can affect plant growth and photosynthesis,request-40-4-2
changes in precipitation can affect plant growth and photosynthesis,more co2 in the atmosphere causes an increase in photosynthesis,request-40-4-3
increase in sunlight availability,increase in chlorophyll production in plants,request-41-0-0
increase in chlorophyll production in plants,increase in photosynthesis efficiency,request-41-0-1
increase in photosynthesis efficiency,increase in glucose production,request-41-0-2
increase in glucose production,increase in plant growth,request-41-0-3
increase in plant growth,increase in biomass,request-41-0-4
increase in carbon dioxide levels,increase in carbon dioxide uptake by plants,request-41-1-0
increase in carbon dioxide uptake by plants,increase in photosynthesis,request-41-1-1
increase in photosynthesis,increase in glucose production,request-41-1-2
increase in glucose production,increase in plant growth,request-41-1-3
increase in plant growth,increase in biomass,request-41-1-4
increase in water availability,increase in water uptake by plants,request-41-2-0
increase in water uptake by plants,increase in photosynthesis efficiency,request-41-2-1
increase in photosynthesis efficiency,increase in glucose production,request-41-2-2
increase in glucose production,increase in plant growth,request-41-2-3
increase in plant growth,increase in biomass,request-41-2-4
increase in nutrient availability,increase in nutrient uptake by plants,request-41-3-0
increase in nutrient uptake by plants,increase in photosynthesis efficiency,request-41-3-1
increase in photosynthesis efficiency,increase in glucose production,request-41-3-2
increase in glucose production,increase in plant growth,request-41-3-3
increase in plant growth,increase in biomass,request-41-3-4
greenhouse gases in the atmosphere trap heat from the sun,increased greenhouse gases lead to a warming of the earth's surface,request-42-0-0
increased greenhouse gases lead to a warming of the earth's surface,the warming of the earth's surface causes the atmosphere to hold more water vapor,request-42-0-1
the warming of the earth's surface causes the atmosphere to hold more water vapor,"water vapor, being a greenhouse gas, further enhances the greenhouse effect",request-42-0-2
"water vapor, being a greenhouse gas, further enhances the greenhouse effect",the enhanced greenhouse effect results in higher global temperatures,request-42-0-3
the enhanced greenhouse effect results in higher global temperatures,higher global temperatures cause the melting of polar ice caps and glaciers,request-42-0-4
higher global temperatures cause the melting of polar ice caps and glaciers,the melting of polar ice caps and glaciers,request-42-0-5
the melting of polar ice caps and glaciers,the rise in sea levels causes coastal erosion and flooding,request-42-0-6
the rise in sea levels causes coastal erosion and flooding,coastal erosion and flooding displace populations and disrupt ecosystems,request-42-0-7
coastal erosion and flooding displace populations and disrupt ecosystems,the disruption of ecosystems affects local climate patterns,request-42-0-8
the disruption of ecosystems affects local climate patterns,changes in local climate patterns influence weather systems,request-42-0-9
changes in local climate patterns influence weather systems,changes in weather systems can lead to more frequent and severe storms,request-42-0-10
changes in weather systems can lead to more frequent and severe storms,more frequent and severe storms can cause damage to infrastructure and agriculture,request-42-0-11
more frequent and severe storms can cause damage to infrastructure and agriculture,damage to infrastructure and agriculture can lead to economic instability,request-42-0-12
damage to infrastructure and agriculture can lead to economic instability,economic instability can result in increased emissions as industries and populations struggle to recover,request-42-0-13
economic instability can result in increased emissions as industries and populations struggle to recover,increased emissions from industries and populations contribute to higher levels of greenhouse gases in the atmosphere,request-42-0-14
increased emissions from industries and populations contribute to higher levels of greenhouse gases in the atmosphere,higher levels of greenhouse gases in the atmosphere trap more heat,request-42-0-15
higher levels of greenhouse gases in the atmosphere trap more heat,the trapping of more heat by greenhouse gases intensifies the natural greenhouse effect,request-42-0-16
the trapping of more heat by greenhouse gases intensifies the natural greenhouse effect,the intensification of the natural greenhouse effect,request-42-0-17
the intensification of the natural greenhouse effect,further warming of the earth's surface causes more water vapor to be held in the atmosphere,request-42-0-18
further warming of the earth's surface causes more water vapor to be held in the atmosphere,more water vapor in the atmosphere enhances the greenhouse effect,request-42-0-19
more water vapor in the atmosphere enhances the greenhouse effect,the enhanced greenhouse effect continues to trap more heat,request-42-0-20
the enhanced greenhouse effect continues to trap more heat,the continued trapping of heat by the enhanced greenhouse effect,request-42-0-21
the continued trapping of heat by the enhanced greenhouse effect,the warming of the earth's surface due to the enhanced greenhouse effect causes more ice to melt,request-42-0-22
the warming of the earth's surface due to the enhanced greenhouse effect causes more ice to melt,the melting of more ice contributes to higher sea levels,request-42-0-23
the melting of more ice contributes to higher sea levels,higher sea levels continue to cause coastal erosion and flooding,request-42-0-24
higher sea levels continue to cause coastal erosion and flooding,the ongoing coastal erosion and flooding result in further displacement of populations and disruption of ecosystems,request-42-0-25
the ongoing coastal erosion and flooding result in further displacement of populations and disruption of ecosystems,the further disruption of ecosystems continues to influence local climate patterns,request-42-0-26
the further disruption of ecosystems continues to influence local climate patterns,the continued influence on local climate patterns,request-42-0-27
the continued influence on local climate patterns,the ongoing more frequent and severe storms cause additional damage to infrastructure and agriculture,request-42-0-28
the ongoing more frequent and severe storms cause additional damage to infrastructure and agriculture,the continuous damage to infrastructure and agriculture,request-42-0-29
the continuous damage to infrastructure and agriculture,the ongoing economic instability results in sustained increases in emissions from industries and populations,request-42-0-30
the ongoing economic instability results in sustained increases in emissions from industries and populations,the sustained increases in emissions from industries and populations lead to even higher levels of greenhouse gases in the atmosphere,request-42-0-31
the sustained increases in emissions from industries and populations lead to even higher levels of greenhouse gases in the atmosphere,the even higher levels of greenhouse gases in the atmosphere trap even more heat,request-42-0-32
the even higher levels of greenhouse gases in the atmosphere trap even more heat,the trapping of even more heat by greenhouse gases further intensifies the natural greenhouse effect,request-42-0-33
the trapping of even more heat by greenhouse gases further intensifies the natural greenhouse effect,the further intensification of the natural greenhouse effect,request-42-0-34
the further intensification of the natural greenhouse effect,the additional warming of the earth's surface causes more water vapor to be held in the atmosphere,request-42-0-35
the additional warming of the earth's surface causes more water vapor to be held in the atmosphere,the more water vapor in the atmosphere enhances the greenhouse effect further,request-42-0-36
the more water vapor in the atmosphere enhances the greenhouse effect further,the enhanced greenhouse effect continues to trap more heat,request-42-0-37
the enhanced greenhouse effect continues to trap more heat,the continued trapping of heat by the enhanced greenhouse effect,request-42-0-38
the continued trapping of heat by the enhanced greenhouse effect,the more warming of the earth's surface causes even more ice to melt,request-42-0-39
the more warming of the earth's surface causes even more ice to melt,the melting of even more ice contributes to even higher sea levels,request-42-0-40
the melting of even more ice contributes to even higher sea levels,the even higher sea levels continue to cause even more coastal erosion and flooding,request-42-0-41
the even higher sea levels continue to cause even more coastal erosion and flooding,the ongoing coastal erosion and flooding result in even greater displacement of populations and disruption of ecosystems,request-42-0-42
the ongoing coastal erosion and flooding result in even greater displacement of populations and disruption of ecosystems,the even greater disruption of ecosystems continues to influence local climate patterns,request-42-0-43
the even greater disruption of ecosystems continues to influence local climate patterns,the ongoing influence on local climate patterns,request-42-0-44
the ongoing influence on local climate patterns,the even more frequent and severe storms cause even more damage to infrastructure and agriculture,request-42-0-45
the even more frequent and severe storms cause even more damage to infrastructure and agriculture,the ongoing damage to infrastructure and agriculture,request-42-0-46
the ongoing damage to infrastructure and agriculture,the even greater economic instability results in even more emissions from industries and populations,request-42-0-47
the even greater economic instability results in even more emissions from industries and populations,the even more emissions from industries and populations lead to even higher levels of greenhouse gases in the atmosphere,request-42-0-48
the even more emissions from industries and populations lead to even higher levels of greenhouse gases in the atmosphere,the even higher levels of greenhouse gases in the atmosphere trap even more heat,request-42-0-49
the even higher levels of greenhouse gases in the atmosphere trap even more heat,the trapping of even more heat by greenhouse gases further intensifies the natural greenhouse effect,request-42-0-50
the trapping of even more heat by greenhouse gases further intensifies the natural greenhouse effect,the further intensification of the natural greenhouse effect,request-42-0-51
the further intensification of the natural greenhouse effect,the additional warming of the earth's surface causes even more water vapor to be held in the atmosphere,request-42-0-52
the additional warming of the earth's surface causes even more water vapor to be held in the atmosphere,the even more water vapor in the atmosphere enhances the greenhouse effect further,request-42-0-53
the even more water vapor in the atmosphere enhances the greenhouse effect further,the enhanced greenhouse effect continues to trap even more heat,request-42-0-54
the enhanced greenhouse effect continues to trap even more heat,the continued trapping of heat by the enhanced greenhouse effect,request-42-0-55
the continued trapping of heat by the enhanced greenhouse effect,the even more warming of the earth's surface causes even more ice to melt,request-42-0-56
the even more warming of the earth's surface causes even more ice to melt,the melting of even more ice contributes to even higher sea levels,request-42-0-57
the melting of even more ice contributes to even higher sea levels,the even higher sea levels continue to cause even more coastal erosion and flooding,request-42-0-58
the even higher sea levels continue to cause even more coastal erosion and flooding,the ongoing coastal erosion and flooding result in even greater displacement of populations and disruption of ecosystems,request-42-0-59
the ongoing coastal erosion and flooding result in even greater displacement of populations and disruption of ecosystems,the even greater disruption of ecosystems continues to influence local climate patterns,request-42-0-60
the even greater disruption of ecosystems continues to influence local climate patterns,the ongoing influence on local climate patterns,request-42-0-61
the ongoing influence on local climate patterns,the even more frequent and severe storms cause even more damage to infrastructure and agriculture,request-42-0-62
the even more frequent and severe storms cause even more damage to infrastructure and agriculture,the ongoing damage to infrastructure and agriculture,request-42-0-63
the ongoing damage to infrastructure and agriculture,the even greater economic instability results in even more emissions from industries and populations,request-42-0-64
the even greater economic instability results in even more emissions from industries and populations,the even more emissions from industries and populations lead to even higher levels of greenhouse gases in the atmosphere,request-42-0-65
the even more emissions from industries and populations lead to even higher levels of greenhouse gases in the atmosphere,the even higher levels of greenhouse gases in the atmosphere trap even more heat,request-42-0-66
the even higher levels of greenhouse gases in the atmosphere trap even more heat,the trapping of even more heat by greenhouse gases further intensifies the natural greenhouse effect,request-42-0-67
the trapping of even more heat by greenhouse gases further intensifies the natural greenhouse effect,the further intensification of the natural greenhouse effect,request-42-0-68
the further intensification of the natural greenhouse effect,the additional warming of the earth's surface causes even more water vapor to be held in the atmosphere,request-42-0-69
the additional warming of the earth's surface causes even more water vapor to be held in the atmosphere,the even more water vapor in the atmosphere enhances the greenhouse effect further,request-42-0-70
the even more water vapor in the atmosphere enhances the greenhouse effect further,the enhanced greenhouse effect continues to trap even more heat,request-42-0-71
the enhanced greenhouse effect continues to trap even more heat,the continued trapping of heat by the enhanced greenhouse effect,request-42-0-72
the continued trapping of heat by the enhanced greenhouse effect,the even more warming of the earth's surface causes even more ice to melt,request-42-0-73
the even more warming of the earth's surface causes even more ice to melt,the melting of even more ice contributes to even higher sea levels,request-42-0-74
the melting of even more ice contributes to even higher sea levels,the even higher sea levels continue to cause even more coastal erosion and flooding,request-42-0-75
the even higher sea levels continue to cause even more coastal erosion and flooding,the ongoing coastal erosion and flooding result in even greater displacement of populations and disruption of ecosystems,request-42-0-76
the ongoing coastal erosion and flooding result in even greater displacement of populations and disruption of ecosystems,the even greater disruption of ecosystems continues to influence local climate patterns,request-42-0-77
the even greater disruption of ecosystems continues to influence local climate patterns,the ongoing influence on local climate patterns,request-42-0-78
the ongoing influence on local climate patterns,the even more frequent and severe storms cause even more damage to infrastructure and agriculture,request-42-0-79
the even more frequent and severe storms cause even more damage to infrastructure and agriculture,the ongoing damage to infrastructure and agriculture,request-42-0-80
the ongoing damage to infrastructure and agriculture,the even greater economic instability results in even more emissions from industries and populations,request-42-0-81
the even greater economic instability results in even more emissions from industries and populations,the even more emissions from industries and populations lead to even higher levels of greenhouse gases in the atmosphere,request-42-0-82
the even more emissions from industries and populations lead to even higher levels of greenhouse gases in the atmosphere,the even higher levels of greenhouse gases in the atmosphere trap even more heat,request-42-0-83
the even higher levels of greenhouse gases in the atmosphere trap even more heat,the trapping of even more heat by greenhouse gases further intensifies the natural greenhouse effect,request-42-0-84
the trapping of even more heat by greenhouse gases further intensifies the natural greenhouse effect,the further intensification of the natural greenhouse effect,request-42-0-85
the further intensification of the natural greenhouse effect,the additional warming of the earth's surface causes even more water vapor to be held in the atmosphere,request-42-0-86
the additional warming of the earth's surface causes even more water vapor to be held in the atmosphere,the even more water vapor in the atmosphere enhances the greenhouse effect further,request-42-0-87
the even more water vapor in the atmosphere enhances the greenhouse effect further,the enhanced greenhouse effect continues to trap even more heat,request-42-0-88
the enhanced greenhouse effect continues to trap even more heat,the continued trapping of heat by the enhanced greenhouse effect,request-42-0-89
the continued trapping of heat by the enhanced greenhouse effect,the even more warming of the earth's surface causes even more ice to melt,request-42-0-90
the even more warming of the earth's surface causes even more ice to melt,the melting of even more ice contributes to even higher sea levels,request-42-0-91
the melting of even more ice contributes to even higher sea levels,the even higher sea levels continue to cause even more coastal erosion and flooding,request-42-0-92
the even higher sea levels continue to cause even more coastal erosion and flooding,the ongoing coastal erosion and flooding result in even greater displacement of populations and disruption of ecosystems,request-42-0-93
the ongoing coastal erosion and flooding result in even greater displacement of populations and disruption of ecosystems,the even greater disruption of ecosystems continues to influence local climate patterns,request-42-0-94
the even greater disruption of ecosystems continues to influence local climate patterns,the ongoing influence on local climate patterns,request-42-0-95
the ongoing influence on local climate patterns,the even more frequent and severe storms cause even more damage to infrastructure and agriculture,request-42-0-96
the even more frequent and severe storms cause even more damage to infrastructure and agriculture,the ongoing damage to infrastructure and agriculture,request-42-0-97
the ongoing damage to infrastructure and agriculture,the even greater economic instability results in even more emissions from industries and populations,request-42-0-98
the even greater economic instability results in even more emissions from industries and populations,the even more emissions from industries and populations lead to even higher levels of greenhouse gases in the atmosphere,request-42-0-99
the even more emissions from industries and populations lead to even higher levels of greenhouse gases in the atmosphere,the even higher levels of greenhouse gases in the atmosphere trap even more heat,request-42-0-100
the even higher levels of greenhouse gases in the atmosphere trap even more heat,the trapping of even more heat by greenhouse gases further intensifies the natural greenhouse effect,request-42-0-101
the trapping of even more heat by greenhouse gases further intensifies the natural greenhouse effect,the further intensification of the natural greenhouse effect,request-42-0-102
the further intensification of the natural greenhouse effect,the additional warming of the earth's surface causes even more water vapor to be held in the atmosphere,request-42-0-103
the additional warming of the earth's surface causes even more water vapor to be held in the atmosphere,the even more water vapor in the atmosphere enhances the greenhouse effect further,request-42-0-104
the even more water vapor in the atmosphere enhances the greenhouse effect further,the enhanced greenhouse effect continues to trap even more heat,request-42-0-105
the enhanced greenhouse effect continues to trap even more heat,the continued trapping of heat by the enhanced greenhouse effect,request-42-0-106
the continued trapping of heat by the enhanced greenhouse effect,the even more warming of the earth's surface causes even more ice to melt,request-42-0-107
the even more warming of the earth's surface causes even more ice to melt,the melting of even more ice contributes to even higher sea levels,request-42-0-108
the melting of even more ice contributes to even higher sea levels,the even higher sea levels continue to cause even more coastal erosion and flooding,request-42-0-109
the even higher sea levels continue to cause even more coastal erosion and flooding,the ongoing coastal erosion and flooding result in even greater displacement of populations and disruption of ecosystems,request-42-0-110
the ongoing coastal erosion and flooding result in even greater displacement of populations and disruption of ecosystems,the even greater disruption of ecosystems continues to influence local climate patterns,request-42-0-111
the even greater disruption of ecosystems continues to influence local climate patterns,the ongoing influence on local climate patterns,request-42-0-112
the ongoing influence on local climate patterns,the even more frequent and severe storms cause even more damage to infrastructure and agriculture,request-42-0-113
the even more frequent and severe storms cause even more damage to infrastructure and agriculture,the ongoing damage to infrastructure and agriculture,request-42-0-114
the ongoing damage to infrastructure and agriculture,the even greater economic instability results in even more emissions from industries and populations,request-42-0-115
the even greater economic instability results in even more emissions from industries and populations,the even more emissions from industries and populations lead to even higher levels of greenhouse gases in the atmosphere,request-42-0-116
the even more emissions from industries and populations lead to even higher levels of greenhouse gases in the atmosphere,the even higher levels of greenhouse gases in the atmosphere trap even more heat,request-42-0-117
the even higher levels of greenhouse gases in the atmosphere trap even more heat,the trapping of even more heat by greenhouse gases further intensifies the natural greenhouse effect,request-42-0-118
the trapping of even more heat by greenhouse gases further intensifies the natural greenhouse effect,the further intensification of the natural greenhouse effect,request-42-0-119
the further intensification of the natural greenhouse effect,the additional warming of the earth's surface causes even more water vapor to be held in the atmosphere,request-42-0-120
the additional warming of the earth's surface causes even more water vapor to be held in the atmosphere,the even more water vapor in the atmosphere enhances the greenhouse effect further,request-42-0-121
the even more water vapor in the atmosphere enhances the greenhouse effect further,the enhanced greenhouse effect continues to trap even more heat,request-42-0-122
the enhanced greenhouse effect continues to trap even more heat,the continued trapping of heat by the enhanced greenhouse effect,request-42-0-123
the continued trapping of heat by the enhanced greenhouse effect,the even more warming of the earth's surface causes even more ice to melt,request-42-0-124
the even more warming of the earth's surface causes even more ice to melt,the melting of even more ice contributes to even higher sea levels,request-42-0-125
the melting of even more ice contributes to even higher sea levels,the even higher sea levels continue to cause even more coastal erosion and flooding,request-42-0-126
the even higher sea levels continue to cause even more coastal erosion and flooding,the ongoing coastal erosion and flooding result in even greater displacement of populations and disruption of ecosystems,request-42-0-127
the ongoing coastal erosion and flooding result in even greater displacement of populations and disruption of ecosystems,the even greater disruption of ecosystems continues to influence local climate patterns,request-42-0-128
the even greater disruption of ecosystems continues to influence local climate patterns,the ongoing influence on local climate patterns,request-42-0-129
the ongoing influence on local climate patterns,the even more frequent and severe storms cause even more damage to infrastructure and agriculture,request-42-0-130
the even more frequent and severe storms cause even more damage to infrastructure and agriculture,the ongoing damage to infrastructure and agriculture,request-42-0-131
the ongoing damage to infrastructure and agriculture,the even greater economic instability results in even more emissions from industries and populations,request-42-0-132
the even greater economic instability results in even more emissions from industries and populations,the even more emissions from industries and populations lead to even higher levels of greenhouse gases in the atmosphere,request-42-0-133
the even more emissions from industries and populations lead to even higher levels of greenhouse gases in the atmosphere,the even higher levels of greenhouse gases in the atmosphere trap even more heat,request-42-0-134
the even higher levels of greenhouse gases in the atmosphere trap even more heat,the trapping of even more heat by greenhouse gases further intensifies the natural greenhouse effect,request-42-0-135
the trapping of even more heat by greenhouse gases further intensifies the natural greenhouse effect,the further intensification of the natural greenhouse effect,request-42-0-136
the further intensification of the natural greenhouse effect,the additional warming of the earth's surface causes even more water vapor to be held in the atmosphere,request-42-0-137
the additional warming of the earth's surface causes even more water vapor to be held in the atmosphere,the even more water vapor in the atmosphere enhances the greenhouse effect further,request-42-0-138
the even more water vapor in the atmosphere enhances the greenhouse effect further,the enhanced greenhouse effect continues to trap even more heat,request-42-0-139
the enhanced greenhouse effect continues to trap even more heat,the continued trapping of heat by the enhanced greenhouse effect,request-42-0-140
the continued trapping of heat by the enhanced greenhouse effect,the even more warming of the earth's surface causes even more ice to melt,request-42-0-141
the even more warming of the earth's surface causes even more ice to melt,the melting of even more ice contributes to even higher sea levels,request-42-0-142
the melting of even more ice contributes to even higher sea levels,the even higher sea levels continue to cause even more coastal erosion and flooding,request-42-0-143
the even higher sea levels continue to cause even more coastal erosion and flooding,the ongoing coastal erosion and flooding result in even greater displacement of populations and disruption of ecosystems,request-42-0-144
the ongoing coastal erosion and flooding result in even greater displacement of populations and disruption of ecosystems,the even greater disruption of ecosystems continues to influence local climate patterns,request-42-0-145
the even greater disruption of ecosystems continues to influence local climate patterns,the ongoing influence on local climate patterns,request-42-0-146
the ongoing influence on local climate patterns,the even more frequent and severe storms cause even more damage to infrastructure and agriculture,request-42-0-147
the even more frequent and severe storms cause even more damage to infrastructure and agriculture,the ongoing damage to infrastructure and agriculture,request-42-0-148
the ongoing damage to infrastructure and agriculture,the even greater economic instability results in even more emissions from industries and populations,request-42-0-149
the even greater economic instability results in even more emissions from industries and populations,the even more emissions from industries and populations lead to even higher levels of greenhouse gases in the atmosphere,request-42-0-150
the even more emissions from industries and populations lead to even higher levels of greenhouse gases in the atmosphere,the even higher levels of greenhouse gases in the atmosphere trap even more heat,request-42-0-151
the even higher levels of greenhouse gases in the atmosphere trap even more heat,the trapping of even more heat by greenhouse gases further intensifies the natural greenhouse effect,request-42-0-152
the trapping of even more heat by greenhouse gases further intensifies the natural greenhouse effect,the further intensification of the natural greenhouse effect,request-42-0-153
the further intensification of the natural greenhouse effect,the additional warming of the earth's surface causes even more water vapor to be held in the atmosphere,request-42-0-154
the additional warming of the earth's surface causes even more water vapor to be held in the atmosphere,the even more water vapor in the atmosphere enhances the greenhouse effect further,request-42-0-155
the even more water vapor in the atmosphere enhances the greenhouse effect further,the enhanced greenhouse effect continues to trap even more heat,request-42-0-156
the enhanced greenhouse effect continues to trap even more heat,the continued trapping of heat by the enhanced greenhouse effect,request-42-0-157
the continued trapping of heat by the enhanced greenhouse effect,the even more warming of the earth's surface causes even more ice to melt,request-42-0-158
the even more warming of the earth's surface causes even more ice to melt,the melting of even more ice contributes to even higher sea levels,request-42-0-159
the melting of even more ice contributes to even higher sea levels,the even higher sea levels continue to cause even more coastal erosion and flooding,request-42-0-160
the even higher sea levels continue to cause even more coastal erosion and flooding,the ongoing coastal erosion and flooding result in even greater displacement of populations and disruption of ecosystems,request-42-0-161
the ongoing coastal erosion and flooding result in even greater displacement of populations and disruption of ecosystems,the even greater disruption of ecosystems continues to influence local climate patterns,request-42-0-162
the even greater disruption of ecosystems continues to influence local climate patterns,the ongoing influence on local climate patterns,request-42-0-163
the ongoing influence on local climate patterns,the even more frequent and severe storms cause even more damage to infrastructure and agriculture,request-42-0-164
the even more frequent and severe storms cause even more damage to infrastructure and agriculture,the ongoing damage to infrastructure and agriculture,request-42-0-165
the ongoing damage to infrastructure and agriculture,the even greater economic instability results in even more emissions from industries and populations,request-42-0-166
the even greater economic instability results in even more emissions from industries and populations,the even more emissions from industries and populations lead to even higher levels of greenhouse gases in the atmosphere,request-42-0-167
the even more emissions from industries and populations lead to even higher levels of greenhouse gases in the atmosphere,the even higher levels of greenhouse gases in the atmosphere trap even more heat,request-42-0-168
the even higher levels of greenhouse gases in the atmosphere trap even more heat,the trapping of even more heat by greenhouse gases further intensifies the natural greenhouse effect,request-42-0-169
the trapping of even more heat by greenhouse gases further intensifies the natural greenhouse effect,the further intensification of the natural greenhouse effect,request-42-0-170
the further intensification of the natural greenhouse effect,the additional warming of the earth's surface causes even more water vapor to be held in the atmosphere,request-42-0-171
the additional warming of the earth's surface causes even more water vapor to be held in the atmosphere,the even more water vapor in the atmosphere enhances the greenhouse effect further,request-42-0-172
the even more water vapor in the atmosphere enhances the greenhouse effect further,the enhanced greenhouse effect continues to trap even more heat,request-42-0-173
the enhanced greenhouse effect continues to trap even more heat,the continued trapping of heat by the enhanced greenhouse effect,request-42-0-174
the continued trapping of heat by the enhanced greenhouse effect,the even more warming of the earth's surface causes even more ice to melt,request-42-0-175
the even more warming of the earth's surface causes even more ice to melt,the melting of even more ice contributes to even higher sea levels,request-42-0-176
the melting of even more ice contributes to even higher sea levels,the even higher sea levels continue to cause even more coastal erosion and flooding,request-42-0-177
the even higher sea levels continue to cause even more coastal erosion and flooding,the ongoing coastal erosion and flooding result in even greater displacement of populations and disruption of ecosystems,request-42-0-178
the ongoing coastal erosion and flooding result in even greater displacement of populations and disruption of ecosystems,the even greater disruption of ecosystems continues to influence local climate patterns,request-42-0-179
the even greater disruption of ecosystems continues to influence local climate patterns,the ongoing influence on local climate patterns,request-42-0-180
the ongoing influence on local climate patterns,the even more frequent and severe storms cause even more damage to infrastructure and agriculture,request-42-0-181
the even more frequent and severe storms cause even more damage to infrastructure and agriculture,the ongoing damage to infrastructure and agriculture,request-42-0-182
the ongoing damage to infrastructure and agriculture,the even greater economic instability results in even more emissions from industries and populations,request-42-0-183
the even greater economic instability results in even more emissions from industries and populations,the even more emissions from industries and populations lead to even higher levels of greenhouse gases in the atmosphere,request-42-0-184
the even more emissions from industries and populations lead to even higher levels of greenhouse gases in the atmosphere,the even higher levels of greenhouse gases in the atmosphere trap even more heat,request-42-0-185
the even higher levels of greenhouse gases in the atmosphere trap even more heat,the trapping of even more heat by greenhouse gases further intensifies the natural greenhouse effect,request-42-0-186
the trapping of even more heat by greenhouse gases further intensifies the natural greenhouse effect,the further intensification of the natural greenhouse effect,request-42-0-187
the further intensification of the natural greenhouse effect,the additional warming of the earth's surface causes even more water vapor to be held in the atmosphere,request-42-0-188
the additional warming of the earth's surface causes even more water vapor to be held in the atmosphere,the even more water vapor in the atmosphere enhances the greenhouse effect further,request-42-0-189
the even more water vapor in the atmosphere enhances the greenhouse effect further,the enhanced greenhouse effect continues to trap even more heat,request-42-0-190
the enhanced greenhouse effect continues to trap even more heat,the continued trapping of heat by the enhanced greenhouse effect,request-42-0-191
the continued trapping of heat by the enhanced greenhouse effect,the even more warming of the earth's surface causes even more ice to melt,request-42-0-192
the even more warming of the earth's surface causes even more ice to melt,the melting of even more ice contributes to even higher sea levels,request-42-0-193
the melting of even more ice contributes to even higher sea levels,the even higher sea levels continue to cause even more coastal erosion and flooding,request-42-0-194
the even higher sea levels continue to cause even more coastal erosion and flooding,the ongoing coastal erosion and flooding result in even greater displacement of populations and disruption of ecosystems,request-42-0-195
the ongoing coastal erosion and flooding result in even greater displacement of populations and disruption of ecosystems,the even greater disruption of ecosystems continues to influence local climate patterns,request-42-0-196
the even greater disruption of ecosystems continues to influence local climate patterns,the ongoing influence on local climate patterns,request-42-0-197
the ongoing influence on local climate patterns,the even more frequent and severe storms cause even more damage to infrastructure and agriculture,request-42-0-198
the even more frequent and severe storms cause even more damage to infrastructure and agriculture,the ongoing damage to infrastructure and agriculture,request-42-0-199
the ongoing damage to infrastructure and agriculture,the even greater economic instability results in even more emissions from industries and populations,request-42-0-200
the even greater economic instability results in even more emissions from industries and populations,the even more emissions from industries and populations lead to even higher levels of greenhouse gases in the atmosphere,request-42-0-201
the even more emissions from industries and populations lead to even higher levels of greenhouse gases in the atmosphere,the even higher levels of greenhouse gases in the atmosphere trap even more heat,request-42-0-202
the even higher levels of greenhouse gases in the atmosphere trap even more heat,the trapping of even more heat by greenhouse gases further intensifies the natural greenhouse effect,request-42-0-203
the trapping of even more heat by greenhouse gases further intensifies the natural greenhouse effect,the further intensification of the natural greenhouse effect,request-42-0-204
the further intensification of the natural greenhouse effect,the additional warming of the earth's surface causes even more water vapor to be held in the atmosphere,request-42-0-205
the additional warming of the earth's surface causes even more water vapor to be held in the atmosphere,the even more water vapor in the atmosphere enhances the greenhouse effect further,request-42-0-206
the even more water vapor in the atmosphere enhances the greenhouse effect further,the enhanced greenhouse effect continues to trap even more heat,request-42-0-207
the enhanced greenhouse effect continues to trap even more heat,the continued trapping of heat by the enhanced greenhouse effect,request-42-0-208
the continued trapping of heat by the enhanced greenhouse effect,the even more warming of the earth's surface causes even more ice to melt,request-42-0-209
the even more warming of the earth's surface causes even more ice to melt,the melting of even more ice contributes to even higher sea levels,request-42-0-210
the melting of even more ice contributes to even higher sea levels,the even higher sea levels continue to cause even more coastal erosion and flooding,request-42-0-211
the even higher sea levels continue to cause even more coastal erosion and flooding,the ongoing coastal erosion and flooding result in even greater displacement of populations and disruption of ecosystems,request-42-0-212
the ongoing coastal erosion and flooding result in even greater displacement of populations and disruption of ecosystems,the even greater disruption of ecosystems continues to influence local climate patterns,request-42-0-213
the even greater disruption of ecosystems continues to influence local climate patterns,the ongoing influence on local climate patterns,request-42-0-214
the ongoing influence on local climate patterns,the even more frequent and severe storms cause even more damage to infrastructure and agriculture,request-42-0-215
the even more frequent and severe storms cause even more damage to infrastructure and agriculture,the ongoing damage to infrastructure and agriculture,request-42-0-216
the ongoing damage to infrastructure and agriculture,the even greater economic instability results in even more emissions from industries and populations,request-42-0-217
the even greater economic instability results in even more emissions from industries and populations,the even more emissions from industries and populations lead to even higher levels of greenhouse gases in the atmosphere,request-42-0-218
the even more emissions from industries and populations lead to even higher levels of greenhouse gases in the atmosphere,the even higher levels of greenhouse gases in the atmosphere trap even more heat,request-42-0-219
the even higher levels of greenhouse gases in the atmosphere trap even more heat,the trapping of even more heat by greenhouse gases further intensifies the natural greenhouse effect,request-42-0-220
the trapping of even more heat by greenhouse gases further intensifies the natural greenhouse effect,the further intensification of the natural greenhouse effect,request-42-0-221
the further intensification of the natural greenhouse effect,the additional warming of the earth's surface causes even more water vapor to be held in the atmosphere,request-42-0-222
the additional warming of the earth's surface causes even more water vapor to be held in the atmosphere,the even more water vapor in the atmosphere enhances the greenhouse effect further,request-42-0-223
the even more water vapor in the atmosphere enhances the greenhouse effect further,the enhanced greenhouse effect continues to trap even more heat,request-42-0-224
the enhanced greenhouse effect continues to trap even more heat,the continued trapping of heat by the enhanced greenhouse effect,request-42-0-225
burning of fossil fuels,deforestation,request-43-0-0
deforestation,industrial processes,request-43-0-1
industrial processes,increased use of energy,request-43-0-2
increased use of energy,transportation emissions,request-43-0-3
transportation emissions,power generation,request-43-0-4
power generation,air travel,request-43-0-5
air travel,manufacturing emissions,request-43-0-6
manufacturing emissions,waste incineration,request-43-0-7
waste incineration,landfill gas emissions,request-43-0-8
landfill gas emissions,loss of carbon sinks,request-43-0-9
loss of carbon sinks,global warming,request-43-0-10
global warming,greenhouse gas accumulation,request-43-0-11
greenhouse gas accumulation,excess of co2,request-43-0-12
excess of co2,increase in co2,request-43-0-13
increase in co2 emissions from fossil fuel burning,co2 accumulation in the atmosphere,request-44-0-0
co2 accumulation in the atmosphere,greenhouse effect intensifies due to higher co2 levels,request-44-0-1
greenhouse effect intensifies due to higher co2 levels,earth's average temperature rises,request-44-0-2
earth's average temperature rises,polar ice caps melt,request-44-0-3
polar ice caps melt,sea levels rise,request-44-0-4
sea levels rise,extreme weather events become more frequent and severe,request-44-0-5
extreme weather events become more frequent and severe,global warming accelerates,request-44-0-6
increase in co2 emissions from deforestation,reduction in earth's carbon sinks due to deforestation,request-44-1-0
reduction in earth's carbon sinks due to deforestation,co2 concentration in the atmosphere increases,request-44-1-1
co2 concentration in the atmosphere increases,greenhouse effect intensifies due to higher co2 levels,request-44-1-2
greenhouse effect intensifies due to higher co2 levels,earth's average temperature rises,request-44-1-3
earth's average temperature rises,changes in global climate patterns,request-44-1-4
changes in global climate patterns,global warming accelerates,request-44-1-5
increase in co2 emissions from industrial processes,more co2 released into the atmosphere,request-44-2-0
more co2 released into the atmosphere,co2 concentration in the atmosphere increases,request-44-2-1
co2 concentration in the atmosphere increases,greenhouse effect intensifies due to higher co2 levels,request-44-2-2
greenhouse effect intensifies due to higher co2 levels,earth's average temperature rises,request-44-2-3
earth's average temperature rises,melting of permafrost releases more co2 and methane,request-44-2-4
melting of permafrost releases more co2 and methane,feedback loop exacerbates global warming,request-44-2-5
feedback loop exacerbates global warming,global warming accelerates,request-44-2-6
increase in co2 emissions from agricultural activities,more co2 released into the atmosphere,request-44-3-0
more co2 released into the atmosphere,co2 concentration in the atmosphere increases,request-44-3-1
co2 concentration in the atmosphere increases,greenhouse effect intensifies due to higher co2 levels,request-44-3-2
greenhouse effect intensifies due to higher co2 levels,earth's average temperature rises,request-44-3-3
earth's average temperature rises,changes in agricultural productivity and food security,request-44-3-4
changes in agricultural productivity and food security,global warming accelerates,request-44-3-5
increase in co2 emissions from transportation,more co2 released into the atmosphere,request-44-4-0
more co2 released into the atmosphere,co2 concentration in the atmosphere increases,request-44-4-1
co2 concentration in the atmosphere increases,greenhouse effect intensifies due to higher co2 levels,request-44-4-2
greenhouse effect intensifies due to higher co2 levels,earth's average temperature rises,request-44-4-3
earth's average temperature rises,rising sea levels and coastal flooding,request-44-4-4
rising sea levels and coastal flooding,global warming accelerates,request-44-4-5
increase in co2 emissions from human activities,co2 is absorbed by the oceans,request-45-0-0
co2 is absorbed by the oceans,ocean water becomes more acidic due to increased co2 absorption,request-45-0-1
ocean water becomes more acidic due to increased co2 absorption,ocean acidification affects marine life,request-45-0-2
industrialization,burning of fossil fuels,request-46-0-0
burning of fossil fuels,emissions from factories,request-46-0-1
emissions from factories,deforestation,request-46-0-2
deforestation,land use changes,request-46-0-3
land use changes,reduced carbon sequestration,request-46-0-4
reduced carbon sequestration,increased atmospheric co2,request-46-0-5
urbanization,construction of buildings,request-46-1-0
construction of buildings,energy consumption in cities,request-46-1-1
energy consumption in cities,increased use of electricity,request-46-1-2
increased use of electricity,burning of coal and natural gas,request-46-1-3
burning of coal and natural gas,emissions from power plants,request-46-1-4
emissions from power plants,increased atmospheric co2,request-46-1-5
transportation,vehicle emissions,request-46-2-0
vehicle emissions,burning of gasoline and diesel,request-46-2-1
burning of gasoline and diesel,emissions from cars and trucks,request-46-2-2
emissions from cars and trucks,air pollution,request-46-2-3
air pollution,increased atmospheric co2,request-46-2-4
farming practices,use of synthetic fertilizers,request-46-3-0
use of synthetic fertilizers,emission of nitrous oxide,request-46-3-1
emission of nitrous oxide,increased greenhouse gas emissions,request-46-3-2
increased greenhouse gas emissions,increased atmospheric co2,request-46-3-3
deforestation,removal of trees,request-46-4-0
removal of trees,reduction in carbon sequestration,request-46-4-1
reduction in carbon sequestration,increased atmospheric co2,request-46-4-2
mining activities,extraction of coal and minerals,request-46-5-0
extraction of coal and minerals,burning of coal,request-46-5-1
burning of coal,emissions from coal combustion,request-46-5-2
emissions from coal combustion,increased atmospheric co2,request-46-5-3
waste management,landfills,request-46-6-0
landfills,methane emissions from decomposing waste,request-46-6-1
methane emissions from decomposing waste,increased greenhouse gas emissions,request-46-6-2
increased greenhouse gas emissions,increased atmospheric co2,request-46-6-3
industrialization,burning of fossil fuels,request-47-0-0
burning of fossil fuels,increase in co2,request-47-0-1
increase in co2,deforestation,request-47-0-2
deforestation,land degradation,request-47-0-3
land degradation,increase in greenhouse gases,request-47-0-4
increase in greenhouse gases,global warming,request-47-0-5
global warming,changes in precipitation patterns,request-47-0-6
changes in precipitation patterns,stress on forest ecosystems,request-47-0-7
stress on forest ecosystems,adaptation of forests to new conditions,request-47-0-8
adaptation of forests to new conditions,increase in forest growth,request-47-0-9
increase in forest growth,lush forests,request-47-0-10
deforestation,land degradation,request-47-1-0
land degradation,increase in greenhouse gases,request-47-1-1
increase in greenhouse gases,global warming,request-47-1-2
global warming,changes in precipitation patterns,request-47-1-3
changes in precipitation patterns,stress on forest ecosystems,request-47-1-4
stress on forest ecosystems,adaptation of forests to new conditions,request-47-1-5
adaptation of forests to new conditions,increase in forest growth,request-47-1-6
increase in forest growth,lush forests,request-47-1-7
deforestation,land degradation,request-47-2-0
land degradation,increase in greenhouse gases,request-47-2-1
increase in greenhouse gases,global warming,request-47-2-2
global warming,changes in precipitation patterns,request-47-2-3
changes in precipitation patterns,stress on forest ecosystems,request-47-2-4
stress on forest ecosystems,adaptation of forests to new conditions,request-47-2-5
adaptation of forests to new conditions,increase in forest growth,request-47-2-6
increase in forest growth,lush forests,request-47-2-7
global warming,changes in precipitation patterns,request-47-3-0
changes in precipitation patterns,stress on forest ecosystems,request-47-3-1
stress on forest ecosystems,adaptation of forests to new conditions,request-47-3-2
adaptation of forests to new conditions,increase in forest growth,request-47-3-3
increase in forest growth,lush forests,request-47-3-4
global warming,changes in precipitation patterns,request-47-4-0
changes in precipitation patterns,stress on forest ecosystems,request-47-4-1
stress on forest ecosystems,adaptation of forests to new conditions,request-47-4-2
adaptation of forests to new conditions,increase in forest growth,request-47-4-3
increase in forest growth,lush forests,request-47-4-4
global warming,changes in precipitation patterns,request-47-5-0
changes in precipitation patterns,stress on forest ecosystems,request-47-5-1
stress on forest ecosystems,adaptation of forests to new conditions,request-47-5-2
adaptation of forests to new conditions,increase in forest growth,request-47-5-3
increase in forest growth,lush forests,request-47-5-4
global warming,changes in precipitation patterns,request-47-6-0
changes in precipitation patterns,stress on forest ecosystems,request-47-6-1
stress on forest ecosystems,adaptation of forests to new conditions,request-47-6-2
adaptation of forests to new conditions,increase in forest growth,request-47-6-3
increase in forest growth,lush forests,request-47-6-4
changes in precipitation patterns,stress on forest ecosystems,request-47-7-0
stress on forest ecosystems,adaptation of forests to new conditions,request-47-7-1
adaptation of forests to new conditions,increase in forest growth,request-47-7-2
increase in forest growth,lush forests,request-47-7-3
changes in precipitation patterns,stress on forest ecosystems,request-47-8-0
stress on forest ecosystems,adaptation of forests to new conditions,request-47-8-1
adaptation of forests to new conditions,increase in forest growth,request-47-8-2
increase in forest growth,lush forests,request-47-8-3
changes in precipitation patterns,stress on forest ecosystems,request-47-9-0
stress on forest ecosystems,adaptation of forests to new conditions,request-47-9-1
adaptation of forests to new conditions,increase in forest growth,request-47-9-2
increase in forest growth,lush forests,request-47-9-3
stress on forest ecosystems,adaptation of forests to new conditions,request-47-10-0
adaptation of forests to new conditions,increase in forest growth,request-47-10-1
increase in forest growth,lush forests,request-47-10-2
stress on forest ecosystems,adaptation of forests to new conditions,request-47-11-0
adaptation of forests to new conditions,increase in forest growth,request-47-11-1
increase in forest growth,lush forests,request-47-11-2
adaptation of forests to new conditions,increase in forest growth,request-47-12-0
increase in forest growth,lush forests,request-47-12-1
adaptation of forests to new conditions,increase in forest growth,request-47-13-0
increase in forest growth,lush forests,request-47-13-1
modern wars,technological advancements,request-48-0-0
technological advancements,improved naval engineering,request-48-0-1
improved naval engineering,increased military budgets,request-48-0-2
increased military budgets,development of stronger ships,request-48-0-3
development of stronger ships,enhanced ship construction techniques,request-48-0-4
enhanced ship construction techniques,increased naval battles,request-48-0-5
increased naval battles,use of more powerful weapons,request-48-0-6
use of more powerful weapons,higher ship speeds,request-48-0-7
higher ship speeds,increased ship sizes,request-48-0-8
increased ship sizes,greater reliance on naval forces,request-48-0-9
greater reliance on naval forces,more frequent naval engagements,request-48-0-10
more frequent naval engagements,higher risk of ship collisions,request-48-0-11
higher risk of ship collisions,increased likelihood of sinking ships,request-48-0-12
increased likelihood of sinking ships,loss of naval vessels,request-48-0-13
loss of naval vessels,increased ship sinkings,request-48-0-14
increased ship sinkings,sinking,request-48-0-15
global warming,melting of polar ice caps,request-49-0-0
melting of polar ice caps,sea level rise,request-49-0-1
sea level rise,inundation of coastal areas,request-49-0-2
inundation of coastal areas,destruction of habitats,request-49-0-3
destruction of habitats,displacement of wildlife,request-49-0-4
displacement of wildlife,spread of zoonotic diseases,request-49-0-5
spread of zoonotic diseases,human contact with new pathogens,request-49-0-6
human contact with new pathogens,emergence of new infectious diseases,request-49-0-7
emergence of new infectious diseases,spread of infectious diseases,request-49-0-8
spread of infectious diseases,rise in infectious diseases,request-49-0-9
greenhouse gas emissions,increase in atmospheric co2 levels,request-49-1-0
increase in atmospheric co2 levels,enhanced greenhouse effect,request-49-1-1
enhanced greenhouse effect,global warming,request-49-1-2
global warming,melting of polar ice caps,request-49-1-3
melting of polar ice caps,sea level rise,request-49-1-4
sea level rise,inundation of coastal areas,request-49-1-5
inundation of coastal areas,destruction of habitats,request-49-1-6
destruction of habitats,displacement of wildlife,request-49-1-7
displacement of wildlife,spread of zoonotic diseases,request-49-1-8
spread of zoonotic diseases,human contact with new pathogens,request-49-1-9
human contact with new pathogens,emergence of new infectious diseases,request-49-1-10
emergence of new infectious diseases,spread of infectious diseases,request-49-1-11
spread of infectious diseases,rise in infectious diseases,request-49-1-12
deforestation,loss of biodiversity,request-49-2-0
loss of biodiversity,disruption of ecosystems,request-49-2-1
disruption of ecosystems,spread of zoonotic diseases,request-49-2-2
spread of zoonotic diseases,human contact with new pathogens,request-49-2-3
human contact with new pathogens,emergence of new infectious diseases,request-49-2-4
emergence of new infectious diseases,spread of infectious diseases,request-49-2-5
spread of infectious diseases,rise in infectious diseases,request-49-2-6
air pollution,respiratory illnesses,request-49-3-0
respiratory illnesses,weakened immune systems,request-49-3-1
weakened immune systems,increased susceptibility to infectious diseases,request-49-3-2
increased susceptibility to infectious diseases,spread of infectious diseases,request-49-3-3
spread of infectious diseases,rise in infectious diseases,request-49-3-4
overfishing,collapse of marine food webs,request-49-4-0
collapse of marine food webs,disruption of human food sources,request-49-4-1
disruption of human food sources,malnutrition and weakened immune systems,request-49-4-2
malnutrition and weakened immune systems,increased susceptibility to infectious diseases,request-49-4-3
increased susceptibility to infectious diseases,spread of infectious diseases,request-49-4-4
spread of infectious diseases,rise in infectious diseases,request-49-4-5
industrial pollution,water contamination,request-49-5-0
water contamination,waterborne diseases,request-49-5-1
waterborne diseases,spread of infectious diseases,request-49-5-2
spread of infectious diseases,rise in infectious diseases,request-49-5-3
urbanization,overcrowding,request-49-6-0
overcrowding,strain on healthcare systems,request-49-6-1
strain on healthcare systems,delayed response to infectious disease outbreaks,request-49-6-2
delayed response to infectious disease outbreaks,spread of infectious diseases,request-49-6-3
spread of infectious diseases,rise in infectious diseases,request-49-6-4
climate change,extreme weather events,request-49-7-0
extreme weather events,displacement of populations,request-49-7-1
displacement of populations,overcrowded refugee camps,request-49-7-2
overcrowded refugee camps,spread of infectious diseases,request-49-7-3
spread of infectious diseases,rise in infectious diseases,request-49-7-4
climate change,changes in precipitation patterns,request-49-8-0
changes in precipitation patterns,water scarcity,request-49-8-1
water scarcity,compromised water treatment facilities,request-49-8-2
compromised water treatment facilities,waterborne diseases,request-49-8-3
waterborne diseases,spread of infectious diseases,request-49-8-4
spread of infectious diseases,rise in infectious diseases,request-49-8-5
industrialization,mass production,request-50-0-0
mass production,increased energy consumption,request-50-0-1
increased energy consumption,burning of fossil fuels,request-50-0-2
burning of fossil fuels,air pollution,request-50-0-3
air pollution,greenhouse gas emissions,request-50-0-4
greenhouse gas emissions,global warming,request-50-0-5
global warming,climate change,request-50-0-6
capitalism,resource extraction,request-50-1-0
resource extraction,deforestation,request-50-1-1
deforestation,loss of biodiversity,request-50-1-2
loss of biodiversity,altered ecosystems,request-50-1-3
altered ecosystems,increased carbon footprint,request-50-1-4
increased carbon footprint,greenhouse gas emissions,request-50-1-5
greenhouse gas emissions,global warming,request-50-1-6
global warming,climate change,request-50-1-7
capitalism,economic growth,request-50-2-0
economic growth,urbanization,request-50-2-1
urbanization,expansion of cities,request-50-2-2
expansion of cities,increased energy demand,request-50-2-3
increased energy demand,burning of fossil fuels,request-50-2-4
burning of fossil fuels,air pollution,request-50-2-5
air pollution,greenhouse gas emissions,request-50-2-6
greenhouse gas emissions,global warming,request-50-2-7
global warming,climate change,request-50-2-8
capitalism,consumerism,request-50-3-0
consumerism,mass production,request-50-3-1
mass production,increased energy consumption,request-50-3-2
increased energy consumption,burning of fossil fuels,request-50-3-3
burning of fossil fuels,air pollution,request-50-3-4
air pollution,greenhouse gas emissions,request-50-3-5
greenhouse gas emissions,global warming,request-50-3-6
global warming,climate change,request-50-3-7
capitalism,trade,request-50-4-0
trade,global transportation,request-50-4-1
global transportation,increased emissions from shipping and aviation,request-50-4-2
increased emissions from shipping and aviation,air pollution,request-50-4-3
air pollution,greenhouse gas emissions,request-50-4-4
greenhouse gas emissions,global warming,request-50-4-5
global warming,climate change,request-50-4-6
capitalism,technological advancement,request-50-5-0
technological advancement,energyintensive industries,request-50-5-1
energyintensive industries,increased energy consumption,request-50-5-2
increased energy consumption,burning of fossil fuels,request-50-5-3
burning of fossil fuels,air pollution,request-50-5-4
air pollution,greenhouse gas emissions,request-50-5-5
greenhouse gas emissions,global warming,request-50-5-6
global warming,climate change,request-50-5-7
capitalism,economic policies,request-50-6-0
economic policies,subsidies for fossil fuels,request-50-6-1
subsidies for fossil fuels,increased fossil fuel consumption,request-50-6-2
increased fossil fuel consumption,burning of fossil fuels,request-50-6-3
burning of fossil fuels,air pollution,request-50-6-4
air pollution,greenhouse gas emissions,request-50-6-5
greenhouse gas emissions,global warming,request-50-6-6
global warming,climate change,request-50-6-7
industrialization,urbanization,request-51-0-0
urbanization,overcrowded living conditions,request-51-0-1
overcrowded living conditions,inadequate sanitation,request-51-0-2
inadequate sanitation,spread of pathogens,request-51-0-3
spread of pathogens,rise in infectious diseases,request-51-0-4
global trade,spread of diseases,request-51-1-0
spread of diseases,introduction of new pathogens,request-51-1-1
introduction of new pathogens,rise in infectious diseases,request-51-1-2
economic policies,income inequality,request-51-2-0
income inequality,limited access to healthcare,request-51-2-1
limited access to healthcare,spread of diseases,request-51-2-2
spread of diseases,rise in infectious diseases,request-51-2-3
consumerism,overproduction,request-51-3-0
overproduction,waste accumulation,request-51-3-1
waste accumulation,environmental degradation,request-51-3-2
environmental degradation,spread of diseases,request-51-3-3
spread of diseases,rise in infectious diseases,request-51-3-4
technological advancements,global travel,request-51-4-0
global travel,spread of diseases,request-51-4-1
spread of diseases,rise in infectious diseases,request-51-4-2
melting of glaciers,rising sea levels,request-52-0-0
rising sea levels,increased coastal erosion,request-52-0-1
increased coastal erosion,damage to coastal infrastructure,request-52-0-2
damage to coastal infrastructure,threat to arctic infrastructure,request-52-0-3
melting of glaciers,increased freshwater influx into the arctic ocean,request-52-1-0
increased freshwater influx into the arctic ocean,alteration of ocean currents,request-52-1-1
alteration of ocean currents,disruption of shipping routes,request-52-1-2
disruption of shipping routes,risk to arctic infrastructure,request-52-1-3
melting of glaciers,release of trapped methane,request-52-2-0
release of trapped methane,acceleration of global warming,request-52-2-1
acceleration of global warming,extreme weather events,request-52-2-2
extreme weather events,damage to arctic infrastructure,request-52-2-3
melting of glaciers,loss of habitat for arctic wildlife,request-52-3-0
loss of habitat for arctic wildlife,disruption of arctic ecosystems,request-52-3-1
disruption of arctic ecosystems,increased human activity in the arctic,request-52-3-2
increased human activity in the arctic,risk to arctic infrastructure,request-52-3-3
industrial activities,burning of fossil fuels,request-53-0-0
burning of fossil fuels,release of carbon dioxide,request-53-0-1
release of carbon dioxide,increased atmospheric carbon dioxide,request-53-0-2
increased atmospheric carbon dioxide,greenhouse effect,request-53-0-3
greenhouse effect,global warming,request-53-0-4
deforestation,removal of trees,request-53-1-0
removal of trees,release of stored carbon,request-53-1-1
release of stored carbon,release of carbon dioxide,request-53-1-2
release of carbon dioxide,increased atmospheric carbon dioxide,request-53-1-3
increased atmospheric carbon dioxide,greenhouse effect,request-53-1-4
greenhouse effect,global warming,request-53-1-5
volcanic eruptions,emission of volcanic gases,request-53-2-0
emission of volcanic gases,release of carbon dioxide,request-53-2-1
release of carbon dioxide,increased atmospheric carbon dioxide,request-53-2-2
increased atmospheric carbon dioxide,greenhouse effect,request-53-2-3
greenhouse effect,global warming,request-53-2-4
natural gas extraction,leakage of methane,request-53-3-0
leakage of methane,release of methane,request-53-3-1
release of methane,greenhouse effect,request-53-3-2
greenhouse effect,global warming,request-53-3-3
rice paddies,anaerobic decomposition,request-53-4-0
anaerobic decomposition,release of methane,request-53-4-1
release of methane,greenhouse effect,request-53-4-2
greenhouse effect,global warming,request-53-4-3
forest fires,burning of biomass,request-53-5-0
burning of biomass,release of carbon dioxide,request-53-5-1
release of carbon dioxide,increased atmospheric carbon dioxide,request-53-5-2
increased atmospheric carbon dioxide,greenhouse effect,request-53-5-3
greenhouse effect,global warming,request-53-5-4
industrial activities,burning of fossil fuels,request-54-0-0
burning of fossil fuels,release of carbon dioxide,request-54-0-1
release of carbon dioxide,increased atmospheric carbon dioxide,request-54-0-2
increased atmospheric carbon dioxide,greenhouse effect,request-54-0-3
greenhouse effect,global warming,request-54-0-4
deforestation,removal of trees,request-54-1-0
removal of trees,release of stored carbon,request-54-1-1
release of stored carbon,release of carbon dioxide,request-54-1-2
release of carbon dioxide,increased atmospheric carbon dioxide,request-54-1-3
increased atmospheric carbon dioxide,greenhouse effect,request-54-1-4
greenhouse effect,global warming,request-54-1-5
volcanic eruptions,emission of volcanic gases,request-54-2-0
emission of volcanic gases,release of carbon dioxide,request-54-2-1
release of carbon dioxide,increased atmospheric carbon dioxide,request-54-2-2
increased atmospheric carbon dioxide,greenhouse effect,request-54-2-3
greenhouse effect,global warming,request-54-2-4
natural gas extraction,leakage of methane,request-54-3-0
leakage of methane,release of methane,request-54-3-1
release of methane,greenhouse effect,request-54-3-2
greenhouse effect,global warming,request-54-3-3
rice paddies,anaerobic decomposition,request-54-4-0
anaerobic decomposition,release of methane,request-54-4-1
release of methane,greenhouse effect,request-54-4-2
greenhouse effect,global warming,request-54-4-3
forest fires,burning of biomass,request-54-5-0
burning of biomass,release of carbon dioxide,request-54-5-1
release of carbon dioxide,increased atmospheric carbon dioxide,request-54-5-2
increased atmospheric carbon dioxide,greenhouse effect,request-54-5-3
greenhouse effect,global warming,request-54-5-4
climate change,increased global temperatures,request-55-0-0
increased global temperatures,melting polar ice caps,request-55-0-1
melting polar ice caps,rising sea levels,request-55-0-2
rising sea levels,strain on coastal cities and infrastructure,request-55-0-3
strain on coastal cities and infrastructure,greater demand for renewable energy,request-55-0-4
greater demand for renewable energy,investment in renewable energy technologies,request-55-0-5
investment in renewable energy technologies,development of offshore wind farms,request-55-0-6
development of offshore wind farms,job creation in renewable energy sectors,request-55-0-7
job creation in renewable energy sectors,shift in job market from fossil fuels to renewables,request-55-0-8
shift in job market from fossil fuels to renewables,"decreased reliance on oil, gas, and mineral resources",request-55-0-9
"decreased reliance on oil, gas, and mineral resources","increased exploration for oil, gas, and mineral resources",request-55-0-10
"increased exploration for oil, gas, and mineral resources","oil, gas, and mineral resources discovered",request-55-0-11
"oil, gas, and mineral resources discovered","oil, gas, and mineral extraction begins",request-55-0-12
"oil, gas, and mineral extraction begins","economic opportunities tied to oil, gas, and mineral resources",request-55-0-13
climate change,increased global temperatures,request-55-1-0
increased global temperatures,strain on water resources,request-55-1-1
strain on water resources,water scarcity in arid regions,request-55-1-2
water scarcity in arid regions,expansion of agricultural activities in waterscarce regions,request-55-1-3
expansion of agricultural activities in waterscarce regions,increased demand for waterintensive crops,request-55-1-4
increased demand for waterintensive crops,"expansion of oil, gas, and mineral extraction to support agriculture",request-55-1-5
"expansion of oil, gas, and mineral extraction to support agriculture","oil, gas, and mineral resources discovered",request-55-1-6
"oil, gas, and mineral resources discovered","oil, gas, and mineral extraction begins",request-55-1-7
"oil, gas, and mineral extraction begins","economic opportunities tied to oil, gas, and mineral resources",request-55-1-8
climate change,increased global temperatures,request-55-2-0
increased global temperatures,strain on food production,request-55-2-1
strain on food production,food shortages in vulnerable regions,request-55-2-2
food shortages in vulnerable regions,"increased food imports from oil, gas, and mineral resourcerich countries",request-55-2-3
"increased food imports from oil, gas, and mineral resourcerich countries","economic opportunities tied to oil, gas, and mineral resources in foodimporting countries",request-55-2-4
climate change,increased global temperatures,request-55-3-0
increased global temperatures,strain on public health systems,request-55-3-1
strain on public health systems,spread of vectorborne diseases,request-55-3-2
spread of vectorborne diseases,increased need for medical supplies and infrastructure,request-55-3-3
increased need for medical supplies and infrastructure,"oil, gas, and mineral resources discovered in regions with potential medical infrastructure",request-55-3-4
"oil, gas, and mineral resources discovered in regions with potential medical infrastructure","oil, gas, and mineral extraction begins",request-55-3-5
"oil, gas, and mineral extraction begins","economic opportunities tied to oil, gas, and mineral resources",request-55-3-6
climate change,increased global temperatures,request-55-4-0
increased global temperatures,strain on transportation infrastructure,request-55-4-1
strain on transportation infrastructure,increased demand for alternative fuel sources,request-55-4-2
increased demand for alternative fuel sources,"oil, gas, and mineral resources discovered for alternative fuel production",request-55-4-3
"oil, gas, and mineral resources discovered for alternative fuel production","oil, gas, and mineral extraction begins",request-55-4-4
"oil, gas, and mineral extraction begins","economic opportunities tied to oil, gas, and mineral resources",request-55-4-5
climate change,rising sea levels,request-56-0-0
rising sea levels,inundation of coastal areas,request-56-0-1
inundation of coastal areas,destruction of coastal ports,request-56-0-2
destruction of coastal ports,disruption of shipping routes,request-56-0-3
disruption of shipping routes,increased shipping costs,request-56-0-4
increased shipping costs,loss of efficiency in shipping,request-56-0-5
loss of efficiency in shipping,reduction in shipping volume,request-56-0-6
reduction in shipping volume,limited shipping capacity,request-56-0-7
limited shipping capacity,increased travel time for ships,request-56-0-8
increased travel time for ships,decreased accessibility of shipping routes,request-56-0-9
decreased accessibility of shipping routes,inaccessible shipping routes,request-56-0-10
inaccessible shipping routes,unreliable shipping routes,request-56-0-11
unreliable shipping routes,limited access to shipping routes,request-56-0-12
limited access to shipping routes,inadequate shipping infrastructure,request-56-0-13
inadequate shipping infrastructure,inadequate shipping facilities,request-56-0-14
inadequate shipping facilities,inadequate port facilities,request-56-0-15
inadequate port facilities,inadequate shipping routes,request-56-0-16
inadequate shipping routes,limited access to shipping routes,request-56-0-17
limited access to shipping routes,inaccessible shipping routes,request-56-0-18
inaccessible shipping routes,unreliable shipping routes,request-56-0-19
unreliable shipping routes,limited access to shipping routes,request-56-0-20
limited access to shipping routes,inaccessible shipping routes,request-56-0-21
inaccessible shipping routes,unreliable shipping routes,request-56-0-22
unreliable shipping routes,limited access to shipping routes,request-56-0-23
limited access to shipping routes,inaccessible shipping routes,request-56-0-24
inaccessible shipping routes,unreliable shipping routes,request-56-0-25
unreliable shipping routes,limited access to shipping routes,request-56-0-26
limited access to shipping routes,inaccessible shipping routes,request-56-0-27
inaccessible shipping routes,unreliable shipping routes,request-56-0-28
unreliable shipping routes,limited access to shipping routes,request-56-0-29
limited access to shipping routes,inaccessible shipping routes,request-56-0-30
inaccessible shipping routes,unreliable shipping routes,request-56-0-31
unreliable shipping routes,limited access to shipping routes,request-56-0-32
limited access to shipping routes,inaccessible shipping routes,request-56-0-33
inaccessible shipping routes,unreliable shipping routes,request-56-0-34
unreliable shipping routes,limited access to shipping routes,request-56-0-35
limited access to shipping routes,inaccessible shipping routes,request-56-0-36
inaccessible shipping routes,unreliable shipping routes,request-56-0-37
unreliable shipping routes,limited access to shipping routes,request-56-0-38
limited access to shipping routes,inaccessible shipping routes,request-56-0-39
inaccessible shipping routes,unreliable shipping routes,request-56-0-40
unreliable shipping routes,limited access to shipping routes,request-56-0-41
limited access to shipping routes,inaccessible shipping routes,request-56-0-42
inaccessible shipping routes,unreliable shipping routes,request-56-0-43
unreliable shipping routes,limited access to shipping routes,request-56-0-44
limited access to shipping routes,inaccessible shipping routes,request-56-0-45
inaccessible shipping routes,unreliable shipping routes,request-56-0-46
unreliable shipping routes,limited access to shipping routes,request-56-0-47
limited access to shipping routes,inaccessible shipping routes,request-56-0-48
inaccessible shipping routes,unreliable shipping routes,request-56-0-49
unreliable shipping routes,limited access to shipping routes,request-56-0-50
limited access to shipping routes,inaccessible shipping routes,request-56-0-51
inaccessible shipping routes,unreliable shipping routes,request-56-0-52
unreliable shipping routes,limited access to shipping routes,request-56-0-53
limited access to shipping routes,inaccessible shipping routes,request-56-0-54
inaccessible shipping routes,unreliable shipping routes,request-56-0-55
unreliable shipping routes,limited access to shipping routes,request-56-0-56
limited access to shipping routes,inaccessible shipping routes,request-56-0-57
inaccessible shipping routes,unreliable shipping routes,request-56-0-58
unreliable shipping routes,limited access to shipping routes,request-56-0-59
limited access to shipping routes,inaccessible shipping routes,request-56-0-60
inaccessible shipping routes,unreliable shipping routes,request-56-0-61
unreliable shipping routes,limited access to shipping routes,request-56-0-62
limited access to shipping routes,inaccessible shipping routes,request-56-0-63
inaccessible shipping routes,unreliable shipping routes,request-56-0-64
unreliable shipping routes,limited access to shipping routes,request-56-0-65
limited access to shipping routes,inaccessible shipping routes,request-56-0-66
inaccessible shipping routes,unreliable shipping routes,request-56-0-67
unreliable shipping routes,limited access to shipping routes,request-56-0-68
limited access to shipping routes,inaccessible shipping routes,request-56-0-69
inaccessible shipping routes,unreliable shipping routes,request-56-0-70
unreliable shipping routes,limited access to shipping routes,request-56-0-71
limited access to shipping routes,inaccessible shipping routes,request-56-0-72
inaccessible shipping routes,unreliable shipping routes,request-56-0-73
unreliable shipping routes,limited access to shipping routes,request-56-0-74
limited access to shipping routes,inaccessible shipping routes,request-56-0-75
inaccessible shipping routes,unreliable shipping routes,request-56-0-76
unreliable shipping routes,limited access to shipping routes,request-56-0-77
limited access to shipping routes,inaccessible shipping routes,request-56-0-78
inaccessible shipping routes,unreliable shipping routes,request-56-0-79
unreliable shipping routes,limited access to shipping routes,request-56-0-80
limited access to shipping routes,inaccessible shipping routes,request-56-0-81
inaccessible shipping routes,unreliable shipping routes,request-56-0-82
unreliable shipping routes,limited access to shipping routes,request-56-0-83
limited access to shipping routes,inaccessible shipping routes,request-56-0-84
inaccessible shipping routes,unreliable shipping routes,request-56-0-85
unreliable shipping routes,limited access to shipping routes,request-56-0-86
limited access to shipping routes,inaccessible shipping routes,request-56-0-87
inaccessible shipping routes,unreliable shipping routes,request-56-0-88
unreliable shipping routes,limited access to shipping routes,request-56-0-89
limited access to shipping routes,inaccessible shipping routes,request-56-0-90
inaccessible shipping routes,unreliable shipping routes,request-56-0-91
unreliable shipping routes,limited access to shipping routes,request-56-0-92
limited access to shipping routes,inaccessible shipping routes,request-56-0-93
inaccessible shipping routes,unreliable shipping routes,request-56-0-94
unreliable shipping routes,limited access to shipping routes,request-56-0-95
limited access to shipping routes,inaccessible shipping routes,request-56-0-96
inaccessible shipping routes,unreliable shipping routes,request-56-0-97
unreliable shipping routes,limited access to shipping routes,request-56-0-98
limited access to shipping routes,inaccessible shipping routes,request-56-0-99
inaccessible shipping routes,unreliable shipping routes,request-56-0-100
unreliable shipping routes,limited access to shipping routes,request-56-0-101
limited access to shipping routes,inaccessible shipping routes,request-56-0-102
inaccessible shipping routes,unreliable shipping routes,request-56-0-103
unreliable shipping routes,limited access to shipping routes,request-56-0-104
limited access to shipping routes,inaccessible shipping routes,request-56-0-105
inaccessible shipping routes,unreliable shipping routes,request-56-0-106
unreliable shipping routes,limited access to shipping routes,request-56-0-107
limited access to shipping routes,inaccessible shipping routes,request-56-0-108
inaccessible shipping routes,unreliable shipping routes,request-56-0-109
unreliable shipping routes,limited access to shipping routes,request-56-0-110
limited access to shipping routes,inaccessible shipping routes,request-56-0-111
inaccessible shipping routes,unreliable shipping routes,request-56-0-112
unreliable shipping routes,limited access to shipping routes,request-56-0-113
limited access to shipping routes,inaccessible shipping routes,request-56-0-114
inaccessible shipping routes,unreliable shipping routes,request-56-0-115
unreliable shipping routes,limited access to shipping routes,request-56-0-116
limited access to shipping routes,inaccessible shipping routes,request-56-0-117
inaccessible shipping routes,unreliable shipping routes,request-56-0-118
unreliable shipping routes,limited access to shipping routes,request-56-0-119
limited access to shipping routes,inaccessible shipping routes,request-56-0-120
inaccessible shipping routes,unreliable shipping routes,request-56-0-121
unreliable shipping routes,limited access to shipping routes,request-56-0-122
limited access to shipping routes,inaccessible shipping routes,request-56-0-123
inaccessible shipping routes,unreliable shipping routes,request-56-0-124
unreliable shipping routes,limited access to shipping routes,request-56-0-125
limited access to shipping routes,inaccessible shipping routes,request-56-0-126
inaccessible shipping routes,unreliable shipping routes,request-56-0-127
unreliable shipping routes,limited access to shipping routes,request-56-0-128
limited access to shipping routes,inaccessible shipping routes,request-56-0-129
inaccessible shipping routes,unreliable shipping routes,request-56-0-130
unreliable shipping routes,limited access to shipping routes,request-56-0-131
limited access to shipping routes,inaccessible shipping routes,request-56-0-132
inaccessible shipping routes,unreliable shipping routes,request-56-0-133
unreliable shipping routes,limited access to shipping routes,request-56-0-134
limited access to shipping routes,inaccessible shipping routes,request-56-0-135
inaccessible shipping routes,unreliable shipping routes,request-56-0-136
unreliable shipping routes,limited access to shipping routes,request-56-0-137
limited access to shipping routes,inaccessible shipping routes,request-56-0-138
inaccessible shipping routes,unreliable shipping routes,request-56-0-139
unreliable shipping routes,limited access to shipping routes,request-56-0-140
limited access to shipping routes,inaccessible shipping routes,request-56-0-141
inaccessible shipping routes,unreliable shipping routes,request-56-0-142
unreliable shipping routes,limited access to shipping routes,request-56-0-143
limited access to shipping routes,inaccessible shipping routes,request-56-0-144
inaccessible shipping routes,unreliable shipping routes,request-56-0-145
unreliable shipping routes,limited access to shipping routes,request-56-0-146
limited access to shipping routes,inaccessible shipping routes,request-56-0-147
inaccessible shipping routes,unreliable shipping routes,request-56-0-148
unreliable shipping routes,limited access to shipping routes,request-56-0-149
limited access to shipping routes,inaccessible shipping routes,request-56-0-150
inaccessible shipping routes,unreliable shipping routes,request-56-0-151
unreliable shipping routes,limited access to shipping routes,request-56-0-152
limited access to shipping routes,inaccessible shipping routes,request-56-0-153
inaccessible shipping routes,unreliable shipping routes,request-56-0-154
unreliable shipping routes,limited access to shipping routes,request-56-0-155
limited access to shipping routes,inaccessible shipping routes,request-56-0-156
inaccessible shipping routes,unreliable shipping routes,request-56-0-157
unreliable shipping routes,limited access to shipping routes,request-56-0-158
limited access to shipping routes,inaccessible shipping routes,request-56-0-159
inaccessible shipping routes,unreliable shipping routes,request-56-0-160
unreliable shipping routes,limited access to shipping routes,request-56-0-161
limited access to shipping routes,inaccessible shipping routes,request-56-0-162
inaccessible shipping routes,unreliable shipping routes,request-56-0-163
unreliable shipping routes,limited access to shipping routes,request-56-0-164
limited access to shipping routes,inaccessible shipping routes,request-56-0-165
inaccessible shipping routes,unreliable shipping routes,request-56-0-166
unreliable shipping routes,limited access to shipping routes,request-56-0-167
limited access to shipping routes,inaccessible shipping routes,request-56-0-168
inaccessible shipping routes,unreliable shipping routes,request-56-0-169
unreliable shipping routes,limited access to shipping routes,request-56-0-170
limited access to shipping routes,inaccessible shipping routes,request-56-0-171
inaccessible shipping routes,unreliable shipping routes,request-56-0-172
unreliable shipping routes,limited access to shipping routes,request-56-0-173
limited access to shipping routes,inaccessible shipping routes,request-56-0-174
inaccessible shipping routes,unreliable shipping routes,request-56-0-175
unreliable shipping routes,limited access to shipping routes,request-56-0-176
limited access to shipping routes,inaccessible shipping routes,request-56-0-177
inaccessible shipping routes,unreliable shipping routes,request-56-0-178
unreliable shipping routes,limited access to shipping routes,request-56-0-179
limited access to shipping routes,inaccessible shipping routes,request-56-0-180
inaccessible shipping routes,unreliable shipping routes,request-56-0-181
unreliable shipping routes,limited access to shipping routes,request-56-0-182
limited access to shipping routes,inaccessible shipping routes,request-56-0-183
inaccessible shipping routes,unreliable shipping routes,request-56-0-184
unreliable shipping routes,limited access to shipping routes,request-56-0-185
limited access to shipping routes,inaccessible shipping routes,request-56-0-186
inaccessible shipping routes,unreliable shipping routes,request-56-0-187
unreliable shipping routes,limited access to shipping routes,request-56-0-188
limited access to shipping routes,inaccessible shipping routes,request-56-0-189
inaccessible shipping routes,unreliable shipping routes,request-56-0-190
unreliable shipping routes,limited access to shipping routes,request-56-0-191
limited access to shipping routes,inaccessible shipping routes,request-56-0-192
inaccessible shipping routes,unreliable shipping routes,request-56-0-193
unreliable shipping routes,limited access to shipping routes,request-56-0-194
limited access to shipping routes,inaccessible shipping routes,request-56-0-195
inaccessible shipping routes,unreliable shipping routes,request-56-0-196
unreliable shipping routes,limited access to shipping routes,request-56-0-197
limited access to shipping routes,inaccessible shipping routes,request-56-0-198
inaccessible shipping routes,unreliable shipping routes,request-56-0-199
unreliable shipping routes,limited access to shipping routes,request-56-0-200
limited access to shipping routes,inaccessible shipping routes,request-56-0-201
inaccessible shipping routes,unreliable shipping routes,request-56-0-202
unreliable shipping routes,limited access to shipping routes,request-56-0-203
limited access to shipping routes,inaccessible shipping routes,request-56-0-204
inaccessible shipping routes,unreliable shipping routes,request-56-0-205
unreliable shipping routes,limited access to shipping routes,request-56-0-206
limited access to shipping routes,inaccessible shipping routes,request-56-0-207
inaccessible shipping routes,unreliable shipping routes,request-56-0-208
unreliable shipping routes,limited access to shipping routes,request-56-0-209
limited access to shipping routes,inaccessible shipping routes,request-56-0-210
inaccessible shipping routes,unreliable shipping routes,request-56-0-211
unreliable shipping routes,limited access to shipping routes,request-56-0-212
limited access to shipping routes,inaccessible shipping routes,request-56-0-213
inaccessible shipping routes,unreliable shipping routes,request-56-0-214
unreliable shipping routes,limited access to shipping routes,request-56-0-215
limited access to shipping routes,inaccessible shipping routes,request-56-0-216
inaccessible shipping routes,unreliable shipping routes,request-56-0-217
unreliable shipping routes,limited access to shipping routes,request-56-0-218
limited access to shipping routes,inaccessible shipping routes,request-56-0-219
inaccessible shipping routes,unreliable shipping routes,request-56-0-220
unreliable shipping routes,limited access to shipping routes,request-56-0-221
limited access to shipping routes,inaccessible shipping routes,request-56-0-222
inaccessible shipping routes,unreliable shipping routes,request-56-0-223
unreliable shipping routes,limited access to shipping routes,request-56-0-224
limited access to shipping routes,inaccessible shipping routes,request-56-0-225
inaccessible shipping routes,unreliable shipping routes,request-56-0-226
unreliable shipping routes,limited access to shipping routes,request-56-0-227
limited access to shipping routes,inaccessible shipping routes,request-56-0-228
inaccessible shipping routes,unreliable shipping routes,request-56-0-229
unreliable shipping routes,limited access to shipping routes,request-56-0-230
limited access to shipping routes,inaccessible shipping routes,request-56-0-231
inaccessible shipping routes,unreliable shipping routes,request-56-0-232
unreliable shipping routes,limited access to shipping routes,request-56-0-233
limited access to shipping routes,inaccessible shipping routes,request-56-0-234
inaccessible shipping routes,unreliable shipping routes,request-56-0-235
unreliable shipping routes,limited access to shipping routes,request-56-0-236
limited access to shipping routes,inaccessible shipping routes,request-56-0-237
inaccessible shipping routes,unreliable shipping routes,request-56-0-238
unreliable shipping routes,limited access to shipping routes,request-56-0-239
limited access to shipping routes,inaccessible shipping routes,request-56-0-240
inaccessible shipping routes,unreliable shipping routes,request-56-0-241
unreliable shipping routes,limited access to shipping routes,request-56-0-242
limited access to shipping routes,inaccessible shipping routes,request-56-0-243
inaccessible shipping routes,unreliable shipping routes,request-56-0-244
unreliable shipping routes,limited access to shipping routes,request-56-0-245
limited access to shipping routes,inaccessible shipping routes,request-56-0-246
inaccessible shipping routes,unreliable shipping routes,request-56-0-247
unreliable shipping routes,limited access to shipping routes,request-56-0-248
limited access to shipping routes,inaccessible shipping routes,request-56-0-249
inaccessible shipping routes,unreliable shipping routes,request-56-0-250
unreliable shipping routes,limited access to shipping routes,request-56-0-251
limited access to shipping routes,inaccessible shipping routes,request-56-0-252
inaccessible shipping routes,unreliable shipping routes,request-56-0-253
unreliable shipping routes,limited access to shipping routes,request-56-0-254
limited access to shipping routes,inaccessible shipping routes,request-56-0-255
inaccessible shipping routes,unreliable shipping routes,request-56-0-256
unreliable shipping routes,limited access to shipping routes,request-56-0-257
limited access to shipping routes,inaccessible shipping routes,request-56-0-258
inaccessible shipping routes,unreliable shipping routes,request-56-0-259
unreliable shipping routes,limited access to shipping routes,request-56-0-260
limited access to shipping routes,inaccessible shipping routes,request-56-0-261
inaccessible shipping routes,unreliable shipping routes,request-56-0-262
unreliable shipping routes,limited access to shipping routes,request-56-0-263
limited access to shipping routes,inaccessible shipping routes,request-56-0-264
inaccessible shipping routes,unreliable shipping routes,request-56-0-265
unreliable shipping routes,limited access to shipping routes,request-56-0-266
limited access to shipping routes,inaccessible shipping routes,request-56-0-267
inaccessible shipping routes,unreliable shipping routes,request-56-0-268
unreliable shipping routes,limited access to shipping routes,request-56-0-269
limited access to shipping routes,inaccessible shipping routes,request-56-0-270
inaccessible shipping routes,unreliable shipping routes,request-56-0-271
unreliable shipping routes,limited access to shipping routes,request-56-0-272
limited access to shipping routes,inaccessible shipping routes,request-56-0-273
inaccessible shipping routes,unreliable shipping routes,request-56-0-274
unreliable shipping routes,limited access to shipping routes,request-56-0-275
limited access to shipping routes,inaccessible shipping routes,request-56-0-276
inaccessible shipping routes,unreliable shipping routes,request-56-0-277
unreliable shipping routes,limited access to shipping routes,request-56-0-278
limited access to shipping routes,inaccessible shipping routes,request-56-0-279
inaccessible shipping routes,unreliable shipping routes,request-56-0-280
unreliable shipping routes,limited access to shipping routes,request-56-0-281
limited access to shipping routes,inaccessible shipping routes,request-56-0-282
inaccessible shipping routes,unreliable shipping routes,request-56-0-283
unreliable shipping routes,limited access to shipping routes,request-56-0-284
limited access to shipping routes,inaccessible shipping routes,request-56-0-285
inaccessible shipping routes,unreliable shipping routes,request-56-0-286
unreliable shipping routes,limited access to shipping routes,request-56-0-287
limited access to shipping routes,inaccessible shipping routes,request-56-0-288
inaccessible shipping routes,unreliable shipping routes,request-56-0-289
unreliable shipping routes,limited access to shipping routes,request-56-0-290
limited access to shipping routes,inaccessible shipping routes,request-56-0-291
inaccessible shipping routes,unreliable shipping routes,request-56-0-292
unreliable shipping routes,limited access to shipping routes,request-56-0-293
limited access to shipping routes,inaccessible shipping routes,request-56-0-294
inaccessible shipping routes,unreliable shipping routes,request-56-0-295
unreliable shipping routes,limited access to shipping routes,request-56-0-296
limited access to shipping routes,inaccessible shipping routes,request-56-0-297
inaccessible shipping routes,unreliable shipping routes,request-56-0-298
unreliable shipping routes,limited access to shipping routes,request-56-0-299
limited access to shipping routes,inaccessible shipping routes,request-56-0-300
inaccessible shipping routes,unreliable shipping routes,request-56-0-301
unreliable shipping routes,limited access to shipping routes,request-56-0-302
limited access to shipping routes,inaccessible shipping routes,request-56-0-303
inaccessible shipping routes,unreliable shipping routes,request-56-0-304
unreliable shipping routes,limited access to shipping routes,request-56-0-305
limited access to shipping routes,inaccessible shipping routes,request-56-0-306
inaccessible shipping routes,unreliable shipping routes,request-56-0-307
unreliable shipping routes,limited access to shipping routes,request-56-0-308
limited access to shipping routes,inaccessible shipping routes,request-56-0-309
inaccessible shipping routes,unreliable shipping routes,request-56-0-310
unreliable shipping routes,limited access to shipping routes,request-56-0-311
limited access to shipping routes,inaccessible shipping routes,request-56-0-312
inaccessible shipping routes,unreliable shipping routes,request-56-0-313
unreliable shipping routes,limited access to shipping routes,request-56-0-314
limited access to shipping routes,inaccessible shipping routes,request-56-0-315
inaccessible shipping routes,unreliable shipping routes,request-56-0-316
unreliable shipping routes,limited access to shipping routes,request-56-0-317
limited access to shipping routes,inaccessible shipping routes,request-56-0-318
inaccessible shipping routes,unreliable shipping routes,request-56-0-319
unreliable shipping routes,limited access to shipping routes,request-56-0-320
limited access to shipping routes,inaccessible shipping routes,request-56-0-321
inaccessible shipping routes,unreliable shipping routes,request-56-0-322
unreliable shipping routes,limited access to shipping routes,request-56-0-323
limited access to shipping routes,inaccessible shipping routes,request-56-0-324
inaccessible shipping routes,unreliable shipping routes,request-56-0-325
unreliable shipping routes,limited access to shipping routes,request-56-0-326
limited access to shipping routes,inaccessible shipping routes,request-56-0-327
inaccessible shipping routes,unreliable shipping routes,request-56-0-328
unreliable shipping routes,limited access to shipping routes,request-56-0-329
limited access to shipping routes,inaccessible shipping routes,request-56-0-330
inaccessible shipping routes,unreliable shipping routes,request-56-0-331
unreliable shipping routes,limited access to shipping routes,request-56-0-332
limited access to shipping routes,inaccessible shipping routes,request-56-0-333
inaccessible shipping routes,unreliable shipping routes,request-56-0-334
unreliable shipping routes,limited access to shipping routes,request-56-0-335
limited access to shipping routes,inaccessible shipping routes,request-56-0-336
inaccessible shipping routes,unreliable shipping routes,request-56-0-337
unreliable shipping routes,limited access to shipping routes,request-56-0-338
limited access to shipping routes,inaccessible shipping routes,request-56-0-339
inaccessible shipping routes,unreliable shipping routes,request-56-0-340
unreliable shipping routes,limited access to shipping routes,request-56-0-341
limited access to shipping routes,inaccessible shipping routes,request-56-0-342
inaccessible shipping routes,unreliable shipping routes,request-56-0-343
unreliable shipping routes,limited access to shipping routes,request-56-0-344
limited access to shipping routes,inaccessible shipping routes,request-56-0-345
inaccessible shipping routes,unreliable shipping routes,request-56-0-346
unreliable shipping routes,limited access to shipping routes,request-56-0-347
limited access to shipping routes,inaccessible shipping routes,request-56-0-348
inaccessible shipping routes,unreliable shipping routes,request-56-0-349
unreliable shipping routes,limited access to shipping routes,request-56-0-350
limited access to shipping routes,inaccessible shipping routes,request-56-0-351
inaccessible shipping routes,unreliable shipping routes,request-56-0-352
unreliable shipping routes,limited access to shipping routes,request-56-0-353
limited access to shipping routes,inaccessible shipping routes,request-56-0-354
inaccessible shipping routes,unreliable shipping routes,request-56-0-355
unreliable shipping routes,limited access to shipping routes,request-56-0-356
limited access to shipping routes,inaccessible shipping routes,request-56-0-357
inaccessible shipping routes,unreliable shipping routes,request-56-0-358
unreliable shipping routes,limited access to shipping routes,request-56-0-359
limited access to shipping routes,inaccessible shipping routes,request-56-0-360
inaccessible shipping routes,unreliable shipping routes,request-56-0-361
unreliable shipping routes,limited access to shipping routes,request-56-0-362
limited access to shipping routes,inaccessible shipping routes,request-56-0-363
inaccessible shipping routes,unreliable shipping routes,request-56-0-364
unreliable shipping routes,limited access to shipping routes,request-56-0-365
limited access to shipping routes,inaccessible shipping routes,request-56-0-366
inaccessible shipping routes,unreliable shipping routes,request-56-0-367
unreliable shipping routes,limited access to shipping routes,request-56-0-368
limited access to shipping routes,inaccessible shipping routes,request-56-0-369
inaccessible shipping routes,unreliable shipping routes,request-56-0-370
unreliable shipping routes,limited access to shipping routes,request-56-0-371
limited access to shipping routes,inaccessible shipping routes,request-56-0-372
inaccessible shipping routes,unreliable shipping routes,request-56-0-373
unreliable shipping routes,limited access to shipping routes,request-56-0-374
limited access to shipping routes,inaccessible shipping routes,request-56-0-375
inaccessible shipping routes,unreliable shipping routes,request-56-0-376
unreliable shipping routes,limited access to shipping routes,request-56-0-377
limited access to shipping routes,inaccessible shipping routes,request-56-0-378
inaccessible shipping routes,unreliable shipping routes,request-56-0-379
unreliable shipping routes,limited access to shipping routes,request-56-0-380
limited access to shipping routes,inaccessible shipping routes,request-56-0-381
inaccessible shipping routes,unreliable shipping routes,request-56-0-382
unreliable shipping routes,limited access to shipping routes,request-56-0-383
limited access to shipping routes,inaccessible shipping routes,request-56-0-384
inaccessible shipping routes,unreliable shipping routes,request-56-0-385
unreliable shipping routes,limited access to shipping routes,request-56-0-386
limited access to shipping routes,inaccessible shipping routes,request-56-0-387
inaccessible shipping routes,unreliable shipping routes,request-56-0-388
unreliable shipping routes,limited access to shipping routes,request-56-0-389
limited access to shipping routes,inaccessible shipping routes,request-56-0-390
inaccessible shipping routes,unreliable shipping routes,request-56-0-391
unreliable shipping routes,limited access to shipping routes,request-56-0-392
limited access to shipping routes,inaccessible shipping routes,request-56-0-393
inaccessible shipping routes,unreliable shipping routes,request-56-0-394
unreliable shipping routes,limited access to shipping routes,request-56-0-395
limited access to shipping routes,inaccessible shipping routes,request-56-0-396
inaccessible shipping routes,unreliable shipping routes,request-56-0-397
unreliable shipping routes,limited access to shipping routes,request-56-0-398
limited access to shipping routes,inaccessible shipping routes,request-56-0-399
inaccessible shipping routes,unreliable shipping routes,request-56-0-400
unreliable shipping routes,limited access to shipping routes,request-56-0-401
limited access to shipping routes,inaccessible shipping routes,request-56-0-402
inaccessible shipping routes,unreliable shipping routes,request-56-0-403
unreliable shipping routes,limited access to shipping routes,request-56-0-404
limited access to shipping routes,inaccessible shipping routes,request-56-0-405
inaccessible shipping routes,unreliable shipping routes,request-56-0-406
unreliable shipping routes,limited access to shipping routes,request-56-0-407
limited access to shipping routes,inaccessible shipping routes,request-56-0-408
inaccessible shipping routes,unreliable shipping routes,request-56-0-409
unreliable shipping routes,limited access to shipping routes,request-56-0-410
limited access to shipping routes,inaccessible shipping routes,request-56-0-411
inaccessible shipping routes,unreliable shipping routes,request-56-0-412
unreliable shipping routes,limited access to shipping routes,request-56-0-413
limited access to shipping routes,inaccessible shipping routes,request-56-0-414
inaccessible shipping routes,unreliable shipping routes,request-56-0-415
unreliable shipping routes,limited access to shipping routes,request-56-0-416
limited access to shipping routes,inaccessible shipping routes,request-56-0-417
inaccessible shipping routes,unreliable shipping routes,request-56-0-418
unreliable shipping routes,limited access to shipping routes,request-56-0-419
limited access to shipping routes,inaccessible shipping routes,request-56-0-420
inaccessible shipping routes,unreliable shipping routes,request-56-0-421
unreliable shipping routes,limited access to shipping routes,request-56-0-422
limited access to shipping routes,inaccessible shipping routes,request-56-0-423
inaccessible shipping routes,unreliable shipping routes,request-56-0-424
unreliable shipping routes,limited access to shipping routes,request-56-0-425
limited access to shipping routes,inaccessible shipping routes,request-56-0-426
inaccessible shipping routes,unreliable shipping routes,request-56-0-427
unreliable shipping routes,limited access to shipping routes,request-56-0-428
limited access to shipping routes,inaccessible shipping routes,request-56-0-429
inaccessible shipping routes,unreliable shipping routes,request-56-0-430
unreliable shipping routes,limited access to shipping routes,request-56-0-431
limited access to shipping routes,inaccessible shipping routes,request-56-0-432
inaccessible shipping routes,unreliable shipping routes,request-56-0-433
unreliable shipping routes,limited access to shipping routes,request-56-0-434
limited access to shipping routes,inaccessible shipping routes,request-56-0-435
inaccessible shipping routes,unreliable shipping routes,request-56-0-436
unreliable shipping routes,limited access to shipping routes,request-56-0-437
limited access to shipping routes,inaccessible shipping routes,request-56-0-438
inaccessible shipping routes,unreliable shipping routes,request-56-0-439
unreliable shipping routes,limited access to shipping routes,request-56-0-440
limited access to shipping routes,inaccessible shipping routes,request-56-0-441
inaccessible shipping routes,unreliable shipping routes,request-56-0-442
unreliable shipping routes,limited access to shipping routes,request-56-0-443
limited access to shipping routes,inaccessible shipping routes,request-56-0-444
inaccessible shipping routes,unreliable shipping routes,request-56-0-445
unreliable shipping routes,limited access to shipping routes,request-56-0-446
limited access to shipping routes,inaccessible shipping routes,request-56-0-447
inaccessible shipping routes,unreliable shipping routes,request-56-0-448
unreliable shipping routes,limited access to shipping routes,request-56-0-449
limited access to shipping routes,inaccessible shipping routes,request-56-0-450
inaccessible shipping routes,unreliable shipping routes,request-56-0-451
unreliable shipping routes,limited access to shipping routes,request-56-0-452
limited access to shipping routes,inaccessible shipping routes,request-56-0-453
inaccessible shipping routes,unreliable shipping routes,request-56-0-454
unreliable shipping routes,limited access to shipping routes,request-56-0-455
limited access to shipping routes,inaccessible shipping routes,request-56-0-456
inaccessible shipping routes,unreliable shipping routes,request-56-0-457
unreliable shipping routes,limited access to shipping routes,request-56-0-458
limited access to shipping routes,and <<<<<<<<<<<<<<<<<<<<<<<<<<<<<<<<<<<<<<<<<<<<<<<<<<<<<<<<<<<<<<<<<<<<<<<<<<<<<<<<<<<<<<<<<<<<<<<<<<<<<<,request-56-0-459
industrial activities,burning of fossil fuels,request-57-0-0
burning of fossil fuels,release of greenhouse gases,request-57-0-1
release of greenhouse gases,increased atmospheric co2 levels,request-57-0-2
increased atmospheric co2 levels,enhanced greenhouse effect,request-57-0-3
enhanced greenhouse effect,rise in global temperatures,request-57-0-4
deforestation,reduction of carbon sinks,request-57-1-0
reduction of carbon sinks,increased atmospheric co2 levels,request-57-1-1
increased atmospheric co2 levels,enhanced greenhouse effect,request-57-1-2
enhanced greenhouse effect,rise in global temperatures,request-57-1-3
vehicle emissions,burning of fossil fuels,request-57-2-0
burning of fossil fuels,release of greenhouse gases,request-57-2-1
release of greenhouse gases,increased atmospheric co2 levels,request-57-2-2
increased atmospheric co2 levels,enhanced greenhouse effect,request-57-2-3
enhanced greenhouse effect,rise in global temperatures,request-57-2-4
energy production,burning of fossil fuels,request-57-3-0
burning of fossil fuels,release of greenhouse gases,request-57-3-1
release of greenhouse gases,increased atmospheric co2 levels,request-57-3-2
increased atmospheric co2 levels,enhanced greenhouse effect,request-57-3-3
enhanced greenhouse effect,rise in global temperatures,request-57-3-4
manufacturing processes,burning of fossil fuels,request-57-4-0
burning of fossil fuels,release of greenhouse gases,request-57-4-1
release of greenhouse gases,increased atmospheric co2 levels,request-57-4-2
increased atmospheric co2 levels,enhanced greenhouse effect,request-57-4-3
enhanced greenhouse effect,rise in global temperatures,request-57-4-4
air travel,burning of fossil fuels,request-57-5-0
burning of fossil fuels,release of greenhouse gases,request-57-5-1
release of greenhouse gases,increased atmospheric co2 levels,request-57-5-2
increased atmospheric co2 levels,enhanced greenhouse effect,request-57-5-3
enhanced greenhouse effect,rise in global temperatures,request-57-5-4
power plants,burning of fossil fuels,request-57-6-0
burning of fossil fuels,release of greenhouse gases,request-57-6-1
release of greenhouse gases,increased atmospheric co2 levels,request-57-6-2
increased atmospheric co2 levels,enhanced greenhouse effect,request-57-6-3
enhanced greenhouse effect,rise in global temperatures,request-57-6-4
industrialization,burning of fossil fuels,request-58-0-0
burning of fossil fuels,release of greenhouse gases,request-58-0-1
release of greenhouse gases,global warming,request-58-0-2
global warming,climate change,request-58-0-3
deforestation,loss of tree cover,request-58-1-0
loss of tree cover,reduced carbon sequestration,request-58-1-1
reduced carbon sequestration,increased atmospheric co2 levels,request-58-1-2
increased atmospheric co2 levels,global warming,request-58-1-3
global warming,climate change,request-58-1-4
urbanization,increased energy consumption,request-58-2-0
increased energy consumption,burning of fossil fuels,request-58-2-1
burning of fossil fuels,release of greenhouse gases,request-58-2-2
release of greenhouse gases,global warming,request-58-2-3
global warming,climate change,request-58-2-4
manufacturing,industrial emissions,request-58-3-0
industrial emissions,release of greenhouse gases,request-58-3-1
release of greenhouse gases,global warming,request-58-3-2
global warming,climate change,request-58-3-3
transportation,usage of fossil fuels,request-58-4-0
usage of fossil fuels,emission of co2,request-58-4-1
emission of co2,global warming,request-58-4-2
global warming,climate change,request-58-4-3
population growth,increased resource consumption,request-58-5-0
increased resource consumption,deforestation,request-58-5-1
deforestation,loss of tree cover,request-58-5-2
loss of tree cover,reduced carbon sequestration,request-58-5-3
reduced carbon sequestration,increased atmospheric co2 levels,request-58-5-4
increased atmospheric co2 levels,global warming,request-58-5-5
global warming,climate change,request-58-5-6
increase in forest fires,deforestation,request-59-0-0
deforestation,loss of forests,request-59-0-1
increase in forest fires,wildlife habitat destruction,request-59-1-0
wildlife habitat destruction,loss of forests,request-59-1-1
increase in forest fires,air pollution,request-59-2-0
air pollution,loss of forests,request-59-2-1
increase in forest fires,soil degradation,request-59-3-0
soil degradation,loss of forests,request-59-3-1
increase in forest fires,disruption of water cycles,request-59-4-0
disruption of water cycles,loss of forests,request-59-4-1
increase in forest fires,deforestation,request-60-0-0
deforestation,habitat destruction,request-60-0-1
habitat destruction,loss of biodiversity,request-60-0-2
increase in forest fires,air pollution,request-60-1-0
air pollution,climate change,request-60-1-1
climate change,loss of biodiversity,request-60-1-2
increase in forest fires,soil erosion,request-60-2-0
soil erosion,loss of plant species,request-60-2-1
loss of plant species,loss of biodiversity,request-60-2-2
increase in forest fires,water pollution,request-60-3-0
water pollution,impact on aquatic life,request-60-3-1
impact on aquatic life,loss of biodiversity,request-60-3-2
increase in forest fires,deforestation,request-61-0-0
deforestation,loss of tree cover,request-61-0-1
loss of tree cover,reduced soil moisture,request-61-0-2
reduced soil moisture,decreased soil fertility,request-61-0-3
decreased soil fertility,weaken of soil health,request-61-0-4
increase in forest fires,release of carbon dioxide,request-61-1-0
release of carbon dioxide,enhanced greenhouse effect,request-61-1-1
enhanced greenhouse effect,global warming,request-61-1-2
global warming,extended drought periods,request-61-1-3
extended drought periods,increased forest fires,request-61-1-4
increased forest fires,deforestation,request-61-1-5
deforestation,loss of tree cover,request-61-1-6
loss of tree cover,reduced soil moisture,request-61-1-7
reduced soil moisture,decreased soil fertility,request-61-1-8
decreased soil fertility,weaken of soil health,request-61-1-9
el niño weather pattern,dry conditions,request-62-0-0
dry conditions,increased forest fires,request-62-0-1
increased forest fires,deforestation,request-62-0-2
deforestation,loss of biodiversity,request-62-0-3
loss of biodiversity,soil erosion,request-62-0-4
soil erosion,water quality degradation,request-62-0-5
water quality degradation,environmental threats,request-62-0-6
climate change,global temperature rise,request-62-1-0
global temperature rise,increased forest fires,request-62-1-1
increased forest fires,loss of habitat for wildlife,request-62-1-2
loss of habitat for wildlife,disruption of ecosystems,request-62-1-3
disruption of ecosystems,increased carbon dioxide levels,request-62-1-4
increased carbon dioxide levels,environmental threats,request-62-1-5
illegal logging activities,increased forest fires,request-62-2-0
increased forest fires,decreased forest cover,request-62-2-1
decreased forest cover,reduced air quality,request-62-2-2
reduced air quality,health problems in nearby communities,request-62-2-3
health problems in nearby communities,environmental threats,request-62-2-4
expansion of urban areas,loss of natural habitats,request-62-3-0
loss of natural habitats,increased forest fires,request-62-3-1
increased forest fires,air pollution,request-62-3-2
air pollution,health issues for residents,request-62-3-3
health issues for residents,environmental threats,request-62-3-4
invasive species,increased forest fires,request-62-4-0
increased forest fires,altered forest composition,request-62-4-1
altered forest composition,disrupted food chains,request-62-4-2
disrupted food chains,loss of native species,request-62-4-3
loss of native species,environmental threats,request-62-4-4
el niño weather pattern,dry conditions in forests,request-63-0-0
dry conditions in forests,increase in forest fires,request-63-0-1
increase in forest fires,release of greenhouse gases,request-63-0-2
release of greenhouse gases,global warming,request-63-0-3
deforestation,loss of tree cover,request-63-1-0
loss of tree cover,increase in forest fires,request-63-1-1
increase in forest fires,release of stored carbon,request-63-1-2
release of stored carbon,global warming,request-63-1-3
climate change,increase in temperature,request-63-2-0
increase in temperature,increase in forest fires,request-63-2-1
increase in forest fires,release of greenhouse gases,request-63-2-2
release of greenhouse gases,global warming,request-63-2-3
human activities,land use changes,request-63-3-0
land use changes,increase in forest fires,request-63-3-1
increase in forest fires,release of greenhouse gases,request-63-3-2
release of greenhouse gases,global warming,request-63-3-3
invasive species,disruption of local ecosystems,request-63-4-0
disruption of local ecosystems,increase in forest fires,request-63-4-1
increase in forest fires,release of greenhouse gases,request-63-4-2
release of greenhouse gases,global warming,request-63-4-3
extreme weather events,increase in forest fires,request-63-5-0
increase in forest fires,release of greenhouse gases,request-63-5-1
release of greenhouse gases,global warming,request-63-5-2
soil degradation,decreased forest health,request-63-6-0
decreased forest health,increase in forest fires,request-63-6-1
increase in forest fires,release of greenhouse gases,request-63-6-2
release of greenhouse gases,global warming,request-63-6-3
overpopulation,resource depletion,request-64-0-0
resource depletion,environmental degradation,request-64-0-1
environmental degradation,increased greenhouse gas emissions,request-64-0-2
increased greenhouse gas emissions,global warming,request-64-0-3
global warming,extreme weather events,request-64-0-4
extreme weather events,climate catastrophe,request-64-0-5
overpopulation,deforestation,request-64-1-0
deforestation,loss of biodiversity,request-64-1-1
loss of biodiversity,disruption of carbon cycle,request-64-1-2
disruption of carbon cycle,increased atmospheric co2,request-64-1-3
increased atmospheric co2,global warming,request-64-1-4
global warming,climate catastrophe,request-64-1-5
overpopulation,pollution,request-64-2-0
pollution,ocean acidification,request-64-2-1
ocean acidification,coral reef bleaching,request-64-2-2
coral reef bleaching,disruption of marine ecosystems,request-64-2-3
disruption of marine ecosystems,increased sea levels,request-64-2-4
increased sea levels,extreme weather events,request-64-2-5
extreme weather events,climate catastrophe,request-64-2-6
overpopulation,waste generation,request-64-3-0
waste generation,landfills overflow,request-64-3-1
landfills overflow,water pollution,request-64-3-2
water pollution,destruction of aquatic ecosystems,request-64-3-3
destruction of aquatic ecosystems,disruption of food chains,request-64-3-4
disruption of food chains,increased greenhouse gas emissions,request-64-3-5
increased greenhouse gas emissions,global warming,request-64-3-6
global warming,climate catastrophe,request-64-3-7
overpopulation,urbanization,request-64-4-0
urbanization,increased energy consumption,request-64-4-1
increased energy consumption,air pollution,request-64-4-2
air pollution,health problems,request-64-4-3
health problems,strain on healthcare systems,request-64-4-4
strain on healthcare systems,economic instability,request-64-4-5
economic instability,resource allocation issues,request-64-4-6
resource allocation issues,conflict over resources,request-64-4-7
conflict over resources,environmental damage,request-64-4-8
environmental damage,increased greenhouse gas emissions,request-64-4-9
increased greenhouse gas emissions,global warming,request-64-4-10
global warming,climate catastrophe,request-64-4-11
construction of coalfired plants,operation of coalfired plants,request-65-0-0
operation of coalfired plants,burning of coal in plants,request-65-0-1
burning of coal in plants,release of co2 into the atmosphere,request-65-0-2
release of co2 into the atmosphere,dissipation of co2,request-65-0-3
coalfired plants burn coal,burning coal releases carbon dioxide,request-66-0-0
burning coal releases carbon dioxide,burning coal releases heat,request-66-0-1
burning coal releases heat,heat from coalfired plants warms the air,request-66-0-2
heat from coalfired plants warms the air,warming the air increases air temperature,request-66-0-3
warming the air increases air temperature,increased air temperature causes water vapor to evaporate,request-66-0-4
increased air temperature causes water vapor to evaporate,evaporated water vapor rises into the atmosphere,request-66-0-5
evaporated water vapor rises into the atmosphere,rising water vapor forms clouds,request-66-0-6
rising water vapor forms clouds,clouds lead to precipitation,request-66-0-7
clouds lead to precipitation,precipitation falls back to earth,request-66-0-8
precipitation falls back to earth,heat from coalfired plants dissipates into the environment,request-66-0-9
heat from coalfired plants dissipates into the environment,dissipation of heat occurs in the environment,request-66-0-10
coalfired plants operate,operation of coalfired plants generates electricity,request-66-1-0
operation of coalfired plants generates electricity,generation of electricity requires fuel,request-66-1-1
generation of electricity requires fuel,fuel for electricity is coal,request-66-1-2
fuel for electricity is coal,coal combustion produces waste heat,request-66-1-3
coal combustion produces waste heat,waste heat from coal combustion is released,request-66-1-4
waste heat from coal combustion is released,released heat disperses into the surroundings,request-66-1-5
released heat disperses into the surroundings,heat dispersal,request-66-1-6
heat dispersal,increased local temperature results in the dissipation of heat,request-66-1-7
increased local temperature results in the dissipation of heat,dissipation of heat happens in the surrounding area,request-66-1-8
coalfired plants are constructed,construction of coalfired plants involves heavy machinery,request-66-2-0
construction of coalfired plants involves heavy machinery,heavy machinery produces heat through operation,request-66-2-1
heavy machinery produces heat through operation,heat from machinery contributes to the overall heat output,request-66-2-2
heat from machinery contributes to the overall heat output,overall heat output includes waste heat from combustion,request-66-2-3
overall heat output includes waste heat from combustion,waste heat from combustion is released into the environment,request-66-2-4
waste heat from combustion is released into the environment,released heat dissipates into the atmosphere,request-66-2-5
released heat dissipates into the atmosphere,dissipation of heat occurs as a result of released heat,request-66-2-6
coalfired plants use coal as fuel,combustion of coal in coalfired plants generates heat,request-66-3-0
combustion of coal in coalfired plants generates heat,heat generated from combustion is released into the environment,request-66-3-1
heat generated from combustion is released into the environment,released heat from coalfired plants dissipates into the surroundings,request-66-3-2
released heat from coalfired plants dissipates into the surroundings,dissipation of heat occurs naturally through convection,request-66-3-3
dissipation of heat occurs naturally through convection,convection spreads the dissipated heat,request-66-3-4
convection spreads the dissipated heat,spread of dissipated heat results in the final effect of heat dissipation,request-66-3-5
rising global temperatures,melting polar ice caps,request-67-0-0
melting polar ice caps,sea level rise,request-67-0-1
sea level rise,increased coastal flooding,request-67-0-2
increased coastal flooding,flooding in coastal areas,request-67-0-3
increased greenhouse gas emissions,global warming,request-67-1-0
global warming,higher atmospheric temperatures,request-67-1-1
higher atmospheric temperatures,intensified weather patterns,request-67-1-2
intensified weather patterns,heavy rainfall events,request-67-1-3
heavy rainfall events,ground saturation,request-67-1-4
ground saturation,increased runoff,request-67-1-5
increased runoff,flooding in river basins,request-67-1-6
deforestation,reduction in carbon sequestration,request-67-2-0
reduction in carbon sequestration,higher atmospheric co2 levels,request-67-2-1
higher atmospheric co2 levels,global warming,request-67-2-2
global warming,rising global temperatures,request-67-2-3
rising global temperatures,melting polar ice caps,request-67-2-4
melting polar ice caps,sea level rise,request-67-2-5
sea level rise,increased coastal flooding,request-67-2-6
increased coastal flooding,flooding in coastal areas,request-67-2-7
urbanization,increased impervious surfaces,request-67-3-0
increased impervious surfaces,reduced natural water absorption,request-67-3-1
reduced natural water absorption,increased runoff,request-67-3-2
increased runoff,flooding in urban areas,request-67-3-3
flooding in urban areas,flooding in surrounding areas,request-67-3-4
overexploitation of water resources,depletion of freshwater supplies,request-67-4-0
depletion of freshwater supplies,increased water stress,request-67-4-1
increased water stress,increased frequency of droughts,request-67-4-2
increased frequency of droughts,reduced soil moisture,request-67-4-3
reduced soil moisture,increased runoff during rain events,request-67-4-4
increased runoff during rain events,flooding in droughtprone areas,request-67-4-5
extreme weather events,heavy rainfall,request-67-5-0
heavy rainfall,increased runoff,request-67-5-1
increased runoff,flooding in affected regions,request-67-5-2
climate change,altered precipitation patterns,request-67-6-0
altered precipitation patterns,increased rainfall intensity,request-67-6-1
increased rainfall intensity,increased runoff,request-67-6-2
increased runoff,flooding in affected regions,request-67-6-3
natural cycles,climatic patterns,request-68-0-0
climatic patterns,glacial melting,request-68-0-1
glacial melting,sea level rise,request-68-0-2
sea level rise,coastal erosion,request-68-0-3
coastal erosion,habitat loss,request-68-0-4
habitat loss,species migration,request-68-0-5
species migration,ecosystem imbalance,request-68-0-6
ecosystem imbalance,global warming,request-68-0-7
natural cycles,seasonal changes,request-68-1-0
seasonal changes,temperature fluctuations,request-68-1-1
temperature fluctuations,plant growth cycles,request-68-1-2
plant growth cycles,animal hibernation patterns,request-68-1-3
animal hibernation patterns,precipitation levels,request-68-1-4
precipitation levels,increased carbon dioxide,request-68-1-5
increased carbon dioxide,greenhouse effect,request-68-1-6
greenhouse effect,global warming,request-68-1-7
natural cycles,solar radiation,request-68-2-0
solar radiation,increased solar activity,request-68-2-1
increased solar activity,higher global temperatures,request-68-2-2
higher global temperatures,melting polar ice caps,request-68-2-3
melting polar ice caps,sea level rise,request-68-2-4
sea level rise,storm intensity,request-68-2-5
storm intensity,habitat destruction,request-68-2-6
habitat destruction,human displacement,request-68-2-7
human displacement,global warming,request-68-2-8
natural cycles,volcanic eruptions,request-68-3-0
volcanic eruptions,release of volcanic gases,request-68-3-1
release of volcanic gases,atmospheric cooling,request-68-3-2
atmospheric cooling,reduced solar radiation,request-68-3-3
reduced solar radiation,lower global temperatures,request-68-3-4
lower global temperatures,glacial expansion,request-68-3-5
glacial expansion,decreased sea level,request-68-3-6
decreased sea level,disruption of marine ecosystems,request-68-3-7
disruption of marine ecosystems,climate instability,request-68-3-8
climate instability,global warming,request-68-3-9
co2 emissions increase,atmospheric concentration of co2 rises,request-69-0-0
atmospheric concentration of co2 rises,greenhouse effect intensifies,request-69-0-1
greenhouse effect intensifies,global temperatures rise,request-69-0-2
global temperatures rise,warming occurs,request-69-0-3
co2 emissions rise,deforestation accelerates,request-69-1-0
deforestation accelerates,carbon storage capacity decreases,request-69-1-1
carbon storage capacity decreases,co2 emissions increase further,request-69-1-2
co2 emissions increase further,atmospheric concentration of co2 rises,request-69-1-3
atmospheric concentration of co2 rises,greenhouse effect intensifies,request-69-1-4
greenhouse effect intensifies,global temperatures rise,request-69-1-5
global temperatures rise,warming occurs,request-69-1-6
co2 emissions increase,industrial activities expand,request-69-2-0
industrial activities expand,energy consumption rises,request-69-2-1
energy consumption rises,co2 emissions rise further,request-69-2-2
co2 emissions rise further,atmospheric concentration of co2 rises,request-69-2-3
atmospheric concentration of co2 rises,greenhouse effect intensifies,request-69-2-4
greenhouse effect intensifies,global temperatures rise,request-69-2-5
global temperatures rise,warming occurs,request-69-2-6
co2 emissions increase,fossil fuels burned,request-69-3-0
fossil fuels burned,energy production rises,request-69-3-1
energy production rises,co2 emissions rise further,request-69-3-2
co2 emissions rise further,atmospheric concentration of co2 rises,request-69-3-3
atmospheric concentration of co2 rises,greenhouse effect intensifies,request-69-3-4
greenhouse effect intensifies,global temperatures rise,request-69-3-5
global temperatures rise,warming occurs,request-69-3-6
co2 emissions increase,transportation sector grows,request-69-4-0
transportation sector grows,vehicle usage rises,request-69-4-1
vehicle usage rises,co2 emissions rise further,request-69-4-2
co2 emissions rise further,atmospheric concentration of co2 rises,request-69-4-3
atmospheric concentration of co2 rises,greenhouse effect intensifies,request-69-4-4
greenhouse effect intensifies,global temperatures rise,request-69-4-5
global temperatures rise,warming occurs,request-69-4-6
natural cycles,temperature regulation,request-70-0-0
temperature regulation,glacial melting,request-70-0-1
glacial melting,sea level rise,request-70-0-2
sea level rise,coastal erosion,request-70-0-3
coastal erosion,climate change,request-70-0-4
natural cycles,precipitation patterns,request-70-1-0
precipitation patterns,extreme weather events,request-70-1-1
extreme weather events,agricultural impact,request-70-1-2
agricultural impact,food scarcity,request-70-1-3
food scarcity,climate change,request-70-1-4
natural cycles,carbon sequestration,request-70-2-0
carbon sequestration,deforestation,request-70-2-1
deforestation,increased co2 levels,request-70-2-2
increased co2 levels,global warming,request-70-2-3
global warming,climate change,request-70-2-4
natural cycles,albedo effect,request-70-3-0
albedo effect,ice melt,request-70-3-1
ice melt,greenhouse gas release,request-70-3-2
greenhouse gas release,global warming,request-70-3-3
global warming,climate change,request-70-3-4
natural cycles,ocean currents,request-70-4-0
ocean currents,temperature distribution,request-70-4-1
temperature distribution,weather pattern shifts,request-70-4-2
weather pattern shifts,extreme weather events,request-70-4-3
extreme weather events,climate change,request-70-4-4
excess of co2 in the atmosphere,enhanced photosynthesis in plants,request-71-0-0
enhanced photosynthesis in plants,increased carbon absorption by plants,request-71-0-1
increased carbon absorption by plants,higher rates of plant growth,request-71-0-2
higher rates of plant growth,increase in biomass,request-71-0-3
excess of co2 in the atmosphere,altered plant physiology,request-71-1-0
altered plant physiology,changes in plant nutrient uptake,request-71-1-1
changes in plant nutrient uptake,variations in plant growth patterns,request-71-1-2
variations in plant growth patterns,increase in biomass,request-71-1-3
excess of co2 in the atmosphere,changes in soil composition,request-71-2-0
changes in soil composition,impact on soil microorganisms,request-71-2-1
impact on soil microorganisms,enhanced nutrient availability for plants,request-71-2-2
enhanced nutrient availability for plants,increase in biomass,request-71-2-3
excess of co2 in the atmosphere,changes in plant water usage,request-71-3-0
changes in plant water usage,altered plant water stress levels,request-71-3-1
altered plant water stress levels,variations in plant growth rates,request-71-3-2
variations in plant growth rates,increase in biomass,request-71-3-3
excess of co2 in the atmosphere,changes in plant flowering and reproduction,request-71-4-0
changes in plant flowering and reproduction,variations in plant reproductive success,request-71-4-1
variations in plant reproductive success,impact on plant population dynamics,request-71-4-2
impact on plant population dynamics,increase in biomass,request-71-4-3
rising global temperatures,melting of arctic sea ice,request-72-0-0
melting of arctic sea ice,increased freshwater influx into the southern ocean,request-72-0-1
increased freshwater influx into the southern ocean,altered wind patterns in the southern hemisphere,request-72-0-2
altered wind patterns in the southern hemisphere,enhanced westerly winds,request-72-0-3
enhanced westerly winds,increased precipitation in antarctica,request-72-0-4
increased precipitation in antarctica,thawing of antarctic ice shelves,request-72-0-5
thawing of antarctic ice shelves,reduction in sea ice extent,request-72-0-6
reduction in sea ice extent,increased sunlight absorption by land and ice,request-72-0-7
increased sunlight absorption by land and ice,enhanced photosynthesis in exposed areas,request-72-0-8
enhanced photosynthesis in exposed areas,greening of antarctica,request-72-0-9
industrialization,burning of fossil fuels,request-73-0-0
burning of fossil fuels,increase in co2 emissions,request-73-0-1
increase in co2 emissions,greenhouse effect,request-73-0-2
greenhouse effect,global warming,request-73-0-3
global warming,climate change,request-73-0-4
climate change,altered weather patterns,request-73-0-5
altered weather patterns,shifts in ecosystems,request-73-0-6
shifts in ecosystems,migration of species,request-73-0-7
migration of species,changes in agricultural productivity,request-73-0-8
changes in agricultural productivity,adaptation and resilience of some ecosystems,request-73-0-9
adaptation and resilience of some ecosystems,greening of the planet,request-73-0-10
deforestation,removal of trees,request-73-1-0
removal of trees,reduction in co2 absorption,request-73-1-1
reduction in co2 absorption,increase in atmospheric co2,request-73-1-2
increase in atmospheric co2,greenhouse effect,request-73-1-3
greenhouse effect,global warming,request-73-1-4
global warming,climate change,request-73-1-5
climate change,altered weather patterns,request-73-1-6
altered weather patterns,shifts in ecosystems,request-73-1-7
shifts in ecosystems,migration of species,request-73-1-8
migration of species,changes in agricultural productivity,request-73-1-9
changes in agricultural productivity,adaptation and resilience of some ecosystems,request-73-1-10
adaptation and resilience of some ecosystems,greening of the planet,request-73-1-11
afforestation,planting of trees,request-73-2-0
planting of trees,increase in co2 absorption,request-73-2-1
increase in co2 absorption,reduction in atmospheric co2,request-73-2-2
reduction in atmospheric co2,greenhouse effect,request-73-2-3
greenhouse effect,global warming,request-73-2-4
global warming,climate change,request-73-2-5
climate change,altered weather patterns,request-73-2-6
altered weather patterns,shifts in ecosystems,request-73-2-7
shifts in ecosystems,migration of species,request-73-2-8
migration of species,changes in agricultural productivity,request-73-2-9
changes in agricultural productivity,adaptation and resilience of some ecosystems,request-73-2-10
adaptation and resilience of some ecosystems,greening of the planet,request-73-2-11
renewable energy adoption,reduction in fossil fuel use,request-73-3-0
reduction in fossil fuel use,decrease in co2 emissions,request-73-3-1
decrease in co2 emissions,greenhouse effect,request-73-3-2
greenhouse effect,global warming,request-73-3-3
global warming,climate change,request-73-3-4
climate change,altered weather patterns,request-73-3-5
altered weather patterns,shifts in ecosystems,request-73-3-6
shifts in ecosystems,migration of species,request-73-3-7
migration of species,changes in agricultural productivity,request-73-3-8
changes in agricultural productivity,adaptation and resilience of some ecosystems,request-73-3-9
adaptation and resilience of some ecosystems,greening of the planet,request-73-3-10
carbon capture and storage,sequestration of co2,request-73-4-0
sequestration of co2,reduction in atmospheric co2,request-73-4-1
reduction in atmospheric co2,greenhouse effect,request-73-4-2
greenhouse effect,global warming,request-73-4-3
global warming,climate change,request-73-4-4
climate change,altered weather patterns,request-73-4-5
altered weather patterns,shifts in ecosystems,request-73-4-6
shifts in ecosystems,migration of species,request-73-4-7
migration of species,changes in agricultural productivity,request-73-4-8
changes in agricultural productivity,adaptation and resilience of some ecosystems,request-73-4-9
adaptation and resilience of some ecosystems,greening of the planet,request-73-4-10
reforestation,replanting of trees,request-73-5-0
replanting of trees,increase in co2 absorption,request-73-5-1
increase in co2 absorption,reduction in atmospheric co2,request-73-5-2
reduction in atmospheric co2,greenhouse effect,request-73-5-3
greenhouse effect,global warming,request-73-5-4
global warming,climate change,request-73-5-5
climate change,altered weather patterns,request-73-5-6
altered weather patterns,shifts in ecosystems,request-73-5-7
shifts in ecosystems,migration of species,request-73-5-8
migration of species,changes in agricultural productivity,request-73-5-9
changes in agricultural productivity,adaptation and resilience of some ecosystems,request-73-5-10
adaptation and resilience of some ecosystems,greening of the planet,request-73-5-11
temperature changes in the ocean,ocean currents are altered,request-74-0-0
ocean currents are altered,marine life migration patterns are disrupted,request-74-0-1
marine life migration patterns are disrupted,carbon sequestration by marine organisms is affected,request-74-0-2
carbon sequestration by marine organisms is affected,atmospheric co2 levels rise,request-74-0-3
atmospheric co2 levels rise,increase in co2,request-74-0-4
solar changes,solar radiation,request-75-0-0
solar radiation,increase in solar radiation,request-75-0-1
increase in solar radiation,higher solar energy reaching earth,request-75-0-2
higher solar energy reaching earth,warming of the earth's atmosphere,request-75-0-3
warming of the earth's atmosphere,warming of the ocean surface,request-75-0-4
warming of the ocean surface,temperature changes in the ocean,request-75-0-5
solar changes,solar flares,request-75-1-0
solar flares,solar flares increase,request-75-1-1
solar flares increase,solar flares affect earth's magnetic field,request-75-1-2
solar flares affect earth's magnetic field,disturbance in earth's magnetic field,request-75-1-3
disturbance in earth's magnetic field,impact on earth's weather systems,request-75-1-4
impact on earth's weather systems,changes in atmospheric circulation patterns,request-75-1-5
changes in atmospheric circulation patterns,temperature changes in the ocean,request-75-1-6
solar changes,solar wind,request-75-2-0
solar wind,solar wind increases,request-75-2-1
solar wind increases,solar wind interacts with earth's magnetosphere,request-75-2-2
solar wind interacts with earth's magnetosphere,disturbances in earth's magnetosphere,request-75-2-3
disturbances in earth's magnetosphere,changes in earth's climate systems,request-75-2-4
changes in earth's climate systems,temperature changes in the ocean,request-75-2-5
solar changes,solar cycles,request-75-3-0
solar cycles,solar cycles affect earth's climate,request-75-3-1
solar cycles affect earth's climate,changes in earth's climate,request-75-3-2
changes in earth's climate,changes in ocean currents,request-75-3-3
changes in ocean currents,temperature changes in the ocean,request-75-3-4
solar changes,solar irradiance,request-75-4-0
solar irradiance,solar irradiance increases,request-75-4-1
solar irradiance increases,increased solar irradiance,request-75-4-2
increased solar irradiance,more solar energy absorbed by the earth's surface,request-75-4-3
more solar energy absorbed by the earth's surface,increased temperature of the earth's surface,request-75-4-4
increased temperature of the earth's surface,warming of the ocean surface,request-75-4-5
warming of the ocean surface,temperature changes in the ocean,request-75-4-6
investing in uranium mining stocks,increased uranium production,request-76-0-0
increased uranium production,expansion of uranium mining operations,request-76-0-1
expansion of uranium mining operations,increased uranium ore extraction,request-76-0-2
increased uranium ore extraction,development of uraniumbased energy solutions,request-76-0-3
development of uraniumbased energy solutions,shift towards uraniumbased energy,request-76-0-4
shift towards uraniumbased energy,reduction in fossil fuel usage,request-76-0-5
reduction in fossil fuel usage,decrease in greenhouse gas emissions,request-76-0-6
decrease in greenhouse gas emissions,improvement in air quality,request-76-0-7
improvement in air quality,reduction in air pollution,request-76-0-8
investing in uranium mining stocks,increased uranium mining activities,request-77-0-0
increased uranium mining activities,uranium mining,request-77-0-1
uranium mining,greenhouse gas emissions contribute to global warming,request-77-0-2
greenhouse gas emissions contribute to global warming,global warming accelerates climate change,request-77-0-3
global warming accelerates climate change,climate change results in extreme weather events,request-77-0-4
climate change results in extreme weather events,climate change affects ecosystems and biodiversity,request-77-0-5
climate change affects ecosystems and biodiversity,climate change impacts human health and agriculture,request-77-0-6
climate change impacts human health and agriculture,climate change,request-77-0-7
climate change,climate change exacerbates social inequalities,request-77-0-8
climate change exacerbates social inequalities,climate change ultimately results in longterm global warming,request-77-0-9
climate change ultimately results in longterm global warming,climate change,request-77-0-10
climate change,climate change causes more frequent and severe natural disasters,request-77-0-11
climate change causes more frequent and severe natural disasters,climate change disrupts food and water supplies,request-77-0-12
climate change disrupts food and water supplies,climate change,request-77-0-13
climate change,climate change increases the frequency of heatwaves,request-77-0-14
climate change increases the frequency of heatwaves,climate change,request-77-0-15
climate change,climate change contributes to ocean acidification,request-77-0-16
climate change contributes to ocean acidification,climate change impacts marine life and fisheries,request-77-0-17
climate change impacts marine life and fisheries,climate change,request-77-0-18
climate change,climate change results in droughts and water scarcity,request-77-0-19
climate change results in droughts and water scarcity,climate change affects agricultural productivity,request-77-0-20
climate change affects agricultural productivity,climate change,request-77-0-21
climate change,climate change disrupts natural habitats,request-77-0-22
climate change disrupts natural habitats,climate change,request-77-0-23
climate change,climate change impacts polar ice melt,request-77-0-24
climate change impacts polar ice melt,climate change contributes to sea level rise,request-77-0-25
climate change contributes to sea level rise,climate change causes more frequent and severe weather events,request-77-0-26
climate change causes more frequent and severe weather events,climate change,request-77-0-27
climate change,climate change increases the frequency of heatwaves,request-77-0-28
climate change increases the frequency of heatwaves,climate change,request-77-0-29
climate change,climate change contributes to ocean acidification,request-77-0-30
climate change contributes to ocean acidification,climate change impacts marine life and fisheries,request-77-0-31
climate change impacts marine life and fisheries,climate change,request-77-0-32
climate change,climate change results in droughts and water scarcity,request-77-0-33
climate change results in droughts and water scarcity,climate change affects agricultural productivity,request-77-0-34
climate change affects agricultural productivity,climate change,request-77-0-35
climate change,climate change disrupts natural habitats,request-77-0-36
climate change disrupts natural habitats,climate change,request-77-0-37
climate change,climate change impacts polar ice melt,request-77-0-38
climate change impacts polar ice melt,climate change contributes to sea level rise,request-77-0-39
climate change contributes to sea level rise,climate change causes more frequent and severe weather events,request-77-0-40
climate change causes more frequent and severe weather events,climate change,request-77-0-41
climate change,climate change increases the frequency of heatwaves,request-77-0-42
climate change increases the frequency of heatwaves,climate change,request-77-0-43
climate change,climate change contributes to ocean acidification,request-77-0-44
climate change contributes to ocean acidification,climate change impacts marine life and fisheries,request-77-0-45
climate change impacts marine life and fisheries,climate change,request-77-0-46
climate change,climate change results in droughts and water scarcity,request-77-0-47
climate change results in droughts and water scarcity,climate change affects agricultural productivity,request-77-0-48
climate change affects agricultural productivity,climate change,request-77-0-49
climate change,climate change disrupts natural habitats,request-77-0-50
climate change disrupts natural habitats,climate change,request-77-0-51
climate change,climate change impacts polar ice melt,request-77-0-52
climate change impacts polar ice melt,climate change contributes to sea level rise,request-77-0-53
climate change contributes to sea level rise,climate change causes more frequent and severe weather events,request-77-0-54
climate change causes more frequent and severe weather events,climate change,request-77-0-55
climate change,climate change increases the frequency of heatwaves,request-77-0-56
climate change increases the frequency of heatwaves,climate change,request-77-0-57
climate change,climate change contributes to ocean acidification,request-77-0-58
climate change contributes to ocean acidification,climate change impacts marine life and fisheries,request-77-0-59
climate change impacts marine life and fisheries,climate change,request-77-0-60
climate change,climate change results in droughts and water scarcity,request-77-0-61
climate change results in droughts and water scarcity,climate change affects agricultural productivity,request-77-0-62
climate change affects agricultural productivity,climate change,request-77-0-63
climate change,climate change disrupts natural habitats,request-77-0-64
climate change disrupts natural habitats,climate change,request-77-0-65
climate change,climate change impacts polar ice melt,request-77-0-66
climate change impacts polar ice melt,climate change contributes to sea level rise,request-77-0-67
climate change contributes to sea level rise,climate change causes more frequent and severe weather events,request-77-0-68
climate change causes more frequent and severe weather events,climate change,request-77-0-69
climate change,climate change increases the frequency of heatwaves,request-77-0-70
climate change increases the frequency of heatwaves,climate change,request-77-0-71
climate change,climate change contributes to ocean acidification,request-77-0-72
climate change contributes to ocean acidification,climate change impacts marine life and fisheries,request-77-0-73
climate change impacts marine life and fisheries,climate change,request-77-0-74
climate change,climate change results in droughts and water scarcity,request-77-0-75
climate change results in droughts and water scarcity,climate change affects agricultural productivity,request-77-0-76
climate change affects agricultural productivity,climate change,request-77-0-77
climate change,climate change disrupts natural habitats,request-77-0-78
climate change disrupts natural habitats,climate change,request-77-0-79
climate change,climate change impacts polar ice melt,request-77-0-80
climate change impacts polar ice melt,climate change contributes to sea level rise,request-77-0-81
climate change contributes to sea level rise,climate change causes more frequent and severe weather events,request-77-0-82
climate change causes more frequent and severe weather events,climate change,request-77-0-83
climate change,climate change increases the frequency of heatwaves,request-77-0-84
climate change increases the frequency of heatwaves,climate change,request-77-0-85
climate change,climate change contributes to ocean acidification,request-77-0-86
climate change contributes to ocean acidification,climate change impacts marine life and fisheries,request-77-0-87
climate change impacts marine life and fisheries,climate change,request-77-0-88
climate change,climate change results in droughts and water scarcity,request-77-0-89
climate change results in droughts and water scarcity,climate change affects agricultural productivity,request-77-0-90
climate change affects agricultural productivity,climate change,request-77-0-91
climate change,climate change disrupts natural habitats,request-77-0-92
climate change disrupts natural habitats,climate change,request-77-0-93
climate change,climate change impacts polar ice melt,request-77-0-94
climate change impacts polar ice melt,climate change contributes to sea level rise,request-77-0-95
climate change contributes to sea level rise,climate change causes more frequent and severe weather events,request-77-0-96
climate change causes more frequent and severe weather events,climate change,request-77-0-97
climate change,climate change increases the frequency of heatwaves,request-77-0-98
climate change increases the frequency of heatwaves,climate change,request-77-0-99
climate change,climate change contributes to ocean acidification,request-77-0-100
climate change contributes to ocean acidification,climate change impacts marine life and fisheries,request-77-0-101
climate change impacts marine life and fisheries,climate change,request-77-0-102
climate change,climate change results in droughts and water scarcity,request-77-0-103
climate change results in droughts and water scarcity,climate change affects agricultural productivity,request-77-0-104
climate change affects agricultural productivity,climate change,request-77-0-105
climate change,climate change disrupts natural habitats,request-77-0-106
climate change disrupts natural habitats,climate change,request-77-0-107
climate change,climate change impacts polar ice melt,request-77-0-108
climate change impacts polar ice melt,climate change contributes to sea level rise,request-77-0-109
climate change contributes to sea level rise,climate change causes more frequent and severe weather events,request-77-0-110
climate change causes more frequent and severe weather events,climate change,request-77-0-111
climate change,climate change increases the frequency of heatwaves,request-77-0-112
climate change increases the frequency of heatwaves,climate change,request-77-0-113
climate change,climate change contributes to ocean acidification,request-77-0-114
climate change contributes to ocean acidification,climate change impacts marine life and fisheries,request-77-0-115
climate change impacts marine life and fisheries,climate change,request-77-0-116
climate change,climate change results in droughts and water scarcity,request-77-0-117
climate change results in droughts and water scarcity,climate change affects agricultural productivity,request-77-0-118
climate change affects agricultural productivity,climate change,request-77-0-119
climate change,climate change disrupts natural habitats,request-77-0-120
climate change disrupts natural habitats,climate change,request-77-0-121
climate change,climate change impacts polar ice melt,request-77-0-122
climate change impacts polar ice melt,climate change contributes to sea level rise,request-77-0-123
climate change contributes to sea level rise,climate change causes more frequent and severe weather events,request-77-0-124
climate change causes more frequent and severe weather events,climate change,request-77-0-125
climate change,climate change increases the frequency of heatwaves,request-77-0-126
climate change increases the frequency of heatwaves,climate change,request-77-0-127
climate change,climate change contributes to ocean acidification,request-77-0-128
climate change contributes to ocean acidification,climate change impacts marine life and fisheries,request-77-0-129
climate change impacts marine life and fisheries,climate change,request-77-0-130
climate change,climate change results in droughts and water scarcity,request-77-0-131
climate change results in droughts and water scarcity,climate change affects agricultural productivity,request-77-0-132
climate change affects agricultural productivity,climate change,request-77-0-133
climate change,climate change disrupts natural habitats,request-77-0-134
climate change disrupts natural habitats,climate change,request-77-0-135
climate change,climate change impacts polar ice melt,request-77-0-136
climate change impacts polar ice melt,climate change contributes to sea level rise,request-77-0-137
climate change contributes to sea level rise,climate change causes more frequent and severe weather events,request-77-0-138
climate change causes more frequent and severe weather events,climate change,request-77-0-139
climate change,climate change increases the frequency of heatwaves,request-77-0-140
climate change increases the frequency of heatwaves,climate change,request-77-0-141
climate change,climate change contributes to ocean acidification,request-77-0-142
climate change contributes to ocean acidification,climate change impacts marine life and fisheries,request-77-0-143
climate change impacts marine life and fisheries,climate change,request-77-0-144
climate change,climate change results in droughts and water scarcity,request-77-0-145
climate change results in droughts and water scarcity,climate change affects agricultural productivity,request-77-0-146
climate change affects agricultural productivity,climate change,request-77-0-147
climate change,climate change disrupts natural habitats,request-77-0-148
climate change disrupts natural habitats,climate change,request-77-0-149
climate change,climate change impacts polar ice melt,request-77-0-150
climate change impacts polar ice melt,climate change contributes to sea level rise,request-77-0-151
climate change contributes to sea level rise,climate change causes more frequent and severe weather events,request-77-0-152
climate change causes more frequent and severe weather events,climate change,request-77-0-153
climate change,climate change increases the frequency of heatwaves,request-77-0-154
climate change increases the frequency of heatwaves,climate change,request-77-0-155
climate change,climate change contributes to ocean acidification,request-77-0-156
climate change contributes to ocean acidification,climate change impacts marine life and fisheries,request-77-0-157
climate change impacts marine life and fisheries,climate change,request-77-0-158
climate change,climate change results in droughts and water scarcity,request-77-0-159
climate change results in droughts and water scarcity,climate change affects agricultural productivity,request-77-0-160
climate change affects agricultural productivity,climate change,request-77-0-161
climate change,climate change disrupts natural habitats,request-77-0-162
climate change disrupts natural habitats,climate change,request-77-0-163
climate change,climate change impacts polar ice melt,request-77-0-164
climate change impacts polar ice melt,climate change contributes to sea level rise,request-77-0-165
climate change contributes to sea level rise,climate change causes more frequent and severe weather events,request-77-0-166
climate change causes more frequent and severe weather events,climate change,request-77-0-167
climate change,climate change increases the frequency of heatwaves,request-77-0-168
climate change increases the frequency of heatwaves,climate change,request-77-0-169
climate change,climate change contributes to ocean acidification,request-77-0-170
climate change contributes to ocean acidification,climate change impacts marine life and fisheries,request-77-0-171
climate change impacts marine life and fisheries,climate change,request-77-0-172
climate change,climate change results in droughts and water scarcity,request-77-0-173
climate change results in droughts and water scarcity,climate change affects agricultural productivity,request-77-0-174
climate change affects agricultural productivity,climate change,request-77-0-175
climate change,climate change disrupts natural habitats,request-77-0-176
climate change disrupts natural habitats,climate change,request-77-0-177
climate change,climate change impacts polar ice melt,request-77-0-178
climate change impacts polar ice melt,climate change contributes to sea level rise,request-77-0-179
climate change contributes to sea level rise,climate change causes more frequent and severe weather events,request-77-0-180
climate change causes more frequent and severe weather events,climate change,request-77-0-181
climate change,climate change increases the frequency of heatwaves,request-77-0-182
climate change increases the frequency of heatwaves,climate change,request-77-0-183
climate change,climate change contributes to ocean acidification,request-77-0-184
climate change contributes to ocean acidification,climate change impacts marine life and fisheries,request-77-0-185
climate change impacts marine life and fisheries,climate change,request-77-0-186
climate change,climate change results in droughts and water scarcity,request-77-0-187
climate change results in droughts and water scarcity,climate change affects agricultural productivity,request-77-0-188
climate change affects agricultural productivity,climate change,request-77-0-189
climate change,climate change disrupts natural habitats,request-77-0-190
climate change disrupts natural habitats,climate change,request-77-0-191
climate change,climate change impacts polar ice melt,request-77-0-192
climate change impacts polar ice melt,climate change contributes to sea level rise,request-77-0-193
climate change contributes to sea level rise,climate change causes more frequent and severe weather events,request-77-0-194
climate change causes more frequent and severe weather events,climate change,request-77-0-195
climate change,climate change increases the frequency of heatwaves,request-77-0-196
climate change increases the frequency of heatwaves,climate change,request-77-0-197
climate change,climate change contributes to ocean acidification,request-77-0-198
climate change contributes to ocean acidification,climate change impacts marine life and fisheries,request-77-0-199
climate change impacts marine life and fisheries,climate change,request-77-0-200
climate change,climate change results in droughts and water scarcity,request-77-0-201
climate change results in droughts and water scarcity,climate change affects agricultural productivity,request-77-0-202
climate change affects agricultural productivity,climate change,request-77-0-203
climate change,climate change disrupts natural habitats,request-77-0-204
climate change disrupts natural habitats,climate change,request-77-0-205
climate change,climate change impacts polar ice melt,request-77-0-206
climate change impacts polar ice melt,climate change contributes to sea level rise,request-77-0-207
climate change contributes to sea level rise,climate change causes more frequent and severe weather events,request-77-0-208
climate change causes more frequent and severe weather events,climate change,request-77-0-209
climate change,climate change increases the frequency of heatwaves,request-77-0-210
climate change increases the frequency of heatwaves,climate change,request-77-0-211
climate change,climate change contributes to ocean acidification,request-77-0-212
climate change contributes to ocean acidification,climate change impacts marine life and fisheries,request-77-0-213
climate change impacts marine life and fisheries,climate change,request-77-0-214
climate change,climate change results in droughts and water scarcity,request-77-0-215
climate change results in droughts and water scarcity,climate change affects agricultural productivity,request-77-0-216
climate change affects agricultural productivity,climate change,request-77-0-217
climate change,climate change disrupts natural habitats,request-77-0-218
climate change disrupts natural habitats,climate change,request-77-0-219
climate change,climate change impacts polar ice melt,request-77-0-220
climate change impacts polar ice melt,climate change contributes to sea level rise,request-77-0-221
climate change contributes to sea level rise,climate change causes more frequent and severe weather events,request-77-0-222
climate change causes more frequent and severe weather events,climate change,request-77-0-223
climate change,climate change increases the frequency of heatwaves,request-77-0-224
climate change increases the frequency of heatwaves,climate change,request-77-0-225
climate change,climate change contributes to ocean acidification,request-77-0-226
climate change contributes to ocean acidification,climate change impacts marine life and fisheries,request-77-0-227
climate change impacts marine life and fisheries,climate change,request-77-0-228
climate change,climate change results in droughts and water scarcity,request-77-0-229
climate change results in droughts and water scarcity,climate change affects agricultural productivity,request-77-0-230
climate change affects agricultural productivity,climate change,request-77-0-231
climate change,climate change disrupts natural habitats,request-77-0-232
climate change disrupts natural habitats,climate change,request-77-0-233
climate change,climate change impacts polar ice melt,request-77-0-234
climate change impacts polar ice melt,climate change contributes to sea level rise,request-77-0-235
climate change contributes to sea level rise,climate change causes more frequent and severe weather events,request-77-0-236
climate change causes more frequent and severe weather events,climate change,request-77-0-237
climate change,climate change increases the frequency of heatwaves,request-77-0-238
climate change increases the frequency of heatwaves,climate change,request-77-0-239
climate change,climate change contributes to ocean acidification,request-77-0-240
climate change contributes to ocean acidification,climate change impacts marine life and fisheries,request-77-0-241
climate change impacts marine life and fisheries,climate change,request-77-0-242
climate change,climate change results in droughts and water scarcity,request-77-0-243
climate change results in droughts and water scarcity,climate change affects agricultural productivity,request-77-0-244
climate change affects agricultural productivity,climate change,request-77-0-245
climate change,climate change disrupts natural habitats,request-77-0-246
climate change disrupts natural habitats,climate change,request-77-0-247
climate change,climate change impacts polar ice melt,request-77-0-248
climate change impacts polar ice melt,climate change contributes to sea level rise,request-77-0-249
climate change contributes to sea level rise,climate change causes more frequent and severe weather events,request-77-0-250
climate change causes more frequent and severe weather events,climate change,request-77-0-251
climate change,climate change increases the frequency of heatwaves,request-77-0-252
climate change increases the frequency of heatwaves,climate change,request-77-0-253
climate change,climate change contributes to ocean acidification,request-77-0-254
climate change contributes to ocean acidification,climate change impacts marine life and fisheries,request-77-0-255
climate change impacts marine life and fisheries,climate change,request-77-0-256
climate change,climate change results in droughts and water scarcity,request-77-0-257
climate change results in droughts and water scarcity,climate change affects agricultural productivity,request-77-0-258
climate change affects agricultural productivity,climate change,request-77-0-259
climate change,climate change disrupts natural habitats,request-77-0-260
climate change disrupts natural habitats,climate change,request-77-0-261
climate change,climate change impacts polar ice melt,request-77-0-262
climate change impacts polar ice melt,climate change contributes to sea level rise,request-77-0-263
climate change contributes to sea level rise,climate change causes more frequent and severe weather events,request-77-0-264
climate change causes more frequent and severe weather events,climate change,request-77-0-265
climate change,climate change increases the frequency of heatwaves,request-77-0-266
climate change increases the frequency of heatwaves,climate change,request-77-0-267
climate change,climate change contributes to ocean acidification,request-77-0-268
climate change contributes to ocean acidification,climate change impacts marine life and fisheries,request-77-0-269
climate change impacts marine life and fisheries,climate change,request-77-0-270
climate change,climate change results in droughts and water scarcity,request-77-0-271
climate change results in droughts and water scarcity,climate change affects agricultural productivity,request-77-0-272
climate change affects agricultural productivity,climate change,request-77-0-273
climate change,climate change disrupts natural habitats,request-77-0-274
climate change disrupts natural habitats,climate change,request-77-0-275
climate change,climate change impacts polar ice melt,request-77-0-276
climate change impacts polar ice melt,climate change contributes to sea level rise,request-77-0-277
climate change contributes to sea level rise,climate change causes more frequent and severe weather events,request-77-0-278
climate change causes more frequent and severe weather events,climate change,request-77-0-279
climate change,climate change increases the frequency of heatwaves,request-77-0-280
climate change increases the frequency of heatwaves,climate change,request-77-0-281
climate change,climate change contributes to ocean acidification,request-77-0-282
climate change contributes to ocean acidification,climate change impacts marine life and fisheries,request-77-0-283
climate change impacts marine life and fisheries,climate change,request-77-0-284
climate change,climate change results in droughts and water scarcity,request-77-0-285
climate change results in droughts and water scarcity,climate change affects agricultural productivity,request-77-0-286
climate change affects agricultural productivity,climate change,request-77-0-287
climate change,climate change disrupts natural habitats,request-77-0-288
climate change disrupts natural habitats,climate change,request-77-0-289
climate change,climate change impacts polar ice melt,request-77-0-290
climate change impacts polar ice melt,climate change contributes to sea level rise,request-77-0-291
climate change contributes to sea level rise,climate change causes more frequent and severe weather events,request-77-0-292
climate change causes more frequent and severe weather events,climate change,request-77-0-293
climate change,climate change increases the frequency of heatwaves,request-77-0-294
climate change increases the frequency of heatwaves,climate change,request-77-0-295
climate change,climate change contributes to ocean acidification,request-77-0-296
climate change contributes to ocean acidification,climate change impacts marine life and fisheries,request-77-0-297
climate change impacts marine life and fisheries,climate change,request-77-0-298
climate change,climate change results in droughts and water scarcity,request-77-0-299
climate change results in droughts and water scarcity,climate change affects agricultural productivity,request-77-0-300
climate change affects agricultural productivity,climate change,request-77-0-301
climate change,climate change disrupts natural habitats,request-77-0-302
climate change disrupts natural habitats,climate change,request-77-0-303
climate change,climate change impacts polar ice melt,request-77-0-304
climate change impacts polar ice melt,climate change contributes to sea level rise,request-77-0-305
climate change contributes to sea level rise,climate change causes more frequent and severe weather events,request-77-0-306
climate change causes more frequent and severe weather events,climate change,request-77-0-307
climate change,climate change increases the frequency of heatwaves,request-77-0-308
climate change increases the frequency of heatwaves,climate change,request-77-0-309
climate change,climate change contributes to ocean acidification,request-77-0-310
climate change contributes to ocean acidification,climate change impacts marine life and fisheries,request-77-0-311
climate change impacts marine life and fisheries,climate change,request-77-0-312
climate change,climate change results in droughts and water scarcity,request-77-0-313
climate change results in droughts and water scarcity,climate change affects agricultural productivity,request-77-0-314
climate change affects agricultural productivity,climate change,request-77-0-315
climate change,climate change disrupts natural habitats,request-77-0-316
climate change disrupts natural habitats,climate change,request-77-0-317
climate change,climate change impacts polar ice melt,request-77-0-318
climate change impacts polar ice melt,climate change contributes to sea level rise,request-77-0-319
climate change contributes to sea level rise,climate change causes more frequent and severe weather events,request-77-0-320
climate change causes more frequent and severe weather events,climate change,request-77-0-321
climate change,climate change increases the frequency of heatwaves,request-77-0-322
climate change increases the frequency of heatwaves,climate change,request-77-0-323
climate change,climate change contributes to ocean acidification,request-77-0-324
climate change contributes to ocean acidification,climate change impacts marine life and fisheries,request-77-0-325
climate change impacts marine life and fisheries,climate change,request-77-0-326
climate change,climate change results in droughts and water scarcity,request-77-0-327
climate change results in droughts and water scarcity,climate change affects agricultural productivity,request-77-0-328
climate change affects agricultural productivity,climate change,request-77-0-329
climate change,climate change disrupts natural habitats,request-77-0-330
climate change disrupts natural habitats,climate change,request-77-0-331
climate change,climate change impacts polar ice melt,request-77-0-332
climate change impacts polar ice melt,climate change contributes to sea level rise,request-77-0-333
climate change contributes to sea level rise,climate change causes more frequent and severe weather events,request-77-0-334
climate change causes more frequent and severe weather events,climate change,request-77-0-335
climate change,climate change increases the frequency of heatwaves,request-77-0-336
climate change increases the frequency of heatwaves,climate change,request-77-0-337
climate change,climate change contributes to ocean acidification,request-77-0-338
climate change contributes to ocean acidification,climate change impacts marine life and fisheries,request-77-0-339
climate change impacts marine life and fisheries,climate change,request-77-0-340
climate change,climate change results in droughts and water scarcity,request-77-0-341
climate change results in droughts and water scarcity,climate change affects agricultural productivity,request-77-0-342
climate change affects agricultural productivity,climate change,request-77-0-343
investing in uranium mining stocks,expansion of uranium mining operations,request-78-0-0
expansion of uranium mining operations,increased uranium mining activities,request-78-0-1
increased uranium mining activities,release of uranium particles into the air,request-78-0-2
release of uranium particles into the air,accumulation of uranium particles in the air,request-78-0-3
accumulation of uranium particles in the air,inhalation of uranium particles by the population,request-78-0-4
inhalation of uranium particles by the population,health issues due to uranium exposure,request-78-0-5
health issues due to uranium exposure,increased healthcare costs,request-78-0-6
increased healthcare costs,strain on public health resources,request-78-0-7
strain on public health resources,decreased productivity,request-78-0-8
decreased productivity,economic impact,request-78-0-9
economic impact,community stress and displacement,request-78-0-10
community stress and displacement,environmental degradation,request-78-0-11
environmental degradation,longterm pollution of the soil and water,request-78-0-12
longterm pollution of the soil and water,impact on local flora and fauna,request-78-0-13
impact on local flora and fauna,disruption of local ecosystems,request-78-0-14
disruption of local ecosystems,loss of biodiversity,request-78-0-15
loss of biodiversity,reduced air quality,request-78-0-16
reduced air quality,increased smog and particulate matter,request-78-0-17
increased smog and particulate matter,health issues related to poor air quality,request-78-0-18
health issues related to poor air quality,increased respiratory problems,request-78-0-19
increased respiratory problems,cardiovascular diseases,request-78-0-20
cardiovascular diseases,premature deaths,request-78-0-21
premature deaths,increased healthcare burden,request-78-0-22
increased healthcare burden,economic losses due to health issues,request-78-0-23
economic losses due to health issues,reduced quality of life,request-78-0-24
reduced quality of life,increased mortality rates,request-78-0-25
increased mortality rates,worsening of public health,request-78-0-26
worsening of public health,increased pollution levels,request-78-0-27
increased pollution levels,depletion of natural resources,request-78-0-28
depletion of natural resources,environmental damage,request-78-0-29
environmental damage,loss of natural beauty,request-78-0-30
loss of natural beauty,decreased property values,request-78-0-31
decreased property values,economic decline of the area,request-78-0-32
economic decline of the area,increased poverty levels,request-78-0-33
increased poverty levels,social unrest,request-78-0-34
social unrest,community displacement,request-78-0-35
community displacement,loss of homes and livelihoods,request-78-0-36
loss of homes and livelihoods,increased homelessness,request-78-0-37
increased homelessness,strain on social services,request-78-0-38
strain on social services,increased crime rates,request-78-0-39
increased crime rates,reduced public safety,request-78-0-40
reduced public safety,decreased quality of life,request-78-0-41
decreased quality of life,increased stress and anxiety,request-78-0-42
increased stress and anxiety,reduced mental health,request-78-0-43
reduced mental health,increased healthcare burden,request-78-0-44
increased healthcare burden,economic losses due to mental health issues,request-78-0-45
economic losses due to mental health issues,reduced productivity,request-78-0-46
reduced productivity,economic decline,request-78-0-47
economic decline,increased poverty levels,request-78-0-48
increased poverty levels,social unrest,request-78-0-49
social unrest,community displacement,request-78-0-50
community displacement,increased homelessness,request-78-0-51
increased homelessness,strain on social services,request-78-0-52
strain on social services,increased crime rates,request-78-0-53
increased crime rates,reduced public safety,request-78-0-54
reduced public safety,decreased quality of life,request-78-0-55
decreased quality of life,increased stress and anxiety,request-78-0-56
increased stress and anxiety,reduced mental health,request-78-0-57
reduced mental health,economic losses due to mental health issues,request-78-0-58
economic losses due to mental health issues,reduced productivity,request-78-0-59
reduced productivity,economic decline,request-78-0-60
economic decline,increased poverty levels,request-78-0-61
increased poverty levels,social unrest,request-78-0-62
social unrest,community displacement,request-78-0-63
community displacement,increased homelessness,request-78-0-64
increased homelessness,strain on social services,request-78-0-65
strain on social services,increased crime rates,request-78-0-66
increased crime rates,reduced public safety,request-78-0-67
reduced public safety,decreased quality of life,request-78-0-68
decreased quality of life,increased stress and anxiety,request-78-0-69
increased stress and anxiety,reduced mental health,request-78-0-70
reduced mental health,economic losses due to mental health issues,request-78-0-71
economic losses due to mental health issues,reduced productivity,request-78-0-72
reduced productivity,economic decline,request-78-0-73
economic decline,increased poverty levels,request-78-0-74
increased poverty levels,social unrest,request-78-0-75
social unrest,community displacement,request-78-0-76
community displacement,increased homelessness,request-78-0-77
increased homelessness,strain on social services,request-78-0-78
strain on social services,increased crime rates,request-78-0-79
increased crime rates,reduced public safety,request-78-0-80
reduced public safety,decreased quality of life,request-78-0-81
decreased quality of life,increased stress and anxiety,request-78-0-82
increased stress and anxiety,reduced mental health,request-78-0-83
reduced mental health,economic losses due to mental health issues,request-78-0-84
economic losses due to mental health issues,reduced productivity,request-78-0-85
reduced productivity,economic decline,request-78-0-86
economic decline,increased poverty levels,request-78-0-87
increased poverty levels,social unrest,request-78-0-88
social unrest,community displacement,request-78-0-89
community displacement,increased homelessness,request-78-0-90
increased homelessness,strain on social services,request-78-0-91
strain on social services,increased crime rates,request-78-0-92
increased crime rates,reduced public safety,request-78-0-93
reduced public safety,decreased quality of life,request-78-0-94
decreased quality of life,increased stress and anxiety,request-78-0-95
increased stress and anxiety,reduced mental health,request-78-0-96
reduced mental health,economic losses due to mental health issues,request-78-0-97
economic losses due to mental health issues,reduced productivity,request-78-0-98
reduced productivity,economic decline,request-78-0-99
economic decline,increased poverty levels,request-78-0-100
increased poverty levels,social unrest,request-78-0-101
social unrest,community displacement,request-78-0-102
community displacement,increased homelessness,request-78-0-103
increased homelessness,strain on social services,request-78-0-104
strain on social services,increased crime rates,request-78-0-105
increased crime rates,reduced public safety,request-78-0-106
reduced public safety,decreased quality of life,request-78-0-107
decreased quality of life,increased stress and anxiety,request-78-0-108
increased stress and anxiety,reduced mental health,request-78-0-109
reduced mental health,economic losses due to mental health issues,request-78-0-110
economic losses due to mental health issues,reduced productivity,request-78-0-111
reduced productivity,economic decline,request-78-0-112
economic decline,increased poverty levels,request-78-0-113
increased poverty levels,social unrest,request-78-0-114
social unrest,community displacement,request-78-0-115
community displacement,increased homelessness,request-78-0-116
increased homelessness,strain on social services,request-78-0-117
strain on social services,increased crime rates,request-78-0-118
increased crime rates,reduced public safety,request-78-0-119
reduced public safety,decreased quality of life,request-78-0-120
decreased quality of life,increased stress and anxiety,request-78-0-121
increased stress and anxiety,reduced mental health,request-78-0-122
reduced mental health,economic losses due to mental health issues,request-78-0-123
economic losses due to mental health issues,reduced productivity,request-78-0-124
reduced productivity,economic decline,request-78-0-125
economic decline,increased poverty levels,request-78-0-126
increased poverty levels,social unrest,request-78-0-127
social unrest,community displacement,request-78-0-128
community displacement,increased homelessness,request-78-0-129
increased homelessness,strain on social services,request-78-0-130
strain on social services,increased crime rates,request-78-0-131
increased crime rates,reduced public safety,request-78-0-132
reduced public safety,decreased quality of life,request-78-0-133
decreased quality of life,increased stress and anxiety,request-78-0-134
increased stress and anxiety,reduced mental health,request-78-0-135
reduced mental health,economic losses due to mental health issues,request-78-0-136
economic losses due to mental health issues,reduced productivity,request-78-0-137
reduced productivity,economic decline,request-78-0-138
economic decline,increased poverty levels,request-78-0-139
increased poverty levels,social unrest,request-78-0-140
social unrest,community displacement,request-78-0-141
community displacement,increased homelessness,request-78-0-142
increased homelessness,strain on social services,request-78-0-143
strain on social services,increased crime rates,request-78-0-144
increased crime rates,reduced public safety,request-78-0-145
reduced public safety,decreased quality of life,request-78-0-146
decreased quality of life,increased stress and anxiety,request-78-0-147
increased stress and anxiety,reduced mental health,request-78-0-148
reduced mental health,economic losses due to mental health issues,request-78-0-149
economic losses due to mental health issues,reduced productivity,request-78-0-150
reduced productivity,economic decline,request-78-0-151
economic decline,increased poverty levels,request-78-0-152
increased poverty levels,social unrest,request-78-0-153
social unrest,community displacement,request-78-0-154
community displacement,increased homelessness,request-78-0-155
increased homelessness,strain on social services,request-78-0-156
strain on social services,increased crime rates,request-78-0-157
increased crime rates,reduced public safety,request-78-0-158
reduced public safety,decreased quality of life,request-78-0-159
decreased quality of life,increased stress and anxiety,request-78-0-160
increased stress and anxiety,reduced mental health,request-78-0-161
reduced mental health,economic losses due to mental health issues,request-78-0-162
economic losses due to mental health issues,reduced productivity,request-78-0-163
reduced productivity,economic decline,request-78-0-164
economic decline,increased poverty levels,request-78-0-165
increased poverty levels,social unrest,request-78-0-166
social unrest,community displacement,request-78-0-167
community displacement,increased homelessness,request-78-0-168
increased homelessness,strain on social services,request-78-0-169
strain on social services,increased crime rates,request-78-0-170
increased crime rates,reduced public safety,request-78-0-171
reduced public safety,decreased quality of life,request-78-0-172
decreased quality of life,increased stress and anxiety,request-78-0-173
increased stress and anxiety,reduced mental health,request-78-0-174
reduced mental health,economic losses due to mental health issues,request-78-0-175
economic losses due to mental health issues,reduced productivity,request-78-0-176
reduced productivity,economic decline,request-78-0-177
economic decline,increased poverty levels,request-78-0-178
increased poverty levels,social unrest,request-78-0-179
social unrest,community displacement,request-78-0-180
community displacement,increased homelessness,request-78-0-181
increased homelessness,strain on social services,request-78-0-182
strain on social services,increased crime rates,request-78-0-183
increased crime rates,reduced public safety,request-78-0-184
reduced public safety,decreased quality of life,request-78-0-185
decreased quality of life,increased stress and anxiety,request-78-0-186
increased stress and anxiety,reduced mental health,request-78-0-187
reduced mental health,economic losses due to mental health issues,request-78-0-188
economic losses due to mental health issues,reduced productivity,request-78-0-189
reduced productivity,economic decline,request-78-0-190
economic decline,increased poverty levels,request-78-0-191
increased poverty levels,social unrest,request-78-0-192
social unrest,community displacement,request-78-0-193
community displacement,increased homelessness,request-78-0-194
increased homelessness,strain on social services,request-78-0-195
strain on social services,increased crime rates,request-78-0-196
increased crime rates,reduced public safety,request-78-0-197
reduced public safety,decreased quality of life,request-78-0-198
decreased quality of life,increased stress and anxiety,request-78-0-199
increased stress and anxiety,reduced mental health,request-78-0-200
reduced mental health,economic losses due to mental health issues,request-78-0-201
economic losses due to mental health issues,reduced productivity,request-78-0-202
reduced productivity,economic decline,request-78-0-203
economic decline,increased poverty levels,request-78-0-204
increased poverty levels,social unrest,request-78-0-205
social unrest,community displacement,request-78-0-206
community displacement,increased homelessness,request-78-0-207
increased homelessness,strain on social services,request-78-0-208
strain on social services,increased crime rates,request-78-0-209
increased crime rates,reduced public safety,request-78-0-210
reduced public safety,decreased quality of life,request-78-0-211
decreased quality of life,increased stress and anxiety,request-78-0-212
increased stress and anxiety,reduced mental health,request-78-0-213
reduced mental health,economic losses due to mental health issues,request-78-0-214
economic losses due to mental health issues,reduced productivity,request-78-0-215
reduced productivity,economic decline,request-78-0-216
economic decline,increased poverty levels,request-78-0-217
increased poverty levels,social unrest,request-78-0-218
social unrest,community displacement,request-78-0-219
community displacement,increased homelessness,request-78-0-220
increased homelessness,strain on social services,request-78-0-221
strain on social services,increased crime rates,request-78-0-222
increased crime rates,reduced public safety,request-78-0-223
reduced public safety,decreased quality of life,request-78-0-224
decreased quality of life,increased stress and anxiety,request-78-0-225
increased stress and anxiety,reduced mental health,request-78-0-226
reduced mental health,economic losses due to mental health issues,request-78-0-227
economic losses due to mental health issues,reduced productivity,request-78-0-228
reduced productivity,economic decline,request-78-0-229
economic decline,increased poverty levels,request-78-0-230
increased poverty levels,social unrest,request-78-0-231
social unrest,community displacement,request-78-0-232
community displacement,increased homelessness,request-78-0-233
increased homelessness,strain on social services,request-78-0-234
strain on social services,increased crime rates,request-78-0-235
increased crime rates,reduced public safety,request-78-0-236
reduced public safety,decreased quality of life,request-78-0-237
decreased quality of life,increased stress and anxiety,request-78-0-238
increased stress and anxiety,reduced mental health,request-78-0-239
reduced mental health,economic losses due to mental health issues,request-78-0-240
economic losses due to mental health issues,reduced productivity,request-78-0-241
reduced productivity,economic decline,request-78-0-242
economic decline,increased poverty levels,request-78-0-243
increased poverty levels,social unrest,request-78-0-244
social unrest,community displacement,request-78-0-245
community displacement,increased homelessness,request-78-0-246
increased homelessness,strain on social services,request-78-0-247
strain on social services,increased crime rates,request-78-0-248
increased crime rates,reduced public safety,request-78-0-249
reduced public safety,decreased quality of life,request-78-0-250
decreased quality of life,increased stress and anxiety,request-78-0-251
increased stress and anxiety,reduced mental health,request-78-0-252
reduced mental health,economic losses due to mental health issues,request-78-0-253
economic losses due to mental health issues,reduced productivity,request-78-0-254
reduced productivity,economic decline,request-78-0-255
economic decline,increased poverty levels,request-78-0-256
increased poverty levels,social unrest,request-78-0-257
social unrest,community displacement,request-78-0-258
community displacement,increased homelessness,request-78-0-259
increased homelessness,strain on social services,request-78-0-260
strain on social services,increased crime rates,request-78-0-261
increased crime rates,reduced public safety,request-78-0-262
reduced public safety,decreased quality of life,request-78-0-263
decreased quality of life,increased stress and anxiety,request-78-0-264
increased stress and anxiety,reduced mental health,request-78-0-265
reduced mental health,economic losses due to mental health issues,request-78-0-266
economic losses due to mental health issues,reduced productivity,request-78-0-267
reduced productivity,economic decline,request-78-0-268
economic decline,increased poverty levels,request-78-0-269
increased poverty levels,social unrest,request-78-0-270
social unrest,community displacement,request-78-0-271
community displacement,increased homelessness,request-78-0-272
increased homelessness,strain on social services,request-78-0-273
strain on social services,increased crime rates,request-78-0-274
increased crime rates,reduced public safety,request-78-0-275
reduced public safety,decreased quality of life,request-78-0-276
decreased quality of life,increased stress and anxiety,request-78-0-277
increased stress and anxiety,reduced mental health,request-78-0-278
reduced mental health,economic losses due to mental health issues,request-78-0-279
economic losses due to mental health issues,reduced productivity,request-78-0-280
reduced productivity,economic decline,request-78-0-281
economic decline,increased poverty levels,request-78-0-282
increased poverty levels,social unrest,request-78-0-283
social unrest,community displacement,request-78-0-284
community displacement,increased homelessness,request-78-0-285
increased homelessness,strain on social services,request-78-0-286
strain on social services,increased crime rates,request-78-0-287
increased crime rates,reduced public safety,request-78-0-288
reduced public safety,decreased quality of life,request-78-0-289
decreased quality of life,increased stress and anxiety,request-78-0-290
increased stress and anxiety,reduced mental health,request-78-0-291
reduced mental health,economic losses due to mental health issues,request-78-0-292
economic losses due to mental health issues,reduced productivity,request-78-0-293
reduced productivity,economic decline,request-78-0-294
economic decline,increased poverty levels,request-78-0-295
increased poverty levels,social unrest,request-78-0-296
social unrest,community displacement,request-78-0-297
community displacement,increased homelessness,request-78-0-298
increased homelessness,strain on social services,request-78-0-299
strain on social services,increased crime rates,request-78-0-300
increased crime rates,reduced public safety,request-78-0-301
reduced public safety,decreased quality of life,request-78-0-302
decreased quality of life,increased stress and anxiety,request-78-0-303
increased stress and anxiety,reduced mental health,request-78-0-304
reduced mental health,economic losses due to mental health issues,request-78-0-305
economic losses due to mental health issues,reduced productivity,request-78-0-306
reduced productivity,economic decline,request-78-0-307
economic decline,increased poverty levels,request-78-0-308
increased poverty levels,social unrest,request-78-0-309
social unrest,community displacement,request-78-0-310
community displacement,increased homelessness,request-78-0-311
increased homelessness,strain on social services,request-78-0-312
strain on social services,increased crime rates,request-78-0-313
increased crime rates,reduced public safety,request-78-0-314
reduced public safety,decreased quality of life,request-78-0-315
decreased quality of life,increased stress and anxiety,request-78-0-316
increased stress and anxiety,reduced mental health,request-78-0-317
reduced mental health,economic losses due to mental health issues,request-78-0-318
economic losses due to mental health issues,reduced productivity,request-78-0-319
reduced productivity,economic decline,request-78-0-320
economic decline,increased poverty levels,request-78-0-321
increased poverty levels,social unrest,request-78-0-322
social unrest,community displacement,request-78-0-323
community displacement,increased homelessness,request-78-0-324
increased homelessness,strain on social services,request-78-0-325
strain on social services,increased crime rates,request-78-0-326
increased crime rates,reduced public safety,request-78-0-327
reduced public safety,decreased quality of life,request-78-0-328
decreased quality of life,increased stress and anxiety,request-78-0-329
increased stress and anxiety,reduced mental health,request-78-0-330
reduced mental health,economic losses due to mental health issues,request-78-0-331
economic losses due to mental health issues,reduced productivity,request-78-0-332
reduced productivity,economic decline,request-78-0-333
economic decline,increased poverty levels,request-78-0-334
increased poverty levels,social unrest,request-78-0-335
social unrest,community displacement,request-78-0-336
community displacement,increased homelessness,request-78-0-337
increased homelessness,strain on social services,request-78-0-338
strain on social services,increased crime rates,request-78-0-339
increased crime rates,reduced public safety,request-78-0-340
reduced public safety,decreased quality of life,request-78-0-341
decreased quality of life,increased stress and anxiety,request-78-0-342
increased stress and anxiety,reduced mental health,request-78-0-343
reduced mental health,economic losses due to mental health issues,request-78-0-344
economic losses due to mental health issues,reduced productivity,request-78-0-345
reduced productivity,economic decline,request-78-0-346
economic decline,increased poverty levels,request-78-0-347
increased poverty levels,social unrest,request-78-0-348
social unrest,community displacement,request-78-0-349
community displacement,increased homelessness,request-78-0-350
increased homelessness,strain on social services,request-78-0-351
strain on social services,increased crime rates,request-78-0-352
increased crime rates,reduced public safety,request-78-0-353
reduced public safety,decreased quality of life,request-78-0-354
decreased quality of life,increased stress and anxiety,request-78-0-355
increased stress and anxiety,reduced mental health,request-78-0-356
reduced mental health,economic losses due to mental health issues,request-78-0-357
economic losses due to mental health issues,reduced productivity,request-78-0-358
reduced productivity,economic decline,request-78-0-359
economic decline,increased poverty levels,request-78-0-360
increased poverty levels,social unrest,request-78-0-361
social unrest,community displacement,request-78-0-362
community displacement,increased homelessness,request-78-0-363
increased homelessness,strain on social services,request-78-0-364
strain on social services,increased crime rates,request-78-0-365
increased crime rates,reduced public safety,request-78-0-366
reduced public safety,decreased quality of life,request-78-0-367
decreased quality of life,increased stress and anxiety,request-78-0-368
increased stress and anxiety,reduced mental health,request-78-0-369
reduced mental health,economic losses due to mental health issues,request-78-0-370
economic losses due to mental health issues,reduced productivity,request-78-0-371
reduced productivity,economic decline,request-78-0-372
economic decline,increased poverty levels,request-78-0-373
increased poverty levels,social unrest,request-78-0-374
social unrest,community displacement,request-78-0-375
community displacement,increased homelessness,request-78-0-376
increased homelessness,strain on social services,request-78-0-377
strain on social services,increased crime rates,request-78-0-378
increased crime rates,reduced public safety,request-78-0-379
reduced public safety,decreased quality of life,request-78-0-380
decreased quality of life,increased stress and anxiety,request-78-0-381
increased stress and anxiety,reduced mental health,request-78-0-382
reduced mental health,economic losses due to mental health issues,request-78-0-383
economic losses due to mental health issues,reduced productivity,request-78-0-384
reduced productivity,economic decline,request-78-0-385
economic decline,increased poverty levels,request-78-0-386
increased poverty levels,social unrest,request-78-0-387
social unrest,community displacement,request-78-0-388
community displacement,increased homelessness,request-78-0-389
increased homelessness,strain on social services,request-78-0-390
strain on social services,increased crime rates,request-78-0-391
increased crime rates,reduced public safety,request-78-0-392
reduced public safety,decreased quality of life,request-78-0-393
decreased quality of life,increased stress and anxiety,request-78-0-394
increased stress and anxiety,reduced mental health,request-78-0-395
reduced mental health,economic losses due to mental health issues,request-78-0-396
economic losses due to mental health issues,reduced productivity,request-78-0-397
reduced productivity,economic decline,request-78-0-398
economic decline,increased poverty levels,request-78-0-399
increased poverty levels,social unrest,request-78-0-400
social unrest,community displacement,request-78-0-401
community displacement,increased homelessness,request-78-0-402
increased homelessness,strain on social services,request-78-0-403
strain on social services,increased crime rates,request-78-0-404
increased crime rates,reduced public safety,request-78-0-405
reduced public safety,decreased quality of life,request-78-0-406
decreased quality of life,increased stress and anxiety,request-78-0-407
increased stress and anxiety,reduced mental health,request-78-0-408
reduced mental health,economic losses due to mental health issues,request-78-0-409
economic losses due to mental health issues,reduced productivity,request-78-0-410
reduced productivity,economic decline,request-78-0-411
economic decline,increased poverty levels,request-78-0-412
increased poverty levels,social unrest,request-78-0-413
social unrest,community displacement,request-78-0-414
community displacement,increased homelessness,request-78-0-415
increased homelessness,strain on social services,request-78-0-416
strain on social services,increased crime rates,request-78-0-417
increased crime rates,reduced public safety,request-78-0-418
reduced public safety,decreased quality of life,request-78-0-419
decreased quality of life,increased stress and anxiety,request-78-0-420
increased stress and anxiety,reduced mental health,request-78-0-421
reduced mental health,economic losses due to mental health issues,request-78-0-422
economic losses due to mental health issues,reduced productivity,request-78-0-423
reduced productivity,economic decline,request-78-0-424
economic decline,increased poverty levels,request-78-0-425
increased poverty levels,social unrest,request-78-0-426
social unrest,community displacement,request-78-0-427
community displacement,increased homelessness,request-78-0-428
increased homelessness,strain on social services,request-78-0-429
strain on social services,increased crime rates,request-78-0-430
increased crime rates,reduced public safety,request-78-0-431
reduced public safety,decreased quality of life,request-78-0-432
decreased quality of life,increased stress and anxiety,request-78-0-433
increased stress and anxiety,reduced mental health,request-78-0-434
reduced mental health,economic losses due to mental health issues,request-78-0-435
economic losses due to mental health issues,reduced productivity,request-78-0-436
reduced productivity,economic decline,request-78-0-437
economic decline,increased poverty levels,request-78-0-438
increased poverty levels,social unrest,request-78-0-439
social unrest,community displacement,request-78-0-440
community displacement,increased homelessness,request-78-0-441
increased homelessness,strain on social services,request-78-0-442
strain on social services,increased crime rates,request-78-0-443
increased crime rates,reduced public safety,request-78-0-444
reduced public safety,decreased quality of life,request-78-0-445
decreased quality of life,increased stress and anxiety,request-78-0-446
increased stress and anxiety,reduced mental health,request-78-0-447
reduced mental health,economic losses due to mental health issues,request-78-0-448
economic losses due to mental health issues,reduced productivity,request-78-0-449
reduced productivity,economic decline,request-78-0-450
economic decline,increased poverty levels,request-78-0-451
increased poverty levels,social unrest,request-78-0-452
social unrest,community displacement,request-78-0-453
community displacement,increased homelessness,request-78-0-454
increased homelessness,strain on social services,request-78-0-455
strain on social services,increased crime rates,request-78-0-456
increased crime rates,reduced public safety,request-78-0-457
reduced public safety,decreased quality of life,request-78-0-458
decreased quality of life,increased stress and anxiety,request-78-0-459
increased stress and anxiety,reduced mental health,request-78-0-460
reduced mental health,economic losses due to mental health issues,request-78-0-461
economic losses due to mental health issues,reduced productivity,request-78-0-462
reduced productivity,economic decline,request-78-0-463
economic decline,increased poverty levels,request-78-0-464
increased poverty levels,social unrest,request-78-0-465
social unrest,community displacement,request-78-0-466
community displacement,increased homelessness,request-78-0-467
increased homelessness,strain on social services,request-78-0-468
strain on social services,increased crime rates,request-78-0-469
increased crime rates,reduced public safety,request-78-0-470
reduced public safety,decreased quality of life,request-78-0-471
decreased quality of life,increased stress and anxiety,request-78-0-472
increased stress and anxiety,reduced mental health,request-78-0-473
reduced mental health,economic losses due to mental health issues,request-78-0-474
economic losses due to mental health issues,reduced productivity,request-78-0-475
reduced productivity,economic decline,request-78-0-476
economic decline,increased poverty levels,request-78-0-477
increased poverty levels,social unrest,request-78-0-478
social unrest,community displacement,request-78-0-479
community displacement,increased homelessness,request-78-0-480
increased homelessness,strain on social services,request-78-0-481
strain on social services,increased crime rates,request-78-0-482
increased crime rates,reduced public safety,request-78-0-483
reduced public safety,decreased quality of life,request-78-0-484
decreased quality of life,increased stress and anxiety,request-78-0-485
increased stress and anxiety,reduced mental health,request-78-0-486
reduced mental health,economic losses due to mental health issues,request-78-0-487
economic losses due to mental health issues,reduced productivity,request-78-0-488
reduced productivity,economic decline,request-78-0-489
economic decline,increased poverty levels,request-78-0-490
increased poverty levels,social unrest,request-78-0-491
social unrest,community displacement,request-78-0-492
community displacement,increased homelessness,request-78-0-493
increased homelessness,strain on social services,request-78-0-494
strain on social services,increased crime rates,request-78-0-495
increased crime rates,reduced public safety,request-78-0-496
reduced public safety,decreased quality of life,request-78-0-497
decreased quality of life,increased stress and anxiety,request-78-0-498
increased stress and anxiety,reduced mental health,request-78-0-499
reduced mental health,economic losses due to mental health issues,request-78-0-500
economic losses due to mental health issues,reduced productivity,request-78-0-501
reduced productivity,economic decline,request-78-0-502
economic decline,increased poverty levels,request-78-0-503
increased poverty levels,social unrest,request-78-0-504
social unrest,community displacement,request-78-0-505
community displacement,increased homelessness,request-78-0-506
increased homelessness,strain on social services,request-78-0-507
strain on social services,increased crime rates,request-78-0-508
increased crime rates,reduced public safety,request-78-0-509
reduced public safety,decreased quality of life,request-78-0-510
decreased quality of life,increased stress and anxiety,request-78-0-511
increased stress and anxiety,reduced mental health,request-78-0-512
reduced mental health,economic losses due to mental health issues,request-78-0-513
economic losses due to mental health issues,reduced productivity,request-78-0-514
reduced productivity,economic decline,request-78-0-515
safe carbonfree nuclear energy production,reduction in fossil fuel combustion,request-79-0-0
reduction in fossil fuel combustion,decrease in air pollution from burning fossil fuels,request-79-0-1
decrease in air pollution from burning fossil fuels,improvement in air quality,request-79-0-2
improvement in air quality,reduction in toxic air pollution,request-79-0-3
global warming,increased temperatures,request-80-0-0
increased temperatures,longer dry seasons,request-80-0-1
longer dry seasons,higher risk of drought,request-80-0-2
higher risk of drought,dehydration of vegetation,request-80-0-3
dehydration of vegetation,stronger vegetation,request-80-0-4
stronger vegetation,increased intensity of forest fires,request-80-0-5
increased intensity of forest fires,loss from forest fires,request-80-0-6
climate change,extreme weather events,request-80-1-0
extreme weather events,heavy rainfall,request-80-1-1
heavy rainfall,soil erosion,request-80-1-2
soil erosion,weakening of tree roots,request-80-1-3
weakening of tree roots,stronger vegetation,request-80-1-4
stronger vegetation,increased intensity of forest fires,request-80-1-5
increased intensity of forest fires,loss from forest fires,request-80-1-6
climate change,changes in precipitation patterns,request-80-2-0
changes in precipitation patterns,water scarcity,request-80-2-1
water scarcity,dehydration of vegetation,request-80-2-2
dehydration of vegetation,stronger vegetation,request-80-2-3
stronger vegetation,increased intensity of forest fires,request-80-2-4
increased intensity of forest fires,loss from forest fires,request-80-2-5
climate change,higher temperatures,request-80-3-0
higher temperatures,wildlife migration,request-80-3-1
wildlife migration,increased density of flammable materials,request-80-3-2
increased density of flammable materials,stronger vegetation,request-80-3-3
stronger vegetation,increased intensity of forest fires,request-80-3-4
increased intensity of forest fires,loss from forest fires,request-80-3-5
climate change,ocean acidification,request-80-4-0
ocean acidification,coral bleaching,request-80-4-1
coral bleaching,loss of marine biodiversity,request-80-4-2
loss of marine biodiversity,changes in weather patterns,request-80-4-3
changes in weather patterns,longer dry seasons,request-80-4-4
longer dry seasons,higher risk of drought,request-80-4-5
higher risk of drought,dehydration of vegetation,request-80-4-6
dehydration of vegetation,stronger vegetation,request-80-4-7
stronger vegetation,increased intensity of forest fires,request-80-4-8
increased intensity of forest fires,loss from forest fires,request-80-4-9
climate change,changes in wind patterns,request-80-5-0
changes in wind patterns,increased wind speed,request-80-5-1
increased wind speed,spread of wildfires,request-80-5-2
spread of wildfires,stronger vegetation,request-80-5-3
stronger vegetation,increased intensity of forest fires,request-80-5-4
increased intensity of forest fires,loss from forest fires,request-80-5-5
climate change,altered plant growth cycles,request-80-6-0
altered plant growth cycles,stronger vegetation,request-80-6-1
stronger vegetation,increased intensity of forest fires,request-80-6-2
increased intensity of forest fires,loss from forest fires,request-80-6-3
climate change,increased carbon dioxide levels,request-80-7-0
increased carbon dioxide levels,enhanced plant growth,request-80-7-1
enhanced plant growth,stronger vegetation,request-80-7-2
stronger vegetation,increased intensity of forest fires,request-80-7-3
increased intensity of forest fires,loss from forest fires,request-80-7-4
climate change,melting ice caps,request-80-8-0
melting ice caps,sea level rise,request-80-8-1
sea level rise,increased humidity,request-80-8-2
increased humidity,stronger vegetation,request-80-8-3
stronger vegetation,increased intensity of forest fires,request-80-8-4
increased intensity of forest fires,loss from forest fires,request-80-8-5
climate change,increased atmospheric pressure,request-80-9-0
increased atmospheric pressure,changes in precipitation patterns,request-80-9-1
changes in precipitation patterns,stronger vegetation,request-80-9-2
stronger vegetation,increased intensity of forest fires,request-80-9-3
increased intensity of forest fires,loss from forest fires,request-80-9-4
forest fires,deforestation,request-81-0-0
deforestation,burning of biomass,request-81-0-1
burning of biomass,release of carbon stored in trees,request-81-0-2
release of carbon stored in trees,increased atmospheric carbon,request-81-0-3
increased atmospheric carbon,enhanced greenhouse effect,request-81-0-4
enhanced greenhouse effect,global warming,request-81-0-5
global warming,increased carbon emissions from fossil fuel burning,request-81-0-6
increased carbon emissions from fossil fuel burning,increase in carbon emissions,request-81-0-7
forest fires,release of methane from soil,request-82-0-0
release of methane from soil,increase in greenhouse gases,request-82-0-1
increase in greenhouse gases,global temperature rise,request-82-0-2
global temperature rise,climate change,request-82-0-3
climate change,extreme weather conditions,request-82-0-4
extreme weather conditions,drying out of forests,request-82-0-5
drying out of forests,increased flammability of vegetation,request-82-0-6
increased flammability of vegetation,more frequent and intense forest fires,request-82-0-7
more frequent and intense forest fires,extinguishing efforts,request-82-0-8
extinguishing efforts,fire extinguishment,request-82-0-9
co2 emissions increase,atmospheric co2 levels rise,request-83-0-0
atmospheric co2 levels rise,more co2 is absorbed by oceans,request-83-0-1
more co2 is absorbed by oceans,ocean water becomes more acidic,request-83-0-2
ocean water becomes more acidic,ocean acidification occurs,request-83-0-3
increased co2 emissions,ocean acidification,request-84-0-0
ocean acidification,coral bleaching,request-84-0-1
coral bleaching,disruption of marine food chains,request-84-0-2
disruption of marine food chains,decreased fish populations,request-84-0-3
decreased fish populations,improvement in the health of ocean life due to reduced fishing pressure,request-84-0-4
increased co2 emissions,decreased ph levels in seawater,request-84-1-0
decreased ph levels in seawater,reduced calcification rates in shellfish,request-84-1-1
reduced calcification rates in shellfish,weakened shellfish populations,request-84-1-2
weakened shellfish populations,increased predation on shellfish,request-84-1-3
increased predation on shellfish,improvement in the health of ocean life due to reduced shellfish populations,request-84-1-4
increased co2 emissions,enhanced growth of certain algae species,request-84-2-0
enhanced growth of certain algae species,altered nutrient cycling in the ocean,request-84-2-1
altered nutrient cycling in the ocean,changes in marine ecosystem composition,request-84-2-2
changes in marine ecosystem composition,improvement in the health of ocean life due to increased biodiversity,request-84-2-3
excess of co2 in the atmosphere,enhanced photosynthesis in plants,request-85-0-0
enhanced photosynthesis in plants,increased carbon absorption by plants,request-85-0-1
increased carbon absorption by plants,higher rates of plant growth,request-85-0-2
higher rates of plant growth,increase in biomass,request-85-0-3
excess of co2 in the atmosphere,altered plant physiology,request-85-1-0
altered plant physiology,changes in plant nutrient uptake,request-85-1-1
changes in plant nutrient uptake,variations in plant growth patterns,request-85-1-2
variations in plant growth patterns,increase in biomass,request-85-1-3
excess of co2 in the atmosphere,changes in soil composition,request-85-2-0
changes in soil composition,impact on soil microorganisms,request-85-2-1
impact on soil microorganisms,enhanced nutrient availability for plants,request-85-2-2
enhanced nutrient availability for plants,increase in biomass,request-85-2-3
excess of co2 in the atmosphere,changes in plant water usage,request-85-3-0
changes in plant water usage,altered plant water stress levels,request-85-3-1
altered plant water stress levels,variations in plant growth rates,request-85-3-2
variations in plant growth rates,increase in biomass,request-85-3-3
excess of co2 in the atmosphere,changes in plant flowering and reproduction,request-85-4-0
changes in plant flowering and reproduction,variations in plant reproductive success,request-85-4-1
variations in plant reproductive success,impact on plant population dynamics,request-85-4-2
impact on plant population dynamics,increase in biomass,request-85-4-3
climate change,rising global temperatures,request-86-0-0
rising global temperatures,melting polar ice caps,request-86-0-1
melting polar ice caps,rising sea levels,request-86-0-2
rising sea levels,inundation of coastal areas,request-86-0-3
inundation of coastal areas,loss of arable land,request-86-0-4
loss of arable land,displacement of communities,request-86-0-5
displacement of communities,increased migration,request-86-0-6
increased migration,strain on resources in new locations,request-86-0-7
strain on resources in new locations,"competition for food, water, and shelter",request-86-0-8
"competition for food, water, and shelter",economic instability,request-86-0-9
economic instability,social unrest,request-86-0-10
social unrest,political instability,request-86-0-11
political instability,increased conflict over resources,request-86-0-12
increased conflict over resources,disruption of trade routes,request-86-0-13
disruption of trade routes,economic downturn,request-86-0-14
economic downturn,global recession,request-86-0-15
global recession,reduced funding for public services,request-86-0-16
reduced funding for public services,decreased public health infrastructure,request-86-0-17
decreased public health infrastructure,spread of infectious diseases,request-86-0-18
spread of infectious diseases,increased mortality rates,request-86-0-19
increased mortality rates,decreased workforce,request-86-0-20
decreased workforce,reduced productivity,request-86-0-21
reduced productivity,economic decline,request-86-0-22
economic decline,social inequality,request-86-0-23
social inequality,political instability,request-86-0-24
political instability,increased migration,request-86-0-25
increased migration,strain on resources in new locations,request-86-0-26
strain on resources in new locations,"competition for food, water, and shelter",request-86-0-27
"competition for food, water, and shelter",economic instability,request-86-0-28
economic instability,social unrest,request-86-0-29
social unrest,political instability,request-86-0-30
political instability,increased conflict over resources,request-86-0-31
increased conflict over resources,disruption of trade routes,request-86-0-32
disruption of trade routes,global recession,request-86-0-33
global recession,reduced funding for public services,request-86-0-34
reduced funding for public services,decreased public health infrastructure,request-86-0-35
decreased public health infrastructure,spread of infectious diseases,request-86-0-36
spread of infectious diseases,increased mortality rates,request-86-0-37
increased mortality rates,decreased workforce,request-86-0-38
decreased workforce,reduced productivity,request-86-0-39
reduced productivity,economic decline,request-86-0-40
economic decline,social inequality,request-86-0-41
social inequality,political instability,request-86-0-42
political instability,increased migration,request-86-0-43
increased migration,strain on resources in new locations,request-86-0-44
strain on resources in new locations,"competition for food, water, and shelter",request-86-0-45
"competition for food, water, and shelter",economic instability,request-86-0-46
economic instability,social unrest,request-86-0-47
social unrest,political instability,request-86-0-48
political instability,increased conflict over resources,request-86-0-49
increased conflict over resources,disruption of trade routes,request-86-0-50
disruption of trade routes,global recession,request-86-0-51
global recession,reduced funding for public services,request-86-0-52
reduced funding for public services,decreased public health infrastructure,request-86-0-53
decreased public health infrastructure,spread of infectious diseases,request-86-0-54
spread of infectious diseases,increased mortality rates,request-86-0-55
increased mortality rates,decreased workforce,request-86-0-56
decreased workforce,reduced productivity,request-86-0-57
reduced productivity,economic decline,request-86-0-58
economic decline,social inequality,request-86-0-59
social inequality,political instability,request-86-0-60
political instability,increased migration,request-86-0-61
increased migration,strain on resources in new locations,request-86-0-62
strain on resources in new locations,"competition for food, water, and shelter",request-86-0-63
"competition for food, water, and shelter",economic instability,request-86-0-64
economic instability,social unrest,request-86-0-65
social unrest,political instability,request-86-0-66
political instability,increased conflict over resources,request-86-0-67
increased conflict over resources,disruption of trade routes,request-86-0-68
disruption of trade routes,global recession,request-86-0-69
global recession,reduced funding for public services,request-86-0-70
reduced funding for public services,decreased public health infrastructure,request-86-0-71
decreased public health infrastructure,spread of infectious diseases,request-86-0-72
spread of infectious diseases,increased mortality rates,request-86-0-73
increased mortality rates,decreased workforce,request-86-0-74
decreased workforce,reduced productivity,request-86-0-75
reduced productivity,economic decline,request-86-0-76
economic decline,social inequality,request-86-0-77
social inequality,political instability,request-86-0-78
political instability,increased migration,request-86-0-79
increased migration,strain on resources in new locations,request-86-0-80
strain on resources in new locations,"competition for food, water, and shelter",request-86-0-81
"competition for food, water, and shelter",economic instability,request-86-0-82
economic instability,social unrest,request-86-0-83
social unrest,political instability,request-86-0-84
political instability,increased conflict over resources,request-86-0-85
increased conflict over resources,disruption of trade routes,request-86-0-86
disruption of trade routes,global recession,request-86-0-87
global recession,reduced funding for public services,request-86-0-88
reduced funding for public services,decreased public health infrastructure,request-86-0-89
decreased public health infrastructure,spread of infectious diseases,request-86-0-90
spread of infectious diseases,increased mortality rates,request-86-0-91
increased mortality rates,decreased workforce,request-86-0-92
decreased workforce,reduced productivity,request-86-0-93
reduced productivity,economic decline,request-86-0-94
economic decline,social inequality,request-86-0-95
social inequality,political instability,request-86-0-96
political instability,increased migration,request-86-0-97
increased migration,strain on resources in new locations,request-86-0-98
strain on resources in new locations,"competition for food, water, and shelter",request-86-0-99
"competition for food, water, and shelter",economic instability,request-86-0-100
economic instability,social unrest,request-86-0-101
social unrest,political instability,request-86-0-102
political instability,increased conflict over resources,request-86-0-103
increased conflict over resources,disruption of trade routes,request-86-0-104
disruption of trade routes,global recession,request-86-0-105
global recession,reduced funding for public services,request-86-0-106
reduced funding for public services,decreased public health infrastructure,request-86-0-107
decreased public health infrastructure,spread of infectious diseases,request-86-0-108
spread of infectious diseases,increased mortality rates,request-86-0-109
increased mortality rates,decreased workforce,request-86-0-110
decreased workforce,reduced productivity,request-86-0-111
reduced productivity,economic decline,request-86-0-112
economic decline,social inequality,request-86-0-113
social inequality,political instability,request-86-0-114
political instability,increased migration,request-86-0-115
increased migration,strain on resources in new locations,request-86-0-116
strain on resources in new locations,"competition for food, water, and shelter",request-86-0-117
"competition for food, water, and shelter",economic instability,request-86-0-118
economic instability,social unrest,request-86-0-119
social unrest,political instability,request-86-0-120
political instability,increased conflict over resources,request-86-0-121
increased conflict over resources,disruption of trade routes,request-86-0-122
disruption of trade routes,global recession,request-86-0-123
global recession,reduced funding for public services,request-86-0-124
reduced funding for public services,decreased public health infrastructure,request-86-0-125
decreased public health infrastructure,spread of infectious diseases,request-86-0-126
spread of infectious diseases,increased mortality rates,request-86-0-127
increased mortality rates,decreased workforce,request-86-0-128
decreased workforce,reduced productivity,request-86-0-129
reduced productivity,economic decline,request-86-0-130
economic decline,social inequality,request-86-0-131
social inequality,political instability,request-86-0-132
political instability,increased migration,request-86-0-133
increased migration,strain on resources in new locations,request-86-0-134
strain on resources in new locations,"competition for food, water, and shelter",request-86-0-135
"competition for food, water, and shelter",economic instability,request-86-0-136
economic instability,social unrest,request-86-0-137
social unrest,political instability,request-86-0-138
political instability,increased conflict over resources,request-86-0-139
increased conflict over resources,disruption of trade routes,request-86-0-140
disruption of trade routes,global recession,request-86-0-141
global recession,reduced funding for public services,request-86-0-142
reduced funding for public services,decreased public health infrastructure,request-86-0-143
decreased public health infrastructure,spread of infectious diseases,request-86-0-144
spread of infectious diseases,increased mortality rates,request-86-0-145
increased mortality rates,decreased workforce,request-86-0-146
decreased workforce,reduced productivity,request-86-0-147
reduced productivity,economic decline,request-86-0-148
economic decline,social inequality,request-86-0-149
social inequality,political instability,request-86-0-150
political instability,increased migration,request-86-0-151
increased migration,strain on resources in new locations,request-86-0-152
strain on resources in new locations,"competition for food, water, and shelter",request-86-0-153
"competition for food, water, and shelter",economic instability,request-86-0-154
economic instability,social unrest,request-86-0-155
social unrest,political instability,request-86-0-156
political instability,increased conflict over resources,request-86-0-157
increased conflict over resources,disruption of trade routes,request-86-0-158
disruption of trade routes,global recession,request-86-0-159
global recession,reduced funding for public services,request-86-0-160
reduced funding for public services,decreased public health infrastructure,request-86-0-161
decreased public health infrastructure,spread of infectious diseases,request-86-0-162
spread of infectious diseases,increased mortality rates,request-86-0-163
increased mortality rates,decreased workforce,request-86-0-164
decreased workforce,reduced productivity,request-86-0-165
reduced productivity,economic decline,request-86-0-166
economic decline,social inequality,request-86-0-167
social inequality,political instability,request-86-0-168
political instability,increased migration,request-86-0-169
increased migration,strain on resources in new locations,request-86-0-170
strain on resources in new locations,"competition for food, water, and shelter",request-86-0-171
"competition for food, water, and shelter",economic instability,request-86-0-172
economic instability,social unrest,request-86-0-173
social unrest,political instability,request-86-0-174
political instability,increased conflict over resources,request-86-0-175
increased conflict over resources,disruption of trade routes,request-86-0-176
disruption of trade routes,global recession,request-86-0-177
global recession,reduced funding for public services,request-86-0-178
reduced funding for public services,decreased public health infrastructure,request-86-0-179
decreased public health infrastructure,spread of infectious diseases,request-86-0-180
spread of infectious diseases,increased mortality rates,request-86-0-181
increased mortality rates,decreased workforce,request-86-0-182
decreased workforce,reduced productivity,request-86-0-183
reduced productivity,economic decline,request-86-0-184
economic decline,social inequality,request-86-0-185
social inequality,political instability,request-86-0-186
political instability,increased migration,request-86-0-187
increased migration,strain on resources in new locations,request-86-0-188
strain on resources in new locations,"competition for food, water, and shelter",request-86-0-189
"competition for food, water, and shelter",economic instability,request-86-0-190
economic instability,social unrest,request-86-0-191
social unrest,political instability,request-86-0-192
political instability,increased conflict over resources,request-86-0-193
increased conflict over resources,disruption of trade routes,request-86-0-194
disruption of trade routes,global recession,request-86-0-195
global recession,reduced funding for public services,request-86-0-196
reduced funding for public services,decreased public health infrastructure,request-86-0-197
decreased public health infrastructure,spread of infectious diseases,request-86-0-198
spread of infectious diseases,increased mortality rates,request-86-0-199
increased mortality rates,decreased workforce,request-86-0-200
decreased workforce,reduced productivity,request-86-0-201
reduced productivity,economic decline,request-86-0-202
economic decline,social inequality,request-86-0-203
social inequality,political instability,request-86-0-204
political instability,increased migration,request-86-0-205
increased migration,strain on resources in new locations,request-86-0-206
strain on resources in new locations,"competition for food, water, and shelter",request-86-0-207
"competition for food, water, and shelter",economic instability,request-86-0-208
economic instability,social unrest,request-86-0-209
social unrest,political instability,request-86-0-210
political instability,increased conflict over resources,request-86-0-211
increased conflict over resources,disruption of trade routes,request-86-0-212
disruption of trade routes,global recession,request-86-0-213
global recession,reduced funding for public services,request-86-0-214
reduced funding for public services,decreased public health infrastructure,request-86-0-215
decreased public health infrastructure,spread of infectious diseases,request-86-0-216
spread of infectious diseases,increased mortality rates,request-86-0-217
increased mortality rates,decreased workforce,request-86-0-218
decreased workforce,reduced productivity,request-86-0-219
reduced productivity,economic decline,request-86-0-220
economic decline,social inequality,request-86-0-221
social inequality,political instability,request-86-0-222
political instability,increased migration,request-86-0-223
increased migration,strain on resources in new locations,request-86-0-224
strain on resources in new locations,"competition for food, water, and shelter",request-86-0-225
"competition for food, water, and shelter",economic instability,request-86-0-226
economic instability,social unrest,request-86-0-227
social unrest,political instability,request-86-0-228
political instability,increased conflict over resources,request-86-0-229
increased conflict over resources,disruption of trade routes,request-86-0-230
disruption of trade routes,global recession,request-86-0-231
global recession,reduced funding for public services,request-86-0-232
reduced funding for public services,decreased public health infrastructure,request-86-0-233
decreased public health infrastructure,spread of infectious diseases,request-86-0-234
spread of infectious diseases,increased mortality rates,request-86-0-235
increased mortality rates,decreased workforce,request-86-0-236
decreased workforce,reduced productivity,request-86-0-237
reduced productivity,economic decline,request-86-0-238
economic decline,social inequality,request-86-0-239
social inequality,political instability,request-86-0-240
political instability,increased migration,request-86-0-241
increased migration,strain on resources in new locations,request-86-0-242
strain on resources in new locations,"competition for food, water, and shelter",request-86-0-243
"competition for food, water, and shelter",economic instability,request-86-0-244
economic instability,social unrest,request-86-0-245
social unrest,political instability,request-86-0-246
political instability,increased conflict over resources,request-86-0-247
increased conflict over resources,disruption of trade routes,request-86-0-248
disruption of trade routes,global recession,request-86-0-249
global recession,reduced funding for public services,request-86-0-250
reduced funding for public services,decreased public health infrastructure,request-86-0-251
decreased public health infrastructure,spread of infectious diseases,request-86-0-252
spread of infectious diseases,increased mortality rates,request-86-0-253
increased mortality rates,decreased workforce,request-86-0-254
decreased workforce,reduced productivity,request-86-0-255
reduced productivity,economic decline,request-86-0-256
economic decline,social inequality,request-86-0-257
social inequality,political instability,request-86-0-258
political instability,increased migration,request-86-0-259
increased migration,strain on resources in new locations,request-86-0-260
strain on resources in new locations,"competition for food, water, and shelter",request-86-0-261
"competition for food, water, and shelter",economic instability,request-86-0-262
economic instability,social unrest,request-86-0-263
social unrest,political instability,request-86-0-264
political instability,increased conflict over resources,request-86-0-265
increased conflict over resources,disruption of trade routes,request-86-0-266
disruption of trade routes,global recession,request-86-0-267
global recession,reduced funding for public services,request-86-0-268
reduced funding for public services,decreased public health infrastructure,request-86-0-269
decreased public health infrastructure,spread of infectious diseases,request-86-0-270
spread of infectious diseases,increased mortality rates,request-86-0-271
increased mortality rates,decreased workforce,request-86-0-272
decreased workforce,reduced productivity,request-86-0-273
reduced productivity,economic decline,request-86-0-274
economic decline,social inequality,request-86-0-275
social inequality,political instability,request-86-0-276
political instability,increased migration,request-86-0-277
increased migration,strain on resources in new locations,request-86-0-278
strain on resources in new locations,"competition for food, water, and shelter",request-86-0-279
"competition for food, water, and shelter",economic instability,request-86-0-280
economic instability,social unrest,request-86-0-281
social unrest,political instability,request-86-0-282
political instability,increased conflict over resources,request-86-0-283
increased conflict over resources,disruption of trade routes,request-86-0-284
disruption of trade routes,global recession,request-86-0-285
global recession,reduced funding for public services,request-86-0-286
reduced funding for public services,decreased public health infrastructure,request-86-0-287
decreased public health infrastructure,spread of infectious diseases,request-86-0-288
spread of infectious diseases,increased mortality rates,request-86-0-289
increased mortality rates,decreased workforce,request-86-0-290
decreased workforce,reduced productivity,request-86-0-291
reduced productivity,economic decline,request-86-0-292
economic decline,social inequality,request-86-0-293
social inequality,political instability,request-86-0-294
political instability,increased migration,request-86-0-295
increased migration,strain on resources in new locations,request-86-0-296
strain on resources in new locations,"competition for food, water, and shelter",request-86-0-297
"competition for food, water, and shelter",economic instability,request-86-0-298
economic instability,social unrest,request-86-0-299
social unrest,political instability,request-86-0-300
political instability,increased conflict over resources,request-86-0-301
increased conflict over resources,disruption of trade routes,request-86-0-302
disruption of trade routes,global recession,request-86-0-303
global recession,reduced funding for public services,request-86-0-304
reduced funding for public services,decreased public health infrastructure,request-86-0-305
decreased public health infrastructure,spread of infectious diseases,request-86-0-306
spread of infectious diseases,increased mortality rates,request-86-0-307
increased mortality rates,decreased workforce,request-86-0-308
decreased workforce,reduced productivity,request-86-0-309
reduced productivity,economic decline,request-86-0-310
economic decline,social inequality,request-86-0-311
social inequality,political instability,request-86-0-312
political instability,increased migration,request-86-0-313
increased migration,strain on resources in new locations,request-86-0-314
strain on resources in new locations,"competition for food, water, and shelter",request-86-0-315
"competition for food, water, and shelter",economic instability,request-86-0-316
economic instability,social unrest,request-86-0-317
social unrest,political instability,request-86-0-318
political instability,increased conflict over resources,request-86-0-319
increased conflict over resources,disruption of trade routes,request-86-0-320
disruption of trade routes,global recession,request-86-0-321
global recession,reduced funding for public services,request-86-0-322
reduced funding for public services,decreased public health infrastructure,request-86-0-323
decreased public health infrastructure,spread of infectious diseases,request-86-0-324
spread of infectious diseases,increased mortality rates,request-86-0-325
increased mortality rates,decreased workforce,request-86-0-326
decreased workforce,reduced productivity,request-86-0-327
reduced productivity,economic decline,request-86-0-328
economic decline,social inequality,request-86-0-329
social inequality,political instability,request-86-0-330
political instability,increased migration,request-86-0-331
increased migration,strain on resources in new locations,request-86-0-332
strain on resources in new locations,"competition for food, water, and shelter",request-86-0-333
"competition for food, water, and shelter",economic instability,request-86-0-334
economic instability,social unrest,request-86-0-335
social unrest,political instability,request-86-0-336
political instability,increased conflict over resources,request-86-0-337
increased conflict over resources,disruption of trade routes,request-86-0-338
disruption of trade routes,global recession,request-86-0-339
global recession,reduced funding for public services,request-86-0-340
reduced funding for public services,decreased public health infrastructure,request-86-0-341
decreased public health infrastructure,spread of infectious diseases,request-86-0-342
spread of infectious diseases,increased mortality rates,request-86-0-343
increased mortality rates,decreased workforce,request-86-0-344
decreased workforce,reduced productivity,request-86-0-345
reduced productivity,economic decline,request-86-0-346
economic decline,social inequality,request-86-0-347
social inequality,political instability,request-86-0-348
political instability,increased migration,request-86-0-349
increased migration,strain on resources in new locations,request-86-0-350
strain on resources in new locations,"competition for food, water, and shelter",request-86-0-351
"competition for food, water, and shelter",economic instability,request-86-0-352
economic instability,social unrest,request-86-0-353
social unrest,political instability,request-86-0-354
political instability,increased conflict over resources,request-86-0-355
increased conflict over resources,disruption of trade routes,request-86-0-356
disruption of trade routes,global recession,request-86-0-357
global recession,reduced funding for public services,request-86-0-358
reduced funding for public services,decreased public health infrastructure,request-86-0-359
decreased public health infrastructure,spread of infectious diseases,request-86-0-360
spread of infectious diseases,increased mortality rates,request-86-0-361
increased mortality rates,decreased workforce,request-86-0-362
decreased workforce,reduced productivity,request-86-0-363
reduced productivity,economic decline,request-86-0-364
economic decline,social inequality,request-86-0-365
social inequality,political instability,request-86-0-366
political instability,increased migration,request-86-0-367
increased migration,strain on resources in new locations,request-86-0-368
strain on resources in new locations,"competition for food, water, and shelter",request-86-0-369
"competition for food, water, and shelter",economic instability,request-86-0-370
economic instability,social unrest,request-86-0-371
social unrest,political instability,request-86-0-372
political instability,increased conflict over resources,request-86-0-373
increased conflict over resources,disruption of trade routes,request-86-0-374
disruption of trade routes,global recession,request-86-0-375
global recession,reduced funding for public services,request-86-0-376
reduced funding for public services,decreased public health infrastructure,request-86-0-377
decreased public health infrastructure,spread of infectious diseases,request-86-0-378
spread of infectious diseases,increased mortality rates,request-86-0-379
increased mortality rates,decreased workforce,request-86-0-380
decreased workforce,reduced productivity,request-86-0-381
reduced productivity,economic decline,request-86-0-382
economic decline,social inequality,request-86-0-383
social inequality,political instability,request-86-0-384
political instability,increased migration,request-86-0-385
increased migration,strain on resources in new locations,request-86-0-386
strain on resources in new locations,"competition for food, water, and shelter",request-86-0-387
"competition for food, water, and shelter",economic instability,request-86-0-388
economic instability,social unrest,request-86-0-389
social unrest,political instability,request-86-0-390
political instability,increased conflict over resources,request-86-0-391
increased conflict over resources,disruption of trade routes,request-86-0-392
disruption of trade routes,global recession,request-86-0-393
global recession,reduced funding for public services,request-86-0-394
reduced funding for public services,decreased public health infrastructure,request-86-0-395
decreased public health infrastructure,spread of infectious diseases,request-86-0-396
spread of infectious diseases,increased mortality rates,request-86-0-397
increased mortality rates,decreased workforce,request-86-0-398
decreased workforce,reduced productivity,request-86-0-399
reduced productivity,economic decline,request-86-0-400
economic decline,social inequality,request-86-0-401
social inequality,political instability,request-86-0-402
political instability,increased migration,request-86-0-403
increased migration,strain on resources in new locations,request-86-0-404
strain on resources in new locations,"competition for food, water, and shelter",request-86-0-405
"competition for food, water, and shelter",economic instability,request-86-0-406
economic instability,social unrest,request-86-0-407
social unrest,political instability,request-86-0-408
political instability,increased conflict over resources,request-86-0-409
increased conflict over resources,disruption of trade routes,request-86-0-410
disruption of trade routes,global recession,request-86-0-411
global recession,reduced funding for public services,request-86-0-412
reduced funding for public services,decreased public health infrastructure,request-86-0-413
decreased public health infrastructure,spread of infectious diseases,request-86-0-414
spread of infectious diseases,increased mortality rates,request-86-0-415
increased mortality rates,decreased workforce,request-86-0-416
decreased workforce,reduced productivity,request-86-0-417
reduced productivity,economic decline,request-86-0-418
economic decline,social inequality,request-86-0-419
social inequality,political instability,request-86-0-420
political instability,increased migration,request-86-0-421
increased migration,strain on resources in new locations,request-86-0-422
strain on resources in new locations,"competition for food, water, and shelter",request-86-0-423
"competition for food, water, and shelter",economic instability,request-86-0-424
economic instability,social unrest,request-86-0-425
social unrest,political instability,request-86-0-426
political instability,increased conflict over resources,request-86-0-427
increased conflict over resources,disruption of trade routes,request-86-0-428
disruption of trade routes,global recession,request-86-0-429
global recession,reduced funding for public services,request-86-0-430
reduced funding for public services,decreased public health infrastructure,request-86-0-431
decreased public health infrastructure,spread of infectious diseases,request-86-0-432
spread of infectious diseases,increased mortality rates,request-86-0-433
increased mortality rates,decreased workforce,request-86-0-434
decreased workforce,reduced productivity,request-86-0-435
reduced productivity,economic decline,request-86-0-436
economic decline,social inequality,request-86-0-437
social inequality,political instability,request-86-0-438
political instability,increased migration,request-86-0-439
increased migration,strain on resources in new locations,request-86-0-440
strain on resources in new locations,"competition for food, water, and shelter",request-86-0-441
"competition for food, water, and shelter",economic instability,request-86-0-442
economic instability,social unrest,request-86-0-443
social unrest,political instability,request-86-0-444
political instability,increased conflict over resources,request-86-0-445
increased conflict over resources,disruption of trade routes,request-86-0-446
disruption of trade routes,global recession,request-86-0-447
global recession,reduced funding for public services,request-86-0-448
reduced funding for public services,decreased public health infrastructure,request-86-0-449
decreased public health infrastructure,spread of infectious diseases,request-86-0-450
spread of infectious diseases,increased mortality rates,request-86-0-451
increased mortality rates,decreased workforce,request-86-0-452
decreased workforce,reduced productivity,request-86-0-453
reduced productivity,economic decline,request-86-0-454
economic decline,social inequality,request-86-0-455
social inequality,political instability,request-86-0-456
political instability,increased migration,request-86-0-457
increased migration,strain on resources in new locations,request-86-0-458
strain on resources in new locations,"competition for food, water, and shelter",request-86-0-459
"competition for food, water, and shelter",economic instability,request-86-0-460
economic instability,social unrest,request-86-0-461
social unrest,political instability,request-86-0-462
political instability,increased conflict over resources,request-86-0-463
increased conflict over resources,disruption of trade routes,request-86-0-464
disruption of trade routes,global recession,request-86-0-465
global recession,reduced funding for public services,request-86-0-466
reduced funding for public services,decreased public health infrastructure,request-86-0-467
decreased public health infrastructure,spread of infectious diseases,request-86-0-468
spread of infectious diseases,increased mortality rates,request-86-0-469
increased mortality rates,decreased workforce,request-86-0-470
decreased workforce,reduced productivity,request-86-0-471
reduced productivity,economic decline,request-86-0-472
economic decline,social inequality,request-86-0-473
social inequality,political instability,request-86-0-474
political instability,increased migration,request-86-0-475
increased migration,strain on resources in new locations,request-86-0-476
strain on resources in new locations,"competition for food, water, and shelter",request-86-0-477
"competition for food, water, and shelter",economic instability,request-86-0-478
economic instability,social unrest,request-86-0-479
social unrest,political instability,request-86-0-480
political instability,increased conflict over resources,request-86-0-481
increased conflict over resources,disruption of trade routes,request-86-0-482
disruption of trade routes,global recession,request-86-0-483
global recession,reduced funding for public services,request-86-0-484
reduced funding for public services,decreased public health infrastructure,request-86-0-485
decreased public health infrastructure,spread of infectious diseases,request-86-0-486
spread of infectious diseases,increased mortality rates,request-86-0-487
increased mortality rates,decreased workforce,request-86-0-488
decreased workforce,reduced productivity,request-86-0-489
reduced productivity,economic decline,request-86-0-490
economic decline,social inequality,request-86-0-491
social inequality,political instability,request-86-0-492
political instability,increased migration,request-86-0-493
increased migration,strain on resources in new locations,request-86-0-494
strain on resources in new locations,"competition for food, water, and shelter",request-86-0-495
"competition for food, water, and shelter",economic instability,request-86-0-496
economic instability,social unrest,request-86-0-497
social unrest,political instability,request-86-0-498
political instability,increased conflict over resources,request-86-0-499
increased conflict over resources,disruption of trade routes,request-86-0-500
disruption of trade routes,global recession,request-86-0-501
global recession,reduced funding for public services,request-86-0-502
reduced funding for public services,decreased public health infrastructure,request-86-0-503
decreased public health infrastructure,spread of infectious diseases,request-86-0-504
spread of infectious diseases,increased mortality rates,request-86-0-505
increased mortality rates,decreased workforce,request-86-0-506
decreased workforce,reduced productivity,request-86-0-507
reduced productivity,economic decline,request-86-0-508
economic decline,social inequality,request-86-0-509
social inequality,political instability,request-86-0-510
political instability,increased migration,request-86-0-511
increased migration,strain on resources in new locations,request-86-0-512
strain on resources in new locations,"competition for food, water, and shelter",request-86-0-513
"competition for food, water, and shelter",economic instability,request-86-0-514
economic instability,social unrest,request-86-0-515
social unrest,political instability,request-86-0-516
political instability,increased conflict over resources,request-86-0-517
increased conflict over resources,disruption of trade routes,request-86-0-518
disruption of trade routes,global recession,request-86-0-519
global recession,reduced funding for public services,request-86-0-520
reduced funding for public services,decreased public health infrastructure,request-86-0-521
decreased public health infrastructure,spread<<<<<<<<<<<<<<<<<<<<<<<<<<<<<<<<<<<<<<<<<<<<<<<<<<<<<<<<<<<<<<<<<<<<<<<<<<<<<<<<<<<<<<<<<<<<<<<<<<<,request-86-0-522
global warming,melting of polar ice caps,request-87-0-0
melting of polar ice caps,rising sea levels,request-87-0-1
rising sea levels,increased ocean temperatures,request-87-0-2
increased ocean temperatures,altered weather patterns,request-87-0-3
altered weather patterns,reduced rainfall,request-87-0-4
reduced rainfall,water scarcity,request-87-0-5
water scarcity,decreased soil moisture,request-87-0-6
decreased soil moisture,increased frequency of heatwaves,request-87-0-7
increased frequency of heatwaves,reduced snowpack,request-87-0-8
reduced snowpack,lower water availability,request-87-0-9
lower water availability,desertification,request-87-0-10
desertification,land degradation,request-87-0-11
land degradation,loss of vegetation,request-87-0-12
loss of vegetation,reduced soil fertility,request-87-0-13
reduced soil fertility,increased runoff,request-87-0-14
increased runoff,soil erosion,request-87-0-15
soil erosion,depleted water resources,request-87-0-16
depleted water resources,higher evaporation rates,request-87-0-17
higher evaporation rates,reduced groundwater levels,request-87-0-18
reduced groundwater levels,overexploitation of water resources,request-87-0-19
overexploitation of water resources,water shortages,request-87-0-20
water shortages,compromised water quality,request-87-0-21
compromised water quality,decreased agricultural productivity,request-87-0-22
decreased agricultural productivity,food insecurity,request-87-0-23
food insecurity,economic losses in agriculture,request-87-0-24
economic losses in agriculture,rural depopulation,request-87-0-25
rural depopulation,urban migration,request-87-0-26
urban migration,increased demand for water,request-87-0-27
increased demand for water,overextraction of water resources,request-87-0-28
overextraction of water resources,depleted aquifers,request-87-0-29
depleted aquifers,reduced water availability for agriculture,request-87-0-30
reduced water availability for agriculture,crop failures,request-87-0-31
crop failures,food supply disruptions,request-87-0-32
food supply disruptions,increased food prices,request-87-0-33
increased food prices,economic stress on populations,request-87-0-34
economic stress on populations,reduced agricultural output,request-87-0-35
reduced agricultural output,increased food insecurity,request-87-0-36
increased food insecurity,social unrest,request-87-0-37
social unrest,political instability,request-87-0-38
political instability,conflicts over water resources,request-87-0-39
conflicts over water resources,migration due to water scarcity,request-87-0-40
migration due to water scarcity,environmental refugees,request-87-0-41
environmental refugees,strain on neighboring regions,request-87-0-42
strain on neighboring regions,resource conflicts,request-87-0-43
resource conflicts,increased competition for water,request-87-0-44
increased competition for water,reduced water quality,request-87-0-45
reduced water quality,health problems related to water scarcity,request-87-0-46
health problems related to water scarcity,increased incidence of waterborne diseases,request-87-0-47
increased incidence of waterborne diseases,dehydration and heatrelated illnesses,request-87-0-48
dehydration and heatrelated illnesses,waterrelated injuries,request-87-0-49
waterrelated injuries,reduced agricultural productivity,request-87-0-50
reduced agricultural productivity,loss of livestock,request-87-0-51
loss of livestock,economic losses in agriculture,request-87-0-52
economic losses in agriculture,food insecurity,request-87-0-53
food insecurity,increased food prices,request-87-0-54
increased food prices,economic stress on populations,request-87-0-55
economic stress on populations,reduced agricultural output,request-87-0-56
reduced agricultural output,increased food insecurity,request-87-0-57
increased food insecurity,social unrest,request-87-0-58
social unrest,political instability,request-87-0-59
political instability,conflicts over water resources,request-87-0-60
conflicts over water resources,migration due to water scarcity,request-87-0-61
migration due to water scarcity,environmental refugees,request-87-0-62
environmental refugees,strain on neighboring regions,request-87-0-63
strain on neighboring regions,resource conflicts,request-87-0-64
resource conflicts,increased competition for water,request-87-0-65
increased competition for water,reduced water quality,request-87-0-66
reduced water quality,health problems related to water scarcity,request-87-0-67
health problems related to water scarcity,increased incidence of waterborne diseases,request-87-0-68
increased incidence of waterborne diseases,dehydration and heatrelated illnesses,request-87-0-69
dehydration and heatrelated illnesses,waterrelated injuries,request-87-0-70
waterrelated injuries,increased frequency of wildfires,request-87-0-71
increased frequency of wildfires,loss of vegetation,request-87-0-72
loss of vegetation,reduced soil moisture,request-87-0-73
reduced soil moisture,decreased agricultural productivity,request-87-0-74
decreased agricultural productivity,food insecurity,request-87-0-75
food insecurity,increased food prices,request-87-0-76
increased food prices,economic stress on populations,request-87-0-77
economic stress on populations,reduced agricultural output,request-87-0-78
reduced agricultural output,increased food insecurity,request-87-0-79
increased food insecurity,social unrest,request-87-0-80
social unrest,political instability,request-87-0-81
political instability,conflicts over water resources,request-87-0-82
conflicts over water resources,migration due to water scarcity,request-87-0-83
migration due to water scarcity,environmental refugees,request-87-0-84
environmental refugees,strain on neighboring regions,request-87-0-85
strain on neighboring regions,resource conflicts,request-87-0-86
resource conflicts,increased competition for water,request-87-0-87
increased competition for water,reduced water quality,request-87-0-88
reduced water quality,health problems related to water scarcity,request-87-0-89
health problems related to water scarcity,increased incidence of waterborne diseases,request-87-0-90
increased incidence of waterborne diseases,dehydration and heatrelated illnesses,request-87-0-91
dehydration and heatrelated illnesses,waterrelated injuries,request-87-0-92
waterrelated injuries,increased frequency of wildfires,request-87-0-93
increased frequency of wildfires,loss of vegetation,request-87-0-94
loss of vegetation,reduced soil moisture,request-87-0-95
reduced soil moisture,decreased agricultural productivity,request-87-0-96
decreased agricultural productivity,food insecurity,request-87-0-97
food insecurity,increased food prices,request-87-0-98
increased food prices,economic stress on populations,request-87-0-99
economic stress on populations,reduced agricultural output,request-87-0-100
reduced agricultural output,increased food insecurity,request-87-0-101
increased food insecurity,social unrest,request-87-0-102
social unrest,political instability,request-87-0-103
political instability,conflicts over water resources,request-87-0-104
conflicts over water resources,migration due to water scarcity,request-87-0-105
migration due to water scarcity,environmental refugees,request-87-0-106
environmental refugees,strain on neighboring regions,request-87-0-107
strain on neighboring regions,resource conflicts,request-87-0-108
resource conflicts,increased competition for water,request-87-0-109
increased competition for water,reduced water quality,request-87-0-110
reduced water quality,health problems related to water scarcity,request-87-0-111
health problems related to water scarcity,increased incidence of waterborne diseases,request-87-0-112
increased incidence of waterborne diseases,dehydration and heatrelated illnesses,request-87-0-113
dehydration and heatrelated illnesses,waterrelated injuries,request-87-0-114
waterrelated injuries,increased frequency of wildfires,request-87-0-115
increased frequency of wildfires,loss of vegetation,request-87-0-116
loss of vegetation,reduced soil moisture,request-87-0-117
reduced soil moisture,decreased agricultural productivity,request-87-0-118
decreased agricultural productivity,food insecurity,request-87-0-119
food insecurity,increased food prices,request-87-0-120
increased food prices,economic stress on populations,request-87-0-121
economic stress on populations,reduced agricultural output,request-87-0-122
reduced agricultural output,increased food insecurity,request-87-0-123
increased food insecurity,social unrest,request-87-0-124
social unrest,political instability,request-87-0-125
political instability,conflicts over water resources,request-87-0-126
conflicts over water resources,migration due to water scarcity,request-87-0-127
migration due to water scarcity,environmental refugees,request-87-0-128
environmental refugees,strain on neighboring regions,request-87-0-129
strain on neighboring regions,resource conflicts,request-87-0-130
resource conflicts,increased competition for water,request-87-0-131
increased competition for water,reduced water quality,request-87-0-132
reduced water quality,health problems related to water scarcity,request-87-0-133
health problems related to water scarcity,increased incidence of waterborne diseases,request-87-0-134
increased incidence of waterborne diseases,dehydration and heatrelated illnesses,request-87-0-135
dehydration and heatrelated illnesses,waterrelated injuries,request-87-0-136
waterrelated injuries,increased frequency of wildfires,request-87-0-137
increased frequency of wildfires,loss of vegetation,request-87-0-138
loss of vegetation,reduced soil moisture,request-87-0-139
reduced soil moisture,decreased agricultural productivity,request-87-0-140
decreased agricultural productivity,food insecurity,request-87-0-141
food insecurity,increased food prices,request-87-0-142
increased food prices,economic stress on populations,request-87-0-143
economic stress on populations,reduced agricultural output,request-87-0-144
reduced agricultural output,increased food insecurity,request-87-0-145
increased food insecurity,social unrest,request-87-0-146
social unrest,political instability,request-87-0-147
political instability,conflicts over water resources,request-87-0-148
conflicts over water resources,migration due to water scarcity,request-87-0-149
migration due to water scarcity,environmental refugees,request-87-0-150
environmental refugees,strain on neighboring regions,request-87-0-151
strain on neighboring regions,resource conflicts,request-87-0-152
resource conflicts,increased competition for water,request-87-0-153
increased competition for water,reduced water quality,request-87-0-154
reduced water quality,health problems related to water scarcity,request-87-0-155
health problems related to water scarcity,increased incidence of waterborne diseases,request-87-0-156
increased incidence of waterborne diseases,dehydration and heatrelated illnesses,request-87-0-157
dehydration and heatrelated illnesses,waterrelated injuries,request-87-0-158
waterrelated injuries,increased frequency of wildfires,request-87-0-159
increased frequency of wildfires,loss of vegetation,request-87-0-160
loss of vegetation,reduced soil moisture,request-87-0-161
reduced soil moisture,decreased agricultural productivity,request-87-0-162
decreased agricultural productivity,food insecurity,request-87-0-163
food insecurity,increased food prices,request-87-0-164
increased food prices,economic stress on populations,request-87-0-165
economic stress on populations,reduced agricultural output,request-87-0-166
reduced agricultural output,increased food insecurity,request-87-0-167
increased food insecurity,social unrest,request-87-0-168
social unrest,political instability,request-87-0-169
political instability,conflicts over water resources,request-87-0-170
conflicts over water resources,migration due to water scarcity,request-87-0-171
migration due to water scarcity,environmental refugees,request-87-0-172
environmental refugees,strain on neighboring regions,request-87-0-173
strain on neighboring regions,resource conflicts,request-87-0-174
resource conflicts,increased competition for water,request-87-0-175
increased competition for water,reduced water quality,request-87-0-176
reduced water quality,health problems related to water scarcity,request-87-0-177
health problems related to water scarcity,increased incidence of waterborne diseases,request-87-0-178
increased incidence of waterborne diseases,dehydration and heatrelated illnesses,request-87-0-179
dehydration and heatrelated illnesses,waterrelated injuries,request-87-0-180
waterrelated injuries,increased frequency of wildfires,request-87-0-181
increased frequency of wildfires,loss of vegetation,request-87-0-182
loss of vegetation,reduced soil moisture,request-87-0-183
reduced soil moisture,decreased agricultural productivity,request-87-0-184
decreased agricultural productivity,food insecurity,request-87-0-185
food insecurity,increased food prices,request-87-0-186
increased food prices,economic stress on populations,request-87-0-187
economic stress on populations,reduced agricultural output,request-87-0-188
reduced agricultural output,increased food insecurity,request-87-0-189
increased food insecurity,social unrest,request-87-0-190
social unrest,political instability,request-87-0-191
political instability,conflicts over water resources,request-87-0-192
conflicts over water resources,migration due to water scarcity,request-87-0-193
migration due to water scarcity,environmental refugees,request-87-0-194
environmental refugees,strain on neighboring regions,request-87-0-195
strain on neighboring regions,resource conflicts,request-87-0-196
resource conflicts,increased competition for water,request-87-0-197
increased competition for water,reduced water quality,request-87-0-198
reduced water quality,health problems related to water scarcity,request-87-0-199
health problems related to water scarcity,increased incidence of waterborne diseases,request-87-0-200
increased incidence of waterborne diseases,dehydration and heatrelated illnesses,request-87-0-201
dehydration and heatrelated illnesses,waterrelated injuries,request-87-0-202
waterrelated injuries,increased frequency of wildfires,request-87-0-203
increased frequency of wildfires,loss of vegetation,request-87-0-204
loss of vegetation,reduced soil moisture,request-87-0-205
reduced soil moisture,decreased agricultural productivity,request-87-0-206
decreased agricultural productivity,food insecurity,request-87-0-207
food insecurity,increased food prices,request-87-0-208
increased food prices,economic stress on populations,request-87-0-209
economic stress on populations,reduced agricultural output,request-87-0-210
reduced agricultural output,increased food insecurity,request-87-0-211
increased food insecurity,social unrest,request-87-0-212
social unrest,political instability,request-87-0-213
political instability,conflicts over water resources,request-87-0-214
conflicts over water resources,migration due to water scarcity,request-87-0-215
migration due to water scarcity,environmental refugees,request-87-0-216
environmental refugees,strain on neighboring regions,request-87-0-217
strain on neighboring regions,resource conflicts,request-87-0-218
resource conflicts,increased competition for water,request-87-0-219
increased competition for water,reduced water quality,request-87-0-220
reduced water quality,health problems related to water scarcity,request-87-0-221
health problems related to water scarcity,increased incidence of waterborne diseases,request-87-0-222
increased incidence of waterborne diseases,dehydration and heatrelated illnesses,request-87-0-223
dehydration and heatrelated illnesses,waterrelated injuries,request-87-0-224
waterrelated injuries,increased frequency of wildfires,request-87-0-225
increased frequency of wildfires,loss of vegetation,request-87-0-226
loss of vegetation,reduced soil moisture,request-87-0-227
reduced soil moisture,decreased agricultural productivity,request-87-0-228
decreased agricultural productivity,food insecurity,request-87-0-229
food insecurity,increased food prices,request-87-0-230
increased food prices,economic stress on populations,request-87-0-231
economic stress on populations,reduced agricultural output,request-87-0-232
reduced agricultural output,increased food insecurity,request-87-0-233
increased food insecurity,social unrest,request-87-0-234
social unrest,political instability,request-87-0-235
political instability,conflicts over water resources,request-87-0-236
conflicts over water resources,migration due to water scarcity,request-87-0-237
migration due to water scarcity,environmental refugees,request-87-0-238
environmental refugees,strain on neighboring regions,request-87-0-239
strain on neighboring regions,resource conflicts,request-87-0-240
resource conflicts,increased competition for water,request-87-0-241
increased competition for water,reduced water quality,request-87-0-242
reduced water quality,health problems related to water scarcity,request-87-0-243
health problems related to water scarcity,increased incidence of waterborne diseases,request-87-0-244
increased incidence of waterborne diseases,dehydration and heatrelated illnesses,request-87-0-245
dehydration and heatrelated illnesses,waterrelated injuries,request-87-0-246
waterrelated injuries,increased frequency of wildfires,request-87-0-247
increased frequency of wildfires,loss of vegetation,request-87-0-248
loss of vegetation,reduced soil moisture,request-87-0-249
reduced soil moisture,decreased agricultural productivity,request-87-0-250
decreased agricultural productivity,food insecurity,request-87-0-251
food insecurity,increased food prices,request-87-0-252
increased food prices,economic stress on populations,request-87-0-253
economic stress on populations,reduced agricultural output,request-87-0-254
reduced agricultural output,increased food insecurity,request-87-0-255
increased food insecurity,social unrest,request-87-0-256
social unrest,political instability,request-87-0-257
political instability,conflicts over water resources,request-87-0-258
conflicts over water resources,migration due to water scarcity,request-87-0-259
migration due to water scarcity,environmental refugees,request-87-0-260
environmental refugees,strain on neighboring regions,request-87-0-261
strain on neighboring regions,resource conflicts,request-87-0-262
resource conflicts,increased competition for water,request-87-0-263
increased competition for water,reduced water quality,request-87-0-264
reduced water quality,health problems related to water scarcity,request-87-0-265
health problems related to water scarcity,increased incidence of waterborne diseases,request-87-0-266
increased incidence of waterborne diseases,dehydration and heatrelated illnesses,request-87-0-267
dehydration and heatrelated illnesses,waterrelated injuries,request-87-0-268
waterrelated injuries,increased frequency of wildfires,request-87-0-269
increased frequency of wildfires,loss of vegetation,request-87-0-270
loss of vegetation,reduced soil moisture,request-87-0-271
reduced soil moisture,decreased agricultural productivity,request-87-0-272
decreased agricultural productivity,food insecurity,request-87-0-273
food insecurity,increased food prices,request-87-0-274
increased food prices,economic stress on populations,request-87-0-275
economic stress on populations,reduced agricultural output,request-87-0-276
reduced agricultural output,increased food insecurity,request-87-0-277
increased food insecurity,social unrest,request-87-0-278
social unrest,political instability,request-87-0-279
political instability,conflicts over water resources,request-87-0-280
conflicts over water resources,migration due to water scarcity,request-87-0-281
migration due to water scarcity,environmental refugees,request-87-0-282
environmental refugees,strain on neighboring regions,request-87-0-283
strain on neighboring regions,resource conflicts,request-87-0-284
resource conflicts,increased competition for water,request-87-0-285
increased competition for water,reduced water quality,request-87-0-286
reduced water quality,health problems related to water scarcity,request-87-0-287
health problems related to water scarcity,increased incidence of waterborne diseases,request-87-0-288
increased incidence of waterborne diseases,dehydration and heatrelated illnesses,request-87-0-289
dehydration and heatrelated illnesses,waterrelated injuries,request-87-0-290
waterrelated injuries,increased frequency of wildfires,request-87-0-291
increased frequency of wildfires,loss of vegetation,request-87-0-292
loss of vegetation,reduced soil moisture,request-87-0-293
reduced soil moisture,decreased agricultural productivity,request-87-0-294
decreased agricultural productivity,food insecurity,request-87-0-295
food insecurity,increased food prices,request-87-0-296
increased food prices,economic stress on populations,request-87-0-297
economic stress on populations,reduced agricultural output,request-87-0-298
reduced agricultural output,increased food insecurity,request-87-0-299
increased food insecurity,social unrest,request-87-0-300
social unrest,political instability,request-87-0-301
political instability,conflicts over water resources,request-87-0-302
conflicts over water resources,migration due to water scarcity,request-87-0-303
migration due to water scarcity,environmental refugees,request-87-0-304
environmental refugees,strain on neighboring regions,request-87-0-305
strain on neighboring regions,resource conflicts,request-87-0-306
resource conflicts,increased competition for water,request-87-0-307
increased competition for water,reduced water quality,request-87-0-308
reduced water quality,health problems related to water scarcity,request-87-0-309
health problems related to water scarcity,increased incidence of waterborne diseases,request-87-0-310
increased incidence of waterborne diseases,dehydration and heatrelated illnesses,request-87-0-311
dehydration and heatrelated illnesses,waterrelated injuries,request-87-0-312
waterrelated injuries,increased frequency of wildfires,request-87-0-313
increased frequency of wildfires,loss of vegetation,request-87-0-314
loss of vegetation,reduced soil moisture,request-87-0-315
reduced soil moisture,decreased agricultural productivity,request-87-0-316
decreased agricultural productivity,food insecurity,request-87-0-317
food insecurity,increased food prices,request-87-0-318
increased food prices,economic stress on populations,request-87-0-319
economic stress on populations,reduced agricultural output,request-87-0-320
reduced agricultural output,increased food insecurity,request-87-0-321
increased food insecurity,social unrest,request-87-0-322
social unrest,political instability,request-87-0-323
political instability,conflicts over water resources,request-87-0-324
conflicts over water resources,migration due to water scarcity,request-87-0-325
migration due to water scarcity,environmental refugees,request-87-0-326
environmental refugees,strain on neighboring regions,request-87-0-327
strain on neighboring regions,resource conflicts,request-87-0-328
resource conflicts,increased competition for water,request-87-0-329
increased competition for water,reduced water quality,request-87-0-330
reduced water quality,health problems related to water scarcity,request-87-0-331
health problems related to water scarcity,increased incidence of waterborne diseases,request-87-0-332
increased incidence of waterborne diseases,dehydration and heatrelated illnesses,request-87-0-333
dehydration and heatrelated illnesses,waterrelated injuries,request-87-0-334
waterrelated injuries,increased frequency of wildfires,request-87-0-335
increased frequency of wildfires,loss of vegetation,request-87-0-336
loss of vegetation,reduced soil moisture,request-87-0-337
reduced soil moisture,decreased agricultural productivity,request-87-0-338
decreased agricultural productivity,food insecurity,request-87-0-339
food insecurity,increased food prices,request-87-0-340
increased food prices,economic stress on populations,request-87-0-341
economic stress on populations,reduced agricultural output,request-87-0-342
reduced agricultural output,increased food insecurity,request-87-0-343
increased food insecurity,social unrest,request-87-0-344
social unrest,political instability,request-87-0-345
political instability,conflicts over water resources,request-87-0-346
conflicts over water resources,migration due to water scarcity,request-87-0-347
migration due to water scarcity,environmental refugees,request-87-0-348
environmental refugees,strain on neighboring regions,request-87-0-349
strain on neighboring regions,resource conflicts,request-87-0-350
resource conflicts,increased competition for water,request-87-0-351
increased competition for water,reduced water quality,request-87-0-352
reduced water quality,health problems related to water scarcity,request-87-0-353
health problems related to water scarcity,increased incidence of waterborne diseases,request-87-0-354
increased incidence of waterborne diseases,dehydration and heatrelated illnesses,request-87-0-355
dehydration and heatrelated illnesses,waterrelated injuries,request-87-0-356
waterrelated injuries,increased frequency of wildfires,request-87-0-357
increased frequency of wildfires,loss of vegetation,request-87-0-358
loss of vegetation,reduced soil moisture,request-87-0-359
reduced soil moisture,decreased agricultural productivity,request-87-0-360
decreased agricultural productivity,food insecurity,request-87-0-361
food insecurity,increased food prices,request-87-0-362
increased food prices,economic stress on populations,request-87-0-363
economic stress on populations,reduced agricultural output,request-87-0-364
reduced agricultural output,increased food insecurity,request-87-0-365
increased food insecurity,social unrest,request-87-0-366
social unrest,political instability,request-87-0-367
political instability,conflicts over water resources,request-87-0-368
conflicts over water resources,migration due to water scarcity,request-87-0-369
migration due to water scarcity,environmental refugees,request-87-0-370
environmental refugees,strain on neighboring regions,request-87-0-371
strain on neighboring regions,resource conflicts,request-87-0-372
resource conflicts,increased competition for water,request-87-0-373
increased competition for water,reduced water quality,request-87-0-374
reduced water quality,health problems related to water scarcity,request-87-0-375
health problems related to water scarcity,increased incidence of waterborne diseases,request-87-0-376
increased incidence of waterborne diseases,dehydration and heatrelated illnesses,request-87-0-377
dehydration and heatrelated illnesses,waterrelated injuries,request-87-0-378
waterrelated injuries,increased frequency of wildfires,request-87-0-379
increased frequency of wildfires,loss of vegetation,request-87-0-380
loss of vegetation,reduced soil moisture,request-87-0-381
reduced soil moisture,decreased agricultural productivity,request-87-0-382
decreased agricultural productivity,food insecurity,request-87-0-383
food insecurity,increased food prices,request-87-0-384
increased food prices,economic stress on populations,request-87-0-385
economic stress on populations,reduced agricultural output,request-87-0-386
reduced agricultural output,increased food insecurity,request-87-0-387
increased food insecurity,social unrest,request-87-0-388
social unrest,political instability,request-87-0-389
political instability,conflicts over water resources,request-87-0-390
conflicts over water resources,migration due to water scarcity,request-87-0-391
migration due to water scarcity,environmental refugees,request-87-0-392
environmental refugees,strain on neighboring regions,request-87-0-393
strain on neighboring regions,resource conflicts,request-87-0-394
resource conflicts,increased competition for water,request-87-0-395
increased competition for water,reduced water quality,request-87-0-396
reduced water quality,health problems related to water scarcity,request-87-0-397
health problems related to water scarcity,increased incidence of waterborne diseases,request-87-0-398
increased incidence of waterborne diseases,dehydration and heatrelated illnesses,request-87-0-399
dehydration and heatrelated illnesses,waterrelated injuries,request-87-0-400
waterrelated injuries,increased frequency of wildfires,request-87-0-401
increased frequency of wildfires,loss of vegetation,request-87-0-402
loss of vegetation,reduced soil moisture,request-87-0-403
reduced soil moisture,decreased agricultural productivity,request-87-0-404
decreased agricultural productivity,food insecurity,request-87-0-405
food insecurity,increased food prices,request-87-0-406
increased food prices,economic stress on populations,request-87-0-407
economic stress on populations,reduced agricultural output,request-87-0-408
reduced agricultural output,increased food insecurity,request-87-0-409
increased food insecurity,social unrest,request-87-0-410
social unrest,political instability,request-87-0-411
political instability,conflicts over water resources,request-87-0-412
conflicts over water resources,migration due to water scarcity,request-87-0-413
migration due to water scarcity,environmental refugees,request-87-0-414
environmental refugees,strain on neighboring regions,request-87-0-415
strain on neighboring regions,resource conflicts,request-87-0-416
resource conflicts,increased competition for water,request-87-0-417
increased competition for water,reduced water quality,request-87-0-418
reduced water quality,health problems related to water scarcity,request-87-0-419
health problems related to water scarcity,increased incidence of waterborne diseases,request-87-0-420
increased incidence of waterborne diseases,dehydration and heatrelated illnesses,request-87-0-421
dehydration and heatrelated illnesses,waterrelated injuries,request-87-0-422
waterrelated injuries,increased frequency of wildfires,request-87-0-423
increased frequency of wildfires,loss of vegetation,request-87-0-424
loss of vegetation,reduced soil moisture,request-87-0-425
reduced soil moisture,decreased agricultural productivity,request-87-0-426
decreased agricultural productivity,food insecurity,request-87-0-427
food insecurity,increased food prices,request-87-0-428
increased food prices,economic stress on populations,request-87-0-429
economic stress on populations,reduced agricultural output,request-87-0-430
reduced agricultural output,increased food insecurity,request-87-0-431
increased food insecurity,social unrest,request-87-0-432
social unrest,political instability,request-87-0-433
political instability,conflicts over water resources,request-87-0-434
conflicts over water resources,migration due to water scarcity,request-87-0-435
migration due to water scarcity,environmental refugees,request-87-0-436
environmental refugees,strain on neighboring regions,request-87-0-437
strain on neighboring regions,resource conflicts,request-87-0-438
resource conflicts,increased competition for water,request-87-0-439
increased competition for water,reduced water quality,request-87-0-440
reduced water quality,health problems related to water scarcity,request-87-0-441
health problems related to water scarcity,increased incidence of waterborne diseases,request-87-0-442
increased incidence of waterborne diseases,dehydration and heatrelated illnesses,request-87-0-443
dehydration and heatrelated illnesses,waterrelated injuries,request-87-0-444
waterrelated injuries,increased frequency of wildfires,request-87-0-445
increased frequency of wildfires,loss of vegetation,request-87-0-446
loss of vegetation,reduced soil moisture,request-87-0-447
reduced soil moisture,decreased agricultural productivity,request-87-0-448
decreased agricultural productivity,food insecurity,request-87-0-449
food insecurity,increased food prices,request-87-0-450
increased food prices,economic stress on populations,request-87-0-451
economic stress on populations,reduced agricultural output,request-87-0-452
reduced agricultural output,increased food insecurity,request-87-0-453
increased food insecurity,social unrest,request-87-0-454
social unrest,political instability,request-87-0-455
political instability,conflicts over water resources,request-87-0-456
conflicts over water resources,migration due to water scarcity,request-87-0-457
migration due to water scarcity,environmental refugees,request-87-0-458
environmental refugees,strain on neighboring regions,request-87-0-459
strain on neighboring regions,resource conflicts,request-87-0-460
resource conflicts,increased competition for water,request-87-0-461
increased competition for water,reduced water quality,request-87-0-462
reduced water quality,health problems related to water scarcity,request-87-0-463
health problems related to water scarcity,increased incidence of waterborne diseases,request-87-0-464
increased incidence of waterborne diseases,dehydration and heatrelated illnesses,request-87-0-465
dehydration and heatrelated illnesses,waterrelated injuries,request-87-0-466
waterrelated injuries,increased frequency of wildfires,request-87-0-467
increased frequency of wildfires,loss of vegetation,request-87-0-468
loss of vegetation,reduced soil moisture,request-87-0-469
reduced soil moisture,decreased agricultural productivity,request-87-0-470
decreased agricultural productivity,food insecurity,request-87-0-471
food insecurity,increased food prices,request-87-0-472
increased food prices,economic stress on populations,request-87-0-473
economic stress on populations,reduced agricultural output,request-87-0-474
reduced agricultural output,increased food insecurity,request-87-0-475
increased food insecurity,social unrest,request-87-0-476
social unrest,political instability,request-87-0-477
political instability,conflicts over water resources,request-87-0-478
conflicts over water resources,migration due to water scarcity,request-87-0-479
migration due to water scarcity,environmental refugees,request-87-0-480
environmental refugees,strain on neighboring regions,request-87-0-481
strain on neighboring regions,resource conflicts,request-87-0-482
resource conflicts,increased competition for water,request-87-0-483
increased competition for water,reduced water quality,request-87-0-484
reduced water quality,health problems related to water scarcity,request-87-0-485
health problems related to water scarcity,increased incidence of waterborne diseases,request-87-0-486
increased incidence of waterborne diseases,dehydration and heatrelated illnesses,request-87-0-487
dehydration and heatrelated illnesses,waterrelated injuries,request-87-0-488
waterrelated injuries,increased frequency of wildfires,request-87-0-489
increased frequency of wildfires,loss of vegetation,request-87-0-490
loss of vegetation,reduced soil moisture,request-87-0-491
reduced soil moisture,decreased agricultural productivity,request-87-0-492
decreased agricultural productivity,food insecurity,request-87-0-493
food insecurity,increased food prices,request-87-0-494
increased food prices,economic stress on populations,request-87-0-495
economic stress on populations,reduced agricultural output,request-87-0-496
reduced agricultural output,increased food insecurity,request-87-0-497
increased food insecurity,social unrest,request-87-0-498
social unrest,political instability,request-87-0-499
political instability,conflicts over water resources,request-87-0-500
conflicts over water resources,migration due to water scarcity,request-87-0-501
migration due to water scarcity,environmental refugees,request-87-0-502
environmental refugees,<<<<<<<<<<<to<<<<<<<<<<<<<<<<<<<<<<<<<<<<<<<<<<<<<<<<<<<<<<<<<<<<<<<<<<<<<<<<<<<<<<<<<<<<<<<<<<<<<<<<,request-87-0-503
rising global temperatures,melting polar ice caps,request-88-0-0
melting polar ice caps,sea level rise,request-88-0-1
sea level rise,increased coastal flooding,request-88-0-2
increased coastal flooding,flooding in coastal areas,request-88-0-3
increased greenhouse gas emissions,global warming,request-88-1-0
global warming,higher atmospheric temperatures,request-88-1-1
higher atmospheric temperatures,intensified weather patterns,request-88-1-2
intensified weather patterns,heavy rainfall events,request-88-1-3
heavy rainfall events,ground saturation,request-88-1-4
ground saturation,increased runoff,request-88-1-5
increased runoff,flooding in river basins,request-88-1-6
deforestation,reduction in carbon sequestration,request-88-2-0
reduction in carbon sequestration,higher atmospheric co2 levels,request-88-2-1
higher atmospheric co2 levels,global warming,request-88-2-2
global warming,rising global temperatures,request-88-2-3
rising global temperatures,melting polar ice caps,request-88-2-4
melting polar ice caps,sea level rise,request-88-2-5
sea level rise,increased coastal flooding,request-88-2-6
increased coastal flooding,flooding in coastal areas,request-88-2-7
urbanization,increased impervious surfaces,request-88-3-0
increased impervious surfaces,reduced natural water absorption,request-88-3-1
reduced natural water absorption,increased runoff,request-88-3-2
increased runoff,flooding in urban areas,request-88-3-3
flooding in urban areas,flooding in surrounding areas,request-88-3-4
overexploitation of water resources,depletion of freshwater supplies,request-88-4-0
depletion of freshwater supplies,increased water stress,request-88-4-1
increased water stress,increased frequency of droughts,request-88-4-2
increased frequency of droughts,reduced soil moisture,request-88-4-3
reduced soil moisture,increased runoff during rain events,request-88-4-4
increased runoff during rain events,flooding in droughtprone areas,request-88-4-5
extreme weather events,heavy rainfall,request-88-5-0
heavy rainfall,increased runoff,request-88-5-1
increased runoff,flooding in affected regions,request-88-5-2
climate change,altered precipitation patterns,request-88-6-0
altered precipitation patterns,increased rainfall intensity,request-88-6-1
increased rainfall intensity,increased runoff,request-88-6-2
increased runoff,flooding in affected regions,request-88-6-3
cars produce emissions,emissions contribute to air pollution,request-89-0-0
emissions contribute to air pollution,air pollution,request-89-0-1
air pollution,greenhouse gases trap heat in the atmosphere,request-89-0-2
greenhouse gases trap heat in the atmosphere,increased heat accelerates global warming,request-89-0-3
increased heat accelerates global warming,global warming results in climate change,request-89-0-4
cars require fossil fuels,fossil fuels are extracted,request-89-1-0
fossil fuels are extracted,extraction disrupts ecosystems,request-89-1-1
extraction disrupts ecosystems,disrupted ecosystems release carbon dioxide,request-89-1-2
disrupted ecosystems release carbon dioxide,carbon dioxide increases greenhouse effect,request-89-1-3
carbon dioxide increases greenhouse effect,increased greenhouse effect causes climate change,request-89-1-4
cars increase traffic congestion,traffic congestion,request-89-2-0
traffic congestion,longer idling times increase fuel consumption,request-89-2-1
longer idling times increase fuel consumption,increased fuel consumption raises carbon emissions,request-89-2-2
increased fuel consumption raises carbon emissions,carbon emissions contribute to air pollution,request-89-2-3
carbon emissions contribute to air pollution,air pollution exacerbates climate change,request-89-2-4
cars lead to urban sprawl,urban sprawl increases land use,request-89-3-0
urban sprawl increases land use,increased land use results in habitat destruction,request-89-3-1
increased land use results in habitat destruction,habitat destruction releases stored carbon,request-89-3-2
habitat destruction releases stored carbon,released carbon increases greenhouse gases,request-89-3-3
released carbon increases greenhouse gases,greenhouse gases contribute to climate change,request-89-3-4
global warming,increased temperatures affect,request-90-0-0
increased temperatures affect,crop yields decrease,request-90-0-1
crop yields decrease,droughts become more common,request-90-0-2
droughts become more common,water scarcity impacts,request-90-0-3
water scarcity impacts,agricultural productivity,request-90-0-4
agricultural productivity,food supply diminishes,request-90-0-5
food supply diminishes,rising demand for food persists,request-90-0-6
rising demand for food persists,prices for scarce fresh foods increase,request-90-0-7
climate change,altered weather patterns,request-91-0-0
altered weather patterns,reduced crop yields,request-91-0-1
reduced crop yields,limited food production,request-91-0-2
limited food production,decreased access to nutrients,request-91-0-3
decreased access to nutrients,malnutrition,request-91-0-4
malnutrition,cascades through nutrition,request-91-0-5
climate change,ocean acidification,request-91-1-0
ocean acidification,disrupted marine ecosystems,request-91-1-1
disrupted marine ecosystems,decline in fish populations,request-91-1-2
decline in fish populations,reduced availability of seafood,request-91-1-3
reduced availability of seafood,decreased intake of omega3 fatty acids,request-91-1-4
decreased intake of omega3 fatty acids,impaired brain function,request-91-1-5
impaired brain function,cascades through nutrition,request-91-1-6
climate change,heatwaves,request-91-2-0
heatwaves,dehydration,request-91-2-1
dehydration,impaired physical activity,request-91-2-2
impaired physical activity,reduced muscle function,request-91-2-3
reduced muscle function,decreased protein utilization,request-91-2-4
decreased protein utilization,impaired muscle repair,request-91-2-5
impaired muscle repair,cascades through nutrition,request-91-2-6
climate change,extreme weather events,request-91-3-0
extreme weather events,destruction of agricultural land,request-91-3-1
destruction of agricultural land,displacement of populations,request-91-3-2
displacement of populations,increased reliance on emergency food aid,request-91-3-3
increased reliance on emergency food aid,lower quality diets,request-91-3-4
lower quality diets,increased malnutrition,request-91-3-5
increased malnutrition,cascades through nutrition,request-91-3-6
rising global temperatures,melting polar ice caps,request-92-0-0
melting polar ice caps,rising sea levels,request-92-0-1
rising sea levels,flooding of coastal areas,request-92-0-2
flooding of coastal areas,displacement of populations,request-92-0-3
displacement of populations,increased stress and mental health issues,request-92-0-4
increased stress and mental health issues,spread of infectious diseases,request-92-0-5
spread of infectious diseases,strain on healthcare systems,request-92-0-6
strain on healthcare systems,reduced access to healthcare,request-92-0-7
reduced access to healthcare,increased mortality and morbidity,request-92-0-8
increased mortality and morbidity,health crises,request-92-0-9
rising global temperatures,"longer, more intense heatwaves",request-92-1-0
"longer, more intense heatwaves",heatrelated illnesses,request-92-1-1
heatrelated illnesses,dehydration and heat exhaustion,request-92-1-2
dehydration and heat exhaustion,increased hospital admissions for heatrelated conditions,request-92-1-3
increased hospital admissions for heatrelated conditions,overburdened healthcare systems,request-92-1-4
overburdened healthcare systems,reduced quality of healthcare,request-92-1-5
reduced quality of healthcare,higher mortality rates,request-92-1-6
higher mortality rates,health crises,request-92-1-7
rising global temperatures,changes in precipitation patterns,request-92-2-0
changes in precipitation patterns,increased frequency of droughts,request-92-2-1
increased frequency of droughts,water shortages,request-92-2-2
water shortages,food and water scarcity,request-92-2-3
food and water scarcity,malnutrition and food insecurity,request-92-2-4
malnutrition and food insecurity,increased susceptibility to diseases,request-92-2-5
increased susceptibility to diseases,health crises,request-92-2-6
rising global temperatures,increased carbon dioxide levels,request-92-3-0
increased carbon dioxide levels,ocean acidification,request-92-3-1
ocean acidification,coral bleaching,request-92-3-2
coral bleaching,loss of marine biodiversity,request-92-3-3
loss of marine biodiversity,impact on fishing communities,request-92-3-4
impact on fishing communities,economic hardship,request-92-3-5
economic hardship,increased stress and mental health issues,request-92-3-6
increased stress and mental health issues,spread of infectious diseases,request-92-3-7
spread of infectious diseases,strain on healthcare systems,request-92-3-8
strain on healthcare systems,reduced access to healthcare,request-92-3-9
reduced access to healthcare,increased mortality and morbidity,request-92-3-10
increased mortality and morbidity,health crises,request-92-3-11
rising global temperatures,increased frequency and intensity of storms,request-92-4-0
increased frequency and intensity of storms,destruction of infrastructure,request-92-4-1
destruction of infrastructure,loss of housing and displacement,request-92-4-2
loss of housing and displacement,increased stress and mental health issues,request-92-4-3
increased stress and mental health issues,spread of infectious diseases,request-92-4-4
spread of infectious diseases,strain on healthcare systems,request-92-4-5
strain on healthcare systems,reduced access to healthcare,request-92-4-6
reduced access to healthcare,increased mortality and morbidity,request-92-4-7
increased mortality and morbidity,health crises,request-92-4-8
rising global temperatures,changes in agricultural patterns,request-92-5-0
changes in agricultural patterns,crop failures,request-92-5-1
crop failures,food shortages,request-92-5-2
food shortages,increased malnutrition,request-92-5-3
increased malnutrition,weakened immune systems,request-92-5-4
weakened immune systems,spread of infectious diseases,request-92-5-5
spread of infectious diseases,strain on healthcare systems,request-92-5-6
strain on healthcare systems,reduced access to healthcare,request-92-5-7
reduced access to healthcare,increased mortality and morbidity,request-92-5-8
increased mortality and morbidity,health crises,request-92-5-9
climate change,rising sea levels,request-93-0-0
rising sea levels,flooding of coastal areas,request-93-0-1
flooding of coastal areas,displacement of coastal communities,request-93-0-2
displacement of coastal communities,loss of coastal jobs,request-93-0-3
loss of coastal jobs,decrease in tourism revenue,request-93-0-4
decrease in tourism revenue,reduction in employment opportunities,request-93-0-5
reduction in employment opportunities,unemployment,request-93-0-6
unemployment,decreased income,request-93-0-7
decreased income,increased poverty,request-93-0-8
increased poverty,economic downturn,request-93-0-9
economic downturn,cascades through employment,request-93-0-10
climate change,increased frequency of extreme weather events,request-93-1-0
increased frequency of extreme weather events,damage to infrastructure,request-93-1-1
damage to infrastructure,increased costs for repairs and maintenance,request-93-1-2
increased costs for repairs and maintenance,strain on government budgets,request-93-1-3
strain on government budgets,cutbacks in public services,request-93-1-4
cutbacks in public services,reduction in employment opportunities in public sector,request-93-1-5
reduction in employment opportunities in public sector,increased unemployment,request-93-1-6
increased unemployment,decreased income,request-93-1-7
decreased income,increased poverty,request-93-1-8
increased poverty,cascades through employment,request-93-1-9
climate change,decreased agricultural yields,request-93-2-0
decreased agricultural yields,food shortages,request-93-2-1
food shortages,increased food prices,request-93-2-2
increased food prices,higher cost of living,request-93-2-3
higher cost of living,reduced purchasing power,request-93-2-4
reduced purchasing power,job losses in agriculture and food distribution,request-93-2-5
job losses in agriculture and food distribution,increased unemployment,request-93-2-6
increased unemployment,decreased income,request-93-2-7
decreased income,increased poverty,request-93-2-8
increased poverty,cascades through employment,request-93-2-9
climate change,rising temperatures,request-93-3-0
rising temperatures,loss of biodiversity,request-93-3-1
loss of biodiversity,decline in ecosystem services,request-93-3-2
decline in ecosystem services,reduced agricultural productivity,request-93-3-3
reduced agricultural productivity,food shortages,request-93-3-4
food shortages,increased food prices,request-93-3-5
increased food prices,higher cost of living,request-93-3-6
higher cost of living,reduced purchasing power,request-93-3-7
reduced purchasing power,job losses in agriculture and food distribution,request-93-3-8
job losses in agriculture and food distribution,increased unemployment,request-93-3-9
increased unemployment,decreased income,request-93-3-10
decreased income,increased poverty,request-93-3-11
increased poverty,cascades through employment,request-93-3-12
global warming,melting ice caps,request-94-0-0
melting ice caps,rising sea levels,request-94-0-1
rising sea levels,flooding of coastal areas,request-94-0-2
flooding of coastal areas,displacement of populations,request-94-0-3
displacement of populations,strain on resources,request-94-0-4
strain on resources,increased migration,request-94-0-5
increased migration,pressure on urban infrastructure,request-94-0-6
pressure on urban infrastructure,economic disruptions,request-94-0-7
economic disruptions,supply chain issues,request-94-0-8
supply chain issues,inflation,request-94-0-9
inflation,economic instability,request-94-0-10
economic instability,cascades through economy,request-94-0-11
climate change,extreme weather events,request-94-1-0
extreme weather events,crop failures,request-94-1-1
crop failures,food shortages,request-94-1-2
food shortages,rising food prices,request-94-1-3
rising food prices,inflation,request-94-1-4
inflation,economic instability,request-94-1-5
economic instability,cascades through economy,request-94-1-6
climate change,loss of biodiversity,request-94-2-0
loss of biodiversity,disruption of ecosystems,request-94-2-1
disruption of ecosystems,impact on agriculture,request-94-2-2
impact on agriculture,reduced agricultural productivity,request-94-2-3
reduced agricultural productivity,food shortages,request-94-2-4
food shortages,rising food prices,request-94-2-5
rising food prices,inflation,request-94-2-6
inflation,economic instability,request-94-2-7
economic instability,cascades through economy,request-94-2-8
climate change,increase in frequency of natural disasters,request-94-3-0
increase in frequency of natural disasters,damage to infrastructure,request-94-3-1
damage to infrastructure,increased repair and reconstruction costs,request-94-3-2
increased repair and reconstruction costs,strain on government budgets,request-94-3-3
strain on government budgets,reduced public spending on other areas,request-94-3-4
reduced public spending on other areas,economic slowdown,request-94-3-5
economic slowdown,cascades through economy,request-94-3-6
climate change,increased energy demand for cooling,request-94-4-0
increased energy demand for cooling,strain on energy supply,request-94-4-1
strain on energy supply,energy shortages,request-94-4-2
energy shortages,increased energy prices,request-94-4-3
increased energy prices,inflation,request-94-4-4
inflation,economic instability,request-94-4-5
economic instability,cascades through economy,request-94-4-6
climate change,health impacts,request-94-5-0
health impacts,increased healthcare costs,request-94-5-1
increased healthcare costs,strain on public health systems,request-94-5-2
strain on public health systems,reduced workforce productivity,request-94-5-3
reduced workforce productivity,economic slowdown,request-94-5-4
economic slowdown,cascades through economy,request-94-5-5
climate change,loss of arable land,request-94-6-0
loss of arable land,reduction in agricultural output,request-94-6-1
reduction in agricultural output,higher food prices,request-94-6-2
higher food prices,inflation,request-94-6-3
inflation,economic instability,request-94-6-4
economic instability,cascades through economy,request-94-6-5
climate change,disruption of water supply,request-94-7-0
disruption of water supply,increased competition for water resources,request-94-7-1
increased competition for water resources,impact on agriculture and industry,request-94-7-2
impact on agriculture and industry,economic losses,request-94-7-3
economic losses,cascades through economy,request-94-7-4
mismanagement of god's work,neglect of environmental stewardship,request-95-0-0
neglect of environmental stewardship,deforestation,request-95-0-1
deforestation,loss of biodiversity,request-95-0-2
loss of biodiversity,disruption of ecological balance,request-95-0-3
disruption of ecological balance,increased greenhouse gas emissions,request-95-0-4
increased greenhouse gas emissions,global warming,request-95-0-5
global warming,climate change,request-95-0-6
mismanagement of god's work,industrial pollution,request-95-1-0
industrial pollution,air pollution,request-95-1-1
air pollution,ocean acidification,request-95-1-2
ocean acidification,melting polar ice caps,request-95-1-3
melting polar ice caps,rising sea levels,request-95-1-4
rising sea levels,climate change,request-95-1-5
mismanagement of god's work,overfishing,request-95-2-0
overfishing,collapse of fish populations,request-95-2-1
collapse of fish populations,disruption of marine ecosystems,request-95-2-2
disruption of marine ecosystems,altered ocean currents,request-95-2-3
altered ocean currents,climate change,request-95-2-4
mismanagement of god's work,unsustainable agriculture,request-95-3-0
unsustainable agriculture,soil degradation,request-95-3-1
soil degradation,desertification,request-95-3-2
desertification,loss of arable land,request-95-3-3
loss of arable land,food insecurity,request-95-3-4
food insecurity,climate change,request-95-3-5
industrialization,burning of fossil fuels,request-96-0-0
burning of fossil fuels,emissions of carbon dioxide,request-96-0-1
emissions of carbon dioxide,increase in greenhouse gases,request-96-0-2
increase in greenhouse gases,greenhouse gas concentrations rise,request-96-0-3
deforestation,reduction in carbon sequestration,request-96-1-0
reduction in carbon sequestration,increase in atmospheric carbon dioxide,request-96-1-1
increase in atmospheric carbon dioxide,greenhouse gas concentrations rise,request-96-1-2
urbanization,increased energy consumption,request-96-2-0
increased energy consumption,burning of fossil fuels,request-96-2-1
burning of fossil fuels,emissions of carbon dioxide,request-96-2-2
emissions of carbon dioxide,increase in greenhouse gases,request-96-2-3
increase in greenhouse gases,greenhouse gas concentrations rise,request-96-2-4
land use changes,release of stored carbon,request-96-3-0
release of stored carbon,increase in atmospheric carbon dioxide,request-96-3-1
increase in atmospheric carbon dioxide,greenhouse gas concentrations rise,request-96-3-2
farming practices,use of synthetic fertilizers,request-96-4-0
use of synthetic fertilizers,release of nitrous oxide,request-96-4-1
release of nitrous oxide,increase in greenhouse gases,request-96-4-2
increase in greenhouse gases,greenhouse gas concentrations rise,request-96-4-3
trade agreements with foreign countries,importation of agricultural products,request-97-0-0
importation of agricultural products,expansion of farmland for cultivation,request-97-0-1
expansion of farmland for cultivation,deforestation to clear land,request-97-0-2
foreign investments in mining,extraction of minerals from forests,request-97-1-0
extraction of minerals from forests,deforestation due to mining activities,request-97-1-1
foreign tourism,construction of resorts and hotels,request-97-2-0
construction of resorts and hotels,deforestation for infrastructure development,request-97-2-1
foreign military bases,land clearing for base construction,request-97-3-0
land clearing for base construction,deforestation for military infrastructure,request-97-3-1
foreign aid programs,implementation of largescale agricultural projects,request-97-4-0
implementation of largescale agricultural projects,conversion of forested areas to agricultural land,request-97-4-1
conversion of forested areas to agricultural land,deforestation for agricultural expansion,request-97-4-2
heavy rainfall,overflowing rivers,request-98-0-0
overflowing rivers,rising water levels,request-98-0-1
rising water levels,inundation of lowlying areas,request-98-0-2
inundation of lowlying areas,flooding,request-98-0-3
deforestation,increased runoff,request-98-1-0
increased runoff,overwhelmed drainage systems,request-98-1-1
overwhelmed drainage systems,rising water levels,request-98-1-2
rising water levels,flooding,request-98-1-3
construction of dams,altered water flow,request-98-2-0
altered water flow,blocked drainage channels,request-98-2-1
blocked drainage channels,overflowing rivers,request-98-2-2
overflowing rivers,flooding,request-98-2-3
intense storms,high winds,request-98-3-0
high winds,severe coastal erosion,request-98-3-1
severe coastal erosion,inundation of coastal areas,request-98-3-2
inundation of coastal areas,flooding,request-98-3-3
uncontrolled urban development,impermeable surfaces,request-98-4-0
impermeable surfaces,reduced natural water absorption,request-98-4-1
reduced natural water absorption,overwhelmed stormwater systems,request-98-4-2
overwhelmed stormwater systems,flooding,request-98-4-3
climate change,rising sea levels,request-98-5-0
rising sea levels,inundation of coastal areas,request-98-5-1
inundation of coastal areas,flooding,request-98-5-2
dam failure,sudden release of water,request-98-6-0
sudden release of water,overwhelmed downstream areas,request-98-6-1
overwhelmed downstream areas,flooding,request-98-6-2
deforestation,soil erosion,request-99-0-0
soil erosion,reduced root systems,request-99-0-1
reduced root systems,increased water runoff,request-99-0-2
increased water runoff,soil instability,request-99-0-3
soil instability,land sliding,request-99-0-4
deforestation,loss of tree cover,request-99-1-0
loss of tree cover,decreased soil moisture,request-99-1-1
decreased soil moisture,increased soil temperature,request-99-1-2
increased soil temperature,soil compaction,request-99-1-3
soil compaction,reduced soil cohesion,request-99-1-4
reduced soil cohesion,increased soil erosion,request-99-1-5
increased soil erosion,soil instability,request-99-1-6
soil instability,land sliding,request-99-1-7
deforestation,removal of vegetation,request-99-2-0
removal of vegetation,decreased soil nutrients,request-99-2-1
decreased soil nutrients,weakened soil structure,request-99-2-2
weakened soil structure,increased soil erosion,request-99-2-3
increased soil erosion,soil instability,request-99-2-4
soil instability,land sliding,request-99-2-5
deforestation,loss of tree roots,request-99-3-0
loss of tree roots,increased soil erosion,request-99-3-1
increased soil erosion,soil displacement,request-99-3-2
soil displacement,reduced soil stability,request-99-3-3
reduced soil stability,soil instability,request-99-3-4
soil instability,land sliding,request-99-3-5
deforestation,removal of vegetation,request-99-4-0
removal of vegetation,decreased soil fertility,request-99-4-1
decreased soil fertility,increased soil erosion,request-99-4-2
increased soil erosion,soil displacement,request-99-4-3
soil displacement,soil instability,request-99-4-4
soil instability,land sliding,request-99-4-5
deforestation,loss of tree cover,request-99-5-0
loss of tree cover,decreased soil moisture,request-99-5-1
decreased soil moisture,increased soil erosion,request-99-5-2
increased soil erosion,soil displacement,request-99-5-3
soil displacement,reduced soil stability,request-99-5-4
reduced soil stability,soil instability,request-99-5-5
soil instability,land sliding,request-99-5-6
deforestation,removal of vegetation,request-99-6-0
removal of vegetation,decreased soil fertility,request-99-6-1
decreased soil fertility,increased soil erosion,request-99-6-2
increased soil erosion,soil displacement,request-99-6-3
soil displacement,soil instability,request-99-6-4
soil instability,land sliding,request-99-6-5
rise in global temperatures,melting of glaciers and ice caps,request-100-0-0
melting of glaciers and ice caps,sea level rise,request-100-0-1
sea level rise,increased coastal erosion,request-100-0-2
increased coastal erosion,altered weather patterns,request-100-0-3
altered weather patterns,increased rainfall in certain regions,request-100-0-4
increased rainfall in certain regions,soil saturation from heavy rains,request-100-0-5
soil saturation from heavy rains,decreased soil stability,request-100-0-6
decreased soil stability,increased risk of landslides,request-100-0-7
increased risk of landslides,land sliding,request-100-0-8
melting of glaciers,rising sea levels,request-101-0-0
rising sea levels,increased pressure on coastal slopes,request-101-0-1
increased pressure on coastal slopes,land sliding,request-101-0-2
melting of glaciers,thawing of permafrost,request-101-1-0
thawing of permafrost,ground instability,request-101-1-1
ground instability,land sliding,request-101-1-2
melting of glaciers,increased water flow in rivers,request-101-2-0
increased water flow in rivers,soil erosion,request-101-2-1
soil erosion,land sliding,request-101-2-2
melting of glaciers,reduction in mountain snowpack,request-101-3-0
reduction in mountain snowpack,decreased support for mountain slopes,request-101-3-1
decreased support for mountain slopes,land sliding,request-101-3-2
heavy rainfall,soil saturation,request-102-0-0
soil saturation,reduced soil cohesion,request-102-0-1
reduced soil cohesion,soil erosion,request-102-0-2
soil erosion,increased water runoff,request-102-0-3
increased water runoff,undermining of soil base,request-102-0-4
undermining of soil base,land sliding,request-102-0-5
deforestation,removal of vegetation,request-102-1-0
removal of vegetation,loss of root structure,request-102-1-1
loss of root structure,increased soil erosion,request-102-1-2
increased soil erosion,degradation of soil stability,request-102-1-3
degradation of soil stability,soil erosion,request-102-1-4
soil erosion,exposure of soil layers,request-102-1-5
exposure of soil layers,increased water infiltration,request-102-1-6
increased water infiltration,soil saturation,request-102-1-7
soil saturation,reduced soil cohesion,request-102-1-8
reduced soil cohesion,soil erosion,request-102-1-9
soil erosion,increased water runoff,request-102-1-10
increased water runoff,undermining of soil base,request-102-1-11
undermining of soil base,land sliding,request-102-1-12
overgrazing,excessive vegetation removal,request-102-2-0
excessive vegetation removal,loss of soil cover,request-102-2-1
loss of soil cover,increased soil erosion,request-102-2-2
increased soil erosion,degradation of soil structure,request-102-2-3
degradation of soil structure,soil erosion,request-102-2-4
soil erosion,exposure of soil layers,request-102-2-5
exposure of soil layers,increased water infiltration,request-102-2-6
increased water infiltration,soil saturation,request-102-2-7
soil saturation,reduced soil cohesion,request-102-2-8
reduced soil cohesion,soil erosion,request-102-2-9
soil erosion,increased water runoff,request-102-2-10
increased water runoff,undermining of soil base,request-102-2-11
undermining of soil base,land sliding,request-102-2-12
construction activities,disturbance of soil,request-102-3-0
disturbance of soil,loss of soil structure,request-102-3-1
loss of soil structure,increased soil erosion,request-102-3-2
increased soil erosion,soil erosion,request-102-3-3
soil erosion,exposure of soil layers,request-102-3-4
exposure of soil layers,increased water infiltration,request-102-3-5
increased water infiltration,soil saturation,request-102-3-6
soil saturation,reduced soil cohesion,request-102-3-7
reduced soil cohesion,soil erosion,request-102-3-8
soil erosion,increased water runoff,request-102-3-9
increased water runoff,undermining of soil base,request-102-3-10
undermining of soil base,land sliding,request-102-3-11
intensive agriculture,repeated soil tillage,request-102-4-0
repeated soil tillage,loss of soil structure,request-102-4-1
loss of soil structure,increased soil erosion,request-102-4-2
increased soil erosion,soil erosion,request-102-4-3
soil erosion,exposure of soil layers,request-102-4-4
exposure of soil layers,increased water infiltration,request-102-4-5
increased water infiltration,soil saturation,request-102-4-6
soil saturation,reduced soil cohesion,request-102-4-7
reduced soil cohesion,soil erosion,request-102-4-8
soil erosion,increased water runoff,request-102-4-9
increased water runoff,undermining of soil base,request-102-4-10
undermining of soil base,land sliding,request-102-4-11
uncontrolled logging,removal of trees,request-102-5-0
removal of trees,loss of root structure,request-102-5-1
loss of root structure,increased soil erosion,request-102-5-2
increased soil erosion,soil erosion,request-102-5-3
soil erosion,exposure of soil layers,request-102-5-4
exposure of soil layers,increased water infiltration,request-102-5-5
increased water infiltration,soil saturation,request-102-5-6
soil saturation,reduced soil cohesion,request-102-5-7
reduced soil cohesion,soil erosion,request-102-5-8
soil erosion,increased water runoff,request-102-5-9
increased water runoff,undermining of soil base,request-102-5-10
undermining of soil base,land sliding,request-102-5-11
wildfires,loss of vegetation,request-102-6-0
loss of vegetation,loss of root structure,request-102-6-1
loss of root structure,increased soil erosion,request-102-6-2
increased soil erosion,soil erosion,request-102-6-3
soil erosion,exposure of soil layers,request-102-6-4
exposure of soil layers,increased water infiltration,request-102-6-5
increased water infiltration,soil saturation,request-102-6-6
soil saturation,reduced soil cohesion,request-102-6-7
reduced soil cohesion,soil erosion,request-102-6-8
soil erosion,increased water runoff,request-102-6-9
increased water runoff,undermining of soil base,request-102-6-10
undermining of soil base,land sliding,request-102-6-11
mining activities,disturbance of soil,request-102-7-0
disturbance of soil,loss of soil structure,request-102-7-1
loss of soil structure,increased soil erosion,request-102-7-2
increased soil erosion,soil erosion,request-102-7-3
soil erosion,exposure of soil layers,request-102-7-4
exposure of soil layers,increased water infiltration,request-102-7-5
increased water infiltration,soil saturation,request-102-7-6
soil saturation,reduced soil cohesion,request-102-7-7
reduced soil cohesion,soil erosion,request-102-7-8
soil erosion,increased water runoff,request-102-7-9
increased water runoff,undermining of soil base,request-102-7-10
undermining of soil base,land sliding,request-102-7-11
urbanization,construction and paving,request-102-8-0
construction and paving,loss of natural vegetation,request-102-8-1
loss of natural vegetation,increased soil erosion,request-102-8-2
increased soil erosion,soil erosion,request-102-8-3
soil erosion,exposure of soil layers,request-102-8-4
exposure of soil layers,increased water infiltration,request-102-8-5
increased water infiltration,soil saturation,request-102-8-6
soil saturation,reduced soil cohesion,request-102-8-7
reduced soil cohesion,soil erosion,request-102-8-8
soil erosion,increased water runoff,request-102-8-9
increased water runoff,undermining of soil base,request-102-8-10
undermining of soil base,land sliding,request-102-8-11
earthquakes,shaking of the ground,request-103-0-0
shaking of the ground,weakening of soil structure,request-103-0-1
weakening of soil structure,loss of soil cohesion,request-103-0-2
loss of soil cohesion,formation of cracks in the ground,request-103-0-3
formation of cracks in the ground,accumulation of water in the cracks,request-103-0-4
accumulation of water in the cracks,increased pore water pressure,request-103-0-5
increased pore water pressure,reduction in effective stress,request-103-0-6
reduction in effective stress,loss of shear strength,request-103-0-7
loss of shear strength,formation of landslides,request-103-0-8
formation of landslides,land sliding,request-103-0-9
deforestation,loss of vegetation,request-104-0-0
loss of vegetation,reduction in soil stability,request-104-0-1
reduction in soil stability,increased soil erosion,request-104-0-2
increased soil erosion,sedimentation in rivers,request-104-0-3
sedimentation in rivers,rivers filled with mud,request-104-0-4
deforestation,loss of tree cover,request-104-1-0
loss of tree cover,increased rainfall runoff,request-104-1-1
increased rainfall runoff,higher sediment load in rivers,request-104-1-2
higher sediment load in rivers,rivers filled with mud,request-104-1-3
deforestation,removal of root systems,request-104-2-0
removal of root systems,increased soil displacement,request-104-2-1
increased soil displacement,heavy rains cause soil to wash into rivers,request-104-2-2
heavy rains cause soil to wash into rivers,rivers filled with mud,request-104-2-3
deforestation,loss of trees,request-104-3-0
loss of trees,altered river flow patterns,request-104-3-1
altered river flow patterns,accumulation of sediment in rivers,request-104-3-2
accumulation of sediment in rivers,rivers filled with mud,request-104-3-3
industrialization increases greenhouse gas emissions,greenhouse gas emissions trap more heat in the atmosphere,request-105-0-0
greenhouse gas emissions trap more heat in the atmosphere,more heat trapped in the atmosphere raises global temperatures,request-105-0-1
more heat trapped in the atmosphere raises global temperatures,rising global temperatures cause glaciers and ice caps to melt,request-105-0-2
rising global temperatures cause glaciers and ice caps to melt,melting glaciers and ice caps contribute to sea level rise,request-105-0-3
melting glaciers and ice caps contribute to sea level rise,sea level rise,request-105-0-4
sea level rise,increased flooding in coastal areas erodes riverbanks,request-105-0-5
increased flooding in coastal areas erodes riverbanks,eroded riverbanks cause rivers to change course,request-105-0-6
eroded riverbanks cause rivers to change course,rivers changing course,request-105-0-7
rivers changing course,deposition of sediments fills riverbeds with mud,request-105-0-8
deposition of sediments fills riverbeds with mud,rivers filled with mud result in rivers filled with mud,request-105-0-9
melting of glaciers,rivers increase in volume,request-106-0-0
rivers increase in volume,rivers overflow their banks,request-106-0-1
rivers overflow their banks,water flows into valleys,request-106-0-2
water flows into valleys,valleys become filled with water,request-106-0-3
valleys become filled with water,water erodes soil and rock,request-106-0-4
water erodes soil and rock,soil and rock are carried by water,request-106-0-5
soil and rock are carried by water,soil and rock accumulate in riverbeds,request-106-0-6
soil and rock accumulate in riverbeds,rivers become muddy,request-106-0-7
rivers become muddy,rivers filled with mud,request-106-0-8
melting of glaciers,rivers swell with meltwater,request-106-1-0
rivers swell with meltwater,rivers overflow due to increased water volume,request-106-1-1
rivers overflow due to increased water volume,overflowing water floods surrounding areas,request-106-1-2
overflowing water floods surrounding areas,floodwaters deposit sediment in riverbeds,request-106-1-3
floodwaters deposit sediment in riverbeds,rivers become filled with sediment,request-106-1-4
rivers become filled with sediment,rivers filled with mud,request-106-1-5
melting of glaciers,glacial meltwater enters rivers,request-106-2-0
glacial meltwater enters rivers,increased water flow in rivers,request-106-2-1
increased water flow in rivers,rivers erode riverbanks and valley sides,request-106-2-2
rivers erode riverbanks and valley sides,eroded material is transported by rivers,request-106-2-3
eroded material is transported by rivers,rivers deposit sediment in riverbeds,request-106-2-4
rivers deposit sediment in riverbeds,rivers become filled with sediment,request-106-2-5
rivers become filled with sediment,rivers filled with mud,request-106-2-6
melting of glaciers,glacial meltwater enters lakes and reservoirs,request-106-3-0
glacial meltwater enters lakes and reservoirs,increased water levels in lakes and reservoirs,request-106-3-1
increased water levels in lakes and reservoirs,overflowing lakes and reservoirs cause flooding,request-106-3-2
overflowing lakes and reservoirs cause flooding,floodwaters erode riverbanks and valley sides,request-106-3-3
floodwaters erode riverbanks and valley sides,eroded material is transported by rivers,request-106-3-4
eroded material is transported by rivers,rivers become filled with sediment from floodwaters,request-106-3-5
rivers become filled with sediment from floodwaters,rivers filled with mud,request-106-3-6
heavy rainfall,soil washed away,request-107-0-0
soil washed away,vegetation roots weakened,request-107-0-1
vegetation roots weakened,topsoil eroded,request-107-0-2
topsoil eroded,soil erosion,request-107-0-3
soil erosion,riverbanks destabilized,request-107-0-4
riverbanks destabilized,sediment carried into rivers,request-107-0-5
sediment carried into rivers,rivers filled with mud,request-107-0-6
deforestation,soil exposed,request-107-1-0
soil exposed,heavy rainfall,request-107-1-1
heavy rainfall,soil washed away,request-107-1-2
soil washed away,vegetation roots weakened,request-107-1-3
vegetation roots weakened,topsoil eroded,request-107-1-4
topsoil eroded,soil erosion,request-107-1-5
soil erosion,riverbanks destabilized,request-107-1-6
riverbanks destabilized,sediment carried into rivers,request-107-1-7
sediment carried into rivers,rivers filled with mud,request-107-1-8
overgrazing by livestock,vegetation consumed,request-107-2-0
vegetation consumed,soil exposed,request-107-2-1
soil exposed,heavy rainfall,request-107-2-2
heavy rainfall,soil washed away,request-107-2-3
soil washed away,vegetation roots weakened,request-107-2-4
vegetation roots weakened,topsoil eroded,request-107-2-5
topsoil eroded,soil erosion,request-107-2-6
soil erosion,riverbanks destabilized,request-107-2-7
riverbanks destabilized,sediment carried into rivers,request-107-2-8
sediment carried into rivers,rivers filled with mud,request-107-2-9
construction activities,soil disturbed,request-107-3-0
soil disturbed,heavy rainfall,request-107-3-1
heavy rainfall,soil washed away,request-107-3-2
soil washed away,vegetation roots weakened,request-107-3-3
vegetation roots weakened,topsoil eroded,request-107-3-4
topsoil eroded,soil erosion,request-107-3-5
soil erosion,riverbanks destabilized,request-107-3-6
riverbanks destabilized,sediment carried into rivers,request-107-3-7
sediment carried into rivers,rivers filled with mud,request-107-3-8
poor agricultural practices,soil compacted,request-107-4-0
soil compacted,heavy rainfall,request-107-4-1
heavy rainfall,soil washed away,request-107-4-2
soil washed away,vegetation roots weakened,request-107-4-3
vegetation roots weakened,topsoil eroded,request-107-4-4
topsoil eroded,soil erosion,request-107-4-5
soil erosion,riverbanks destabilized,request-107-4-6
riverbanks destabilized,sediment carried into rivers,request-107-4-7
sediment carried into rivers,rivers filled with mud,request-107-4-8
climate change,increased rainfall intensity,request-107-5-0
increased rainfall intensity,heavy rainfall,request-107-5-1
heavy rainfall,soil washed away,request-107-5-2
soil washed away,vegetation roots weakened,request-107-5-3
vegetation roots weakened,topsoil eroded,request-107-5-4
topsoil eroded,soil erosion,request-107-5-5
soil erosion,riverbanks destabilized,request-107-5-6
riverbanks destabilized,sediment carried into rivers,request-107-5-7
sediment carried into rivers,rivers filled with mud,request-107-5-8
earthquakes,shaking of the ground,request-108-0-0
shaking of the ground,displacement of sediments,request-108-0-1
displacement of sediments,deposition of sediments in riverbeds,request-108-0-2
deposition of sediments in riverbeds,rivers filled with mud,request-108-0-3
earthquakes,groundwater uplift,request-108-1-0
groundwater uplift,flooding of river valleys,request-108-1-1
flooding of river valleys,rivers filled with mud,request-108-1-2
earthquakes,seismic activity,request-108-2-0
seismic activity,release of underground water,request-108-2-1
release of underground water,rivers filled with mud,request-108-2-2
earthquakes,cracking of rock,request-108-3-0
cracking of rock,release of trapped water,request-108-3-1
release of trapped water,rivers filled with mud,request-108-3-2
earthquakes,liquefaction,request-108-4-0
liquefaction,loss of soil strength,request-108-4-1
loss of soil strength,rivers filled with mud,request-108-4-2
deforestation,loss of vegetation,request-109-0-0
loss of vegetation,reduction in soil stability,request-109-0-1
reduction in soil stability,increased soil erosion,request-109-0-2
increased soil erosion,sedimentation of waterways,request-109-0-3
sedimentation of waterways,altered water flow,request-109-0-4
altered water flow,formation of new water channels,request-109-0-5
formation of new water channels,accumulation of organic material,request-109-0-6
accumulation of organic material,creation of wetlands,request-109-0-7
creation of wetlands,development of stagnant water bodies,request-109-0-8
development of stagnant water bodies,formation of silt and mud,request-109-0-9
formation of silt and mud,canals filled with mud,request-109-0-10
deforestation,loss of tree cover,request-109-1-0
loss of tree cover,exposure of soil to sunlight,request-109-1-1
exposure of soil to sunlight,increase in soil temperature,request-109-1-2
increase in soil temperature,decomposition of organic matter,request-109-1-3
decomposition of organic matter,release of nutrients into the soil,request-109-1-4
release of nutrients into the soil,change in soil composition,request-109-1-5
change in soil composition,increased soil moisture,request-109-1-6
increased soil moisture,formation of waterlogged areas,request-109-1-7
formation of waterlogged areas,development of mudrich channels,request-109-1-8
development of mudrich channels,canals filled with mud,request-109-1-9
deforestation,removal of trees,request-109-2-0
removal of trees,exposure of soil surface,request-109-2-1
exposure of soil surface,increased runoff,request-109-2-2
increased runoff,transportation of sediments,request-109-2-3
transportation of sediments,deposition of sediments in lowlying areas,request-109-2-4
deposition of sediments in lowlying areas,formation of mud deposits,request-109-2-5
formation of mud deposits,expansion of mudfilled channels,request-109-2-6
expansion of mudfilled channels,canals filled with mud,request-109-2-7
industrial revolution,increase in greenhouse gas emissions,request-110-0-0
increase in greenhouse gas emissions,rise in global temperatures,request-110-0-1
rise in global temperatures,melting of polar ice caps,request-110-0-2
melting of polar ice caps,sea level rise,request-110-0-3
sea level rise,flooding of coastal areas,request-110-0-4
flooding of coastal areas,expansion of tidal marshes,request-110-0-5
expansion of tidal marshes,creation of new waterways,request-110-0-6
creation of new waterways,canals filled with mud,request-110-0-7
deforestation,loss of carbon sinks,request-110-1-0
loss of carbon sinks,rise in global temperatures,request-110-1-1
rise in global temperatures,increased soil erosion,request-110-1-2
increased soil erosion,sedimentation in rivers,request-110-1-3
sedimentation in rivers,formation of new landmasses,request-110-1-4
formation of new landmasses,canals filled with mud,request-110-1-5
burning of fossil fuels,increase in greenhouse gas emissions,request-110-2-0
increase in greenhouse gas emissions,rise in global temperatures,request-110-2-1
rise in global temperatures,desertification,request-110-2-2
desertification,formation of new rivers,request-110-2-3
formation of new rivers,canals filled with mud,request-110-2-4
urbanization,heat island effect,request-110-3-0
heat island effect,rise in global temperatures,request-110-3-1
rise in global temperatures,altered precipitation patterns,request-110-3-2
altered precipitation patterns,changes in river courses,request-110-3-3
changes in river courses,canals filled with mud,request-110-3-4
melting of glaciers,rising sea levels,request-111-0-0
rising sea levels,flooding of lowlying coastal areas,request-111-0-1
flooding of lowlying coastal areas,inundation of freshwater sources,request-111-0-2
inundation of freshwater sources,formation of new waterways,request-111-0-3
formation of new waterways,creation of sediment deposits,request-111-0-4
creation of sediment deposits,accumulation of mud and debris,request-111-0-5
accumulation of mud and debris,canals filled with mud,request-111-0-6
melting of glaciers,increased precipitation,request-111-1-0
increased precipitation,heavy rainfall,request-111-1-1
heavy rainfall,overflow of rivers and streams,request-111-1-2
overflow of rivers and streams,flooding of rivers,request-111-1-3
flooding of rivers,carrying of sediment downstream,request-111-1-4
carrying of sediment downstream,deposition of sediment in riverbeds and valleys,request-111-1-5
deposition of sediment in riverbeds and valleys,formation of mudfilled channels,request-111-1-6
formation of mudfilled channels,canals filled with mud,request-111-1-7
melting of glaciers,glacial meltwater flow,request-111-2-0
glacial meltwater flow,formation of glacial lakes,request-111-2-1
formation of glacial lakes,overflow of glacial lakes,request-111-2-2
overflow of glacial lakes,carrying of sediment into the lakes,request-111-2-3
carrying of sediment into the lakes,deposition of sediment in the lakes,request-111-2-4
deposition of sediment in the lakes,creation of mudfilled channels,request-111-2-5
creation of mudfilled channels,canals filled with mud,request-111-2-6
melting of glaciers,increased water flow in rivers,request-111-3-0
increased water flow in rivers,erosion of riverbanks,request-111-3-1
erosion of riverbanks,transport of sediment,request-111-3-2
transport of sediment,deposition of sediment in riverbeds,request-111-3-3
deposition of sediment in riverbeds,formation of mudfilled channels,request-111-3-4
formation of mudfilled channels,canals filled with mud,request-111-3-5
melting of glaciers,increased water flow in streams,request-111-4-0
increased water flow in streams,erosion of stream banks,request-111-4-1
erosion of stream banks,transport of sediment,request-111-4-2
transport of sediment,deposition of sediment in streambeds,request-111-4-3
deposition of sediment in streambeds,formation of mudfilled channels,request-111-4-4
formation of mudfilled channels,canals filled with mud,request-111-4-5
melting of glaciers,increased water flow in lakes,request-111-5-0
increased water flow in lakes,erosion of lake shores,request-111-5-1
erosion of lake shores,transport of sediment,request-111-5-2
transport of sediment,deposition of sediment in lakebeds,request-111-5-3
deposition of sediment in lakebeds,formation of mudfilled channels,request-111-5-4
formation of mudfilled channels,canals filled with mud,request-111-5-5
heavy rainfall,soil erosion,request-112-0-0
soil erosion,rivers overflowing,request-112-0-1
rivers overflowing,canals filled with mud,request-112-0-2
deforestation,soil erosion,request-112-1-0
soil erosion,rivers overflowing,request-112-1-1
rivers overflowing,canals filled with mud,request-112-1-2
overgrazing by livestock,soil erosion,request-112-2-0
soil erosion,rivers overflowing,request-112-2-1
rivers overflowing,canals filled with mud,request-112-2-2
construction activities,soil erosion,request-112-3-0
soil erosion,rivers overflowing,request-112-3-1
rivers overflowing,canals filled with mud,request-112-3-2
flooding,soil erosion,request-112-4-0
soil erosion,rivers overflowing,request-112-4-1
rivers overflowing,canals filled with mud,request-112-4-2
earthquakes,shaking of the ground,request-113-0-0
shaking of the ground,collapse of buildings,request-113-0-1
collapse of buildings,disruption of water systems,request-113-0-2
disruption of water systems,water flooding the canals,request-113-0-3
water flooding the canals,canals filled with mud,request-113-0-4
canals filled with mud,earthquakes,request-113-0-5
earthquakes,release of seismic energy,request-113-0-6
release of seismic energy,cracking of roads,request-113-0-7
cracking of roads,obstruction of waterways,request-113-0-8
obstruction of waterways,accumulation of mud in canals,request-113-0-9
accumulation of mud in canals,canals filled with mud,request-113-0-10
canals filled with mud,earthquakes,request-113-0-11
earthquakes,ground shaking,request-113-0-12
ground shaking,damaging of canal structures,request-113-0-13
damaging of canal structures,backflow of water,request-113-0-14
backflow of water,canals filled with mud,request-113-0-15
canals filled with mud,earthquakes,request-113-0-16
earthquakes,ground shaking,request-113-0-17
ground shaking,disruption of sewage systems,request-113-0-18
disruption of sewage systems,backflow of sewage,request-113-0-19
backflow of sewage,canals filled with mud,request-113-0-20
canals filled with mud,earthquakes,request-113-0-21
earthquakes,ground shaking,request-113-0-22
ground shaking,destruction of water treatment facilities,request-113-0-23
destruction of water treatment facilities,contamination of water supplies,request-113-0-24
contamination of water supplies,water stagnation in canals,request-113-0-25
water stagnation in canals,canals filled with mud,request-113-0-26
deforestation,loss of vegetation,request-114-0-0
loss of vegetation,increased soil erosion,request-114-0-1
increased soil erosion,loss of soil nutrients,request-114-0-2
loss of soil nutrients,reduced water retention,request-114-0-3
reduced water retention,increased runoff,request-114-0-4
increased runoff,altered river courses,request-114-0-5
altered river courses,formation of sediment,request-114-0-6
formation of sediment,construction of dams,request-114-0-7
construction of dams,accumulation of mud in dams,request-114-0-8
deforestation,loss of vegetation,request-114-1-0
loss of vegetation,increased soil erosion,request-114-1-1
increased soil erosion,reduced soil fertility,request-114-1-2
reduced soil fertility,altered land use,request-114-1-3
altered land use,construction of dams,request-114-1-4
construction of dams,sedimentation in dam reservoirs,request-114-1-5
sedimentation in dam reservoirs,accumulation of mud in dams,request-114-1-6
deforestation,loss of habitat for animals,request-114-2-0
loss of habitat for animals,disruption of local ecosystems,request-114-2-1
disruption of local ecosystems,changes in water flow patterns,request-114-2-2
changes in water flow patterns,formation of sediment,request-114-2-3
formation of sediment,construction of dams,request-114-2-4
construction of dams,sedimentation in dam reservoirs,request-114-2-5
sedimentation in dam reservoirs,accumulation of mud in dams,request-114-2-6
deforestation,loss of vegetation,request-114-3-0
loss of vegetation,increased soil erosion,request-114-3-1
increased soil erosion,formation of sediment,request-114-3-2
formation of sediment,construction of dams,request-114-3-3
construction of dams,altered river courses,request-114-3-4
altered river courses,sedimentation in dam reservoirs,request-114-3-5
sedimentation in dam reservoirs,accumulation of mud in dams,request-114-3-6
industrialization,burning of fossil fuels,request-115-0-0
burning of fossil fuels,increase in greenhouse gas emissions,request-115-0-1
increase in greenhouse gas emissions,global warming,request-115-0-2
global warming,rising global temperatures,request-115-0-3
rising global temperatures,melting of polar ice caps,request-115-0-4
melting of polar ice caps,sea level rise,request-115-0-5
sea level rise,altered weather patterns,request-115-0-6
altered weather patterns,destruction of wetlands,request-115-0-7
destruction of wetlands,loss of biodiversity,request-115-0-8
loss of biodiversity,increased soil erosion,request-115-0-9
increased soil erosion,degradation of agricultural land,request-115-0-10
degradation of agricultural land,changes in water availability,request-115-0-11
changes in water availability,increased sedimentation in rivers,request-115-0-12
increased sedimentation in rivers,formation of silt and mud,request-115-0-13
formation of silt and mud,dams filled with mud,request-115-0-14
deforestation,loss of tree cover,request-115-1-0
loss of tree cover,reduction in carbon sequestration,request-115-1-1
reduction in carbon sequestration,increase in atmospheric co2 levels,request-115-1-2
increase in atmospheric co2 levels,global warming,request-115-1-3
global warming,rising global temperatures,request-115-1-4
rising global temperatures,melting of permafrost,request-115-1-5
melting of permafrost,release of methane,request-115-1-6
release of methane,further increase in greenhouse gases,request-115-1-7
further increase in greenhouse gases,global temperature rise,request-115-1-8
global temperature rise,increased glacial melting,request-115-1-9
increased glacial melting,higher sediment flow in rivers,request-115-1-10
higher sediment flow in rivers,formation of silt and mud,request-115-1-11
formation of silt and mud,dams filled with mud,request-115-1-12
expansion of urban areas,urban heat island effect,request-115-2-0
urban heat island effect,increase in local temperatures,request-115-2-1
increase in local temperatures,altered local climate,request-115-2-2
altered local climate,changes in precipitation patterns,request-115-2-3
changes in precipitation patterns,increased runoff,request-115-2-4
increased runoff,higher sediment load in rivers,request-115-2-5
higher sediment load in rivers,formation of silt and mud,request-115-2-6
formation of silt and mud,dams filled with mud,request-115-2-7
mining activities,removal of vegetation,request-115-3-0
removal of vegetation,exposure of soil,request-115-3-1
exposure of soil,increased erosion,request-115-3-2
increased erosion,higher sediment load in rivers,request-115-3-3
higher sediment load in rivers,formation of silt and mud,request-115-3-4
formation of silt and mud,dams filled with mud,request-115-3-5
construction projects,excavation and land clearing,request-115-4-0
excavation and land clearing,exposure of soil,request-115-4-1
exposure of soil,increased erosion,request-115-4-2
increased erosion,higher sediment load in rivers,request-115-4-3
higher sediment load in rivers,formation of silt and mud,request-115-4-4
formation of silt and mud,dams filled with mud,request-115-4-5
overgrazing by livestock,destruction of vegetation cover,request-115-5-0
destruction of vegetation cover,increased soil erosion,request-115-5-1
increased soil erosion,higher sediment load in rivers,request-115-5-2
higher sediment load in rivers,formation of silt and mud,request-115-5-3
formation of silt and mud,dams filled with mud,request-115-5-4
natural disasters,disruption of soil structure,request-115-6-0
disruption of soil structure,increased erosion,request-115-6-1
increased erosion,higher sediment load in rivers,request-115-6-2
higher sediment load in rivers,formation of silt and mud,request-115-6-3
formation of silt and mud,dams filled with mud,request-115-6-4
climate change,altered precipitation patterns,request-115-7-0
altered precipitation patterns,increased runoff,request-115-7-1
increased runoff,higher sediment load in rivers,request-115-7-2
higher sediment load in rivers,formation of silt and mud,request-115-7-3
formation of silt and mud,dams filled with mud,request-115-7-4
melting of glaciers,rising sea levels,request-116-0-0
rising sea levels,increased coastal erosion,request-116-0-1
increased coastal erosion,destruction of coastal habitats,request-116-0-2
destruction of coastal habitats,displacement of human populations,request-116-0-3
displacement of human populations,construction of coastal defense structures,request-116-0-4
construction of coastal defense structures,altered river flows,request-116-0-5
altered river flows,increased sediment load in rivers,request-116-0-6
increased sediment load in rivers,accumulation of sediment in river deltas,request-116-0-7
accumulation of sediment in river deltas,change in river courses,request-116-0-8
change in river courses,formation of new river channels,request-116-0-9
formation of new river channels,changes in groundwater levels,request-116-0-10
changes in groundwater levels,increased soil moisture,request-116-0-11
increased soil moisture,altered vegetation patterns,request-116-0-12
altered vegetation patterns,changes in wildlife habitats,request-116-0-13
changes in wildlife habitats,increased soil erosion,request-116-0-14
increased soil erosion,deposition of sediments in valleys,request-116-0-15
deposition of sediments in valleys,changes in land use patterns,request-116-0-16
changes in land use patterns,construction of new settlements,request-116-0-17
construction of new settlements,changes in agricultural practices,request-116-0-18
changes in agricultural practices,altered water management strategies,request-116-0-19
altered water management strategies,increased demand for irrigation,request-116-0-20
increased demand for irrigation,changes in water allocation,request-116-0-21
changes in water allocation,depletion of freshwater resources,request-116-0-22
depletion of freshwater resources,increased reliance on alternative water sources,request-116-0-23
increased reliance on alternative water sources,construction of water storage facilities,request-116-0-24
construction of water storage facilities,changes in water distribution networks,request-116-0-25
changes in water distribution networks,altered hydrological cycles,request-116-0-26
altered hydrological cycles,changes in precipitation patterns,request-116-0-27
changes in precipitation patterns,changes in snowmelt patterns,request-116-0-28
changes in snowmelt patterns,altered water availability in rivers,request-116-0-29
altered water availability in rivers,changes in river flow regimes,request-116-0-30
changes in river flow regimes,altered sediment transport,request-116-0-31
altered sediment transport,changes in sediment deposition,request-116-0-32
changes in sediment deposition,formation of new sediment deposits,request-116-0-33
formation of new sediment deposits,changes in riverbed morphology,request-116-0-34
changes in riverbed morphology,altered river dynamics,request-116-0-35
altered river dynamics,changes in river flow velocity,request-116-0-36
changes in river flow velocity,altered river erosion patterns,request-116-0-37
altered river erosion patterns,changes in riverbank stability,request-116-0-38
changes in riverbank stability,altered riverbank vegetation,request-116-0-39
altered riverbank vegetation,changes in riverbank erosion rates,request-116-0-40
changes in riverbank erosion rates,increased riverbank collapse,request-116-0-41
increased riverbank collapse,increased sediment transport into rivers,request-116-0-42
increased sediment transport into rivers,changes in river sediment loads,request-116-0-43
changes in river sediment loads,altered river sedimentation patterns,request-116-0-44
altered river sedimentation patterns,changes in riverbed sedimentation,request-116-0-45
changes in riverbed sedimentation,altered riverbed stability,request-116-0-46
altered riverbed stability,changes in riverbed erosion,request-116-0-47
changes in riverbed erosion,altered riverbed morphology,request-116-0-48
altered riverbed morphology,changes in riverbed sedimentation,request-116-0-49
changes in riverbed sedimentation,changes in riverbed vegetation,request-116-0-50
changes in riverbed vegetation,altered riverbed erosion patterns,request-116-0-51
altered riverbed erosion patterns,increased riverbed collapse,request-116-0-52
increased riverbed collapse,increased sediment transport into rivers,request-116-0-53
increased sediment transport into rivers,changes in river sediment loads,request-116-0-54
changes in river sediment loads,altered river sedimentation patterns,request-116-0-55
altered river sedimentation patterns,changes in riverbed sedimentation,request-116-0-56
changes in riverbed sedimentation,altered riverbed stability,request-116-0-57
altered riverbed stability,changes in riverbed erosion,request-116-0-58
changes in riverbed erosion,altered riverbed morphology,request-116-0-59
altered riverbed morphology,changes in riverbed vegetation,request-116-0-60
changes in riverbed vegetation,altered riverbed erosion patterns,request-116-0-61
altered riverbed erosion patterns,increased riverbed collapse,request-116-0-62
increased riverbed collapse,increased sediment transport into rivers,request-116-0-63
increased sediment transport into rivers,changes in river sediment loads,request-116-0-64
changes in river sediment loads,altered river sedimentation patterns,request-116-0-65
altered river sedimentation patterns,changes in riverbed sedimentation,request-116-0-66
changes in riverbed sedimentation,altered riverbed stability,request-116-0-67
altered riverbed stability,changes in riverbed erosion,request-116-0-68
changes in riverbed erosion,altered riverbed morphology,request-116-0-69
altered riverbed morphology,changes in riverbed vegetation,request-116-0-70
changes in riverbed vegetation,altered riverbed erosion patterns,request-116-0-71
altered riverbed erosion patterns,increased riverbed collapse,request-116-0-72
increased riverbed collapse,increased sediment transport into rivers,request-116-0-73
increased sediment transport into rivers,changes in river sediment loads,request-116-0-74
changes in river sediment loads,altered river sedimentation patterns,request-116-0-75
altered river sedimentation patterns,changes in riverbed sedimentation,request-116-0-76
changes in riverbed sedimentation,altered riverbed stability,request-116-0-77
altered riverbed stability,changes in riverbed erosion,request-116-0-78
changes in riverbed erosion,altered riverbed morphology,request-116-0-79
altered riverbed morphology,changes in riverbed vegetation,request-116-0-80
changes in riverbed vegetation,altered riverbed erosion patterns,request-116-0-81
altered riverbed erosion patterns,increased riverbed collapse,request-116-0-82
increased riverbed collapse,increased sediment transport into rivers,request-116-0-83
increased sediment transport into rivers,changes in river sediment loads,request-116-0-84
changes in river sediment loads,altered river sedimentation patterns,request-116-0-85
altered river sedimentation patterns,changes in riverbed sedimentation,request-116-0-86
changes in riverbed sedimentation,altered riverbed stability,request-116-0-87
altered riverbed stability,changes in riverbed erosion,request-116-0-88
changes in riverbed erosion,altered riverbed morphology,request-116-0-89
altered riverbed morphology,changes in riverbed vegetation,request-116-0-90
changes in riverbed vegetation,altered riverbed erosion patterns,request-116-0-91
altered riverbed erosion patterns,increased riverbed collapse,request-116-0-92
increased riverbed collapse,increased sediment transport into rivers,request-116-0-93
increased sediment transport into rivers,changes in river sediment loads,request-116-0-94
changes in river sediment loads,altered river sedimentation patterns,request-116-0-95
altered river sedimentation patterns,changes in riverbed sedimentation,request-116-0-96
changes in riverbed sedimentation,altered riverbed stability,request-116-0-97
altered riverbed stability,changes in riverbed erosion,request-116-0-98
changes in riverbed erosion,altered riverbed morphology,request-116-0-99
altered riverbed morphology,changes in riverbed vegetation,request-116-0-100
changes in riverbed vegetation,altered riverbed erosion patterns,request-116-0-101
altered riverbed erosion patterns,increased riverbed collapse,request-116-0-102
increased riverbed collapse,increased sediment transport into rivers,request-116-0-103
increased sediment transport into rivers,changes in river sediment loads,request-116-0-104
changes in river sediment loads,altered river sedimentation patterns,request-116-0-105
altered river sedimentation patterns,changes in riverbed sedimentation,request-116-0-106
changes in riverbed sedimentation,altered riverbed stability,request-116-0-107
altered riverbed stability,changes in riverbed erosion,request-116-0-108
changes in riverbed erosion,altered riverbed morphology,request-116-0-109
altered riverbed morphology,changes in riverbed vegetation,request-116-0-110
changes in riverbed vegetation,altered riverbed erosion patterns,request-116-0-111
altered riverbed erosion patterns,increased riverbed collapse,request-116-0-112
increased riverbed collapse,increased sediment transport into rivers,request-116-0-113
increased sediment transport into rivers,changes in river sediment loads,request-116-0-114
changes in river sediment loads,altered river sedimentation patterns,request-116-0-115
altered river sedimentation patterns,changes in riverbed sedimentation,request-116-0-116
changes in riverbed sedimentation,altered riverbed stability,request-116-0-117
altered riverbed stability,changes in riverbed erosion,request-116-0-118
changes in riverbed erosion,altered riverbed morphology,request-116-0-119
altered riverbed morphology,changes in riverbed vegetation,request-116-0-120
changes in riverbed vegetation,altered riverbed erosion patterns,request-116-0-121
altered riverbed erosion patterns,increased riverbed collapse,request-116-0-122
increased riverbed collapse,increased sediment transport into rivers,request-116-0-123
increased sediment transport into rivers,changes in river sediment loads,request-116-0-124
changes in river sediment loads,altered river sedimentation patterns,request-116-0-125
altered river sedimentation patterns,changes in riverbed sedimentation,request-116-0-126
changes in riverbed sedimentation,altered riverbed stability,request-116-0-127
altered riverbed stability,changes in riverbed erosion,request-116-0-128
changes in riverbed erosion,altered riverbed morphology,request-116-0-129
altered riverbed morphology,changes in riverbed vegetation,request-116-0-130
changes in riverbed vegetation,altered riverbed erosion patterns,request-116-0-131
altered riverbed erosion patterns,increased riverbed collapse,request-116-0-132
increased riverbed collapse,increased sediment transport into rivers,request-116-0-133
increased sediment transport into rivers,changes in river sediment loads,request-116-0-134
changes in river sediment loads,altered river sedimentation patterns,request-116-0-135
altered river sedimentation patterns,changes in riverbed sedimentation,request-116-0-136
changes in riverbed sedimentation,altered riverbed stability,request-116-0-137
altered riverbed stability,changes in riverbed erosion,request-116-0-138
changes in riverbed erosion,altered riverbed morphology,request-116-0-139
altered riverbed morphology,changes in riverbed vegetation,request-116-0-140
changes in riverbed vegetation,altered riverbed erosion patterns,request-116-0-141
altered riverbed erosion patterns,increased riverbed collapse,request-116-0-142
increased riverbed collapse,increased sediment transport into rivers,request-116-0-143
increased sediment transport into rivers,changes in river sediment loads,request-116-0-144
changes in river sediment loads,altered river sedimentation patterns,request-116-0-145
altered river sedimentation patterns,changes in riverbed sedimentation,request-116-0-146
changes in riverbed sedimentation,altered riverbed stability,request-116-0-147
altered riverbed stability,changes in riverbed erosion,request-116-0-148
changes in riverbed erosion,altered riverbed morphology,request-116-0-149
altered riverbed morphology,changes in riverbed vegetation,request-116-0-150
changes in riverbed vegetation,altered riverbed erosion patterns,request-116-0-151
altered riverbed erosion patterns,increased riverbed collapse,request-116-0-152
increased riverbed collapse,increased sediment transport into rivers,request-116-0-153
increased sediment transport into rivers,changes in river sediment loads,request-116-0-154
changes in river sediment loads,altered river sedimentation patterns,request-116-0-155
altered river sedimentation patterns,changes in riverbed sedimentation,request-116-0-156
changes in riverbed sedimentation,altered riverbed stability,request-116-0-157
altered riverbed stability,changes in riverbed erosion,request-116-0-158
changes in riverbed erosion,altered riverbed morphology,request-116-0-159
altered riverbed morphology,changes in riverbed vegetation,request-116-0-160
changes in riverbed vegetation,altered riverbed erosion patterns,request-116-0-161
altered riverbed erosion patterns,increased riverbed collapse,request-116-0-162
increased riverbed collapse,increased sediment transport into rivers,request-116-0-163
increased sediment transport into rivers,changes in river sediment loads,request-116-0-164
changes in river sediment loads,altered river sedimentation patterns,request-116-0-165
altered river sedimentation patterns,changes in riverbed sedimentation,request-116-0-166
changes in riverbed sedimentation,altered riverbed stability,request-116-0-167
altered riverbed stability,changes in riverbed erosion,request-116-0-168
changes in riverbed erosion,altered riverbed morphology,request-116-0-169
altered riverbed morphology,changes in riverbed vegetation,request-116-0-170
changes in riverbed vegetation,altered riverbed erosion patterns,request-116-0-171
altered riverbed erosion patterns,increased riverbed collapse,request-116-0-172
increased riverbed collapse,increased sediment transport into rivers,request-116-0-173
increased sediment transport into rivers,changes in river sediment loads,request-116-0-174
changes in river sediment loads,altered river sedimentation patterns,request-116-0-175
altered river sedimentation patterns,changes in riverbed sedimentation,request-116-0-176
changes in riverbed sedimentation,altered riverbed stability,request-116-0-177
altered riverbed stability,changes in riverbed erosion,request-116-0-178
changes in riverbed erosion,altered riverbed morphology,request-116-0-179
altered riverbed morphology,changes in riverbed vegetation,request-116-0-180
changes in riverbed vegetation,altered riverbed erosion patterns,request-116-0-181
altered riverbed erosion patterns,increased riverbed collapse,request-116-0-182
increased riverbed collapse,increased sediment transport into rivers,request-116-0-183
increased sediment transport into rivers,changes in river sediment loads,request-116-0-184
changes in river sediment loads,altered river sedimentation patterns,request-116-0-185
altered river sedimentation patterns,changes in riverbed sedimentation,request-116-0-186
changes in riverbed sedimentation,altered riverbed stability,request-116-0-187
altered riverbed stability,changes in riverbed erosion,request-116-0-188
changes in riverbed erosion,altered riverbed morphology,request-116-0-189
altered riverbed morphology,changes in riverbed vegetation,request-116-0-190
changes in riverbed vegetation,altered riverbed erosion patterns,request-116-0-191
altered riverbed erosion patterns,increased riverbed collapse,request-116-0-192
increased riverbed collapse,increased sediment transport into rivers,request-116-0-193
increased sediment transport into rivers,changes in river sediment loads,request-116-0-194
changes in river sediment loads,altered river sedimentation patterns,request-116-0-195
altered river sedimentation patterns,changes in riverbed sedimentation,request-116-0-196
changes in riverbed sedimentation,altered riverbed stability,request-116-0-197
altered riverbed stability,changes in riverbed erosion,request-116-0-198
changes in riverbed erosion,altered riverbed morphology,request-116-0-199
altered riverbed morphology,changes in riverbed vegetation,request-116-0-200
changes in riverbed vegetation,altered riverbed erosion patterns,request-116-0-201
altered riverbed erosion patterns,increased riverbed collapse,request-116-0-202
increased riverbed collapse,increased sediment transport into rivers,request-116-0-203
increased sediment transport into rivers,changes in river sediment loads,request-116-0-204
changes in river sediment loads,altered river sedimentation patterns,request-116-0-205
altered river sedimentation patterns,changes in riverbed sedimentation,request-116-0-206
changes in riverbed sedimentation,altered riverbed stability,request-116-0-207
altered riverbed stability,changes in riverbed erosion,request-116-0-208
changes in riverbed erosion,altered riverbed morphology,request-116-0-209
altered riverbed morphology,changes in riverbed vegetation,request-116-0-210
changes in riverbed vegetation,altered riverbed erosion patterns,request-116-0-211
altered riverbed erosion patterns,increased riverbed collapse,request-116-0-212
increased riverbed collapse,increased sediment transport into rivers,request-116-0-213
increased sediment transport into rivers,changes in river sediment loads,request-116-0-214
changes in river sediment loads,altered river sedimentation patterns,request-116-0-215
altered river sedimentation patterns,changes in riverbed sedimentation,request-116-0-216
changes in riverbed sedimentation,altered riverbed stability,request-116-0-217
altered riverbed stability,changes in riverbed erosion,request-116-0-218
changes in riverbed erosion,altered riverbed morphology,request-116-0-219
altered riverbed morphology,changes in riverbed vegetation,request-116-0-220
changes in riverbed vegetation,altered riverbed erosion patterns,request-116-0-221
altered riverbed erosion patterns,increased riverbed collapse,request-116-0-222
increased riverbed collapse,increased sediment transport into rivers,request-116-0-223
increased sediment transport into rivers,changes in river sediment loads,request-116-0-224
changes in river sediment loads,altered river sedimentation patterns,request-116-0-225
altered river sedimentation patterns,changes in riverbed sedimentation,request-116-0-226
changes in riverbed sedimentation,altered riverbed stability,request-116-0-227
altered riverbed stability,changes in riverbed erosion,request-116-0-228
changes in riverbed erosion,altered riverbed morphology,request-116-0-229
altered riverbed morphology,changes in riverbed vegetation,request-116-0-230
changes in riverbed vegetation,altered riverbed erosion patterns,request-116-0-231
altered riverbed erosion patterns,increased riverbed collapse,request-116-0-232
increased riverbed collapse,increased sediment transport into rivers,request-116-0-233
increased sediment transport into rivers,changes in river sediment loads,request-116-0-234
changes in river sediment loads,altered river sedimentation patterns,request-116-0-235
altered river sedimentation patterns,changes in riverbed sedimentation,request-116-0-236
changes in riverbed sedimentation,altered riverbed stability,request-116-0-237
altered riverbed stability,changes in riverbed erosion,request-116-0-238
changes in riverbed erosion,altered riverbed morphology,request-116-0-239
altered riverbed morphology,changes in riverbed vegetation,request-116-0-240
changes in riverbed vegetation,altered riverbed erosion patterns,request-116-0-241
altered riverbed erosion patterns,increased riverbed collapse,request-116-0-242
increased riverbed collapse,increased sediment transport into rivers,request-116-0-243
increased sediment transport into rivers,changes in river sediment loads,request-116-0-244
changes in river sediment loads,altered river sedimentation patterns,request-116-0-245
altered river sedimentation patterns,changes in riverbed sedimentation,request-116-0-246
changes in riverbed sedimentation,altered riverbed stability,request-116-0-247
altered riverbed stability,changes in riverbed erosion,request-116-0-248
changes in riverbed erosion,altered riverbed morphology,request-116-0-249
altered riverbed morphology,changes in riverbed vegetation,request-116-0-250
changes in riverbed vegetation,altered riverbed erosion patterns,request-116-0-251
altered riverbed erosion patterns,increased riverbed collapse,request-116-0-252
increased riverbed collapse,increased sediment transport into rivers,request-116-0-253
increased sediment transport into rivers,changes in river sediment loads,request-116-0-254
changes in river sediment loads,altered river sedimentation patterns,request-116-0-255
altered river sedimentation patterns,changes in riverbed sedimentation,request-116-0-256
changes in riverbed sedimentation,altered riverbed stability,request-116-0-257
altered riverbed stability,changes in riverbed erosion,request-116-0-258
changes in riverbed erosion,altered riverbed morphology,request-116-0-259
altered riverbed morphology,changes in riverbed vegetation,request-116-0-260
changes in riverbed vegetation,altered riverbed erosion patterns,request-116-0-261
altered riverbed erosion patterns,increased riverbed collapse,request-116-0-262
increased riverbed collapse,increased sediment transport into rivers,request-116-0-263
increased sediment transport into rivers,changes in river sediment loads,request-116-0-264
changes in river sediment loads,altered river sedimentation patterns,request-116-0-265
altered river sedimentation patterns,changes in riverbed sedimentation,request-116-0-266
changes in riverbed sedimentation,altered riverbed stability,request-116-0-267
altered riverbed stability,changes in riverbed erosion,request-116-0-268
changes in riverbed erosion,altered riverbed morphology,request-116-0-269
altered riverbed morphology,changes in riverbed vegetation,request-116-0-270
changes in riverbed vegetation,altered riverbed erosion patterns,request-116-0-271
altered riverbed erosion patterns,increased riverbed collapse,request-116-0-272
increased riverbed collapse,increased sediment transport into rivers,request-116-0-273
increased sediment transport into rivers,changes in river sediment loads,request-116-0-274
changes in river sediment loads,altered river sedimentation patterns,request-116-0-275
altered river sedimentation patterns,changes in riverbed sedimentation,request-116-0-276
changes in riverbed sedimentation,altered riverbed stability,request-116-0-277
altered riverbed stability,changes in riverbed erosion,request-116-0-278
changes in riverbed erosion,altered riverbed morphology,request-116-0-279
altered riverbed morphology,changes in riverbed vegetation,request-116-0-280
changes in riverbed vegetation,altered riverbed erosion patterns,request-116-0-281
altered riverbed erosion patterns,increased riverbed collapse,request-116-0-282
increased riverbed collapse,increased sediment transport into rivers,request-116-0-283
increased sediment transport into rivers,changes in river sediment loads,request-116-0-284
changes in river sediment loads,altered river sedimentation patterns,request-116-0-285
altered river sedimentation patterns,changes in riverbed sedimentation,request-116-0-286
changes in riverbed sedimentation,altered riverbed stability,request-116-0-287
altered riverbed stability,changes in riverbed erosion,request-116-0-288
changes in riverbed erosion,altered riverbed morphology,request-116-0-289
altered riverbed morphology,changes in riverbed vegetation,request-116-0-290
changes in riverbed vegetation,altered riverbed erosion patterns,request-116-0-291
altered riverbed erosion patterns,increased riverbed collapse,request-116-0-292
increased riverbed collapse,increased sediment transport into rivers,request-116-0-293
increased sediment transport into rivers,changes in river sediment loads,request-116-0-294
changes in river sediment loads,altered river sedimentation patterns,request-116-0-295
altered river sedimentation patterns,changes in riverbed sedimentation,request-116-0-296
changes in riverbed sedimentation,altered riverbed stability,request-116-0-297
altered riverbed stability,changes in riverbed erosion,request-116-0-298
changes in riverbed erosion,altered riverbed morphology,request-116-0-299
altered riverbed morphology,changes in riverbed vegetation,request-116-0-300
changes in riverbed vegetation,altered riverbed erosion patterns,request-116-0-301
altered riverbed erosion patterns,increased riverbed collapse,request-116-0-302
increased riverbed collapse,increased sediment transport into rivers,request-116-0-303
increased sediment transport into rivers,changes in river sediment loads,request-116-0-304
changes in river sediment loads,altered river sedimentation patterns,request-116-0-305
altered river sedimentation patterns,changes in riverbed sedimentation,request-116-0-306
changes in riverbed sedimentation,altered riverbed stability,request-116-0-307
altered riverbed stability,changes in riverbed erosion,request-116-0-308
changes in riverbed erosion,altered riverbed morphology,request-116-0-309
altered riverbed morphology,changes in riverbed vegetation,request-116-0-310
changes in riverbed vegetation,altered riverbed erosion patterns,request-116-0-311
altered riverbed erosion patterns,increased riverbed collapse,request-116-0-312
increased riverbed collapse,increased sediment transport into rivers,request-116-0-313
increased sediment transport into rivers,changes in river sediment loads,request-116-0-314
changes in river sediment loads,altered river sedimentation patterns,request-116-0-315
altered river sedimentation patterns,changes in riverbed sedimentation,request-116-0-316
changes in riverbed sedimentation,altered riverbed stability,request-116-0-317
altered riverbed stability,changes in riverbed erosion,request-116-0-318
changes in riverbed erosion,altered riverbed morphology,request-116-0-319
altered riverbed morphology,changes in riverbed vegetation,request-116-0-320
changes in riverbed vegetation,altered riverbed erosion patterns,request-116-0-321
altered riverbed erosion patterns,increased riverbed collapse,request-116-0-322
increased riverbed collapse,increased sediment transport into rivers,request-116-0-323
increased sediment transport into rivers,changes in river sediment loads,request-116-0-324
changes in river sediment loads,altered river sedimentation patterns,request-116-0-325
altered river sedimentation patterns,changes in riverbed sedimentation,request-116-0-326
changes in riverbed sedimentation,altered riverbed stability,request-116-0-327
altered riverbed stability,changes in riverbed erosion,request-116-0-328
changes in riverbed erosion,altered riverbed morphology,request-116-0-329
altered riverbed morphology,changes in riverbed vegetation,request-116-0-330
changes in riverbed vegetation,altered riverbed erosion patterns,request-116-0-331
altered riverbed erosion patterns,increased riverbed collapse,request-116-0-332
increased riverbed collapse,increased sediment transport into rivers,request-116-0-333
increased sediment transport into rivers,changes in river sediment loads,request-116-0-334
changes in river sediment loads,altered river sedimentation patterns,request-116-0-335
altered river sedimentation patterns,changes in riverbed sedimentation,request-116-0-336
changes in riverbed sedimentation,altered riverbed stability,request-116-0-337
altered riverbed stability,changes in riverbed erosion,request-116-0-338
changes in riverbed erosion,altered riverbed morphology,request-116-0-339
altered riverbed morphology,changes in riverbed vegetation,request-116-0-340
changes in riverbed vegetation,altered riverbed erosion patterns,request-116-0-341
altered riverbed erosion patterns,increased riverbed collapse,request-116-0-342
increased riverbed collapse,increased sediment transport into rivers,request-116-0-343
increased sediment transport into rivers,changes in river sediment loads,request-116-0-344
changes in river sediment loads,altered river sedimentation patterns,request-116-0-345
altered river sedimentation patterns,changes in riverbed sedimentation,request-116-0-346
changes in riverbed sedimentation,altered riverbed stability,request-116-0-347
altered riverbed stability,changes in riverbed erosion,request-116-0-348
changes in riverbed erosion,altered riverbed morphology,request-116-0-349
altered riverbed morphology,changes in riverbed vegetation,request-116-0-350
changes in riverbed vegetation,altered riverbed erosion patterns,request-116-0-351
altered riverbed erosion patterns,increased riverbed collapse,request-116-0-352
increased riverbed collapse,increased sediment transport into rivers,request-116-0-353
increased sediment transport into rivers,changes in river sediment loads,request-116-0-354
changes in river sediment loads,altered river sedimentation patterns,request-116-0-355
altered river sedimentation patterns,changes in riverbed sedimentation,request-116-0-356
changes in riverbed sedimentation,altered riverbed stability,request-116-0-357
altered riverbed stability,changes in riverbed erosion,request-116-0-358
changes in riverbed erosion,altered riverbed morphology,request-116-0-359
altered riverbed morphology,changes in riverbed vegetation,request-116-0-360
changes in riverbed vegetation,altered riverbed erosion patterns,request-116-0-361
altered riverbed erosion patterns,increased riverbed collapse,request-116-0-362
increased riverbed collapse,increased sediment transport into rivers,request-116-0-363
increased sediment transport into rivers,changes in river sediment loads,request-116-0-364
changes in river sediment loads,altered river sedimentation patterns,request-116-0-365
altered river sedimentation patterns,changes in riverbed sedimentation,request-116-0-366
changes in riverbed sedimentation,altered riverbed stability,request-116-0-367
altered riverbed stability,changes in riverbed erosion,request-116-0-368
changes in riverbed erosion,altered riverbed morphology,request-116-0-369
altered riverbed morphology,changes in riverbed vegetation,request-116-0-370
changes in riverbed vegetation,altered riverbed erosion patterns,request-116-0-371
altered riverbed erosion patterns,increased riverbed collapse,request-116-0-372
increased riverbed collapse,increased sediment transport into rivers,request-116-0-373
increased sediment transport into rivers,changes in river sediment loads,request-116-0-374
changes in river sediment loads,altered river sedimentation patterns,request-116-0-375
altered river sedimentation patterns,changes in riverbed sedimentation,request-116-0-376
changes in riverbed sedimentation,altered riverbed stability,request-116-0-377
altered riverbed stability,changes in riverbed erosion,request-116-0-378
changes in riverbed erosion,altered riverbed morphology,request-116-0-379
altered riverbed morphology,changes in riverbed vegetation,request-116-0-380
changes in riverbed vegetation,altered riverbed erosion patterns,request-116-0-381
altered riverbed erosion patterns,increased riverbed collapse,request-116-0-382
increased riverbed collapse,increased sediment transport into rivers,request-116-0-383
increased sediment transport into rivers,changes in river sediment loads,request-116-0-384
changes in river sediment loads,altered river sedimentation patterns,request-116-0-385
altered river sedimentation patterns,changes in riverbed sedimentation,request-116-0-386
changes in riverbed sedimentation,altered riverbed stability,request-116-0-387
altered riverbed stability,changes in riverbed erosion,request-116-0-388
changes in riverbed erosion,altered riverbed morphology,request-116-0-389
altered riverbed morphology,changes in riverbed vegetation,request-116-0-390
changes in riverbed vegetation,altered riverbed erosion patterns,request-116-0-391
altered riverbed erosion patterns,increased riverbed collapse,request-116-0-392
increased riverbed collapse,increased sediment transport into rivers,request-116-0-393
increased sediment transport into rivers,changes in river sediment loads,request-116-0-394
changes in river sediment loads,altered river sedimentation patterns,request-116-0-395
altered river sedimentation patterns,changes in riverbed sedimentation,request-116-0-396
changes in riverbed sedimentation,altered riverbed stability,request-116-0-397
altered riverbed stability,changes in riverbed erosion,request-116-0-398
changes in riverbed erosion,altered riverbed morphology,request-116-0-399
altered riverbed morphology,changes in riverbed vegetation,request-116-0-400
changes in riverbed vegetation,altered riverbed erosion patterns,request-116-0-401
altered riverbed erosion patterns,increased riverbed collapse,request-116-0-402
increased riverbed collapse,increased sediment transport into rivers,request-116-0-403
increased sediment transport into rivers,changes in river sediment loads,request-116-0-404
changes in river sediment loads,altered river sedimentation patterns,request-116-0-405
altered river sedimentation patterns,changes in riverbed sedimentation,request-116-0-406
changes in riverbed sedimentation,altered riverbed stability,request-116-0-407
altered riverbed stability,changes in riverbed erosion,request-116-0-408
changes in riverbed erosion,altered riverbed morphology,request-116-0-409
altered riverbed morphology,changes in riverbed vegetation,request-116-0-410
changes in riverbed vegetation,altered riverbed erosion patterns,request-116-0-411
altered riverbed erosion patterns,increased riverbed collapse,request-116-0-412
increased riverbed collapse,increased sediment transport into rivers,request-116-0-413
increased sediment transport into rivers,changes in river sediment loads,request-116-0-414
changes in river sediment loads,altered river sedimentation patterns,request-116-0-415
altered river sedimentation patterns,changes in riverbed sedimentation,request-116-0-416
changes in riverbed sedimentation,altered riverbed stability,request-116-0-417
altered riverbed stability,changes in riverbed erosion,request-116-0-418
changes in riverbed erosion,altered riverbed morphology,request-116-0-419
altered riverbed morphology,changes in riverbed vegetation,request-116-0-420
changes in riverbed vegetation,altered riverbed erosion patterns,request-116-0-421
altered riverbed erosion patterns,increased riverbed collapse,request-116-0-422
increased riverbed collapse,increased sediment transport into rivers,request-116-0-423
increased sediment transport into rivers,changes in river sediment loads,request-116-0-424
changes in river sediment loads,altered river sedimentation,request-116-0-425
heavy rainfall,soil erosion,request-117-0-0
soil erosion,rivers carrying sediment,request-117-0-1
rivers carrying sediment,construction of dams,request-117-0-2
construction of dams,accumulation of mud in dams,request-117-0-3
accumulation of mud in dams,dams filled with mud,request-117-0-4
deforestation,soil erosion,request-117-1-0
soil erosion,rivers carrying sediment,request-117-1-1
rivers carrying sediment,construction of dams,request-117-1-2
construction of dams,accumulation of mud in dams,request-117-1-3
accumulation of mud in dams,dams filled with mud,request-117-1-4
overgrazing,soil erosion,request-117-2-0
soil erosion,rivers carrying sediment,request-117-2-1
rivers carrying sediment,construction of dams,request-117-2-2
construction of dams,accumulation of mud in dams,request-117-2-3
accumulation of mud in dams,dams filled with mud,request-117-2-4
urbanization,soil erosion,request-117-3-0
soil erosion,rivers carrying sediment,request-117-3-1
rivers carrying sediment,construction of dams,request-117-3-2
construction of dams,accumulation of mud in dams,request-117-3-3
accumulation of mud in dams,dams filled with mud,request-117-3-4
mining activities,soil erosion,request-117-4-0
soil erosion,rivers carrying sediment,request-117-4-1
rivers carrying sediment,construction of dams,request-117-4-2
construction of dams,accumulation of mud in dams,request-117-4-3
accumulation of mud in dams,dams filled with mud,request-117-4-4
poor agricultural practices,soil erosion,request-117-5-0
soil erosion,rivers carrying sediment,request-117-5-1
rivers carrying sediment,construction of dams,request-117-5-2
construction of dams,accumulation of mud in dams,request-117-5-3
accumulation of mud in dams,dams filled with mud,request-117-5-4
earthquakes,shaking of the ground,request-118-0-0
shaking of the ground,structural damage to buildings,request-118-0-1
structural damage to buildings,compromised dam integrity,request-118-0-2
compromised dam integrity,dam breaches,request-118-0-3
dam breaches,release of water,request-118-0-4
release of water,water flowing down the river,request-118-0-5
water flowing down the river,riverbed erosion,request-118-0-6
riverbed erosion,accumulation of sediment,request-118-0-7
accumulation of sediment,blockage of water flow,request-118-0-8
blockage of water flow,formation of mud in the river,request-118-0-9
formation of mud in the river,river water filled with mud,request-118-0-10
river water filled with mud,dams filled with mud,request-118-0-11
earthquakes,seismic waves,request-118-1-0
seismic waves,ground shaking,request-118-1-1
ground shaking,foundation cracks,request-118-1-2
foundation cracks,dam cracks,request-118-1-3
dam cracks,dam leakage,request-118-1-4
dam leakage,water seeping into the dam,request-118-1-5
water seeping into the dam,water pressure increase,request-118-1-6
water pressure increase,dam wall collapse,request-118-1-7
dam wall collapse,water release,request-118-1-8
water release,riverbed erosion,request-118-1-9
riverbed erosion,sediment accumulation,request-118-1-10
sediment accumulation,water blockage,request-118-1-11
water blockage,formation of mud in the river,request-118-1-12
formation of mud in the river,river water filled with mud,request-118-1-13
river water filled with mud,dams filled with mud,request-118-1-14
earthquakes,ground shaking,request-118-2-0
ground shaking,dam foundation damage,request-118-2-1
dam foundation damage,dam wall instability,request-118-2-2
dam wall instability,dam collapse,request-118-2-3
dam collapse,water release,request-118-2-4
water release,riverbed erosion,request-118-2-5
riverbed erosion,sediment accumulation,request-118-2-6
sediment accumulation,water blockage,request-118-2-7
water blockage,formation of mud in the river,request-118-2-8
formation of mud in the river,river water filled with mud,request-118-2-9
river water filled with mud,dams filled with mud,request-118-2-10
earthquakes,ground shaking,request-118-3-0
ground shaking,dam foundation cracks,request-118-3-1
dam foundation cracks,dam leakage,request-118-3-2
dam leakage,water seeping into the dam,request-118-3-3
water seeping into the dam,water pressure increase,request-118-3-4
water pressure increase,dam wall collapse,request-118-3-5
dam wall collapse,water release,request-118-3-6
water release,riverbed erosion,request-118-3-7
riverbed erosion,sediment accumulation,request-118-3-8
sediment accumulation,water blockage,request-118-3-9
water blockage,formation of mud in the river,request-118-3-10
formation of mud in the river,river water filled with mud,request-118-3-11
river water filled with mud,dams filled with mud,request-118-3-12
unplanned urbanization,infrastructure development,request-119-0-0
infrastructure development,increased impermeable surfaces,request-119-0-1
increased impermeable surfaces,reduced natural water absorption,request-119-0-2
reduced natural water absorption,increased runoff,request-119-0-3
increased runoff,excess water flow,request-119-0-4
excess water flow,fast water flow,request-119-0-5
unplanned urbanization,infrastructure development,request-119-1-0
infrastructure development,construction of buildings and roads,request-119-1-1
construction of buildings and roads,creation of drainage systems,request-119-1-2
creation of drainage systems,increased water flow through drainage,request-119-1-3
increased water flow through drainage,water directed towards rivers and streams,request-119-1-4
water directed towards rivers and streams,fast water flow,request-119-1-5
unplanned urbanization,infrastructure development,request-119-2-0
infrastructure development,deforestation for construction,request-119-2-1
deforestation for construction,loss of vegetation,request-119-2-2
loss of vegetation,reduced soil stability,request-119-2-3
reduced soil stability,increased soil erosion,request-119-2-4
increased soil erosion,sediment accumulation in waterways,request-119-2-5
sediment accumulation in waterways,obstructed water flow,request-119-2-6
obstructed water flow,fast water flow,request-119-2-7
unplanned urbanization,infrastructure development,request-119-3-0
infrastructure development,construction of impervious surfaces,request-119-3-1
construction of impervious surfaces,water not absorbed by soil,request-119-3-2
water not absorbed by soil,water redirected to storm drains,request-119-3-3
water redirected to storm drains,increased water volume in storm drains,request-119-3-4
increased water volume in storm drains,pressure on drainage systems,request-119-3-5
pressure on drainage systems,fast water flow,request-119-3-6
manufacturing of sports utility vehicles,increased production of suvs,request-120-0-0
increased production of suvs,higher emissions from suvs,request-120-0-1
higher emissions from suvs,increased greenhouse gas emissions,request-120-0-2
increased greenhouse gas emissions,enhanced greenhouse effect,request-120-0-3
enhanced greenhouse effect,global warming,request-120-0-4
global warming,climate change,request-120-0-5
design of sports utility vehicles,increased fuel consumption due to suv design,request-120-1-0
increased fuel consumption due to suv design,higher carbon dioxide emissions,request-120-1-1
higher carbon dioxide emissions,enhanced greenhouse effect,request-120-1-2
enhanced greenhouse effect,global warming,request-120-1-3
global warming,climate change,request-120-1-4
construction of sports utility vehicle  factories,increased industrial activity,request-120-2-0
increased industrial activity,higher carbon emissions from factories,request-120-2-1
higher carbon emissions from factories,enhanced greenhouse effect,request-120-2-2
enhanced greenhouse effect,global warming,request-120-2-3
global warming,climate change,request-120-2-4
increased sales of sports utility vehicles,higher demand for suv production,request-120-3-0
higher demand for suv production,more suvs on the road,request-120-3-1
more suvs on the road,increased fuel consumption,request-120-3-2
increased fuel consumption,higher carbon dioxide emissions,request-120-3-3
higher carbon dioxide emissions,enhanced greenhouse effect,request-120-3-4
enhanced greenhouse effect,global warming,request-120-3-5
global warming,climate change,request-120-3-6
extended use of sports utility vehicles,higher fuel consumption over time,request-120-4-0
higher fuel consumption over time,increased greenhouse gas emissions,request-120-4-1
increased greenhouse gas emissions,enhanced greenhouse effect,request-120-4-2
enhanced greenhouse effect,global warming,request-120-4-3
global warming,climate change,request-120-4-4
burning of fossil fuels,release of greenhouse gases,request-121-0-0
release of greenhouse gases,increase in atmospheric carbon dioxide,request-121-0-1
increase in atmospheric carbon dioxide,greenhouse effect,request-121-0-2
greenhouse effect,global warming,request-121-0-3
global warming,climate change,request-121-0-4
extraction of fossil fuels,transportation of fossil fuels,request-121-1-0
transportation of fossil fuels,combustion of fossil fuels for energy,request-121-1-1
combustion of fossil fuels for energy,emission of carbon dioxide,request-121-1-2
emission of carbon dioxide,accumulation of carbon dioxide in the atmosphere,request-121-1-3
accumulation of carbon dioxide in the atmosphere,enhanced greenhouse effect,request-121-1-4
enhanced greenhouse effect,global warming,request-121-1-5
global warming,climate change,request-121-1-6
burning of fossil fuels,release of sulfur dioxide,request-121-2-0
release of sulfur dioxide,formation of acid rain,request-121-2-1
formation of acid rain,damage to ecosystems,request-121-2-2
damage to ecosystems,changes in weather patterns,request-121-2-3
changes in weather patterns,global warming,request-121-2-4
global warming,climate change,request-121-2-5
burning of fossil fuels,release of nitrogen oxides,request-121-3-0
release of nitrogen oxides,formation of groundlevel ozone,request-121-3-1
formation of groundlevel ozone,health problems for humans and animals,request-121-3-2
health problems for humans and animals,stratospheric ozone depletion,request-121-3-3
stratospheric ozone depletion,increased uv radiation,request-121-3-4
increased uv radiation,global warming,request-121-3-5
global warming,climate change,request-121-3-6
industrialization,burning of fossil fuels,request-122-0-0
burning of fossil fuels,release of greenhouse gases,request-122-0-1
release of greenhouse gases,global warming,request-122-0-2
global warming,climate change,request-122-0-3
deforestation,loss of tree cover,request-122-1-0
loss of tree cover,reduced carbon sequestration,request-122-1-1
reduced carbon sequestration,increased atmospheric co2 levels,request-122-1-2
increased atmospheric co2 levels,global warming,request-122-1-3
global warming,climate change,request-122-1-4
urbanization,increased energy consumption,request-122-2-0
increased energy consumption,burning of fossil fuels,request-122-2-1
burning of fossil fuels,release of greenhouse gases,request-122-2-2
release of greenhouse gases,global warming,request-122-2-3
global warming,climate change,request-122-2-4
manufacturing,industrial emissions,request-122-3-0
industrial emissions,release of greenhouse gases,request-122-3-1
release of greenhouse gases,global warming,request-122-3-2
global warming,climate change,request-122-3-3
transportation,usage of fossil fuels,request-122-4-0
usage of fossil fuels,emission of co2,request-122-4-1
emission of co2,global warming,request-122-4-2
global warming,climate change,request-122-4-3
population growth,increased resource consumption,request-122-5-0
increased resource consumption,deforestation,request-122-5-1
deforestation,loss of tree cover,request-122-5-2
loss of tree cover,reduced carbon sequestration,request-122-5-3
reduced carbon sequestration,increased atmospheric co2 levels,request-122-5-4
increased atmospheric co2 levels,global warming,request-122-5-5
global warming,climate change,request-122-5-6
rising global temperatures,melting polar ice caps,request-123-0-0
melting polar ice caps,rising sea levels,request-123-0-1
rising sea levels,loss of habitat for polar bears,request-123-0-2
loss of habitat for polar bears,polar bears become endangered,request-123-0-3
polar bears become endangered,species at risk of extinction,request-123-0-4
increased greenhouse gas emissions,higher carbon dioxide levels in the atmosphere,request-123-1-0
higher carbon dioxide levels in the atmosphere,enhanced greenhouse effect,request-123-1-1
enhanced greenhouse effect,global temperatures rise,request-123-1-2
global temperatures rise,coral bleaching,request-123-1-3
coral bleaching,coral reefs lose biodiversity,request-123-1-4
coral reefs lose biodiversity,species dependent on coral reefs face extinction,request-123-1-5
species dependent on coral reefs face extinction,species at risk of extinction,request-123-1-6
deforestation,loss of tree cover,request-123-2-0
loss of tree cover,reduction in carbon sequestration,request-123-2-1
reduction in carbon sequestration,increased atmospheric co2 levels,request-123-2-2
increased atmospheric co2 levels,enhanced greenhouse effect,request-123-2-3
enhanced greenhouse effect,global temperatures rise,request-123-2-4
global temperatures rise,desertification,request-123-2-5
desertification,habitat loss for desert species,request-123-2-6
habitat loss for desert species,species at risk of extinction,request-123-2-7
ocean acidification,increased co2 absorption by oceans,request-123-3-0
increased co2 absorption by oceans,lowered ph levels in ocean water,request-123-3-1
lowered ph levels in ocean water,stress on marine organisms,request-123-3-2
stress on marine organisms,coral reefs and shellfish struggle to survive,request-123-3-3
coral reefs and shellfish struggle to survive,disruption of marine food webs,request-123-3-4
disruption of marine food webs,marine species face extinction,request-123-3-5
marine species face extinction,species at risk of extinction,request-123-3-6
extreme weather events,"increased frequency and severity of storms, droughts, and floods",request-123-4-0
"increased frequency and severity of storms, droughts, and floods",displacement of human and animal populations,request-123-4-1
displacement of human and animal populations,loss of natural habitats,request-123-4-2
loss of natural habitats,species lose their homes,request-123-4-3
species lose their homes,species at risk of extinction,request-123-4-4
changes in precipitation patterns,altered rainfall distribution,request-123-5-0
altered rainfall distribution,drying of wetlands,request-123-5-1
drying of wetlands,loss of wetland habitats,request-123-5-2
loss of wetland habitats,species dependent on wetlands face extinction,request-123-5-3
species dependent on wetlands face extinction,species at risk of extinction,request-123-5-4
ocean warming,higher sea temperatures,request-123-6-0
higher sea temperatures,disruption of marine ecosystems,request-123-6-1
disruption of marine ecosystems,coral bleaching and disease,request-123-6-2
coral bleaching and disease,loss of biodiversity in coral reefs,request-123-6-3
loss of biodiversity in coral reefs,species dependent on coral reefs face extinction,request-123-6-4
species dependent on coral reefs face extinction,species at risk of extinction,request-123-6-5
excess of co2,", increase in atmospheric co2 levels",request-124-0-0
", increase in atmospheric co2 levels",", enhanced photosynthesis in plants",request-124-0-1
", enhanced photosynthesis in plants",", abundant production of sugars in plants",request-124-0-2
", abundant production of sugars in plants",", increased growth rate of plants",request-124-0-3
", increased growth rate of plants",", thicker leaves in plants",request-124-0-4
excess of co2,", increase in atmospheric co2 levels",request-124-1-0
", increase in atmospheric co2 levels",", enhanced photosynthesis in plants",request-124-1-1
", enhanced photosynthesis in plants",", increased water uptake by plants",request-124-1-2
", increased water uptake by plants",", water retention in plant cells",request-124-1-3
", water retention in plant cells",", thicker leaves in plants",request-124-1-4
excess of co2,", increase in atmospheric co2 levels",request-124-2-0
", increase in atmospheric co2 levels",", enhanced photosynthesis in plants",request-124-2-1
", enhanced photosynthesis in plants",", increased production of plant hormones",request-124-2-2
", increased production of plant hormones",", hormonal regulation of leaf development",request-124-2-3
", hormonal regulation of leaf development",", thicker leaves in plants",request-124-2-4
excess of co2,", increase in atmospheric co2 levels",request-124-3-0
", increase in atmospheric co2 levels",", enhanced photosynthesis in plants",request-124-3-1
", enhanced photosynthesis in plants",", increased leaf expansion",request-124-3-2
", increased leaf expansion",", greater leaf surface area",request-124-3-3
", greater leaf surface area",", thicker leaves in plants",request-124-3-4
excess of co2,", increase in atmospheric co2 levels",request-124-4-0
", increase in atmospheric co2 levels",", enhanced photosynthesis in plants",request-124-4-1
", enhanced photosynthesis in plants",", increased cell division in leaves",request-124-4-2
", increased cell division in leaves",", more cells per unit leaf area",request-124-4-3
", more cells per unit leaf area",", thicker leaves in plants",request-124-4-4
thickening of plants' leaves,reduction of sunlight reaching the soil,request-125-0-0
reduction of sunlight reaching the soil,decreased photosynthesis,request-125-0-1
decreased photosynthesis,reduced energy production,request-125-0-2
reduced energy production,stunted plant growth,request-125-0-3
stunted plant growth,increased water retention in the leaves,request-125-0-4
increased water retention in the leaves,reduced gas exchange through the leaves,request-125-0-5
reduced gas exchange through the leaves,accumulation of carbon dioxide inside the leaves,request-125-0-6
accumulation of carbon dioxide inside the leaves,lowered oxygen levels around the leaves,request-125-0-7
lowered oxygen levels around the leaves,inhibition of respiration,request-125-0-8
inhibition of respiration,decreased nutrient uptake by the roots,request-125-0-9
decreased nutrient uptake by the roots,compromised plant health,request-125-0-10
compromised plant health,increased susceptibility to diseases,request-125-0-11
increased susceptibility to diseases,weakened structural integrity of the leaves,request-125-0-12
weakened structural integrity of the leaves,increased vulnerability to environmental stress,request-125-0-13
increased vulnerability to environmental stress,exacerbated water loss through transpiration,request-125-0-14
exacerbated water loss through transpiration,excessive water retention in the leaves,request-125-0-15
excessive water retention in the leaves,impaired leaf function,request-125-0-16
impaired leaf function,increased pressure within the leaves,request-125-0-17
increased pressure within the leaves,leaf cell damage,request-125-0-18
leaf cell damage,increased risk of fungal infections,request-125-0-19
increased risk of fungal infections,thickening of the leaves due to fungal growth,request-125-0-20
thickening of the leaves due to fungal growth,blockage of stomata,request-125-0-21
blockage of stomata,further reduction of gas exchange,request-125-0-22
further reduction of gas exchange,accumulation of toxins in the leaves,request-125-0-23
accumulation of toxins in the leaves,increased stress on the plant,request-125-0-24
increased stress on the plant,weakened defense mechanisms,request-125-0-25
weakened defense mechanisms,increased vulnerability to pests,request-125-0-26
increased vulnerability to pests,damage to the leaves by pests,request-125-0-27
damage to the leaves by pests,increased water loss through damaged leaves,request-125-0-28
increased water loss through damaged leaves,dehydration of the plant,request-125-0-29
dehydration of the plant,impaired metabolic processes,request-125-0-30
impaired metabolic processes,increased energy expenditure for repair,request-125-0-31
increased energy expenditure for repair,reduced growth and development,request-125-0-32
reduced growth and development,increased susceptibility to environmental stress,request-125-0-33
increased susceptibility to environmental stress,impaired nutrient uptake by the roots,request-125-0-34
impaired nutrient uptake by the roots,decreased overall plant vigor,request-125-0-35
decreased overall plant vigor,increased vulnerability to diseases,request-125-0-36
increased vulnerability to diseases,increased susceptibility to infections,request-125-0-37
increased susceptibility to infections,decreased plant immunity,request-125-0-38
decreased plant immunity,increased mortality rate,request-125-0-39
increased mortality rate,suffocation of the plants,request-125-0-40
co2 emissions increase,atmospheric co2 levels rise,request-126-0-0
atmospheric co2 levels rise,more co2 is absorbed by oceans,request-126-0-1
more co2 is absorbed by oceans,ocean water becomes more acidic,request-126-0-2
ocean water becomes more acidic,ocean acidification occurs,request-126-0-3
increase in co2 emissions from human activities,co2 is absorbed by the oceans,request-127-0-0
co2 is absorbed by the oceans,ocean water becomes more acidic due to increased co2 absorption,request-127-0-1
ocean water becomes more acidic due to increased co2 absorption,ocean acidification affects marine life,request-127-0-2
burning of fossil fuels,release of carbon dioxide,request-128-0-0
release of carbon dioxide,increase in atmospheric carbon dioxide levels,request-128-0-1
increase in atmospheric carbon dioxide levels,enhanced greenhouse effect,request-128-0-2
enhanced greenhouse effect,global warming,request-128-0-3
global warming,melting of polar ice caps,request-128-0-4
melting of polar ice caps,sea level rise,request-128-0-5
sea level rise,ground carbon depletion,request-128-0-6
burning of fossil fuels,release of carbon dioxide,request-128-1-0
release of carbon dioxide,deforestation,request-128-1-1
deforestation,reduction in carbon sequestration,request-128-1-2
reduction in carbon sequestration,ground carbon depletion,request-128-1-3
burning of fossil fuels,release of carbon dioxide,request-128-2-0
release of carbon dioxide,ocean acidification,request-128-2-1
ocean acidification,coral bleaching,request-128-2-2
coral bleaching,disruption of marine ecosystems,request-128-2-3
disruption of marine ecosystems,ground carbon depletion,request-128-2-4
burning of fossil fuels,release of carbon dioxide,request-128-3-0
release of carbon dioxide,industrial processes,request-128-3-1
industrial processes,emission of other greenhouse gases,request-128-3-2
emission of other greenhouse gases,ground carbon depletion,request-128-3-3
climate change,extreme weather events,request-129-0-0
extreme weather events,damage to properties,request-129-0-1
damage to properties,increased claims to insurance companies,request-129-0-2
increased claims to insurance companies,higher insurance premiums,request-129-0-3
higher insurance premiums,increase in homeowner spending on insurance premiums,request-129-0-4
climate change,sea level rise,request-129-1-0
sea level rise,flooding of coastal areas,request-129-1-1
flooding of coastal areas,property damage in coastal regions,request-129-1-2
property damage in coastal regions,increased claims to insurance companies,request-129-1-3
increased claims to insurance companies,higher insurance premiums,request-129-1-4
higher insurance premiums,increase in homeowner spending on insurance premiums,request-129-1-5
climate change,increased frequency of heatwaves,request-129-2-0
increased frequency of heatwaves,power outages,request-129-2-1
power outages,damage to electrical systems in homes,request-129-2-2
damage to electrical systems in homes,increased claims to insurance companies,request-129-2-3
increased claims to insurance companies,higher insurance premiums,request-129-2-4
higher insurance premiums,increase in homeowner spending on insurance premiums,request-129-2-5
climate change,changes in precipitation patterns,request-129-3-0
changes in precipitation patterns,increased risk of wildfires,request-129-3-1
increased risk of wildfires,property damage from wildfires,request-129-3-2
property damage from wildfires,increased claims to insurance companies,request-129-3-3
increased claims to insurance companies,higher insurance premiums,request-129-3-4
higher insurance premiums,increase in homeowner spending on insurance premiums,request-129-3-5
climate change,longer growing seasons,request-129-4-0
longer growing seasons,increased agricultural productivity,request-129-4-1
increased agricultural productivity,economic impact on local communities,request-129-4-2
economic impact on local communities,changes in employment rates,request-129-4-3
changes in employment rates,increased financial stress on homeowners,request-129-4-4
increased financial stress on homeowners,increased claims to insurance companies,request-129-4-5
increased claims to insurance companies,higher insurance premiums,request-129-4-6
higher insurance premiums,increase in homeowner spending on insurance premiums,request-129-4-7
overconsumption of fossil fuels,burning of fossil fuels,request-130-0-0
burning of fossil fuels,greenhouse gas emissions,request-130-0-1
greenhouse gas emissions,greenhouse effect,request-130-0-2
greenhouse effect,global warming,request-130-0-3
global warming,climate change,request-130-0-4
deforestation,reduction in carbon sequestration,request-130-1-0
reduction in carbon sequestration,increase in atmospheric co2 levels,request-130-1-1
increase in atmospheric co2 levels,enhanced greenhouse effect,request-130-1-2
enhanced greenhouse effect,global warming,request-130-1-3
global warming,climate change,request-130-1-4
industrial activities,emissions of greenhouse gases,request-130-2-0
emissions of greenhouse gases,greenhouse effect,request-130-2-1
greenhouse effect,global warming,request-130-2-2
global warming,climate change,request-130-2-3
unsustainable agricultural practices,release of methane and nitrous oxide,request-130-3-0
release of methane and nitrous oxide,enhanced greenhouse effect,request-130-3-1
enhanced greenhouse effect,global warming,request-130-3-2
global warming,climate change,request-130-3-3
urbanization,increase in energy consumption,request-130-4-0
increase in energy consumption,burning of fossil fuels,request-130-4-1
burning of fossil fuels,greenhouse gas emissions,request-130-4-2
greenhouse gas emissions,greenhouse effect,request-130-4-3
greenhouse effect,global warming,request-130-4-4
global warming,climate change,request-130-4-5
overfishing,destruction of marine ecosystems,request-130-5-0
destruction of marine ecosystems,reduction in carbon sequestration,request-130-5-1
reduction in carbon sequestration,increase in atmospheric co2 levels,request-130-5-2
increase in atmospheric co2 levels,enhanced greenhouse effect,request-130-5-3
enhanced greenhouse effect,global warming,request-130-5-4
global warming,climate change,request-130-5-5
humans consume energy,burn fossil fuels,request-131-0-0
burn fossil fuels,produce carbon dioxide,request-131-0-1
produce carbon dioxide,increase greenhouse gas emissions,request-131-0-2
increase greenhouse gas emissions,alter earth's atmosphere,request-131-0-3
alter earth's atmosphere,change climate patterns,request-131-0-4
change climate patterns,cause global warming,request-131-0-5
cause global warming,lead to climate change,request-131-0-6
humans use electricity,burn coal,request-131-1-0
burn coal,release carbon dioxide,request-131-1-1
release carbon dioxide,increase greenhouse gas emissions,request-131-1-2
increase greenhouse gas emissions,change earth's atmosphere,request-131-1-3
change earth's atmosphere,alter climate patterns,request-131-1-4
alter climate patterns,cause global warming,request-131-1-5
cause global warming,lead to climate change,request-131-1-6
humans drive vehicles,burn gasoline,request-131-2-0
burn gasoline,produce carbon dioxide,request-131-2-1
produce carbon dioxide,increase greenhouse gas emissions,request-131-2-2
increase greenhouse gas emissions,change earth's atmosphere,request-131-2-3
change earth's atmosphere,alter climate patterns,request-131-2-4
alter climate patterns,cause global warming,request-131-2-5
cause global warming,lead to climate change,request-131-2-6
humans farm land,deforest areas,request-131-3-0
deforest areas,reduce carbon dioxide absorption,request-131-3-1
reduce carbon dioxide absorption,increase greenhouse gas emissions,request-131-3-2
increase greenhouse gas emissions,change earth's atmosphere,request-131-3-3
change earth's atmosphere,alter climate patterns,request-131-3-4
alter climate patterns,cause global warming,request-131-3-5
cause global warming,lead to climate change,request-131-3-6
humans produce goods,manufacture products,request-131-4-0
manufacture products,burn fossil fuels,request-131-4-1
burn fossil fuels,produce carbon dioxide,request-131-4-2
produce carbon dioxide,increase greenhouse gas emissions,request-131-4-3
increase greenhouse gas emissions,change earth's atmosphere,request-131-4-4
change earth's atmosphere,alter climate patterns,request-131-4-5
alter climate patterns,cause global warming,request-131-4-6
cause global warming,lead to climate change,request-131-4-7
humans use plastics,dispose of waste improperly,request-131-5-0
dispose of waste improperly,pollute land and water,request-131-5-1
pollute land and water,harm ecosystems,request-131-5-2
harm ecosystems,disrupt natural processes,request-131-5-3
disrupt natural processes,contribute to greenhouse gas emissions,request-131-5-4
contribute to greenhouse gas emissions,change earth's atmosphere,request-131-5-5
change earth's atmosphere,alter climate patterns,request-131-5-6
alter climate patterns,cause global warming,request-131-5-7
cause global warming,lead to climate change,request-131-5-8
humans consume fossil fuels,fossil fuels are burned for energy,request-132-0-0
fossil fuels are burned for energy,burning fossil fuels releases carbon dioxide,request-132-0-1
burning fossil fuels releases carbon dioxide,carbon dioxide accumulates in the atmosphere,request-132-0-2
carbon dioxide accumulates in the atmosphere,greenhouse gases trap heat in the atmosphere,request-132-0-3
greenhouse gases trap heat in the atmosphere,global temperatures rise,request-132-0-4
global temperatures rise,melting polar ice caps,request-132-0-5
melting polar ice caps,sea levels rise,request-132-0-6
sea levels rise,extreme weather events become more frequent,request-132-0-7
extreme weather events become more frequent,climate patterns change,request-132-0-8
climate patterns change,climate change impacts ecosystems,request-132-0-9
climate change impacts ecosystems,human activities are disrupted,request-132-0-10
human activities are disrupted,human societies are affected,request-132-0-11
human societies are affected,human waste of fossil fuels contributes to climate change,request-132-0-12
human waste of fossil fuels contributes to climate change,climate change results from human waste of fossil fuels,request-132-0-13
overconsumption of natural resources,deforestation,request-133-0-0
deforestation,loss of biodiversity,request-133-0-1
loss of biodiversity,disruption of ecosystems,request-133-0-2
disruption of ecosystems,increase in zoonotic diseases,request-133-0-3
increase in zoonotic diseases,human exposure to pathogens,request-133-0-4
human exposure to pathogens,spread of diseases,request-133-0-5
spread of diseases,pandemics,request-133-0-6
unsustainable agricultural practices,soil degradation,request-133-1-0
soil degradation,water scarcity,request-133-1-1
water scarcity,overuse of fertilizers and pesticides,request-133-1-2
overuse of fertilizers and pesticides,pollution of water sources,request-133-1-3
pollution of water sources,contamination of water supply,request-133-1-4
contamination of water supply,human consumption of contaminated water,request-133-1-5
human consumption of contaminated water,spread of waterborne diseases,request-133-1-6
spread of waterborne diseases,pandemics,request-133-1-7
excessive consumption of fossil fuels,air pollution,request-133-2-0
air pollution,climate change,request-133-2-1
climate change,extreme weather events,request-133-2-2
extreme weather events,displacement of populations,request-133-2-3
displacement of populations,overcrowding in refugee camps,request-133-2-4
overcrowding in refugee camps,spread of infectious diseases,request-133-2-5
spread of infectious diseases,pandemics,request-133-2-6
inefficient waste management,landfills and incineration,request-133-3-0
landfills and incineration,release of toxins into the environment,request-133-3-1
release of toxins into the environment,contamination of water and soil,request-133-3-2
contamination of water and soil,adverse health effects on humans,request-133-3-3
adverse health effects on humans,weakened immune systems,request-133-3-4
weakened immune systems,increased susceptibility to diseases,request-133-3-5
increased susceptibility to diseases,pandemics,request-133-3-6
overfishing and depletion of marine resources,disruption of marine ecosystems,request-133-4-0
disruption of marine ecosystems,loss of marine biodiversity,request-133-4-1
loss of marine biodiversity,displacement of coastal communities,request-133-4-2
displacement of coastal communities,increased humanwildlife interactions,request-133-4-3
increased humanwildlife interactions,spread of zoonotic diseases,request-133-4-4
spread of zoonotic diseases,human exposure to pathogens,request-133-4-5
human exposure to pathogens,pandemics,request-133-4-6
unsustainable mining and resource extraction,"pollution of air, water, and soil",request-133-5-0
"pollution of air, water, and soil",displacement of communities,request-133-5-1
displacement of communities,loss of habitats for wildlife,request-133-5-2
loss of habitats for wildlife,increased contact between humans and wildlife,request-133-5-3
increased contact between humans and wildlife,spread of zoonotic diseases,request-133-5-4
spread of zoonotic diseases,human exposure to pathogens,request-133-5-5
human exposure to pathogens,pandemics,request-133-5-6
humans consume resources,humans waste energy,request-134-0-0
humans waste energy,deforestation for resources,request-134-0-1
deforestation for resources,habitat destruction,request-134-0-2
habitat destruction,loss of biodiversity,request-134-0-3
loss of biodiversity,spread of zoonotic diseases,request-134-0-4
spread of zoonotic diseases,emergence of pathogens,request-134-0-5
emergence of pathogens,infectious diseases spread,request-134-0-6
infectious diseases spread,pandemics,request-134-0-7
humans waste energy,burn fossil fuels,request-134-1-0
burn fossil fuels,air pollution,request-134-1-1
air pollution,respiratory diseases,request-134-1-2
respiratory diseases,weakened immune systems,request-134-1-3
weakened immune systems,infectious diseases spread,request-134-1-4
infectious diseases spread,pandemics,request-134-1-5
humans waste energy,overfishing,request-134-2-0
overfishing,marine ecosystem disruption,request-134-2-1
marine ecosystem disruption,emergence of new pathogens,request-134-2-2
emergence of new pathogens,spread of diseases,request-134-2-3
spread of diseases,pandemics,request-134-2-4
humans waste energy,industrial pollution,request-134-3-0
industrial pollution,water contamination,request-134-3-1
water contamination,spread of waterborne diseases,request-134-3-2
spread of waterborne diseases,infectious diseases spread,request-134-3-3
infectious diseases spread,pandemics,request-134-3-4
humans waste energy,urbanization,request-134-4-0
urbanization,overcrowding,request-134-4-1
overcrowding,spread of infectious diseases,request-134-4-2
spread of infectious diseases,pandemics,request-134-4-3
humans waste energy,climate change,request-134-5-0
climate change,extreme weather events,request-134-5-1
extreme weather events,displacement of populations,request-134-5-2
displacement of populations,spread of infectious diseases,request-134-5-3
spread of infectious diseases,pandemics,request-134-5-4
humans consume fossil fuels,pollution increases,request-135-0-0
pollution increases,climate change accelerates,request-135-0-1
climate change accelerates,natural habitats are disrupted,request-135-0-2
natural habitats are disrupted,species lose biodiversity,request-135-0-3
species lose biodiversity,humananimal interactions increase,request-135-0-4
humananimal interactions increase,viruses jump from animals to humans,request-135-0-5
viruses jump from animals to humans,viruses mutate,request-135-0-6
viruses mutate,viruses spread among humans,request-135-0-7
viruses spread among humans,outbreaks occur,request-135-0-8
outbreaks occur,global pandemics emerge,request-135-0-9
overconsumption of natural resources,depletion of resource reserves,request-136-0-0
depletion of resource reserves,increased extraction costs,request-136-0-1
increased extraction costs,higher production expenses,request-136-0-2
higher production expenses,increase in the cost of goods and services,request-136-0-3
increase in the cost of goods and services,rise in consumer prices,request-136-0-4
rise in consumer prices,inflation,request-136-0-5
inefficient energy use,increased demand for energy,request-136-1-0
increased demand for energy,exploitation of nonrenewable energy sources,request-136-1-1
exploitation of nonrenewable energy sources,reduced availability of energy resources,request-136-1-2
reduced availability of energy resources,increased energy costs,request-136-1-3
increased energy costs,higher production and transportation costs,request-136-1-4
higher production and transportation costs,increase in the cost of goods and services,request-136-1-5
increase in the cost of goods and services,rise in consumer prices,request-136-1-6
rise in consumer prices,inflation,request-136-1-7
overconsumption of water,depletion of water resources,request-136-2-0
depletion of water resources,increased costs for water extraction and treatment,request-136-2-1
increased costs for water extraction and treatment,higher utility bills for water usage,request-136-2-2
higher utility bills for water usage,increased operational costs for businesses using water,request-136-2-3
increased operational costs for businesses using water,increase in the cost of goods and services,request-136-2-4
increase in the cost of goods and services,rise in consumer prices,request-136-2-5
rise in consumer prices,inflation,request-136-2-6
overconsumption of food,depletion of agricultural resources,request-136-3-0
depletion of agricultural resources,increased costs for farming and production,request-136-3-1
increased costs for farming and production,higher prices for agricultural products,request-136-3-2
higher prices for agricultural products,increase in the cost of food items,request-136-3-3
increase in the cost of food items,increase in the cost of goods and services,request-136-3-4
increase in the cost of goods and services,rise in consumer prices,request-136-3-5
rise in consumer prices,inflation,request-136-3-6
overproduction of goods,excess inventory accumulation,request-136-4-0
excess inventory accumulation,forced price reductions to clear excess stock,request-136-4-1
forced price reductions to clear excess stock,loss of revenue for businesses,request-136-4-2
loss of revenue for businesses,increased costs for production to maintain profitability,request-136-4-3
increased costs for production to maintain profitability,increase in the cost of goods and services,request-136-4-4
increase in the cost of goods and services,rise in consumer prices,request-136-4-5
rise in consumer prices,inflation,request-136-4-6
overconsumption of raw materials,depletion of raw material reserves,request-136-5-0
depletion of raw material reserves,increased costs for raw material extraction and processing,request-136-5-1
increased costs for raw material extraction and processing,higher production costs for industries reliant on these materials,request-136-5-2
higher production costs for industries reliant on these materials,increase in the cost of manufactured goods,request-136-5-3
increase in the cost of manufactured goods,increase in the cost of goods and services,request-136-5-4
increase in the cost of goods and services,rise in consumer prices,request-136-5-5
rise in consumer prices,inflation,request-136-5-6
overconsumption of plastics,depletion of petroleum resources,request-136-6-0
depletion of petroleum resources,increased costs for petroleum extraction and processing,request-136-6-1
increased costs for petroleum extraction and processing,higher costs for plastic production,request-136-6-2
higher costs for plastic production,increase in the cost of plastic goods,request-136-6-3
increase in the cost of plastic goods,increase in the cost of goods and services,request-136-6-4
increase in the cost of goods and services,rise in consumer prices,request-136-6-5
rise in consumer prices,inflation,request-136-6-6
humans consume resources,burn fossil fuels,request-137-0-0
burn fossil fuels,produce greenhouse gases,request-137-0-1
produce greenhouse gases,cause global warming,request-137-0-2
cause global warming,alter weather patterns,request-137-0-3
alter weather patterns,disrupt agriculture,request-137-0-4
disrupt agriculture,increase food prices,request-137-0-5
increase food prices,drive up costs of living,request-137-0-6
drive up costs of living,increase demand for money,request-137-0-7
increase demand for money,cause inflation,request-137-0-8
humans consume resources,produce waste,request-137-1-0
produce waste,dump waste in landfills,request-137-1-1
dump waste in landfills,leak methane,request-137-1-2
leak methane,contribute to climate change,request-137-1-3
contribute to climate change,disrupt ecosystems,request-137-1-4
disrupt ecosystems,reduce biodiversity,request-137-1-5
reduce biodiversity,impact food production,request-137-1-6
impact food production,increase food scarcity,request-137-1-7
increase food scarcity,drive up food prices,request-137-1-8
drive up food prices,increase costs of living,request-137-1-9
increase costs of living,drive inflation,request-137-1-10
humans consume resources,produce waste,request-137-2-0
produce waste,dump waste in oceans,request-137-2-1
dump waste in oceans,pollute marine life,request-137-2-2
pollute marine life,impact fisheries,request-137-2-3
impact fisheries,reduce fish stocks,request-137-2-4
reduce fish stocks,increase seafood prices,request-137-2-5
increase seafood prices,drive up food prices,request-137-2-6
drive up food prices,increase costs of living,request-137-2-7
increase costs of living,drive inflation,request-137-2-8
humans consume resources,produce waste,request-137-3-0
produce waste,dump waste in landfills,request-137-3-1
dump waste in landfills,leak methane,request-137-3-2
leak methane,contribute to climate change,request-137-3-3
contribute to climate change,disrupt energy markets,request-137-3-4
disrupt energy markets,increase energy costs,request-137-3-5
increase energy costs,drive up costs of living,request-137-3-6
drive up costs of living,drive inflation,request-137-3-7
humans consume resources,produce waste,request-137-4-0
produce waste,dump waste in oceans,request-137-4-1
dump waste in oceans,pollute marine life,request-137-4-2
pollute marine life,impact tourism,request-137-4-3
impact tourism,decrease tourism revenue,request-137-4-4
decrease tourism revenue,drive up costs of living,request-137-4-5
drive up costs of living,drive inflation,request-137-4-6
humans consume fossil fuels,fossil fuels are burned for energy,request-138-0-0
fossil fuels are burned for energy,burning fossil fuels releases carbon dioxide into the atmosphere,request-138-0-1
burning fossil fuels releases carbon dioxide into the atmosphere,increased carbon dioxide,request-138-0-2
increased carbon dioxide,global warming causes extreme weather events,request-138-0-3
global warming causes extreme weather events,extreme weather events disrupt agricultural production,request-138-0-4
extreme weather events disrupt agricultural production,disrupted agricultural production,request-138-0-5
disrupted agricultural production,food shortages increase food prices,request-138-0-6
food shortages increase food prices,increased food prices contribute to inflation,request-138-0-7
government implements subsidies for green investments,businesses invest in renewable energy projects,request-139-0-0
businesses invest in renewable energy projects,renewable energy projects lead to reduced carbon emissions,request-139-0-1
renewable energy projects lead to reduced carbon emissions,reduced carbon emissions improve air quality,request-139-0-2
reduced carbon emissions improve air quality,improved air quality boosts public health,request-139-0-3
improved air quality boosts public health,boosted public health increases productivity,request-139-0-4
boosted public health increases productivity,increased productivity contributes to economic growth,request-139-0-5
increased productivity contributes to economic growth,economic growth supports further green investments,request-139-0-6
economic growth supports further green investments,further green investments accelerate the green transition,request-139-0-7
further green investments accelerate the green transition,accelerated green transition achieves a sustainable environment,request-139-0-8
accelerated green transition achieves a sustainable environment,green transition,request-139-0-9
refuse collection in greenhouses,refuse transportation to recycling facility,request-140-0-0
refuse transportation to recycling facility,electricity generation from refuse,request-140-0-1
electricity generation from refuse,transmission of electricity,request-140-0-2
transmission of electricity,use of electricity for greenhouse operations,request-140-0-3
use of electricity for greenhouse operations,refuse decomposition inside greenhouses,request-140-0-4
refuse decomposition inside greenhouses,release of co2,request-140-0-5
release of co2,dissipation of co2,request-140-0-6
refuse collection in greenhouses,refuse transportation to recycling facility,request-141-0-0
refuse transportation to recycling facility,electricity generation from refuse,request-141-0-1
electricity generation from refuse,transmission of electricity,request-141-0-2
transmission of electricity,use of electricity in heating systems,request-141-0-3
use of electricity in heating systems,heating of greenhouse environments,request-141-0-4
heating of greenhouse environments,release of heat from greenhouse,request-141-0-5
release of heat from greenhouse,dissipation of heat,request-141-0-6
hot nights,increased room temperature,request-142-0-0
increased room temperature,difficulty falling asleep,request-142-0-1
difficulty falling asleep,delayed sleep onset,request-142-0-2
delayed sleep onset,extended sleep duration,request-142-0-3
extended sleep duration,increased sleep hours,request-142-0-4
increased sleep hours,loss of sleep hours,request-142-0-5
hot nights,use of air conditioning,request-142-1-0
use of air conditioning,extended use of air conditioning,request-142-1-1
extended use of air conditioning,increased energy consumption,request-142-1-2
increased energy consumption,increased electricity bill,request-142-1-3
increased electricity bill,financial stress,request-142-1-4
financial stress,loss of sleep hours,request-142-1-5
hot nights,change in sleep schedule,request-142-2-0
change in sleep schedule,shifted sleep time,request-142-2-1
shifted sleep time,inconsistent sleep patterns,request-142-2-2
inconsistent sleep patterns,disrupted sleep quality,request-142-2-3
disrupted sleep quality,loss of sleep hours,request-142-2-4
hot nights,exposure to sunlight,request-142-3-0
exposure to sunlight,increased melatonin suppression,request-142-3-1
increased melatonin suppression,disrupted circadian rhythm,request-142-3-2
disrupted circadian rhythm,irregular sleep schedule,request-142-3-3
irregular sleep schedule,loss of sleep hours,request-142-3-4
hot nights,exposure to outdoor air,request-142-4-0
exposure to outdoor air,increased exposure to pollutants,request-142-4-1
increased exposure to pollutants,respiratory issues,request-142-4-2
respiratory issues,difficulty sleeping,request-142-4-3
difficulty sleeping,loss of sleep hours,request-142-4-4
hot nights,change in diet,request-142-5-0
change in diet,increased caffeine intake,request-142-5-1
increased caffeine intake,caffeine effects,request-142-5-2
caffeine effects,difficulty falling asleep,request-142-5-3
difficulty falling asleep,loss of sleep hours,request-142-5-4
hot nights,change in hydration,request-142-6-0
change in hydration,dehydration,request-142-6-1
dehydration,difficulty sleeping,request-142-6-2
difficulty sleeping,loss of sleep hours,request-142-6-3
hot nights,change in exercise routine,request-142-7-0
change in exercise routine,increased physical activity,request-142-7-1
increased physical activity,delayed sleep onset,request-142-7-2
delayed sleep onset,loss of sleep hours,request-142-7-3
hot nights,change in work hours,request-142-8-0
change in work hours,irregular sleep schedule,request-142-8-1
irregular sleep schedule,disrupted sleep quality,request-142-8-2
disrupted sleep quality,loss of sleep hours,request-142-8-3
hot nights,change in medication,request-142-9-0
change in medication,side effects,request-142-9-1
side effects,disrupted sleep quality,request-142-9-2
disrupted sleep quality,loss of sleep hours,request-142-9-3
trade agreements with foreign countries,importation of agricultural products,request-143-0-0
importation of agricultural products,expansion of farmland for cultivation,request-143-0-1
expansion of farmland for cultivation,deforestation to clear land,request-143-0-2
foreign investments in mining,extraction of minerals from forests,request-143-1-0
extraction of minerals from forests,deforestation due to mining activities,request-143-1-1
foreign tourism,construction of resorts and hotels,request-143-2-0
construction of resorts and hotels,deforestation for infrastructure development,request-143-2-1
foreign military bases,land clearing for base construction,request-143-3-0
land clearing for base construction,deforestation for military infrastructure,request-143-3-1
foreign aid programs,implementation of largescale agricultural projects,request-143-4-0
implementation of largescale agricultural projects,conversion of forested areas to agricultural land,request-143-4-1
conversion of forested areas to agricultural land,deforestation for agricultural expansion,request-143-4-2
deforestation,loss of vegetation cover,request-144-0-0
loss of vegetation cover,reduction in soil moisture,request-144-0-1
reduction in soil moisture,decrease in soil fertility,request-144-0-2
decrease in soil fertility,increased soil erosion,request-144-0-3
increased soil erosion,loss of soil organic matter,request-144-0-4
loss of soil organic matter,weakened soil structure,request-144-0-5
weakened soil structure,decreased soil carbon storage,request-144-0-6
decreased soil carbon storage,increased carbon dioxide emissions,request-144-0-7
increased carbon dioxide emissions,increased greenhouse gases in the atmosphere,request-144-0-8
increased greenhouse gases in the atmosphere,rise in global temperatures,request-144-0-9
overgrazing by livestock,compaction of soil,request-144-1-0
compaction of soil,reduced soil aeration,request-144-1-1
reduced soil aeration,decreased soil moisture retention,request-144-1-2
decreased soil moisture retention,increased soil erosion,request-144-1-3
increased soil erosion,loss of soil nutrients,request-144-1-4
loss of soil nutrients,decreased soil fertility,request-144-1-5
decreased soil fertility,decreased plant growth,request-144-1-6
decreased plant growth,reduced carbon sequestration,request-144-1-7
reduced carbon sequestration,increased carbon dioxide emissions,request-144-1-8
increased carbon dioxide emissions,increased greenhouse gases in the atmosphere,request-144-1-9
increased greenhouse gases in the atmosphere,rise in global temperatures,request-144-1-10
industrial agriculture,excessive use of chemical fertilizers,request-144-2-0
excessive use of chemical fertilizers,soil degradation,request-144-2-1
soil degradation,loss of soil biodiversity,request-144-2-2
loss of soil biodiversity,reduced soil organic matter,request-144-2-3
reduced soil organic matter,weakened soil structure,request-144-2-4
weakened soil structure,decreased soil fertility,request-144-2-5
decreased soil fertility,reduced plant growth,request-144-2-6
reduced plant growth,increased carbon dioxide emissions,request-144-2-7
increased carbon dioxide emissions,increased greenhouse gases in the atmosphere,request-144-2-8
increased greenhouse gases in the atmosphere,rise in global temperatures,request-144-2-9
urbanization,land conversion to urban areas,request-144-3-0
land conversion to urban areas,loss of soil cover,request-144-3-1
loss of soil cover,increased soil erosion,request-144-3-2
increased soil erosion,loss of soil nutrients,request-144-3-3
loss of soil nutrients,reduced soil fertility,request-144-3-4
reduced soil fertility,decreased plant growth,request-144-3-5
decreased plant growth,increased carbon dioxide emissions,request-144-3-6
increased carbon dioxide emissions,increased greenhouse gases in the atmosphere,request-144-3-7
increased greenhouse gases in the atmosphere,rise in global temperatures,request-144-3-8
mining activities,removal of topsoil,request-144-4-0
removal of topsoil,soil contamination,request-144-4-1
soil contamination,loss of soil nutrients,request-144-4-2
loss of soil nutrients,reduced soil fertility,request-144-4-3
reduced soil fertility,decreased plant growth,request-144-4-4
decreased plant growth,increased carbon dioxide emissions,request-144-4-5
increased carbon dioxide emissions,increased greenhouse gases in the atmosphere,request-144-4-6
increased greenhouse gases in the atmosphere,rise in global temperatures,request-144-4-7
climate change,increased temperatures,request-144-5-0
increased temperatures,increased soil moisture evaporation,request-144-5-1
increased soil moisture evaporation,reduced soil moisture,request-144-5-2
reduced soil moisture,decreased soil fertility,request-144-5-3
decreased soil fertility,weakened soil structure,request-144-5-4
weakened soil structure,increased soil erosion,request-144-5-5
increased soil erosion,loss of soil organic matter,request-144-5-6
loss of soil organic matter,decreased carbon sequestration,request-144-5-7
decreased carbon sequestration,increased carbon dioxide emissions,request-144-5-8
increased carbon dioxide emissions,increased greenhouse gases in the atmosphere,request-144-5-9
increased greenhouse gases in the atmosphere,rise in global temperatures,request-144-5-10
heavy rainfall,soil saturation,request-145-0-0
soil saturation,reduced soil cohesion,request-145-0-1
reduced soil cohesion,soil erosion,request-145-0-2
soil erosion,deposition of sediments,request-145-0-3
deposition of sediments,increased surface runoff,request-145-0-4
increased surface runoff,overflow of rivers and streams,request-145-0-5
overflow of rivers and streams,flooding,request-145-0-6
deforestation,loss of root structures,request-145-1-0
loss of root structures,increased soil erosion,request-145-1-1
increased soil erosion,soil degradation,request-145-1-2
soil degradation,reduced soil stability,request-145-1-3
reduced soil stability,soil compaction,request-145-1-4
soil compaction,reduced water infiltration,request-145-1-5
reduced water infiltration,surface runoff,request-145-1-6
surface runoff,overflow of rivers and streams,request-145-1-7
overflow of rivers and streams,flooding,request-145-1-8
construction activities,compaction of soil,request-145-2-0
compaction of soil,reduced soil permeability,request-145-2-1
reduced soil permeability,increased surface runoff,request-145-2-2
increased surface runoff,overflow of rivers and streams,request-145-2-3
overflow of rivers and streams,flooding,request-145-2-4
overirrigation,waterlogging of soil,request-145-3-0
waterlogging of soil,reduced soil aeration,request-145-3-1
reduced soil aeration,soil compaction,request-145-3-2
soil compaction,reduced soil permeability,request-145-3-3
reduced soil permeability,increased surface runoff,request-145-3-4
increased surface runoff,overflow of rivers and streams,request-145-3-5
overflow of rivers and streams,flooding,request-145-3-6
climate change,increased precipitation,request-145-4-0
increased precipitation,heavy rainfall,request-145-4-1
heavy rainfall,soil saturation,request-145-4-2
soil saturation,reduced soil cohesion,request-145-4-3
reduced soil cohesion,soil erosion,request-145-4-4
soil erosion,deposition of sediments,request-145-4-5
deposition of sediments,increased surface runoff,request-145-4-6
increased surface runoff,overflow of rivers and streams,request-145-4-7
overflow of rivers and streams,flooding,request-145-4-8
death of soil,decreased water retention,request-146-0-0
decreased water retention,lowered water table,request-146-0-1
lowered water table,reduced soil moisture,request-146-0-2
reduced soil moisture,inhibited plant growth,request-146-0-3
inhibited plant growth,lowered agricultural productivity,request-146-0-4
lowered agricultural productivity,increased soil erosion,request-146-0-5
increased soil erosion,depleted soil nutrients,request-146-0-6
depleted soil nutrients,decreased crop yields,request-146-0-7
decreased crop yields,reduced water availability for humans,request-146-0-8
reduced water availability for humans,increased reliance on distant water sources,request-146-0-9
increased reliance on distant water sources,increased water extraction from rivers and aquifers,request-146-0-10
increased water extraction from rivers and aquifers,decreased water flow to rivers,request-146-0-11
decreased water flow to rivers,decreased water flow to lakes,request-146-0-12
decreased water flow to lakes,reduced water storage in lakes and reservoirs,request-146-0-13
reduced water storage in lakes and reservoirs,decreased surface water availability,request-146-0-14
decreased surface water availability,increased water stress on plants,request-146-0-15
increased water stress on plants,decreased plant transpiration,request-146-0-16
decreased plant transpiration,increased soil temperature,request-146-0-17
increased soil temperature,increased evaporation,request-146-0-18
increased evaporation,decreased soil moisture,request-146-0-19
decreased soil moisture,increased soil compaction,request-146-0-20
increased soil compaction,decreased soil permeability,request-146-0-21
decreased soil permeability,decreased infiltration of water,request-146-0-22
decreased infiltration of water,decreased groundwater recharge,request-146-0-23
decreased groundwater recharge,increased runoff,request-146-0-24
increased runoff,decreased soil moisture,request-146-0-25
decreased soil moisture,decreased soil fertility,request-146-0-26
decreased soil fertility,increased soil salinity,request-146-0-27
increased soil salinity,decreased agricultural productivity,request-146-0-28
decreased agricultural productivity,increased soil erosion,request-146-0-29
increased soil erosion,decreased soil structure,request-146-0-30
decreased soil structure,decreased soil cohesion,request-146-0-31
decreased soil cohesion,decreased soil stability,request-146-0-32
decreased soil stability,increased soil erosion,request-146-0-33
increased soil erosion,decreased soil depth,request-146-0-34
decreased soil depth,decreased root penetration,request-146-0-35
decreased root penetration,decreased plant growth,request-146-0-36
decreased plant growth,decreased crop yields,request-146-0-37
decreased crop yields,decreased food production,request-146-0-38
decreased food production,increased food insecurity,request-146-0-39
increased food insecurity,decreased soil fertility,request-146-0-40
decreased soil fertility,decreased water retention,request-146-0-41
decreased water retention,decreased water availability,request-146-0-42
decreased water availability,decreased soil moisture,request-146-0-43
decreased soil moisture,decreased plant transpiration,request-146-0-44
decreased plant transpiration,decreased soil temperature,request-146-0-45
decreased soil temperature,decreased evaporation,request-146-0-46
decreased evaporation,decreased soil moisture,request-146-0-47
decreased soil moisture,decreased soil fertility,request-146-0-48
decreased soil fertility,decreased agricultural productivity,request-146-0-49
decreased agricultural productivity,decreased food production,request-146-0-50
decreased food production,increased food insecurity,request-146-0-51
increased food insecurity,decreased water availability,request-146-0-52
decreased water availability,decreased soil moisture,request-146-0-53
decreased soil moisture,decreased plant transpiration,request-146-0-54
decreased plant transpiration,decreased soil temperature,request-146-0-55
decreased soil temperature,decreased evaporation,request-146-0-56
decreased evaporation,decreased soil moisture,request-146-0-57
decreased soil moisture,decreased soil fertility,request-146-0-58
decreased soil fertility,decreased agricultural productivity,request-146-0-59
decreased agricultural productivity,decreased food production,request-146-0-60
decreased food production,increased food insecurity,request-146-0-61
increased food insecurity,decreased water availability,request-146-0-62
decreased water availability,decreased soil moisture,request-146-0-63
decreased soil moisture,decreased plant transpiration,request-146-0-64
decreased plant transpiration,decreased soil temperature,request-146-0-65
decreased soil temperature,decreased evaporation,request-146-0-66
decreased evaporation,decreased soil moisture,request-146-0-67
decreased soil moisture,decreased soil fertility,request-146-0-68
decreased soil fertility,decreased agricultural productivity,request-146-0-69
decreased agricultural productivity,decreased food production,request-146-0-70
decreased food production,increased food insecurity,request-146-0-71
increased food insecurity,decreased water availability,request-146-0-72
decreased water availability,decreased soil moisture,request-146-0-73
decreased soil moisture,decreased plant transpiration,request-146-0-74
decreased plant transpiration,decreased soil temperature,request-146-0-75
decreased soil temperature,decreased evaporation,request-146-0-76
decreased evaporation,decreased soil moisture,request-146-0-77
decreased soil moisture,decreased soil fertility,request-146-0-78
decreased soil fertility,decreased agricultural productivity,request-146-0-79
decreased agricultural productivity,decreased food production,request-146-0-80
decreased food production,increased food insecurity,request-146-0-81
increased food insecurity,decreased water availability,request-146-0-82
decreased water availability,decreased soil moisture,request-146-0-83
decreased soil moisture,decreased plant transpiration,request-146-0-84
decreased plant transpiration,decreased soil temperature,request-146-0-85
decreased soil temperature,decreased evaporation,request-146-0-86
decreased evaporation,decreased soil moisture,request-146-0-87
decreased soil moisture,decreased soil fertility,request-146-0-88
decreased soil fertility,decreased agricultural productivity,request-146-0-89
decreased agricultural productivity,decreased food production,request-146-0-90
decreased food production,increased food insecurity,request-146-0-91
increased food insecurity,decreased water availability,request-146-0-92
decreased water availability,decreased soil moisture,request-146-0-93
decreased soil moisture,decreased plant transpiration,request-146-0-94
decreased plant transpiration,decreased soil temperature,request-146-0-95
decreased soil temperature,decreased evaporation,request-146-0-96
decreased evaporation,decreased soil moisture,request-146-0-97
decreased soil moisture,decreased soil fertility,request-146-0-98
decreased soil fertility,decreased agricultural productivity,request-146-0-99
decreased agricultural productivity,decreased food production,request-146-0-100
decreased food production,increased food insecurity,request-146-0-101
increased food insecurity,decreased water availability,request-146-0-102
decreased water availability,decreased soil moisture,request-146-0-103
decreased soil moisture,decreased plant transpiration,request-146-0-104
decreased plant transpiration,decreased soil temperature,request-146-0-105
decreased soil temperature,decreased evaporation,request-146-0-106
decreased evaporation,decreased soil moisture,request-146-0-107
decreased soil moisture,decreased soil fertility,request-146-0-108
decreased soil fertility,decreased agricultural productivity,request-146-0-109
decreased agricultural productivity,decreased food production,request-146-0-110
decreased food production,increased food insecurity,request-146-0-111
increased food insecurity,decreased water availability,request-146-0-112
decreased water availability,decreased soil moisture,request-146-0-113
decreased soil moisture,decreased plant transpiration,request-146-0-114
decreased plant transpiration,decreased soil temperature,request-146-0-115
decreased soil temperature,decreased evaporation,request-146-0-116
decreased evaporation,decreased soil moisture,request-146-0-117
decreased soil moisture,decreased soil fertility,request-146-0-118
decreased soil fertility,decreased agricultural productivity,request-146-0-119
decreased agricultural productivity,decreased food production,request-146-0-120
decreased food production,increased food insecurity,request-146-0-121
increased food insecurity,decreased water availability,request-146-0-122
decreased water availability,decreased soil moisture,request-146-0-123
decreased soil moisture,decreased plant transpiration,request-146-0-124
decreased plant transpiration,decreased soil temperature,request-146-0-125
decreased soil temperature,decreased evaporation,request-146-0-126
decreased evaporation,decreased soil moisture,request-146-0-127
decreased soil moisture,decreased soil fertility,request-146-0-128
decreased soil fertility,decreased agricultural productivity,request-146-0-129
decreased agricultural productivity,decreased food production,request-146-0-130
decreased food production,increased food insecurity,request-146-0-131
increased food insecurity,decreased water availability,request-146-0-132
decreased water availability,decreased soil moisture,request-146-0-133
decreased soil moisture,decreased plant transpiration,request-146-0-134
decreased plant transpiration,decreased soil temperature,request-146-0-135
decreased soil temperature,decreased evaporation,request-146-0-136
decreased evaporation,decreased soil moisture,request-146-0-137
decreased soil moisture,decreased soil fertility,request-146-0-138
decreased soil fertility,decreased agricultural productivity,request-146-0-139
decreased agricultural productivity,decreased food production,request-146-0-140
decreased food production,increased food insecurity,request-146-0-141
increased food insecurity,decreased water availability,request-146-0-142
decreased water availability,decreased soil moisture,request-146-0-143
decreased soil moisture,decreased plant transpiration,request-146-0-144
decreased plant transpiration,decreased soil temperature,request-146-0-145
decreased soil temperature,decreased evaporation,request-146-0-146
decreased evaporation,decreased soil moisture,request-146-0-147
decreased soil moisture,decreased soil fertility,request-146-0-148
decreased soil fertility,decreased agricultural productivity,request-146-0-149
decreased agricultural productivity,decreased food production,request-146-0-150
decreased food production,increased food insecurity,request-146-0-151
increased food insecurity,decreased water availability,request-146-0-152
decreased water availability,decreased soil moisture,request-146-0-153
decreased soil moisture,decreased plant transpiration,request-146-0-154
decreased plant transpiration,decreased soil temperature,request-146-0-155
decreased soil temperature,decreased evaporation,request-146-0-156
decreased evaporation,decreased soil moisture,request-146-0-157
decreased soil moisture,decreased soil fertility,request-146-0-158
decreased soil fertility,decreased agricultural productivity,request-146-0-159
decreased agricultural productivity,decreased food production,request-146-0-160
decreased food production,increased food insecurity,request-146-0-161
increased food insecurity,decreased water availability,request-146-0-162
decreased water availability,decreased soil moisture,request-146-0-163
decreased soil moisture,decreased plant transpiration,request-146-0-164
decreased plant transpiration,decreased soil temperature,request-146-0-165
decreased soil temperature,decreased evaporation,request-146-0-166
decreased evaporation,decreased soil moisture,request-146-0-167
decreased soil moisture,decreased soil fertility,request-146-0-168
decreased soil fertility,decreased agricultural productivity,request-146-0-169
decreased agricultural productivity,decreased food production,request-146-0-170
decreased food production,increased food insecurity,request-146-0-171
increased food insecurity,decreased water availability,request-146-0-172
decreased water availability,decreased soil moisture,request-146-0-173
decreased soil moisture,decreased plant transpiration,request-146-0-174
decreased plant transpiration,decreased soil temperature,request-146-0-175
decreased soil temperature,decreased evaporation,request-146-0-176
decreased evaporation,decreased soil moisture,request-146-0-177
decreased soil moisture,decreased soil fertility,request-146-0-178
decreased soil fertility,decreased agricultural productivity,request-146-0-179
decreased agricultural productivity,decreased food production,request-146-0-180
decreased food production,increased food insecurity,request-146-0-181
increased food insecurity,decreased water availability,request-146-0-182
decreased water availability,decreased soil moisture,request-146-0-183
decreased soil moisture,decreased plant transpiration,request-146-0-184
decreased plant transpiration,decreased soil temperature,request-146-0-185
decreased soil temperature,decreased evaporation,request-146-0-186
decreased evaporation,decreased soil moisture,request-146-0-187
decreased soil moisture,decreased soil fertility,request-146-0-188
decreased soil fertility,decreased agricultural productivity,request-146-0-189
decreased agricultural productivity,decreased food production,request-146-0-190
decreased food production,increased food insecurity,request-146-0-191
increased food insecurity,decreased water availability,request-146-0-192
decreased water availability,decreased soil moisture,request-146-0-193
decreased soil moisture,decreased plant transpiration,request-146-0-194
decreased plant transpiration,decreased soil temperature,request-146-0-195
decreased soil temperature,decreased evaporation,request-146-0-196
decreased evaporation,decreased soil moisture,request-146-0-197
decreased soil moisture,decreased soil fertility,request-146-0-198
decreased soil fertility,decreased agricultural productivity,request-146-0-199
decreased agricultural productivity,decreased food production,request-146-0-200
decreased food production,increased food insecurity,request-146-0-201
increased food insecurity,decreased water availability,request-146-0-202
decreased water availability,decreased soil moisture,request-146-0-203
decreased soil moisture,decreased plant transpiration,request-146-0-204
decreased plant transpiration,decreased soil temperature,request-146-0-205
decreased soil temperature,decreased evaporation,request-146-0-206
decreased evaporation,decreased soil moisture,request-146-0-207
decreased soil moisture,decreased soil fertility,request-146-0-208
decreased soil fertility,decreased agricultural productivity,request-146-0-209
decreased agricultural productivity,decreased food production,request-146-0-210
decreased food production,increased food insecurity,request-146-0-211
increased food insecurity,decreased water availability,request-146-0-212
decreased water availability,decreased soil moisture,request-146-0-213
decreased soil moisture,decreased plant transpiration,request-146-0-214
decreased plant transpiration,decreased soil temperature,request-146-0-215
decreased soil temperature,decreased evaporation,request-146-0-216
decreased evaporation,decreased soil moisture,request-146-0-217
decreased soil moisture,decreased soil fertility,request-146-0-218
decreased soil fertility,decreased agricultural productivity,request-146-0-219
decreased agricultural productivity,decreased food production,request-146-0-220
decreased food production,increased food insecurity,request-146-0-221
increased food insecurity,decreased water availability,request-146-0-222
decreased water availability,decreased soil moisture,request-146-0-223
decreased soil moisture,decreased plant transpiration,request-146-0-224
decreased plant transpiration,decreased soil temperature,request-146-0-225
decreased soil temperature,decreased evaporation,request-146-0-226
decreased evaporation,decreased soil moisture,request-146-0-227
decreased soil moisture,decreased soil fertility,request-146-0-228
decreased soil fertility,decreased agricultural productivity,request-146-0-229
decreased agricultural productivity,decreased food production,request-146-0-230
decreased food production,increased food insecurity,request-146-0-231
increased food insecurity,decreased water availability,request-146-0-232
decreased water availability,decreased soil moisture,request-146-0-233
decreased soil moisture,decreased plant transpiration,request-146-0-234
decreased plant transpiration,decreased soil temperature,request-146-0-235
decreased soil temperature,decreased evaporation,request-146-0-236
decreased evaporation,decreased soil moisture,request-146-0-237
decreased soil moisture,decreased soil fertility,request-146-0-238
decreased soil fertility,decreased agricultural productivity,request-146-0-239
decreased agricultural productivity,decreased food production,request-146-0-240
decreased food production,increased food insecurity,request-146-0-241
increased food insecurity,decreased water availability,request-146-0-242
decreased water availability,decreased soil moisture,request-146-0-243
decreased soil moisture,decreased plant transpiration,request-146-0-244
decreased plant transpiration,decreased soil temperature,request-146-0-245
decreased soil temperature,decreased evaporation,request-146-0-246
decreased evaporation,decreased soil moisture,request-146-0-247
decreased soil moisture,decreased soil fertility,request-146-0-248
decreased soil fertility,decreased agricultural productivity,request-146-0-249
decreased agricultural productivity,decreased food production,request-146-0-250
decreased food production,increased food insecurity,request-146-0-251
increased food insecurity,decreased water availability,request-146-0-252
decreased water availability,decreased soil moisture,request-146-0-253
decreased soil moisture,decreased plant transpiration,request-146-0-254
decreased plant transpiration,decreased soil temperature,request-146-0-255
decreased soil temperature,decreased evaporation,request-146-0-256
decreased evaporation,decreased soil moisture,request-146-0-257
decreased soil moisture,decreased soil fertility,request-146-0-258
decreased soil fertility,decreased agricultural productivity,request-146-0-259
decreased agricultural productivity,decreased food production,request-146-0-260
decreased food production,increased food insecurity,request-146-0-261
increased food insecurity,decreased water availability,request-146-0-262
decreased water availability,decreased soil moisture,request-146-0-263
decreased soil moisture,decreased plant transpiration,request-146-0-264
decreased plant transpiration,decreased soil temperature,request-146-0-265
decreased soil temperature,decreased evaporation,request-146-0-266
decreased evaporation,decreased soil moisture,request-146-0-267
decreased soil moisture,decreased soil fertility,request-146-0-268
decreased soil fertility,decreased agricultural productivity,request-146-0-269
decreased agricultural productivity,decreased food production,request-146-0-270
decreased food production,increased food insecurity,request-146-0-271
increased food insecurity,decreased water availability,request-146-0-272
decreased water availability,decreased soil moisture,request-146-0-273
decreased soil moisture,decreased plant transpiration,request-146-0-274
decreased plant transpiration,decreased soil temperature,request-146-0-275
decreased soil temperature,decreased evaporation,request-146-0-276
decreased evaporation,decreased soil moisture,request-146-0-277
decreased soil moisture,decreased soil fertility,request-146-0-278
decreased soil fertility,decreased agricultural productivity,request-146-0-279
decreased agricultural productivity,decreased food production,request-146-0-280
decreased food production,increased food insecurity,request-146-0-281
increased food insecurity,decreased water availability,request-146-0-282
decreased water availability,decreased soil moisture,request-146-0-283
decreased soil moisture,decreased plant transpiration,request-146-0-284
decreased plant transpiration,decreased soil temperature,request-146-0-285
decreased soil temperature,decreased evaporation,request-146-0-286
decreased evaporation,decreased soil moisture,request-146-0-287
decreased soil moisture,decreased soil fertility,request-146-0-288
decreased soil fertility,decreased agricultural productivity,request-146-0-289
decreased agricultural productivity,decreased food production,request-146-0-290
decreased food production,increased food insecurity,request-146-0-291
increased food insecurity,decreased water availability,request-146-0-292
decreased water availability,decreased soil moisture,request-146-0-293
decreased soil moisture,decreased plant transpiration,request-146-0-294
decreased plant transpiration,decreased soil temperature,request-146-0-295
decreased soil temperature,decreased evaporation,request-146-0-296
decreased evaporation,decreased soil moisture,request-146-0-297
decreased soil moisture,decreased soil fertility,request-146-0-298
decreased soil fertility,decreased agricultural productivity,request-146-0-299
decreased agricultural productivity,decreased food production,request-146-0-300
decreased food production,increased food insecurity,request-146-0-301
increased food insecurity,decreased water availability,request-146-0-302
decreased water availability,decreased soil moisture,request-146-0-303
decreased soil moisture,decreased plant transpiration,request-146-0-304
decreased plant transpiration,decreased soil temperature,request-146-0-305
decreased soil temperature,decreased evaporation,request-146-0-306
decreased evaporation,decreased soil moisture,request-146-0-307
decreased soil moisture,decreased soil fertility,request-146-0-308
decreased soil fertility,decreased agricultural productivity,request-146-0-309
decreased agricultural productivity,decreased food production,request-146-0-310
decreased food production,increased food insecurity,request-146-0-311
increased food insecurity,decreased water availability,request-146-0-312
decreased water availability,decreased soil moisture,request-146-0-313
decreased soil moisture,decreased plant transpiration,request-146-0-314
decreased plant transpiration,decreased soil temperature,request-146-0-315
decreased soil temperature,decreased evaporation,request-146-0-316
decreased evaporation,decreased soil moisture,request-146-0-317
decreased soil moisture,decreased soil fertility,request-146-0-318
decreased soil fertility,decreased agricultural productivity,request-146-0-319
decreased agricultural productivity,decreased food production,request-146-0-320
decreased food production,increased food insecurity,request-146-0-321
increased food insecurity,decreased water availability,request-146-0-322
decreased water availability,decreased soil moisture,request-146-0-323
decreased soil moisture,decreased plant transpiration,request-146-0-324
decreased plant transpiration,decreased soil temperature,request-146-0-325
decreased soil temperature,decreased evaporation,request-146-0-326
decreased evaporation,decreased soil moisture,request-146-0-327
decreased soil moisture,decreased soil fertility,request-146-0-328
decreased soil fertility,decreased agricultural productivity,request-146-0-329
decreased agricultural productivity,decreased food production,request-146-0-330
decreased food production,increased food insecurity,request-146-0-331
increased food insecurity,decreased water availability,request-146-0-332
decreased water availability,decreased soil moisture,request-146-0-333
decreased soil moisture,decreased plant transpiration,request-146-0-334
decreased plant transpiration,decreased soil temperature,request-146-0-335
decreased soil temperature,decreased evaporation,request-146-0-336
decreased evaporation,decreased soil moisture,request-146-0-337
decreased soil moisture,decreased soil fertility,request-146-0-338
decreased soil fertility,decreased agricultural productivity,request-146-0-339
decreased agricultural productivity,decreased food production,request-146-0-340
decreased food production,increased food insecurity,request-146-0-341
increased food insecurity,decreased water availability,request-146-0-342
decreased water availability,decreased soil moisture,request-146-0-343
decreased soil moisture,decreased plant transpiration,request-146-0-344
decreased plant transpiration,decreased soil temperature,request-146-0-345
decreased soil temperature,decreased evaporation,request-146-0-346
decreased evaporation,decreased soil moisture,request-146-0-347
decreased soil moisture,decreased soil fertility,request-146-0-348
decreased soil fertility,decreased agricultural productivity,request-146-0-349
decreased agricultural productivity,decreased food production,request-146-0-350
decreased food production,increased food insecurity,request-146-0-351
increased food insecurity,decreased water availability,request-146-0-352
decreased water availability,decreased soil moisture,request-146-0-353
decreased soil moisture,decreased plant transpiration,request-146-0-354
decreased plant transpiration,decreased soil temperature,request-146-0-355
decreased soil temperature,decreased evaporation,request-146-0-356
decreased evaporation,decreased soil moisture,request-146-0-357
decreased soil moisture,decreased soil fertility,request-146-0-358
decreased soil fertility,decreased agricultural productivity,request-146-0-359
decreased agricultural productivity,decreased food production,request-146-0-360
decreased food production,increased food insecurity,request-146-0-361
increased food insecurity,decreased water availability,request-146-0-362
decreased water availability,decreased soil moisture,request-146-0-363
decreased soil moisture,decreased plant transpiration,request-146-0-364
decreased plant transpiration,decreased soil temperature,request-146-0-365
decreased soil temperature,decreased evaporation,request-146-0-366
decreased evaporation,decreased soil moisture,request-146-0-367
decreased soil moisture,decreased soil fertility,request-146-0-368
decreased soil fertility,decreased agricultural productivity,request-146-0-369
decreased agricultural productivity,decreased food production,request-146-0-370
decreased food production,increased food insecurity,request-146-0-371
increased food insecurity,decreased water availability,request-146-0-372
decreased water availability,decreased soil moisture,request-146-0-373
decreased soil moisture,decreased plant transpiration,request-146-0-374
decreased plant transpiration,decreased soil temperature,request-146-0-375
decreased soil temperature,decreased evaporation,request-146-0-376
decreased evaporation,decreased soil moisture,request-146-0-377
decreased soil moisture,decreased soil fertility,request-146-0-378
decreased soil fertility,decreased agricultural productivity,request-146-0-379
decreased agricultural productivity,decreased food production,request-146-0-380
decreased food production,increased food insecurity,request-146-0-381
increased food insecurity,decreased water availability,request-146-0-382
decreased water availability,decreased soil moisture,request-146-0-383
decreased soil moisture,decreased plant transpiration,request-146-0-384
decreased plant transpiration,decreased soil temperature,request-146-0-385
decreased soil temperature,decreased evaporation,request-146-0-386
decreased evaporation,decreased soil moisture,request-146-0-387
decreased soil moisture,decreased soil fertility,request-146-0-388
decreased soil fertility,decreased agricultural productivity,request-146-0-389
decreased agricultural productivity,decreased food production,request-146-0-390
decreased food production,increased food insecurity,request-146-0-391
increased food insecurity,decreased water availability,request-146-0-392
decreased water availability,decreased soil moisture,request-146-0-393
decreased soil moisture,decreased plant transpiration,request-146-0-394
decreased plant transpiration,decreased soil temperature,request-146-0-395
decreased soil temperature,decreased evaporation,request-146-0-396
decreased evaporation,decreased soil moisture,request-146-0-397
decreased soil moisture,decreased soil fertility,request-146-0-398
decreased soil fertility,decreased agricultural productivity,request-146-0-399
decreased agricultural productivity,decreased food production,request-146-0-400
decreased food production,increased food insecurity,request-146-0-401
increased food insecurity,decreased water availability,request-146-0-402
decreased water availability,decreased soil moisture,request-146-0-403
decreased soil moisture,decreased plant transpiration,request-146-0-404
decreased plant transpiration,decreased soil temperature,request-146-0-405
decreased soil temperature,decreased evaporation,request-146-0-406
decreased evaporation,decreased soil moisture,request-146-0-407
decreased soil moisture,decreased soil fertility,request-146-0-408
decreased soil fertility,decreased agricultural productivity,request-146-0-409
decreased agricultural productivity,decreased food production,request-146-0-410
decreased food production,increased food insecurity,request-146-0-411
increased food insecurity,decreased water availability,request-146-0-412
decreased water availability,decreased soil moisture,request-146-0-413
decreased soil moisture,decreased plant transpiration,request-146-0-414
decreased plant transpiration,decreased soil temperature,request-146-0-415
decreased soil temperature,decreased evaporation,request-146-0-416
decreased evaporation,decreased soil moisture,request-146-0-417
decreased soil moisture,decreased soil fertility,request-146-0-418
decreased soil fertility,decreased agricultural productivity,request-146-0-419
decreased agricultural productivity,decreased food production,request-146-0-420
decreased food production,increased food insecurity,request-146-0-421
increased food insecurity,decreased water availability,request-146-0-422
decreased water availability,decreased soil moisture,request-146-0-423
decreased soil moisture,decreased plant transpiration,request-146-0-424
decreased plant transpiration,decreased soil temperature,request-146-0-425
decreased soil temperature,decreased evaporation,request-146-0-426
decreased evaporation,decreased soil moisture,request-146-0-427
decreased soil moisture,decreased soil fertility,request-146-0-428
decreased soil fertility,decreased agricultural productivity,request-146-0-429
decreased agricultural productivity,decreased food production,request-146-0-430
decreased food production,increased food insecurity,request-146-0-431
increased food insecurity,decreased water availability,request-146-0-432
decreased water availability,decreased soil moisture,request-146-0-433
decreased soil moisture,decreased plant transpiration,request-146-0-434
decreased plant transpiration,decreased soil temperature,request-146-0-435
decreased soil temperature,decreased evaporation,request-146-0-436
decreased evaporation,decreased soil moisture,request-146-0-437
decreased soil moisture,decreased soil fertility,request-146-0-438
decreased soil fertility,decreased agricultural productivity,request-146-0-439
decreased agricultural productivity,decreased food production,request-146-0-440
decreased food production,increased food insecurity,request-146-0-441
increased food insecurity,decreased water availability,request-146-0-442
decreased water availability,decreased soil moisture,request-146-0-443
decreased soil moisture,decreased plant transpiration,request-146-0-444
decreased plant transpiration,decreased soil temperature,request-146-0-445
decreased soil temperature,decreased evaporation,request-146-0-446
decreased evaporation,decreased soil moisture,request-146-0-447
decreased soil moisture,decreased soil fertility,request-146-0-448
decreased soil fertility,decreased agricultural productivity,request-146-0-449
decreased agricultural productivity,decreased food production,request-146-0-450
decreased food production,increased food insecurity,request-146-0-451
increased food insecurity,decreased water availability,request-146-0-452
decreased water availability,decreased soil moisture,request-146-0-453
decreased soil moisture,decreased plant transpiration,request-146-0-454
decreased plant transpiration,decreased soil temperature,request-146-0-455
decreased soil temperature,decreased evaporation,request-146-0-456
decreased evaporation,decreased soil moisture,request-146-0-457
decreased soil moisture,decreased soil fertility,request-146-0-458
decreased soil fertility,decreased agricultural productivity,request-146-0-459
decreased agricultural productivity,decreased food production,request-146-0-460
decreased food production,increased food insecurity,request-146-0-461
increased food insecurity,decreased water availability,request-146-0-462
decreased water availability,decreased soil moisture,request-146-0-463
decreased soil moisture,decreased plant transpiration,request-146-0-464
decreased plant transpiration,decreased soil temperature,request-146-0-465
decreased soil temperature,decreased evaporation,request-146-0-466
decreased evaporation,decreased soil moisture,request-146-0-467
decreased soil moisture,decreased soil fertility,request-146-0-468
decreased soil fertility,decreased agricultural productivity,request-146-0-469
decreased agricultural productivity,decreased food production,request-146-0-470
decreased food production,increased food insecurity,request-146-0-471
increased food insecurity,decreased water availability,request-146-0-472
decreased water availability,decreased soil moisture,request-146-0-473
decreased soil moisture,decreased plant transpiration,request-146-0-474
decreased plant transpiration,decreased soil temperature,request-146-0-475
decreased soil temperature,decreased evaporation,request-146-0-476
decreased evaporation,decreased soil moisture,request-146-0-477
decreased soil moisture,decreased soil fertility,request-146-0-478
decreased soil fertility,decreased agricultural productivity,request-146-0-479
decreased agricultural productivity,decreased food production,request-146-0-480
decreased food production,increased food insecurity,request-146-0-481
increased food insecurity,decreased water availability,request-146-0-482
decreased water availability,decreased soil moisture,request-146-0-483
decreased soil moisture,decreased plant transpiration,request-146-0-484
decreased plant transpiration,decreased soil temperature,request-146-0-485
decreased soil temperature,decreased evaporation,request-146-0-486
decreased evaporation,decreased soil moisture,request-146-0-487
decreased soil moisture,decreased soil fertility,request-146-0-488
decreased soil fertility,decreased agricultural productivity,request-146-0-489
decreased agricultural productivity,decreased food production,request-146-0-490
decreased food production,increased food insecurity,request-146-0-491
increased food insecurity,decreased water availability,request-146-0-492
decreased water availability,decreased soil moisture,request-146-0-493
decreased soil moisture,decreased plant transpiration,request-146-0-494
decreased plant transpiration,de<<<<<<<<<<<<<<<<<<<<<<<<<<<<<<<<<<<<<<<<<<<<<<<<<<<<<<<<<<<<<<<<<<<<<<<<<<<<<<<<<<<<<<<<<<<<<<<<<<<<<,request-146-0-495
deforestation,loss of vegetation cover,request-147-0-0
loss of vegetation cover,increased soil erosion,request-147-0-1
increased soil erosion,degradation of soil structure,request-147-0-2
degradation of soil structure,reduced soil fertility,request-147-0-3
reduced soil fertility,lower agricultural productivity,request-147-0-4
lower agricultural productivity,inadequate water retention,request-147-0-5
inadequate water retention,increased runoff,request-147-0-6
increased runoff,soil compaction,request-147-0-7
soil compaction,loss of soil organic matter,request-147-0-8
loss of soil organic matter,increased soil salinity,request-147-0-9
increased soil salinity,decreased water infiltration,request-147-0-10
decreased water infiltration,reduced groundwater recharge,request-147-0-11
reduced groundwater recharge,lower water table levels,request-147-0-12
lower water table levels,decreased availability of water,request-147-0-13
decreased availability of water,water scarcity,request-147-0-14
water scarcity,water crises,request-147-0-15
overgrazing by livestock,exacerbated soil erosion,request-147-1-0
exacerbated soil erosion,degradation of soil structure,request-147-1-1
degradation of soil structure,reduced soil fertility,request-147-1-2
reduced soil fertility,lower agricultural productivity,request-147-1-3
lower agricultural productivity,increased runoff,request-147-1-4
increased runoff,soil compaction,request-147-1-5
soil compaction,loss of soil organic matter,request-147-1-6
loss of soil organic matter,increased soil salinity,request-147-1-7
increased soil salinity,decreased water infiltration,request-147-1-8
decreased water infiltration,reduced groundwater recharge,request-147-1-9
reduced groundwater recharge,lower water table levels,request-147-1-10
lower water table levels,decreased availability of water,request-147-1-11
decreased availability of water,water scarcity,request-147-1-12
water scarcity,water crises,request-147-1-13
unsustainable farming practices,excessive tillage,request-147-2-0
excessive tillage,soil erosion,request-147-2-1
soil erosion,loss of soil structure,request-147-2-2
loss of soil structure,reduced soil fertility,request-147-2-3
reduced soil fertility,lower agricultural productivity,request-147-2-4
lower agricultural productivity,increased runoff,request-147-2-5
increased runoff,soil compaction,request-147-2-6
soil compaction,loss of soil organic matter,request-147-2-7
loss of soil organic matter,increased soil salinity,request-147-2-8
increased soil salinity,decreased water infiltration,request-147-2-9
decreased water infiltration,reduced groundwater recharge,request-147-2-10
reduced groundwater recharge,lower water table levels,request-147-2-11
lower water table levels,decreased availability of water,request-147-2-12
decreased availability of water,water scarcity,request-147-2-13
water scarcity,water crises,request-147-2-14
climate change,increased frequency of extreme weather events,request-147-3-0
increased frequency of extreme weather events,heavy rainfall,request-147-3-1
heavy rainfall,soil erosion,request-147-3-2
soil erosion,loss of soil structure,request-147-3-3
loss of soil structure,reduced soil fertility,request-147-3-4
reduced soil fertility,lower agricultural productivity,request-147-3-5
lower agricultural productivity,increased runoff,request-147-3-6
increased runoff,soil compaction,request-147-3-7
soil compaction,loss of soil organic matter,request-147-3-8
loss of soil organic matter,increased soil salinity,request-147-3-9
increased soil salinity,decreased water infiltration,request-147-3-10
decreased water infiltration,reduced groundwater recharge,request-147-3-11
reduced groundwater recharge,lower water table levels,request-147-3-12
lower water table levels,decreased availability of water,request-147-3-13
decreased availability of water,water scarcity,request-147-3-14
water scarcity,water crises,request-147-3-15
industrial pollution,contamination of soil,request-147-4-0
contamination of soil,loss of soil fertility,request-147-4-1
loss of soil fertility,reduced agricultural productivity,request-147-4-2
reduced agricultural productivity,increased runoff,request-147-4-3
increased runoff,soil compaction,request-147-4-4
soil compaction,loss of soil organic matter,request-147-4-5
loss of soil organic matter,increased soil salinity,request-147-4-6
increased soil salinity,decreased water infiltration,request-147-4-7
decreased water infiltration,reduced groundwater recharge,request-147-4-8
reduced groundwater recharge,lower water table levels,request-147-4-9
lower water table levels,decreased availability of water,request-147-4-10
decreased availability of water,water scarcity,request-147-4-11
water scarcity,water crises,request-147-4-12
construction activities,compaction of soil,request-147-5-0
compaction of soil,loss of soil structure,request-147-5-1
loss of soil structure,reduced soil fertility,request-147-5-2
reduced soil fertility,lower agricultural productivity,request-147-5-3
lower agricultural productivity,increased runoff,request-147-5-4
increased runoff,soil compaction,request-147-5-5
soil compaction,loss of soil organic matter,request-147-5-6
loss of soil organic matter,increased soil salinity,request-147-5-7
increased soil salinity,decreased water infiltration,request-147-5-8
decreased water infiltration,reduced groundwater recharge,request-147-5-9
reduced groundwater recharge,lower water table levels,request-147-5-10
lower water table levels,decreased availability of water,request-147-5-11
decreased availability of water,water scarcity,request-147-5-12
water scarcity,water crises,request-147-5-13
urbanization,land conversion,request-147-6-0
land conversion,loss of vegetation cover,request-147-6-1
loss of vegetation cover,increased soil erosion,request-147-6-2
increased soil erosion,degradation of soil structure,request-147-6-3
degradation of soil structure,reduced soil fertility,request-147-6-4
reduced soil fertility,lower agricultural productivity,request-147-6-5
lower agricultural productivity,increased runoff,request-147-6-6
increased runoff,soil compaction,request-147-6-7
soil compaction,loss of soil organic matter,request-147-6-8
loss of soil organic matter,increased soil salinity,request-147-6-9
increased soil salinity,decreased water infiltration,request-147-6-10
decreased water infiltration,reduced groundwater recharge,request-147-6-11
reduced groundwater recharge,lower water table levels,request-147-6-12
lower water table levels,decreased availability of water,request-147-6-13
decreased availability of water,water scarcity,request-147-6-14
water scarcity,water crises,request-147-6-15
mining activities,soil contamination,request-147-7-0
soil contamination,loss of soil fertility,request-147-7-1
loss of soil fertility,reduced agricultural productivity,request-147-7-2
reduced agricultural productivity,increased runoff,request-147-7-3
increased runoff,soil compaction,request-147-7-4
soil compaction,loss of soil organic matter,request-147-7-5
loss of soil organic matter,increased soil salinity,request-147-7-6
increased soil salinity,decreased water infiltration,request-147-7-7
decreased water infiltration,reduced groundwater recharge,request-147-7-8
reduced groundwater recharge,lower water table levels,request-147-7-9
lower water table levels,decreased availability of water,request-147-7-10
decreased availability of water,water scarcity,request-147-7-11
water scarcity,water crises,request-147-7-12
overuse of chemical fertilizers,loss of soil fertility,request-148-0-0
loss of soil fertility,reduced crop yields,request-148-0-1
reduced crop yields,increased food prices,request-148-0-2
increased food prices,food scarcity,request-148-0-3
food scarcity,food crises,request-148-0-4
deforestation,soil erosion,request-148-1-0
soil erosion,loss of fertile topsoil,request-148-1-1
loss of fertile topsoil,reduced agricultural productivity,request-148-1-2
reduced agricultural productivity,increased food prices,request-148-1-3
increased food prices,food scarcity,request-148-1-4
food scarcity,food crises,request-148-1-5
overgrazing,soil compaction,request-148-2-0
soil compaction,reduced soil aeration,request-148-2-1
reduced soil aeration,loss of soil fertility,request-148-2-2
loss of soil fertility,reduced crop yields,request-148-2-3
reduced crop yields,increased food prices,request-148-2-4
increased food prices,food scarcity,request-148-2-5
food scarcity,food crises,request-148-2-6
unsustainable farming practices,soil degradation,request-148-3-0
soil degradation,loss of soil fertility,request-148-3-1
loss of soil fertility,reduced crop yields,request-148-3-2
reduced crop yields,increased food prices,request-148-3-3
increased food prices,food scarcity,request-148-3-4
food scarcity,food crises,request-148-3-5
climate change,extreme weather events,request-148-4-0
extreme weather events,soil degradation,request-148-4-1
soil degradation,loss of soil fertility,request-148-4-2
loss of soil fertility,reduced crop yields,request-148-4-3
reduced crop yields,increased food prices,request-148-4-4
increased food prices,food scarcity,request-148-4-5
food scarcity,food crises,request-148-4-6
poor irrigation practices,salinization of soil,request-148-5-0
salinization of soil,loss of soil fertility,request-148-5-1
loss of soil fertility,reduced crop yields,request-148-5-2
reduced crop yields,increased food prices,request-148-5-3
increased food prices,food scarcity,request-148-5-4
food scarcity,food crises,request-148-5-5
pesticide overuse,soil contamination,request-148-6-0
soil contamination,loss of soil fertility,request-148-6-1
loss of soil fertility,reduced crop yields,request-148-6-2
reduced crop yields,increased food prices,request-148-6-3
increased food prices,food scarcity,request-148-6-4
food scarcity,food crises,request-148-6-5
soil erosion,loss of fertile topsoil,request-148-7-0
loss of fertile topsoil,reduced agricultural productivity,request-148-7-1
reduced agricultural productivity,increased food prices,request-148-7-2
increased food prices,food scarcity,request-148-7-3
food scarcity,food crises,request-148-7-4
acid rain,soil acidification,request-148-8-0
soil acidification,loss of soil fertility,request-148-8-1
loss of soil fertility,reduced crop yields,request-148-8-2
reduced crop yields,increased food prices,request-148-8-3
increased food prices,food scarcity,request-148-8-4
food scarcity,food crises,request-148-8-5
pollution from industrial activities,soil contamination,request-148-9-0
soil contamination,loss of soil fertility,request-148-9-1
loss of soil fertility,reduced crop yields,request-148-9-2
reduced crop yields,increased food prices,request-148-9-3
increased food prices,food scarcity,request-148-9-4
food scarcity,food crises,request-148-9-5
unsustainable water use,soil salinization,request-148-10-0
soil salinization,loss of soil fertility,request-148-10-1
loss of soil fertility,reduced crop yields,request-148-10-2
reduced crop yields,increased food prices,request-148-10-3
increased food prices,food scarcity,request-148-10-4
food scarcity,food crises,request-148-10-5
overextraction of groundwater,soil compaction,request-148-11-0
soil compaction,loss of soil fertility,request-148-11-1
loss of soil fertility,reduced crop yields,request-148-11-2
reduced crop yields,increased food prices,request-148-11-3
increased food prices,food scarcity,request-148-11-4
food scarcity,food crises,request-148-11-5
reduction of carbon emissions,decrease in greenhouse gas concentrations,request-149-0-0
decrease in greenhouse gas concentrations,slowing down of global warming,request-149-0-1
slowing down of global warming,mitigation of extreme weather events,request-149-0-2
mitigation of extreme weather events,preservation of ecosystems,request-149-0-3
preservation of ecosystems,reduction in environmental degradation,request-149-0-4
reduction in environmental degradation,promotion of renewable energy sources,request-149-0-5
promotion of renewable energy sources,decreased reliance on fossil fuels,request-149-0-6
decreased reliance on fossil fuels,lower energy consumption,request-149-0-7
lower energy consumption,improved air quality,request-149-0-8
improved air quality,healthier populations,request-149-0-9
healthier populations,reduced healthcare costs,request-149-0-10
reduced healthcare costs,enhanced economic stability,request-149-0-11
enhanced economic stability,increased investment in green technologies,request-149-0-12
increased investment in green technologies,strengthened climate resilience,request-149-0-13
strengthened climate resilience,longterm sustainability,request-149-0-14
longterm sustainability,reduced burden of climate change,request-149-0-15
adoption of plantbased diets,decreased demand for livestock farming,request-149-1-0
decreased demand for livestock farming,reduced methane emissions from agriculture,request-149-1-1
reduced methane emissions from agriculture,lowered agricultural greenhouse gas emissions,request-149-1-2
lowered agricultural greenhouse gas emissions,preservation of forests and natural habitats,request-149-1-3
preservation of forests and natural habitats,enhanced biodiversity,request-149-1-4
enhanced biodiversity,improved soil health,request-149-1-5
improved soil health,reduced deforestation,request-149-1-6
reduced deforestation,increased carbon sequestration,request-149-1-7
increased carbon sequestration,decreased air pollution,request-149-1-8
decreased air pollution,healthier populations,request-149-1-9
healthier populations,reduced healthcare costs,request-149-1-10
reduced healthcare costs,enhanced economic stability,request-149-1-11
enhanced economic stability,increased investment in sustainable agriculture,request-149-1-12
increased investment in sustainable agriculture,strengthened food security,request-149-1-13
strengthened food security,longterm sustainability,request-149-1-14
longterm sustainability,reduced burden of climate change,request-149-1-15
energyefficient housing,decreased energy consumption for heating and cooling,request-149-2-0
decreased energy consumption for heating and cooling,reduced greenhouse gas emissions from buildings,request-149-2-1
reduced greenhouse gas emissions from buildings,lower utility bills,request-149-2-2
lower utility bills,improved indoor air quality,request-149-2-3
improved indoor air quality,healthier living conditions,request-149-2-4
healthier living conditions,enhanced economic stability,request-149-2-5
enhanced economic stability,increased investment in green building technologies,request-149-2-6
increased investment in green building technologies,strengthened climate resilience,request-149-2-7
strengthened climate resilience,longterm sustainability,request-149-2-8
longterm sustainability,reduced burden of climate change,request-149-2-9
public transportation usage,decreased reliance on private vehicles,request-149-3-0
decreased reliance on private vehicles,reduced greenhouse gas emissions from transportation,request-149-3-1
reduced greenhouse gas emissions from transportation,improved air quality,request-149-3-2
improved air quality,enhanced public health,request-149-3-3
enhanced public health,reduced healthcare costs,request-149-3-4
reduced healthcare costs,enhanced economic stability,request-149-3-5
enhanced economic stability,increased investment in sustainable transportation infrastructure,request-149-3-6
increased investment in sustainable transportation infrastructure,strengthened climate resilience,request-149-3-7
strengthened climate resilience,longterm sustainability,request-149-3-8
longterm sustainability,reduced burden of climate change,request-149-3-9
recycling and waste reduction,decreased landfill waste,request-149-4-0
decreased landfill waste,reduced methane emissions from landfills,request-149-4-1
reduced methane emissions from landfills,conservation of natural resources,request-149-4-2
conservation of natural resources,enhanced environmental sustainability,request-149-4-3
enhanced environmental sustainability,reduced pollution,request-149-4-4
reduced pollution,healthier populations,request-149-4-5
healthier populations,reduced healthcare costs,request-149-4-6
reduced healthcare costs,enhanced economic stability,request-149-4-7
enhanced economic stability,increased investment in waste management technologies,request-149-4-8
increased investment in waste management technologies,strengthened climate resilience,request-149-4-9
strengthened climate resilience,longterm sustainability,request-149-4-10
longterm sustainability,reduced burden of climate change,request-149-4-11
renewable energy adoption,decreased reliance on fossil fuels,request-149-5-0
decreased reliance on fossil fuels,reduced greenhouse gas emissions from energy production,request-149-5-1
reduced greenhouse gas emissions from energy production,improved air quality,request-149-5-2
improved air quality,enhanced public health,request-149-5-3
enhanced public health,reduced healthcare costs,request-149-5-4
reduced healthcare costs,enhanced economic stability,request-149-5-5
enhanced economic stability,increased investment in renewable energy technologies,request-149-5-6
increased investment in renewable energy technologies,strengthened climate resilience,request-149-5-7
strengthened climate resilience,longterm sustainability,request-149-5-8
longterm sustainability,reduced burden of climate change,request-149-5-9
conservation efforts,preservation of natural habitats,request-149-6-0
preservation of natural habitats,protection of biodiversity,request-149-6-1
protection of biodiversity,enhanced ecosystem services,request-149-6-2
enhanced ecosystem services,reduced environmental degradation,request-149-6-3
reduced environmental degradation,improved air and water quality,request-149-6-4
improved air and water quality,healthier populations,request-149-6-5
healthier populations,reduced healthcare costs,request-149-6-6
reduced healthcare costs,enhanced economic stability,request-149-6-7
enhanced economic stability,increased investment in conservation initiatives,request-149-6-8
increased investment in conservation initiatives,strengthened climate resilience,request-149-6-9
strengthened climate resilience,longterm sustainability,request-149-6-10
longterm sustainability,reduced burden of climate change,request-149-6-11
melting of glaciers,rising sea levels,request-150-0-0
rising sea levels,increased ocean temperatures,request-150-0-1
increased ocean temperatures,disruption of ocean currents,request-150-0-2
disruption of ocean currents,altered weather patterns,request-150-0-3
altered weather patterns,global temperature increase,request-150-0-4
global temperature increase,abrupt temperature spikes,request-150-0-5
melting of glaciers,release of freshwater into oceans,request-150-1-0
release of freshwater into oceans,stratification of ocean layers,request-150-1-1
stratification of ocean layers,reduced ocean mixing,request-150-1-2
reduced ocean mixing,heat trapped in lower ocean layers,request-150-1-3
heat trapped in lower ocean layers,increased atmospheric temperatures,request-150-1-4
increased atmospheric temperatures,abrupt temperature spikes,request-150-1-5
melting of glaciers,increased freshwater input into rivers,request-150-2-0
increased freshwater input into rivers,altered river flow patterns,request-150-2-1
altered river flow patterns,impact on regional climates,request-150-2-2
impact on regional climates,changes in atmospheric circulation,request-150-2-3
changes in atmospheric circulation,global temperature increase,request-150-2-4
global temperature increase,abrupt temperature spikes,request-150-2-5
melting of glaciers,increased freshwater in lakes and reservoirs,request-150-3-0
increased freshwater in lakes and reservoirs,altered local humidity levels,request-150-3-1
altered local humidity levels,changes in precipitation patterns,request-150-3-2
changes in precipitation patterns,regional climate changes,request-150-3-3
regional climate changes,global temperature increase,request-150-3-4
global temperature increase,abrupt temperature spikes,request-150-3-5
cows producing methane,greenhouse gas emissions,request-151-0-0
greenhouse gas emissions,global warming,request-151-0-1
global warming,climate change,request-151-0-2
cows producing methane,deforestation,request-151-1-0
deforestation,loss of carbon sinks,request-151-1-1
loss of carbon sinks,increased atmospheric co2,request-151-1-2
increased atmospheric co2,global warming,request-151-1-3
global warming,climate change,request-151-1-4
cows producing methane,deforestation,request-151-2-0
deforestation,soil degradation,request-151-2-1
soil degradation,altered water cycles,request-151-2-2
altered water cycles,extreme weather events,request-151-2-3
extreme weather events,climate change,request-151-2-4
cows producing methane,deforestation,request-151-3-0
deforestation,loss of biodiversity,request-151-3-1
loss of biodiversity,disrupted ecosystems,request-151-3-2
disrupted ecosystems,increased greenhouse gas emissions,request-151-3-3
increased greenhouse gas emissions,global warming,request-151-3-4
global warming,climate change,request-151-3-5
cows producing methane,deforestation,request-151-4-0
deforestation,loss of biodiversity,request-151-4-1
loss of biodiversity,disrupted ecosystems,request-151-4-2
disrupted ecosystems,increased greenhouse gas emissions,request-151-4-3
increased greenhouse gas emissions,global warming,request-151-4-4
global warming,climate change,request-151-4-5
cows producing methane,deforestation,request-151-5-0
deforestation,loss of biodiversity,request-151-5-1
loss of biodiversity,disrupted ecosystems,request-151-5-2
disrupted ecosystems,increased greenhouse gas emissions,request-151-5-3
increased greenhouse gas emissions,global warming,request-151-5-4
global warming,climate change,request-151-5-5
cows producing methane,deforestation,request-151-6-0
deforestation,loss of biodiversity,request-151-6-1
loss of biodiversity,disrupted ecosystems,request-151-6-2
disrupted ecosystems,increased greenhouse gas emissions,request-151-6-3
increased greenhouse gas emissions,global warming,request-151-6-4
global warming,climate change,request-151-6-5
cows producing methane,deforestation,request-151-7-0
deforestation,loss of biodiversity,request-151-7-1
loss of biodiversity,disrupted ecosystems,request-151-7-2
disrupted ecosystems,increased greenhouse gas emissions,request-151-7-3
increased greenhouse gas emissions,global warming,request-151-7-4
global warming,climate change,request-151-7-5
cows producing methane,deforestation,request-151-8-0
deforestation,loss of biodiversity,request-151-8-1
loss of biodiversity,disrupted ecosystems,request-151-8-2
disrupted ecosystems,increased greenhouse gas emissions,request-151-8-3
increased greenhouse gas emissions,global warming,request-151-8-4
global warming,climate change,request-151-8-5
cows producing methane,deforestation,request-151-9-0
deforestation,loss of biodiversity,request-151-9-1
loss of biodiversity,disrupted ecosystems,request-151-9-2
disrupted ecosystems,increased greenhouse gas emissions,request-151-9-3
increased greenhouse gas emissions,global warming,request-151-9-4
global warming,climate change,request-151-9-5
cows producing methane,deforestation,request-151-10-0
deforestation,loss of biodiversity,request-151-10-1
loss of biodiversity,disrupted ecosystems,request-151-10-2
disrupted ecosystems,increased greenhouse gas emissions,request-151-10-3
increased greenhouse gas emissions,global warming,request-151-10-4
global warming,climate change,request-151-10-5
cows producing methane,deforestation,request-151-11-0
deforestation,loss of biodiversity,request-151-11-1
loss of biodiversity,disrupted ecosystems,request-151-11-2
disrupted ecosystems,increased greenhouse gas emissions,request-151-11-3
increased greenhouse gas emissions,global warming,request-151-11-4
global warming,climate change,request-151-11-5
cows producing methane,deforestation,request-151-12-0
deforestation,loss of biodiversity,request-151-12-1
loss of biodiversity,disrupted ecosystems,request-151-12-2
disrupted ecosystems,increased greenhouse gas emissions,request-151-12-3
increased greenhouse gas emissions,global warming,request-151-12-4
global warming,climate change,request-151-12-5
cows producing methane,deforestation,request-151-13-0
deforestation,loss of biodiversity,request-151-13-1
loss of biodiversity,disrupted ecosystems,request-151-13-2
disrupted ecosystems,increased greenhouse gas emissions,request-151-13-3
increased greenhouse gas emissions,global warming,request-151-13-4
global warming,climate change,request-151-13-5
cows producing methane,deforestation,request-151-14-0
deforestation,loss of biodiversity,request-151-14-1
loss of biodiversity,disrupted ecosystems,request-151-14-2
disrupted ecosystems,increased greenhouse gas emissions,request-151-14-3
increased greenhouse gas emissions,global warming,request-151-14-4
global warming,climate change,request-151-14-5
cows producing methane,deforestation,request-151-15-0
deforestation,loss of biodiversity,request-151-15-1
loss of biodiversity,disrupted ecosystems,request-151-15-2
disrupted ecosystems,increased greenhouse gas emissions,request-151-15-3
increased greenhouse gas emissions,global warming,request-151-15-4
global warming,climate change,request-151-15-5
cows producing methane,deforestation,request-151-16-0
deforestation,loss of biodiversity,request-151-16-1
loss of biodiversity,disrupted ecosystems,request-151-16-2
disrupted ecosystems,increased greenhouse gas emissions,request-151-16-3
increased greenhouse gas emissions,global warming,request-151-16-4
global warming,climate change,request-151-16-5
cows producing methane,deforestation,request-151-17-0
deforestation,loss of biodiversity,request-151-17-1
loss of biodiversity,disrupted ecosystems,request-151-17-2
disrupted ecosystems,increased greenhouse gas emissions,request-151-17-3
increased greenhouse gas emissions,global warming,request-151-17-4
global warming,climate change,request-151-17-5
cows producing methane,deforestation,request-151-18-0
deforestation,loss of biodiversity,request-151-18-1
loss of biodiversity,disrupted ecosystems,request-151-18-2
disrupted ecosystems,increased greenhouse gas emissions,request-151-18-3
increased greenhouse gas emissions,global warming,request-151-18-4
global warming,climate change,request-151-18-5
cows producing methane,deforestation,request-151-19-0
deforestation,loss of biodiversity,request-151-19-1
loss of biodiversity,disrupted ecosystems,request-151-19-2
disrupted ecosystems,increased greenhouse gas emissions,request-151-19-3
increased greenhouse gas emissions,global warming,request-151-19-4
global warming,climate change,request-151-19-5
cows producing methane,deforestation,request-151-20-0
deforestation,loss of biodiversity,request-151-20-1
loss of biodiversity,disrupted ecosystems,request-151-20-2
disrupted ecosystems,increased greenhouse gas emissions,request-151-20-3
increased greenhouse gas emissions,global warming,request-151-20-4
global warming,climate change,request-151-20-5
cows producing methane,deforestation,request-151-21-0
deforestation,loss of biodiversity,request-151-21-1
loss of biodiversity,disrupted ecosystems,request-151-21-2
disrupted ecosystems,increased greenhouse gas emissions,request-151-21-3
increased greenhouse gas emissions,global warming,request-151-21-4
global warming,climate change,request-151-21-5
cows producing methane,deforestation,request-151-22-0
deforestation,loss of biodiversity,request-151-22-1
loss of biodiversity,disrupted ecosystems,request-151-22-2
disrupted ecosystems,increased greenhouse gas emissions,request-151-22-3
increased greenhouse gas emissions,global warming,request-151-22-4
global warming,climate change,request-151-22-5
cows producing methane,deforestation,request-151-23-0
deforestation,loss of biodiversity,request-151-23-1
loss of biodiversity,disrupted ecosystems,request-151-23-2
disrupted ecosystems,increased greenhouse gas emissions,request-151-23-3
increased greenhouse gas emissions,global warming,request-151-23-4
global warming,climate change,request-151-23-5
cows producing methane,deforestation,request-151-24-0
deforestation,loss of biodiversity,request-151-24-1
loss of biodiversity,disrupted ecosystems,request-151-24-2
disrupted ecosystems,increased greenhouse gas emissions,request-151-24-3
increased greenhouse gas emissions,global warming,request-151-24-4
global warming,climate change,request-151-24-5
cows producing methane,deforestation,request-151-25-0
deforestation,loss of biodiversity,request-151-25-1
loss of biodiversity,disrupted ecosystems,request-151-25-2
disrupted ecosystems,increased greenhouse gas emissions,request-151-25-3
increased greenhouse gas emissions,global warming,request-151-25-4
global warming,climate change,request-151-25-5
cows producing methane,deforestation,request-151-26-0
deforestation,loss of biodiversity,request-151-26-1
loss of biodiversity,disrupted ecosystems,request-151-26-2
disrupted ecosystems,increased greenhouse gas emissions,request-151-26-3
increased greenhouse gas emissions,global warming,request-151-26-4
global warming,climate change,request-151-26-5
cows producing methane,deforestation,request-151-27-0
deforestation,loss of biodiversity,request-151-27-1
loss of biodiversity,disrupted ecosystems,request-151-27-2
disrupted ecosystems,increased greenhouse gas emissions,request-151-27-3
increased greenhouse gas emissions,global warming,request-151-27-4
global warming,climate change,request-151-27-5
cows producing methane,deforestation,request-151-28-0
deforestation,loss of biodiversity,request-151-28-1
loss of biodiversity,disrupted ecosystems,request-151-28-2
disrupted ecosystems,increased greenhouse gas emissions,request-151-28-3
increased greenhouse gas emissions,global warming,request-151-28-4
global warming,climate change,request-151-28-5
cows producing methane,deforestation,request-151-29-0
deforestation,loss of biodiversity,request-151-29-1
loss of biodiversity,disrupted ecosystems,request-151-29-2
disrupted ecosystems,increased greenhouse gas emissions,request-151-29-3
increased greenhouse gas emissions,global warming,request-151-29-4
global warming,climate change,request-151-29-5
cows producing methane,deforestation,request-151-30-0
deforestation,loss of biodiversity,request-151-30-1
loss of biodiversity,disrupted ecosystems,request-151-30-2
disrupted ecosystems,increased greenhouse gas emissions,request-151-30-3
increased greenhouse gas emissions,global warming,request-151-30-4
global warming,climate change,request-151-30-5
cows producing methane,deforestation,request-151-31-0
deforestation,loss of biodiversity,request-151-31-1
loss of biodiversity,disrupted ecosystems,request-151-31-2
disrupted ecosystems,increased greenhouse gas emissions,request-151-31-3
increased greenhouse gas emissions,global warming,request-151-31-4
global warming,climate change,request-151-31-5
cows producing methane,deforestation,request-151-32-0
deforestation,loss of biodiversity,request-151-32-1
loss of biodiversity,disrupted ecosystems,request-151-32-2
disrupted ecosystems,increased greenhouse gas emissions,request-151-32-3
increased greenhouse gas emissions,global warming,request-151-32-4
global warming,climate change,request-151-32-5
cows producing methane,deforestation,request-151-33-0
deforestation,loss of biodiversity,request-151-33-1
loss of biodiversity,disrupted ecosystems,request-151-33-2
disrupted ecosystems,increased greenhouse gas emissions,request-151-33-3
increased greenhouse gas emissions,global warming,request-151-33-4
global warming,climate change,request-151-33-5
cows producing methane,deforestation,request-151-34-0
deforestation,loss of biodiversity,request-151-34-1
loss of biodiversity,disrupted ecosystems,request-151-34-2
disrupted ecosystems,increased greenhouse gas emissions,request-151-34-3
increased greenhouse gas emissions,global warming,request-151-34-4
global warming,climate change,request-151-34-5
cows producing methane,deforestation,request-151-35-0
deforestation,loss of biodiversity,request-151-35-1
loss of biodiversity,disrupted ecosystems,request-151-35-2
disrupted ecosystems,increased greenhouse gas emissions,request-151-35-3
increased greenhouse gas emissions,global warming,request-151-35-4
global warming,climate change,request-151-35-5
cows producing methane,deforestation,request-151-36-0
deforestation,loss of biodiversity,request-151-36-1
loss of biodiversity,disrupted ecosystems,request-151-36-2
disrupted ecosystems,increased greenhouse gas emissions,request-151-36-3
increased greenhouse gas emissions,global warming,request-151-36-4
global warming,climate change,request-151-36-5
cows producing methane,deforestation,request-151-37-0
deforestation,loss of biodiversity,request-151-37-1
loss of biodiversity,disrupted ecosystems,request-151-37-2
disrupted ecosystems,increased greenhouse gas emissions,request-151-37-3
increased greenhouse gas emissions,global warming,request-151-37-4
global warming,climate change,request-151-37-5
cows producing methane,deforestation,request-151-38-0
deforestation,loss of biodiversity,request-151-38-1
loss of biodiversity,disrupted ecosystems,request-151-38-2
disrupted ecosystems,increased greenhouse gas emissions,request-151-38-3
increased greenhouse gas emissions,global warming,request-151-38-4
global warming,climate change,request-151-38-5
cows producing methane,deforestation,request-151-39-0
deforestation,loss of biodiversity,request-151-39-1
loss of biodiversity,disrupted ecosystems,request-151-39-2
disrupted ecosystems,increased greenhouse gas emissions,request-151-39-3
increased greenhouse gas emissions,global warming,request-151-39-4
global warming,climate change,request-151-39-5
cows producing methane,deforestation,request-151-40-0
deforestation,loss of biodiversity,request-151-40-1
loss of biodiversity,disrupted ecosystems,request-151-40-2
disrupted ecosystems,increased greenhouse gas emissions,request-151-40-3
increased greenhouse gas emissions,global warming,request-151-40-4
global warming,climate change,request-151-40-5
cows producing methane,deforestation,request-151-41-0
deforestation,loss of biodiversity,request-151-41-1
loss of biodiversity,disrupted ecosystems,request-151-41-2
disrupted ecosystems,increased greenhouse gas emissions,request-151-41-3
increased greenhouse gas emissions,global warming,request-151-41-4
global warming,climate change,request-151-41-5
cows producing methane,deforestation,request-151-42-0
deforestation,loss of biodiversity,request-151-42-1
loss of biodiversity,disrupted ecosystems,request-151-42-2
disrupted ecosystems,increased greenhouse gas emissions,request-151-42-3
increased greenhouse gas emissions,global warming,request-151-42-4
global warming,climate change,request-151-42-5
cows producing methane,deforestation,request-151-43-0
deforestation,loss of biodiversity,request-151-43-1
loss of biodiversity,disrupted ecosystems,request-151-43-2
disrupted ecosystems,increased greenhouse gas emissions,request-151-43-3
increased greenhouse gas emissions,global warming,request-151-43-4
global warming,climate change,request-151-43-5
cows producing methane,deforestation,request-151-44-0
deforestation,loss of biodiversity,request-151-44-1
loss of biodiversity,disrupted ecosystems,request-151-44-2
disrupted ecosystems,increased greenhouse gas emissions,request-151-44-3
increased greenhouse gas emissions,global warming,request-151-44-4
global warming,climate change,request-151-44-5
cows producing methane,deforestation,request-151-45-0
deforestation,loss of biodiversity,request-151-45-1
loss of biodiversity,disrupted ecosystems,request-151-45-2
disrupted ecosystems,increased greenhouse gas emissions,request-151-45-3
increased greenhouse gas emissions,global warming,request-151-45-4
global warming,climate change,request-151-45-5
cows producing methane,deforestation,request-151-46-0
deforestation,loss of biodiversity,request-151-46-1
loss of biodiversity,disrupted ecosystems,request-151-46-2
disrupted ecosystems,increased greenhouse gas emissions,request-151-46-3
increased greenhouse gas emissions,global warming,request-151-46-4
global warming,climate change,request-151-46-5
cows producing methane,deforestation,request-151-47-0
deforestation,loss of biodiversity,request-151-47-1
loss of biodiversity,disrupted ecosystems,request-151-47-2
disrupted ecosystems,increased greenhouse gas emissions,request-151-47-3
increased greenhouse gas emissions,global warming,request-151-47-4
global warming,climate change,request-151-47-5
cows producing methane,deforestation,request-151-48-0
deforestation,loss of biodiversity,request-151-48-1
loss of biodiversity,disrupted ecosystems,request-151-48-2
disrupted ecosystems,increased greenhouse gas emissions,request-151-48-3
increased greenhouse gas emissions,global warming,request-151-48-4
global warming,climate change,request-151-48-5
cows producing methane,deforestation,request-151-49-0
deforestation,loss of biodiversity,request-151-49-1
loss of biodiversity,disrupted ecosystems,request-151-49-2
disrupted ecosystems,increased greenhouse gas emissions,request-151-49-3
increased greenhouse gas emissions,global warming,request-151-49-4
global warming,climate change,request-151-49-5
cows producing methane,deforestation,request-151-50-0
deforestation,loss of biodiversity,request-151-50-1
loss of biodiversity,disrupted ecosystems,request-151-50-2
disrupted ecosystems,increased greenhouse gas emissions,request-151-50-3
increased greenhouse gas emissions,global warming,request-151-50-4
global warming,climate change,request-151-50-5
cows producing methane,deforestation,request-151-51-0
deforestation,loss of biodiversity,request-151-51-1
loss of biodiversity,disrupted ecosystems,request-151-51-2
disrupted ecosystems,increased greenhouse gas emissions,request-151-51-3
increased greenhouse gas emissions,global warming,request-151-51-4
global warming,climate change,request-151-51-5
cows producing methane,deforestation,request-151-52-0
deforestation,loss of biodiversity,request-151-52-1
loss of biodiversity,disrupted ecosystems,request-151-52-2
disrupted ecosystems,increased greenhouse gas emissions,request-151-52-3
increased greenhouse gas emissions,global warming,request-151-52-4
global warming,climate change,request-151-52-5
cows producing methane,deforestation,request-151-53-0
deforestation,loss of biodiversity,request-151-53-1
loss of biodiversity,disrupted ecosystems,request-151-53-2
disrupted ecosystems,increased greenhouse gas emissions,request-151-53-3
increased greenhouse gas emissions,global warming,request-151-53-4
global warming,climate change,request-151-53-5
cows producing methane,deforestation,request-151-54-0
deforestation,loss of biodiversity,request-151-54-1
loss of biodiversity,disrupted ecosystems,request-151-54-2
disrupted ecosystems,increased greenhouse gas emissions,request-151-54-3
increased greenhouse gas emissions,global warming,request-151-54-4
global warming,climate change,request-151-54-5
cows producing methane,deforestation,request-151-55-0
deforestation,loss of biodiversity,request-151-55-1
loss of biodiversity,disrupted ecosystems,request-151-55-2
disrupted ecosystems,increased greenhouse gas emissions,request-151-55-3
increased greenhouse gas emissions,global warming,request-151-55-4
global warming,climate change,request-151-55-5
cows producing methane,deforestation,request-151-56-0
deforestation,loss of biodiversity,request-151-56-1
loss of biodiversity,disrupted ecosystems,request-151-56-2
disrupted ecosystems,increased greenhouse gas emissions,request-151-56-3
increased greenhouse gas emissions,global warming,request-151-56-4
global warming,climate change,request-151-56-5
cows producing methane,deforestation,request-151-57-0
deforestation,loss of biodiversity,request-151-57-1
loss of biodiversity,disrupted ecosystems,request-151-57-2
disrupted ecosystems,increased greenhouse gas emissions,request-151-57-3
increased greenhouse gas emissions,global warming,request-151-57-4
global warming,climate change,request-151-57-5
cows producing methane,deforestation,request-151-58-0
deforestation,loss of biodiversity,request-151-58-1
loss of biodiversity,disrupted ecosystems,request-151-58-2
disrupted ecosystems,increased greenhouse gas emissions,request-151-58-3
increased greenhouse gas emissions,global warming,request-151-58-4
global warming,climate change,request-151-58-5
cows producing methane,deforestation,request-151-59-0
deforestation,loss of biodiversity,request-151-59-1
construction of country lanes,land clearing for lane creation,request-152-0-0
land clearing for lane creation,installation of lane markers,request-152-0-1
installation of lane markers,maintenance of lane infrastructure,request-152-0-2
maintenance of lane infrastructure,creation of pedestrian pathways along lanes,request-152-0-3
creation of pedestrian pathways along lanes,development of adjacent public spaces,request-152-0-4
development of adjacent public spaces,establishment of public parks,request-152-0-5
establishment of public parks,enhancement of public recreational areas,request-152-0-6
enhancement of public recreational areas,provision of public space,request-152-0-7
planning of country lanes,surveying land for lane construction,request-152-1-0
surveying land for lane construction,designing lane layout,request-152-1-1
designing lane layout,obtaining necessary permits,request-152-1-2
obtaining necessary permits,engaging contractors for construction,request-152-1-3
engaging contractors for construction,building country lanes,request-152-1-4
building country lanes,setting up traffic signs,request-152-1-5
setting up traffic signs,creating access points to public spaces,request-152-1-6
creating access points to public spaces,development of adjacent public spaces,request-152-1-7
development of adjacent public spaces,establishment of public parks,request-152-1-8
establishment of public parks,enhancement of public recreational areas,request-152-1-9
enhancement of public recreational areas,provision of public space,request-152-1-10
land acquisition for country lanes,clearing land for lane construction,request-152-2-0
clearing land for lane construction,building country lanes,request-152-2-1
building country lanes,setting up drainage systems,request-152-2-2
setting up drainage systems,creating access points to public spaces,request-152-2-3
creating access points to public spaces,development of adjacent public spaces,request-152-2-4
development of adjacent public spaces,establishment of public parks,request-152-2-5
establishment of public parks,enhancement of public recreational areas,request-152-2-6
enhancement of public recreational areas,provision of public space,request-152-2-7
designing country lanes,planning land use for lanes,request-152-3-0
planning land use for lanes,clearing land for lane construction,request-152-3-1
clearing land for lane construction,building country lanes,request-152-3-2
building country lanes,installing lighting along lanes,request-152-3-3
installing lighting along lanes,creating access points to public spaces,request-152-3-4
creating access points to public spaces,development of adjacent public spaces,request-152-3-5
development of adjacent public spaces,establishment of public parks,request-152-3-6
establishment of public parks,enhancement of public recreational areas,request-152-3-7
enhancement of public recreational areas,provision of public space,request-152-3-8
land development for country lanes,clearing land for lane construction,request-152-4-0
clearing land for lane construction,building country lanes,request-152-4-1
building country lanes,installing lane signage,request-152-4-2
installing lane signage,creating access points to public spaces,request-152-4-3
creating access points to public spaces,development of adjacent public spaces,request-152-4-4
development of adjacent public spaces,establishment of public parks,request-152-4-5
establishment of public parks,enhancement of public recreational areas,request-152-4-6
enhancement of public recreational areas,provision of public space,request-152-4-7
construction of country lanes,land clearing for lane creation,request-152-5-0
land clearing for lane creation,installation of lane markers,request-152-5-1
installation of lane markers,maintenance of lane infrastructure,request-152-5-2
maintenance of lane infrastructure,creation of pedestrian pathways along lanes,request-152-5-3
creation of pedestrian pathways along lanes,development of adjacent public spaces,request-152-5-4
development of adjacent public spaces,establishment of public parks,request-152-5-5
establishment of public parks,enhancement of public recreational areas,request-152-5-6
enhancement of public recreational areas,provision of public space,request-152-5-7
heavy rainfall,overflowing rivers,request-153-0-0
overflowing rivers,rising water levels,request-153-0-1
rising water levels,inundation of lowlying areas,request-153-0-2
inundation of lowlying areas,damaging water seeping into country lanes,request-153-0-3
damaging water seeping into country lanes,country lanes flooded,request-153-0-4
construction of drainage systems,improper drainage,request-153-1-0
improper drainage,accumulation of water in country lanes,request-153-1-1
accumulation of water in country lanes,overflow of water into nearby rivers,request-153-1-2
overflow of water into nearby rivers,rivers swollen with excess water,request-153-1-3
rivers swollen with excess water,flooding due to river overflow,request-153-1-4
deforestation,loss of natural water absorption,request-153-2-0
loss of natural water absorption,increased surface runoff,request-153-2-1
increased surface runoff,water pooling in country lanes,request-153-2-2
water pooling in country lanes,overflow of water from country lanes,request-153-2-3
overflow of water from country lanes,flooding,request-153-2-4
urbanization,impervious surfaces,request-153-3-0
impervious surfaces,reduced natural water absorption,request-153-3-1
reduced natural water absorption,increased runoff into country lanes,request-153-3-2
increased runoff into country lanes,overwhelming of country lanes with water,request-153-3-3
overwhelming of country lanes with water,flooding,request-153-3-4
extreme weather conditions,unusually heavy rainfall,request-153-4-0
unusually heavy rainfall,excessive water flow into rivers,request-153-4-1
excessive water flow into rivers,rivers breaching their banks,request-153-4-2
rivers breaching their banks,floodwaters spreading into country lanes,request-153-4-3
floodwaters spreading into country lanes,country lanes flooded,request-153-4-4
dam failure,release of large volumes of water,request-153-5-0
release of large volumes of water,inundation of surrounding areas,request-153-5-1
inundation of surrounding areas,water spreading to country lanes,request-153-5-2
water spreading to country lanes,country lanes flooded,request-153-5-3
burning fossil fuels,emitting greenhouse gases,request-154-0-0
emitting greenhouse gases,increasing atmospheric co2 levels,request-154-0-1
increasing atmospheric co2 levels,enhancing the greenhouse effect,request-154-0-2
enhancing the greenhouse effect,raising global temperatures,request-154-0-3
raising global temperatures,causing polar ice melt,request-154-0-4
causing polar ice melt,rising sea levels,request-154-0-5
rising sea levels,increasing frequency of extreme weather events,request-154-0-6
increasing frequency of extreme weather events,global warming,request-154-0-7
burning fossil fuels,producing air pollution,request-154-1-0
producing air pollution,damaging ecosystems,request-154-1-1
damaging ecosystems,reducing biodiversity,request-154-1-2
reducing biodiversity,disrupting food chains,request-154-1-3
disrupting food chains,increasing greenhouse gases,request-154-1-4
increasing greenhouse gases,enhancing the greenhouse effect,request-154-1-5
enhancing the greenhouse effect,raising global temperatures,request-154-1-6
raising global temperatures,causing polar ice melt,request-154-1-7
causing polar ice melt,rising sea levels,request-154-1-8
rising sea levels,increasing frequency of extreme weather events,request-154-1-9
increasing frequency of extreme weather events,global warming,request-154-1-10
burning fossil fuels,releasing carbon dioxide,request-154-2-0
releasing carbon dioxide,contributing to the greenhouse effect,request-154-2-1
contributing to the greenhouse effect,increasing global temperatures,request-154-2-2
increasing global temperatures,melting polar ice caps,request-154-2-3
melting polar ice caps,rising sea levels,request-154-2-4
rising sea levels,displacing coastal communities,request-154-2-5
displacing coastal communities,threatening marine life,request-154-2-6
threatening marine life,global warming,request-154-2-7
burning fossil fuels,producing carbon emissions,request-154-3-0
producing carbon emissions,contributing to air pollution,request-154-3-1
contributing to air pollution,increasing greenhouse effect,request-154-3-2
increasing greenhouse effect,raising global temperatures,request-154-3-3
raising global temperatures,causing deforestation,request-154-3-4
causing deforestation,disrupting water cycles,request-154-3-5
disrupting water cycles,increasing frequency of wildfires,request-154-3-6
increasing frequency of wildfires,global warming,request-154-3-7
burning fossil fuels,releasing sulfur dioxide,request-154-4-0
releasing sulfur dioxide,causing acid rain,request-154-4-1
causing acid rain,damaging forests,request-154-4-2
damaging forests,reducing carbon sequestration,request-154-4-3
reducing carbon sequestration,increasing greenhouse gases,request-154-4-4
increasing greenhouse gases,enhancing the greenhouse effect,request-154-4-5
enhancing the greenhouse effect,raising global temperatures,request-154-4-6
raising global temperatures,causing polar ice melt,request-154-4-7
causing polar ice melt,rising sea levels,request-154-4-8
rising sea levels,global warming,request-154-4-9
burning biomass,greenhouse gas emissions,request-155-0-0
greenhouse gas emissions,increase in atmospheric co2 levels,request-155-0-1
increase in atmospheric co2 levels,global warming,request-155-0-2
burning biomass,deforestation,request-155-1-0
deforestation,loss of carbon sinks,request-155-1-1
loss of carbon sinks,increase in atmospheric co2 levels,request-155-1-2
increase in atmospheric co2 levels,global warming,request-155-1-3
burning biomass,release of black carbon,request-155-2-0
release of black carbon,reduction in albedo effect,request-155-2-1
reduction in albedo effect,increase in atmospheric temperatures,request-155-2-2
increase in atmospheric temperatures,global warming,request-155-2-3
burning biomass,pollution of air,request-155-3-0
pollution of air,impact on climate systems,request-155-3-1
impact on climate systems,global warming,request-155-3-2
burning biomass,increase in methane emissions,request-155-4-0
increase in methane emissions,positive feedback loop with global temperatures,request-155-4-1
positive feedback loop with global temperatures,global warming,request-155-4-2
industrialization,burning of fossil fuels,request-156-0-0
burning of fossil fuels,release of greenhouse gases,request-156-0-1
release of greenhouse gases,increased atmospheric co2 levels,request-156-0-2
increased atmospheric co2 levels,enhanced greenhouse effect,request-156-0-3
enhanced greenhouse effect,global warming,request-156-0-4
deforestation,loss of trees,request-156-1-0
loss of trees,reduced carbon sequestration,request-156-1-1
reduced carbon sequestration,increased atmospheric co2 levels,request-156-1-2
increased atmospheric co2 levels,enhanced greenhouse effect,request-156-1-3
enhanced greenhouse effect,global warming,request-156-1-4
urbanization,construction activities,request-156-2-0
construction activities,release of carbon emissions,request-156-2-1
release of carbon emissions,increased atmospheric co2 levels,request-156-2-2
increased atmospheric co2 levels,enhanced greenhouse effect,request-156-2-3
enhanced greenhouse effect,global warming,request-156-2-4
overpopulation,increased demand for resources,request-156-3-0
increased demand for resources,deforestation,request-156-3-1
deforestation,loss of trees,request-156-3-2
loss of trees,reduced carbon sequestration,request-156-3-3
reduced carbon sequestration,increased atmospheric co2 levels,request-156-3-4
increased atmospheric co2 levels,enhanced greenhouse effect,request-156-3-5
enhanced greenhouse effect,global warming,request-156-3-6
fossil fuel consumption,burning of fossil fuels,request-156-4-0
burning of fossil fuels,release of greenhouse gases,request-156-4-1
release of greenhouse gases,increased atmospheric co2 levels,request-156-4-2
increased atmospheric co2 levels,enhanced greenhouse effect,request-156-4-3
enhanced greenhouse effect,global warming,request-156-4-4
energy production,burning of fossil fuels,request-156-5-0
burning of fossil fuels,release of greenhouse gases,request-156-5-1
release of greenhouse gases,increased atmospheric co2 levels,request-156-5-2
increased atmospheric co2 levels,enhanced greenhouse effect,request-156-5-3
enhanced greenhouse effect,global warming,request-156-5-4
transportation,burning of fossil fuels,request-156-6-0
burning of fossil fuels,release of greenhouse gases,request-156-6-1
release of greenhouse gases,increased atmospheric co2 levels,request-156-6-2
increased atmospheric co2 levels,enhanced greenhouse effect,request-156-6-3
enhanced greenhouse effect,global warming,request-156-6-4
manufacturing,burning of fossil fuels,request-156-7-0
burning of fossil fuels,release of greenhouse gases,request-156-7-1
release of greenhouse gases,increased atmospheric co2 levels,request-156-7-2
increased atmospheric co2 levels,enhanced greenhouse effect,request-156-7-3
enhanced greenhouse effect,global warming,request-156-7-4
waste disposal,decomposition of organic waste,request-156-8-0
decomposition of organic waste,release of methane,request-156-8-1
release of methane,increased atmospheric greenhouse gases,request-156-8-2
increased atmospheric greenhouse gases,enhanced greenhouse effect,request-156-8-3
enhanced greenhouse effect,global warming,request-156-8-4
industrialization,burning of fossil fuels,request-157-0-0
burning of fossil fuels,release of greenhouse gases,request-157-0-1
release of greenhouse gases,increased atmospheric co2 levels,request-157-0-2
increased atmospheric co2 levels,enhanced greenhouse effect,request-157-0-3
enhanced greenhouse effect,global warming,request-157-0-4
deforestation,loss of trees,request-157-1-0
loss of trees,reduced carbon sequestration,request-157-1-1
reduced carbon sequestration,increased atmospheric co2 levels,request-157-1-2
increased atmospheric co2 levels,enhanced greenhouse effect,request-157-1-3
enhanced greenhouse effect,global warming,request-157-1-4
urbanization,construction activities,request-157-2-0
construction activities,release of carbon emissions,request-157-2-1
release of carbon emissions,increased atmospheric co2 levels,request-157-2-2
increased atmospheric co2 levels,enhanced greenhouse effect,request-157-2-3
enhanced greenhouse effect,global warming,request-157-2-4
overpopulation,increased demand for resources,request-157-3-0
increased demand for resources,deforestation,request-157-3-1
deforestation,loss of trees,request-157-3-2
loss of trees,reduced carbon sequestration,request-157-3-3
reduced carbon sequestration,increased atmospheric co2 levels,request-157-3-4
increased atmospheric co2 levels,enhanced greenhouse effect,request-157-3-5
enhanced greenhouse effect,global warming,request-157-3-6
fossil fuel consumption,burning of fossil fuels,request-157-4-0
burning of fossil fuels,release of greenhouse gases,request-157-4-1
release of greenhouse gases,increased atmospheric co2 levels,request-157-4-2
increased atmospheric co2 levels,enhanced greenhouse effect,request-157-4-3
enhanced greenhouse effect,global warming,request-157-4-4
energy production,burning of fossil fuels,request-157-5-0
burning of fossil fuels,release of greenhouse gases,request-157-5-1
release of greenhouse gases,increased atmospheric co2 levels,request-157-5-2
increased atmospheric co2 levels,enhanced greenhouse effect,request-157-5-3
enhanced greenhouse effect,global warming,request-157-5-4
transportation,burning of fossil fuels,request-157-6-0
burning of fossil fuels,release of greenhouse gases,request-157-6-1
release of greenhouse gases,increased atmospheric co2 levels,request-157-6-2
increased atmospheric co2 levels,enhanced greenhouse effect,request-157-6-3
enhanced greenhouse effect,global warming,request-157-6-4
manufacturing,burning of fossil fuels,request-157-7-0
burning of fossil fuels,release of greenhouse gases,request-157-7-1
release of greenhouse gases,increased atmospheric co2 levels,request-157-7-2
increased atmospheric co2 levels,enhanced greenhouse effect,request-157-7-3
enhanced greenhouse effect,global warming,request-157-7-4
waste disposal,decomposition of organic waste,request-157-8-0
decomposition of organic waste,release of methane,request-157-8-1
release of methane,increased atmospheric greenhouse gases,request-157-8-2
increased atmospheric greenhouse gases,enhanced greenhouse effect,request-157-8-3
enhanced greenhouse effect,global warming,request-157-8-4
global warming,melting of polar ice caps,request-158-0-0
melting of polar ice caps,rising sea levels,request-158-0-1
rising sea levels,inundation of coastal areas,request-158-0-2
inundation of coastal areas,displacement of human populations,request-158-0-3
displacement of human populations,loss of arable land,request-158-0-4
loss of arable land,food shortages,request-158-0-5
food shortages,increased competition for resources,request-158-0-6
increased competition for resources,social unrest and conflicts,request-158-0-7
social unrest and conflicts,migration and refugee crises,request-158-0-8
migration and refugee crises,strain on global humanitarian systems,request-158-0-9
strain on global humanitarian systems,decreased biodiversity,request-158-0-10
decreased biodiversity,disruption of ecosystems,request-158-0-11
disruption of ecosystems,spread of diseases,request-158-0-12
spread of diseases,health crises,request-158-0-13
health crises,economic instability,request-158-0-14
economic instability,political instability,request-158-0-15
political instability,decrease in global cooperation,request-158-0-16
decrease in global cooperation,increased likelihood of wars,request-158-0-17
increased likelihood of wars,destruction of infrastructure,request-158-0-18
destruction of infrastructure,longterm environmental damage,request-158-0-19
longterm environmental damage,end of life on earth,request-158-0-20
high energy bills,increased financial strain,request-159-0-0
increased financial strain,stress and anxiety,request-159-0-1
stress and anxiety,health issues such as heart disease,request-159-0-2
health issues such as heart disease,reduced ability to cope with illness,request-159-0-3
reduced ability to cope with illness,higher mortality rate,request-159-0-4
higher mortality rate,death,request-159-0-5
fuel poverty,neglect of home heating,request-159-1-0
neglect of home heating,cold homes,request-159-1-1
cold homes,hypothermia,request-159-1-2
hypothermia,respiratory problems,request-159-1-3
respiratory problems,weakened immune system,request-159-1-4
weakened immune system,infections,request-159-1-5
infections,complications from other health conditions,request-159-1-6
complications from other health conditions,death,request-159-1-7
fuel poverty,inability to afford fuel,request-159-2-0
inability to afford fuel,prolonged exposure to cold,request-159-2-1
prolonged exposure to cold,chronic fatigue,request-159-2-2
chronic fatigue,depression,request-159-2-3
depression,increased risk of accidents,request-159-2-4
increased risk of accidents,death,request-159-2-5
fuel poverty,limited heating options,request-159-3-0
limited heating options,exposure to cold,request-159-3-1
exposure to cold,illness due to cold,request-159-3-2
illness due to cold,strain on healthcare resources,request-159-3-3
strain on healthcare resources,delayed medical treatment,request-159-3-4
delayed medical treatment,increased risk of complications,request-159-3-5
increased risk of complications,death,request-159-3-6
fuel poverty,financial hardship,request-159-4-0
financial hardship,reduced food intake,request-159-4-1
reduced food intake,nutritional deficiencies,request-159-4-2
nutritional deficiencies,weakened immune system,request-159-4-3
weakened immune system,increased susceptibility to illnesses,request-159-4-4
increased susceptibility to illnesses,complications from illnesses,request-159-4-5
complications from illnesses,death,request-159-4-6
rising global temperatures,melting polar ice caps,request-160-0-0
melting polar ice caps,sea level rise,request-160-0-1
sea level rise,increased coastal flooding,request-160-0-2
increased coastal flooding,flooding in coastal areas,request-160-0-3
increased greenhouse gas emissions,global warming,request-160-1-0
global warming,higher atmospheric temperatures,request-160-1-1
higher atmospheric temperatures,intensified weather patterns,request-160-1-2
intensified weather patterns,heavy rainfall events,request-160-1-3
heavy rainfall events,ground saturation,request-160-1-4
ground saturation,increased runoff,request-160-1-5
increased runoff,flooding in river basins,request-160-1-6
deforestation,reduction in carbon sequestration,request-160-2-0
reduction in carbon sequestration,higher atmospheric co2 levels,request-160-2-1
higher atmospheric co2 levels,global warming,request-160-2-2
global warming,rising global temperatures,request-160-2-3
rising global temperatures,melting polar ice caps,request-160-2-4
melting polar ice caps,sea level rise,request-160-2-5
sea level rise,increased coastal flooding,request-160-2-6
increased coastal flooding,flooding in coastal areas,request-160-2-7
urbanization,increased impervious surfaces,request-160-3-0
increased impervious surfaces,reduced natural water absorption,request-160-3-1
reduced natural water absorption,increased runoff,request-160-3-2
increased runoff,flooding in urban areas,request-160-3-3
flooding in urban areas,flooding in surrounding areas,request-160-3-4
overexploitation of water resources,depletion of freshwater supplies,request-160-4-0
depletion of freshwater supplies,increased water stress,request-160-4-1
increased water stress,increased frequency of droughts,request-160-4-2
increased frequency of droughts,reduced soil moisture,request-160-4-3
reduced soil moisture,increased runoff during rain events,request-160-4-4
increased runoff during rain events,flooding in droughtprone areas,request-160-4-5
extreme weather events,heavy rainfall,request-160-5-0
heavy rainfall,increased runoff,request-160-5-1
increased runoff,flooding in affected regions,request-160-5-2
climate change,altered precipitation patterns,request-160-6-0
altered precipitation patterns,increased rainfall intensity,request-160-6-1
increased rainfall intensity,increased runoff,request-160-6-2
increased runoff,flooding in affected regions,request-160-6-3
global warming,melting of polar ice caps,request-161-0-0
melting of polar ice caps,rising sea levels,request-161-0-1
rising sea levels,increased ocean temperatures,request-161-0-2
increased ocean temperatures,altered weather patterns,request-161-0-3
altered weather patterns,reduced rainfall,request-161-0-4
reduced rainfall,water scarcity,request-161-0-5
water scarcity,decreased soil moisture,request-161-0-6
decreased soil moisture,increased frequency of heatwaves,request-161-0-7
increased frequency of heatwaves,reduced snowpack,request-161-0-8
reduced snowpack,lower water availability,request-161-0-9
lower water availability,desertification,request-161-0-10
desertification,land degradation,request-161-0-11
land degradation,loss of vegetation,request-161-0-12
loss of vegetation,reduced soil fertility,request-161-0-13
reduced soil fertility,increased runoff,request-161-0-14
increased runoff,soil erosion,request-161-0-15
soil erosion,depleted water resources,request-161-0-16
depleted water resources,higher evaporation rates,request-161-0-17
higher evaporation rates,reduced groundwater levels,request-161-0-18
reduced groundwater levels,overexploitation of water resources,request-161-0-19
overexploitation of water resources,water shortages,request-161-0-20
water shortages,compromised water quality,request-161-0-21
compromised water quality,decreased agricultural productivity,request-161-0-22
decreased agricultural productivity,food insecurity,request-161-0-23
food insecurity,economic losses in agriculture,request-161-0-24
economic losses in agriculture,rural depopulation,request-161-0-25
rural depopulation,urban migration,request-161-0-26
urban migration,increased demand for water,request-161-0-27
increased demand for water,overextraction of water resources,request-161-0-28
overextraction of water resources,depleted aquifers,request-161-0-29
depleted aquifers,reduced water availability for agriculture,request-161-0-30
reduced water availability for agriculture,crop failures,request-161-0-31
crop failures,food supply disruptions,request-161-0-32
food supply disruptions,increased food prices,request-161-0-33
increased food prices,economic stress on populations,request-161-0-34
economic stress on populations,reduced agricultural output,request-161-0-35
reduced agricultural output,increased food insecurity,request-161-0-36
increased food insecurity,social unrest,request-161-0-37
social unrest,political instability,request-161-0-38
political instability,conflicts over water resources,request-161-0-39
conflicts over water resources,migration due to water scarcity,request-161-0-40
migration due to water scarcity,environmental refugees,request-161-0-41
environmental refugees,strain on neighboring regions,request-161-0-42
strain on neighboring regions,resource conflicts,request-161-0-43
resource conflicts,increased competition for water,request-161-0-44
increased competition for water,reduced water quality,request-161-0-45
reduced water quality,health problems related to water scarcity,request-161-0-46
health problems related to water scarcity,increased incidence of waterborne diseases,request-161-0-47
increased incidence of waterborne diseases,dehydration and heatrelated illnesses,request-161-0-48
dehydration and heatrelated illnesses,waterrelated injuries,request-161-0-49
waterrelated injuries,reduced agricultural productivity,request-161-0-50
reduced agricultural productivity,loss of livestock,request-161-0-51
loss of livestock,economic losses in agriculture,request-161-0-52
economic losses in agriculture,food insecurity,request-161-0-53
food insecurity,increased food prices,request-161-0-54
increased food prices,economic stress on populations,request-161-0-55
economic stress on populations,reduced agricultural output,request-161-0-56
reduced agricultural output,increased food insecurity,request-161-0-57
increased food insecurity,social unrest,request-161-0-58
social unrest,political instability,request-161-0-59
political instability,conflicts over water resources,request-161-0-60
conflicts over water resources,migration due to water scarcity,request-161-0-61
migration due to water scarcity,environmental refugees,request-161-0-62
environmental refugees,strain on neighboring regions,request-161-0-63
strain on neighboring regions,resource conflicts,request-161-0-64
resource conflicts,increased competition for water,request-161-0-65
increased competition for water,reduced water quality,request-161-0-66
reduced water quality,health problems related to water scarcity,request-161-0-67
health problems related to water scarcity,increased incidence of waterborne diseases,request-161-0-68
increased incidence of waterborne diseases,dehydration and heatrelated illnesses,request-161-0-69
dehydration and heatrelated illnesses,waterrelated injuries,request-161-0-70
waterrelated injuries,increased frequency of wildfires,request-161-0-71
increased frequency of wildfires,loss of vegetation,request-161-0-72
loss of vegetation,reduced soil moisture,request-161-0-73
reduced soil moisture,decreased agricultural productivity,request-161-0-74
decreased agricultural productivity,food insecurity,request-161-0-75
food insecurity,increased food prices,request-161-0-76
increased food prices,economic stress on populations,request-161-0-77
economic stress on populations,reduced agricultural output,request-161-0-78
reduced agricultural output,increased food insecurity,request-161-0-79
increased food insecurity,social unrest,request-161-0-80
social unrest,political instability,request-161-0-81
political instability,conflicts over water resources,request-161-0-82
conflicts over water resources,migration due to water scarcity,request-161-0-83
migration due to water scarcity,environmental refugees,request-161-0-84
environmental refugees,strain on neighboring regions,request-161-0-85
strain on neighboring regions,resource conflicts,request-161-0-86
resource conflicts,increased competition for water,request-161-0-87
increased competition for water,reduced water quality,request-161-0-88
reduced water quality,health problems related to water scarcity,request-161-0-89
health problems related to water scarcity,increased incidence of waterborne diseases,request-161-0-90
increased incidence of waterborne diseases,dehydration and heatrelated illnesses,request-161-0-91
dehydration and heatrelated illnesses,waterrelated injuries,request-161-0-92
waterrelated injuries,increased frequency of wildfires,request-161-0-93
increased frequency of wildfires,loss of vegetation,request-161-0-94
loss of vegetation,reduced soil moisture,request-161-0-95
reduced soil moisture,decreased agricultural productivity,request-161-0-96
decreased agricultural productivity,food insecurity,request-161-0-97
food insecurity,increased food prices,request-161-0-98
increased food prices,economic stress on populations,request-161-0-99
economic stress on populations,reduced agricultural output,request-161-0-100
reduced agricultural output,increased food insecurity,request-161-0-101
increased food insecurity,social unrest,request-161-0-102
social unrest,political instability,request-161-0-103
political instability,conflicts over water resources,request-161-0-104
conflicts over water resources,migration due to water scarcity,request-161-0-105
migration due to water scarcity,environmental refugees,request-161-0-106
environmental refugees,strain on neighboring regions,request-161-0-107
strain on neighboring regions,resource conflicts,request-161-0-108
resource conflicts,increased competition for water,request-161-0-109
increased competition for water,reduced water quality,request-161-0-110
reduced water quality,health problems related to water scarcity,request-161-0-111
health problems related to water scarcity,increased incidence of waterborne diseases,request-161-0-112
increased incidence of waterborne diseases,dehydration and heatrelated illnesses,request-161-0-113
dehydration and heatrelated illnesses,waterrelated injuries,request-161-0-114
waterrelated injuries,increased frequency of wildfires,request-161-0-115
increased frequency of wildfires,loss of vegetation,request-161-0-116
loss of vegetation,reduced soil moisture,request-161-0-117
reduced soil moisture,decreased agricultural productivity,request-161-0-118
decreased agricultural productivity,food insecurity,request-161-0-119
food insecurity,increased food prices,request-161-0-120
increased food prices,economic stress on populations,request-161-0-121
economic stress on populations,reduced agricultural output,request-161-0-122
reduced agricultural output,increased food insecurity,request-161-0-123
increased food insecurity,social unrest,request-161-0-124
social unrest,political instability,request-161-0-125
political instability,conflicts over water resources,request-161-0-126
conflicts over water resources,migration due to water scarcity,request-161-0-127
migration due to water scarcity,environmental refugees,request-161-0-128
environmental refugees,strain on neighboring regions,request-161-0-129
strain on neighboring regions,resource conflicts,request-161-0-130
resource conflicts,increased competition for water,request-161-0-131
increased competition for water,reduced water quality,request-161-0-132
reduced water quality,health problems related to water scarcity,request-161-0-133
health problems related to water scarcity,increased incidence of waterborne diseases,request-161-0-134
increased incidence of waterborne diseases,dehydration and heatrelated illnesses,request-161-0-135
dehydration and heatrelated illnesses,waterrelated injuries,request-161-0-136
waterrelated injuries,increased frequency of wildfires,request-161-0-137
increased frequency of wildfires,loss of vegetation,request-161-0-138
loss of vegetation,reduced soil moisture,request-161-0-139
reduced soil moisture,decreased agricultural productivity,request-161-0-140
decreased agricultural productivity,food insecurity,request-161-0-141
food insecurity,increased food prices,request-161-0-142
increased food prices,economic stress on populations,request-161-0-143
economic stress on populations,reduced agricultural output,request-161-0-144
reduced agricultural output,increased food insecurity,request-161-0-145
increased food insecurity,social unrest,request-161-0-146
social unrest,political instability,request-161-0-147
political instability,conflicts over water resources,request-161-0-148
conflicts over water resources,migration due to water scarcity,request-161-0-149
migration due to water scarcity,environmental refugees,request-161-0-150
environmental refugees,strain on neighboring regions,request-161-0-151
strain on neighboring regions,resource conflicts,request-161-0-152
resource conflicts,increased competition for water,request-161-0-153
increased competition for water,reduced water quality,request-161-0-154
reduced water quality,health problems related to water scarcity,request-161-0-155
health problems related to water scarcity,increased incidence of waterborne diseases,request-161-0-156
increased incidence of waterborne diseases,dehydration and heatrelated illnesses,request-161-0-157
dehydration and heatrelated illnesses,waterrelated injuries,request-161-0-158
waterrelated injuries,increased frequency of wildfires,request-161-0-159
increased frequency of wildfires,loss of vegetation,request-161-0-160
loss of vegetation,reduced soil moisture,request-161-0-161
reduced soil moisture,decreased agricultural productivity,request-161-0-162
decreased agricultural productivity,food insecurity,request-161-0-163
food insecurity,increased food prices,request-161-0-164
increased food prices,economic stress on populations,request-161-0-165
economic stress on populations,reduced agricultural output,request-161-0-166
reduced agricultural output,increased food insecurity,request-161-0-167
increased food insecurity,social unrest,request-161-0-168
social unrest,political instability,request-161-0-169
political instability,conflicts over water resources,request-161-0-170
conflicts over water resources,migration due to water scarcity,request-161-0-171
migration due to water scarcity,environmental refugees,request-161-0-172
environmental refugees,strain on neighboring regions,request-161-0-173
strain on neighboring regions,resource conflicts,request-161-0-174
resource conflicts,increased competition for water,request-161-0-175
increased competition for water,reduced water quality,request-161-0-176
reduced water quality,health problems related to water scarcity,request-161-0-177
health problems related to water scarcity,increased incidence of waterborne diseases,request-161-0-178
increased incidence of waterborne diseases,dehydration and heatrelated illnesses,request-161-0-179
dehydration and heatrelated illnesses,waterrelated injuries,request-161-0-180
waterrelated injuries,increased frequency of wildfires,request-161-0-181
increased frequency of wildfires,loss of vegetation,request-161-0-182
loss of vegetation,reduced soil moisture,request-161-0-183
reduced soil moisture,decreased agricultural productivity,request-161-0-184
decreased agricultural productivity,food insecurity,request-161-0-185
food insecurity,increased food prices,request-161-0-186
increased food prices,economic stress on populations,request-161-0-187
economic stress on populations,reduced agricultural output,request-161-0-188
reduced agricultural output,increased food insecurity,request-161-0-189
increased food insecurity,social unrest,request-161-0-190
social unrest,political instability,request-161-0-191
political instability,conflicts over water resources,request-161-0-192
conflicts over water resources,migration due to water scarcity,request-161-0-193
migration due to water scarcity,environmental refugees,request-161-0-194
environmental refugees,strain on neighboring regions,request-161-0-195
strain on neighboring regions,resource conflicts,request-161-0-196
resource conflicts,increased competition for water,request-161-0-197
increased competition for water,reduced water quality,request-161-0-198
reduced water quality,health problems related to water scarcity,request-161-0-199
health problems related to water scarcity,increased incidence of waterborne diseases,request-161-0-200
increased incidence of waterborne diseases,dehydration and heatrelated illnesses,request-161-0-201
dehydration and heatrelated illnesses,waterrelated injuries,request-161-0-202
waterrelated injuries,increased frequency of wildfires,request-161-0-203
increased frequency of wildfires,loss of vegetation,request-161-0-204
loss of vegetation,reduced soil moisture,request-161-0-205
reduced soil moisture,decreased agricultural productivity,request-161-0-206
decreased agricultural productivity,food insecurity,request-161-0-207
food insecurity,increased food prices,request-161-0-208
increased food prices,economic stress on populations,request-161-0-209
economic stress on populations,reduced agricultural output,request-161-0-210
reduced agricultural output,increased food insecurity,request-161-0-211
increased food insecurity,social unrest,request-161-0-212
social unrest,political instability,request-161-0-213
political instability,conflicts over water resources,request-161-0-214
conflicts over water resources,migration due to water scarcity,request-161-0-215
migration due to water scarcity,environmental refugees,request-161-0-216
environmental refugees,strain on neighboring regions,request-161-0-217
strain on neighboring regions,resource conflicts,request-161-0-218
resource conflicts,increased competition for water,request-161-0-219
increased competition for water,reduced water quality,request-161-0-220
reduced water quality,health problems related to water scarcity,request-161-0-221
health problems related to water scarcity,increased incidence of waterborne diseases,request-161-0-222
increased incidence of waterborne diseases,dehydration and heatrelated illnesses,request-161-0-223
dehydration and heatrelated illnesses,waterrelated injuries,request-161-0-224
waterrelated injuries,increased frequency of wildfires,request-161-0-225
increased frequency of wildfires,loss of vegetation,request-161-0-226
loss of vegetation,reduced soil moisture,request-161-0-227
reduced soil moisture,decreased agricultural productivity,request-161-0-228
decreased agricultural productivity,food insecurity,request-161-0-229
food insecurity,increased food prices,request-161-0-230
increased food prices,economic stress on populations,request-161-0-231
economic stress on populations,reduced agricultural output,request-161-0-232
reduced agricultural output,increased food insecurity,request-161-0-233
increased food insecurity,social unrest,request-161-0-234
social unrest,political instability,request-161-0-235
political instability,conflicts over water resources,request-161-0-236
conflicts over water resources,migration due to water scarcity,request-161-0-237
migration due to water scarcity,environmental refugees,request-161-0-238
environmental refugees,strain on neighboring regions,request-161-0-239
strain on neighboring regions,resource conflicts,request-161-0-240
resource conflicts,increased competition for water,request-161-0-241
increased competition for water,reduced water quality,request-161-0-242
reduced water quality,health problems related to water scarcity,request-161-0-243
health problems related to water scarcity,increased incidence of waterborne diseases,request-161-0-244
increased incidence of waterborne diseases,dehydration and heatrelated illnesses,request-161-0-245
dehydration and heatrelated illnesses,waterrelated injuries,request-161-0-246
waterrelated injuries,increased frequency of wildfires,request-161-0-247
increased frequency of wildfires,loss of vegetation,request-161-0-248
loss of vegetation,reduced soil moisture,request-161-0-249
reduced soil moisture,decreased agricultural productivity,request-161-0-250
decreased agricultural productivity,food insecurity,request-161-0-251
food insecurity,increased food prices,request-161-0-252
increased food prices,economic stress on populations,request-161-0-253
economic stress on populations,reduced agricultural output,request-161-0-254
reduced agricultural output,increased food insecurity,request-161-0-255
increased food insecurity,social unrest,request-161-0-256
social unrest,political instability,request-161-0-257
political instability,conflicts over water resources,request-161-0-258
conflicts over water resources,migration due to water scarcity,request-161-0-259
migration due to water scarcity,environmental refugees,request-161-0-260
environmental refugees,strain on neighboring regions,request-161-0-261
strain on neighboring regions,resource conflicts,request-161-0-262
resource conflicts,increased competition for water,request-161-0-263
increased competition for water,reduced water quality,request-161-0-264
reduced water quality,health problems related to water scarcity,request-161-0-265
health problems related to water scarcity,increased incidence of waterborne diseases,request-161-0-266
increased incidence of waterborne diseases,dehydration and heatrelated illnesses,request-161-0-267
dehydration and heatrelated illnesses,waterrelated injuries,request-161-0-268
waterrelated injuries,increased frequency of wildfires,request-161-0-269
increased frequency of wildfires,loss of vegetation,request-161-0-270
loss of vegetation,reduced soil moisture,request-161-0-271
reduced soil moisture,decreased agricultural productivity,request-161-0-272
decreased agricultural productivity,food insecurity,request-161-0-273
food insecurity,increased food prices,request-161-0-274
increased food prices,economic stress on populations,request-161-0-275
economic stress on populations,reduced agricultural output,request-161-0-276
reduced agricultural output,increased food insecurity,request-161-0-277
increased food insecurity,social unrest,request-161-0-278
social unrest,political instability,request-161-0-279
political instability,conflicts over water resources,request-161-0-280
conflicts over water resources,migration due to water scarcity,request-161-0-281
migration due to water scarcity,environmental refugees,request-161-0-282
environmental refugees,strain on neighboring regions,request-161-0-283
strain on neighboring regions,resource conflicts,request-161-0-284
resource conflicts,increased competition for water,request-161-0-285
increased competition for water,reduced water quality,request-161-0-286
reduced water quality,health problems related to water scarcity,request-161-0-287
health problems related to water scarcity,increased incidence of waterborne diseases,request-161-0-288
increased incidence of waterborne diseases,dehydration and heatrelated illnesses,request-161-0-289
dehydration and heatrelated illnesses,waterrelated injuries,request-161-0-290
waterrelated injuries,increased frequency of wildfires,request-161-0-291
increased frequency of wildfires,loss of vegetation,request-161-0-292
loss of vegetation,reduced soil moisture,request-161-0-293
reduced soil moisture,decreased agricultural productivity,request-161-0-294
decreased agricultural productivity,food insecurity,request-161-0-295
food insecurity,increased food prices,request-161-0-296
increased food prices,economic stress on populations,request-161-0-297
economic stress on populations,reduced agricultural output,request-161-0-298
reduced agricultural output,increased food insecurity,request-161-0-299
increased food insecurity,social unrest,request-161-0-300
social unrest,political instability,request-161-0-301
political instability,conflicts over water resources,request-161-0-302
conflicts over water resources,migration due to water scarcity,request-161-0-303
migration due to water scarcity,environmental refugees,request-161-0-304
environmental refugees,strain on neighboring regions,request-161-0-305
strain on neighboring regions,resource conflicts,request-161-0-306
resource conflicts,increased competition for water,request-161-0-307
increased competition for water,reduced water quality,request-161-0-308
reduced water quality,health problems related to water scarcity,request-161-0-309
health problems related to water scarcity,increased incidence of waterborne diseases,request-161-0-310
increased incidence of waterborne diseases,dehydration and heatrelated illnesses,request-161-0-311
dehydration and heatrelated illnesses,waterrelated injuries,request-161-0-312
waterrelated injuries,increased frequency of wildfires,request-161-0-313
increased frequency of wildfires,loss of vegetation,request-161-0-314
loss of vegetation,reduced soil moisture,request-161-0-315
reduced soil moisture,decreased agricultural productivity,request-161-0-316
decreased agricultural productivity,food insecurity,request-161-0-317
food insecurity,increased food prices,request-161-0-318
increased food prices,economic stress on populations,request-161-0-319
economic stress on populations,reduced agricultural output,request-161-0-320
reduced agricultural output,increased food insecurity,request-161-0-321
increased food insecurity,social unrest,request-161-0-322
social unrest,political instability,request-161-0-323
political instability,conflicts over water resources,request-161-0-324
conflicts over water resources,migration due to water scarcity,request-161-0-325
migration due to water scarcity,environmental refugees,request-161-0-326
environmental refugees,strain on neighboring regions,request-161-0-327
strain on neighboring regions,resource conflicts,request-161-0-328
resource conflicts,increased competition for water,request-161-0-329
increased competition for water,reduced water quality,request-161-0-330
reduced water quality,health problems related to water scarcity,request-161-0-331
health problems related to water scarcity,increased incidence of waterborne diseases,request-161-0-332
increased incidence of waterborne diseases,dehydration and heatrelated illnesses,request-161-0-333
dehydration and heatrelated illnesses,waterrelated injuries,request-161-0-334
waterrelated injuries,increased frequency of wildfires,request-161-0-335
increased frequency of wildfires,loss of vegetation,request-161-0-336
loss of vegetation,reduced soil moisture,request-161-0-337
reduced soil moisture,decreased agricultural productivity,request-161-0-338
decreased agricultural productivity,food insecurity,request-161-0-339
food insecurity,increased food prices,request-161-0-340
increased food prices,economic stress on populations,request-161-0-341
economic stress on populations,reduced agricultural output,request-161-0-342
reduced agricultural output,increased food insecurity,request-161-0-343
increased food insecurity,social unrest,request-161-0-344
social unrest,political instability,request-161-0-345
political instability,conflicts over water resources,request-161-0-346
conflicts over water resources,migration due to water scarcity,request-161-0-347
migration due to water scarcity,environmental refugees,request-161-0-348
environmental refugees,strain on neighboring regions,request-161-0-349
strain on neighboring regions,resource conflicts,request-161-0-350
resource conflicts,increased competition for water,request-161-0-351
increased competition for water,reduced water quality,request-161-0-352
reduced water quality,health problems related to water scarcity,request-161-0-353
health problems related to water scarcity,increased incidence of waterborne diseases,request-161-0-354
increased incidence of waterborne diseases,dehydration and heatrelated illnesses,request-161-0-355
dehydration and heatrelated illnesses,waterrelated injuries,request-161-0-356
waterrelated injuries,increased frequency of wildfires,request-161-0-357
increased frequency of wildfires,loss of vegetation,request-161-0-358
loss of vegetation,reduced soil moisture,request-161-0-359
reduced soil moisture,decreased agricultural productivity,request-161-0-360
decreased agricultural productivity,food insecurity,request-161-0-361
food insecurity,increased food prices,request-161-0-362
increased food prices,economic stress on populations,request-161-0-363
economic stress on populations,reduced agricultural output,request-161-0-364
reduced agricultural output,increased food insecurity,request-161-0-365
increased food insecurity,social unrest,request-161-0-366
social unrest,political instability,request-161-0-367
political instability,conflicts over water resources,request-161-0-368
conflicts over water resources,migration due to water scarcity,request-161-0-369
migration due to water scarcity,environmental refugees,request-161-0-370
environmental refugees,strain on neighboring regions,request-161-0-371
strain on neighboring regions,resource conflicts,request-161-0-372
resource conflicts,increased competition for water,request-161-0-373
increased competition for water,reduced water quality,request-161-0-374
reduced water quality,health problems related to water scarcity,request-161-0-375
health problems related to water scarcity,increased incidence of waterborne diseases,request-161-0-376
increased incidence of waterborne diseases,dehydration and heatrelated illnesses,request-161-0-377
dehydration and heatrelated illnesses,waterrelated injuries,request-161-0-378
waterrelated injuries,increased frequency of wildfires,request-161-0-379
increased frequency of wildfires,loss of vegetation,request-161-0-380
loss of vegetation,reduced soil moisture,request-161-0-381
reduced soil moisture,decreased agricultural productivity,request-161-0-382
decreased agricultural productivity,food insecurity,request-161-0-383
food insecurity,increased food prices,request-161-0-384
increased food prices,economic stress on populations,request-161-0-385
economic stress on populations,reduced agricultural output,request-161-0-386
reduced agricultural output,increased food insecurity,request-161-0-387
increased food insecurity,social unrest,request-161-0-388
social unrest,political instability,request-161-0-389
political instability,conflicts over water resources,request-161-0-390
conflicts over water resources,migration due to water scarcity,request-161-0-391
migration due to water scarcity,environmental refugees,request-161-0-392
environmental refugees,strain on neighboring regions,request-161-0-393
strain on neighboring regions,resource conflicts,request-161-0-394
resource conflicts,increased competition for water,request-161-0-395
increased competition for water,reduced water quality,request-161-0-396
reduced water quality,health problems related to water scarcity,request-161-0-397
health problems related to water scarcity,increased incidence of waterborne diseases,request-161-0-398
increased incidence of waterborne diseases,dehydration and heatrelated illnesses,request-161-0-399
dehydration and heatrelated illnesses,waterrelated injuries,request-161-0-400
waterrelated injuries,increased frequency of wildfires,request-161-0-401
increased frequency of wildfires,loss of vegetation,request-161-0-402
loss of vegetation,reduced soil moisture,request-161-0-403
reduced soil moisture,decreased agricultural productivity,request-161-0-404
decreased agricultural productivity,food insecurity,request-161-0-405
food insecurity,increased food prices,request-161-0-406
increased food prices,economic stress on populations,request-161-0-407
economic stress on populations,reduced agricultural output,request-161-0-408
reduced agricultural output,increased food insecurity,request-161-0-409
increased food insecurity,social unrest,request-161-0-410
social unrest,political instability,request-161-0-411
political instability,conflicts over water resources,request-161-0-412
conflicts over water resources,migration due to water scarcity,request-161-0-413
migration due to water scarcity,environmental refugees,request-161-0-414
environmental refugees,strain on neighboring regions,request-161-0-415
strain on neighboring regions,resource conflicts,request-161-0-416
resource conflicts,increased competition for water,request-161-0-417
increased competition for water,reduced water quality,request-161-0-418
reduced water quality,health problems related to water scarcity,request-161-0-419
health problems related to water scarcity,increased incidence of waterborne diseases,request-161-0-420
increased incidence of waterborne diseases,dehydration and heatrelated illnesses,request-161-0-421
dehydration and heatrelated illnesses,waterrelated injuries,request-161-0-422
waterrelated injuries,increased frequency of wildfires,request-161-0-423
increased frequency of wildfires,loss of vegetation,request-161-0-424
loss of vegetation,reduced soil moisture,request-161-0-425
reduced soil moisture,decreased agricultural productivity,request-161-0-426
decreased agricultural productivity,food insecurity,request-161-0-427
food insecurity,increased food prices,request-161-0-428
increased food prices,economic stress on populations,request-161-0-429
economic stress on populations,reduced agricultural output,request-161-0-430
reduced agricultural output,increased food insecurity,request-161-0-431
increased food insecurity,social unrest,request-161-0-432
social unrest,political instability,request-161-0-433
political instability,conflicts over water resources,request-161-0-434
conflicts over water resources,migration due to water scarcity,request-161-0-435
migration due to water scarcity,environmental refugees,request-161-0-436
environmental refugees,strain on neighboring regions,request-161-0-437
strain on neighboring regions,resource conflicts,request-161-0-438
resource conflicts,increased competition for water,request-161-0-439
increased competition for water,reduced water quality,request-161-0-440
reduced water quality,health problems related to water scarcity,request-161-0-441
health problems related to water scarcity,increased incidence of waterborne diseases,request-161-0-442
increased incidence of waterborne diseases,dehydration and heatrelated illnesses,request-161-0-443
dehydration and heatrelated illnesses,waterrelated injuries,request-161-0-444
waterrelated injuries,increased frequency of wildfires,request-161-0-445
increased frequency of wildfires,loss of vegetation,request-161-0-446
loss of vegetation,reduced soil moisture,request-161-0-447
reduced soil moisture,decreased agricultural productivity,request-161-0-448
decreased agricultural productivity,food insecurity,request-161-0-449
food insecurity,increased food prices,request-161-0-450
increased food prices,economic stress on populations,request-161-0-451
economic stress on populations,reduced agricultural output,request-161-0-452
reduced agricultural output,increased food insecurity,request-161-0-453
increased food insecurity,social unrest,request-161-0-454
social unrest,political instability,request-161-0-455
political instability,conflicts over water resources,request-161-0-456
conflicts over water resources,migration due to water scarcity,request-161-0-457
migration due to water scarcity,environmental refugees,request-161-0-458
environmental refugees,strain on neighboring regions,request-161-0-459
strain on neighboring regions,resource conflicts,request-161-0-460
resource conflicts,increased competition for water,request-161-0-461
increased competition for water,reduced water quality,request-161-0-462
reduced water quality,health problems related to water scarcity,request-161-0-463
health problems related to water scarcity,increased incidence of waterborne diseases,request-161-0-464
increased incidence of waterborne diseases,dehydration and heatrelated illnesses,request-161-0-465
dehydration and heatrelated illnesses,waterrelated injuries,request-161-0-466
waterrelated injuries,increased frequency of wildfires,request-161-0-467
increased frequency of wildfires,loss of vegetation,request-161-0-468
loss of vegetation,reduced soil moisture,request-161-0-469
reduced soil moisture,decreased agricultural productivity,request-161-0-470
decreased agricultural productivity,food insecurity,request-161-0-471
food insecurity,increased food prices,request-161-0-472
increased food prices,economic stress on populations,request-161-0-473
economic stress on populations,reduced agricultural output,request-161-0-474
reduced agricultural output,increased food insecurity,request-161-0-475
increased food insecurity,social unrest,request-161-0-476
social unrest,political instability,request-161-0-477
political instability,conflicts over water resources,request-161-0-478
conflicts over water resources,migration due to water scarcity,request-161-0-479
migration due to water scarcity,environmental refugees,request-161-0-480
environmental refugees,strain on neighboring regions,request-161-0-481
strain on neighboring regions,resource conflicts,request-161-0-482
resource conflicts,increased competition for water,request-161-0-483
increased competition for water,reduced water quality,request-161-0-484
reduced water quality,health problems related to water scarcity,request-161-0-485
health problems related to water scarcity,increased incidence of waterborne diseases,request-161-0-486
increased incidence of waterborne diseases,dehydration and heatrelated illnesses,request-161-0-487
dehydration and heatrelated illnesses,waterrelated injuries,request-161-0-488
waterrelated injuries,increased frequency of wildfires,request-161-0-489
increased frequency of wildfires,loss of vegetation,request-161-0-490
loss of vegetation,reduced soil moisture,request-161-0-491
reduced soil moisture,decreased agricultural productivity,request-161-0-492
decreased agricultural productivity,food insecurity,request-161-0-493
food insecurity,increased food prices,request-161-0-494
increased food prices,economic stress on populations,request-161-0-495
economic stress on populations,reduced agricultural output,request-161-0-496
reduced agricultural output,increased food insecurity,request-161-0-497
increased food insecurity,social unrest,request-161-0-498
social unrest,political instability,request-161-0-499
political instability,conflicts over water resources,request-161-0-500
conflicts over water resources,migration due to water scarcity,request-161-0-501
migration due to water scarcity,environmental refugees,request-161-0-502
environmental refugees,<<<<<<<<<<<to<<<<<<<<<<<<<<<<<<<<<<<<<<<<<<<<<<<<<<<<<<<<<<<<<<<<<<<<<<<<<<<<<<<<<<<<<<<<<<<<<<<<<<<<,request-161-0-503
rise in global temperatures,melting of polar ice caps,request-162-0-0
melting of polar ice caps,sea level rise,request-162-0-1
sea level rise,increased frequency of extreme weather events,request-162-0-2
increased frequency of extreme weather events,disruption of ecosystems,request-162-0-3
disruption of ecosystems,climate change,request-162-0-4
rise in global temperatures,deforestation,request-162-1-0
deforestation,loss of biodiversity,request-162-1-1
loss of biodiversity,altered weather patterns,request-162-1-2
altered weather patterns,climate change,request-162-1-3
rise in global temperatures,increased carbon dioxide emissions,request-162-2-0
increased carbon dioxide emissions,enhanced greenhouse effect,request-162-2-1
enhanced greenhouse effect,global warming,request-162-2-2
global warming,climate change,request-162-2-3
rise in global temperatures,ocean warming,request-162-3-0
ocean warming,coral bleaching,request-162-3-1
coral bleaching,disruption of marine life,request-162-3-2
disruption of marine life,climate change,request-162-3-3
rise in global temperatures,extended growing seasons for pests,request-162-4-0
extended growing seasons for pests,crop failures,request-162-4-1
crop failures,food shortages,request-162-4-2
food shortages,climate change,request-162-4-3
industrialization,burning of fossil fuels,request-163-0-0
burning of fossil fuels,release of greenhouse gases,request-163-0-1
release of greenhouse gases,global warming,request-163-0-2
global warming,climate change,request-163-0-3
deforestation,loss of tree cover,request-163-1-0
loss of tree cover,reduced carbon sequestration,request-163-1-1
reduced carbon sequestration,increased atmospheric co2 levels,request-163-1-2
increased atmospheric co2 levels,global warming,request-163-1-3
global warming,climate change,request-163-1-4
urbanization,increased energy consumption,request-163-2-0
increased energy consumption,burning of fossil fuels,request-163-2-1
burning of fossil fuels,release of greenhouse gases,request-163-2-2
release of greenhouse gases,global warming,request-163-2-3
global warming,climate change,request-163-2-4
manufacturing,industrial emissions,request-163-3-0
industrial emissions,release of greenhouse gases,request-163-3-1
release of greenhouse gases,global warming,request-163-3-2
global warming,climate change,request-163-3-3
transportation,usage of fossil fuels,request-163-4-0
usage of fossil fuels,emission of co2,request-163-4-1
emission of co2,global warming,request-163-4-2
global warming,climate change,request-163-4-3
population growth,increased resource consumption,request-163-5-0
increased resource consumption,deforestation,request-163-5-1
deforestation,loss of tree cover,request-163-5-2
loss of tree cover,reduced carbon sequestration,request-163-5-3
reduced carbon sequestration,increased atmospheric co2 levels,request-163-5-4
increased atmospheric co2 levels,global warming,request-163-5-5
global warming,climate change,request-163-5-6
burning fossil fuels,emitting greenhouse gases,request-164-0-0
emitting greenhouse gases,increasing atmospheric co2 levels,request-164-0-1
increasing atmospheric co2 levels,enhancing the greenhouse effect,request-164-0-2
enhancing the greenhouse effect,raising global temperatures,request-164-0-3
raising global temperatures,causing polar ice melt,request-164-0-4
causing polar ice melt,rising sea levels,request-164-0-5
rising sea levels,increasing frequency of extreme weather events,request-164-0-6
increasing frequency of extreme weather events,global warming,request-164-0-7
burning fossil fuels,producing air pollution,request-164-1-0
producing air pollution,damaging ecosystems,request-164-1-1
damaging ecosystems,reducing biodiversity,request-164-1-2
reducing biodiversity,disrupting food chains,request-164-1-3
disrupting food chains,increasing greenhouse gases,request-164-1-4
increasing greenhouse gases,enhancing the greenhouse effect,request-164-1-5
enhancing the greenhouse effect,raising global temperatures,request-164-1-6
raising global temperatures,causing polar ice melt,request-164-1-7
causing polar ice melt,rising sea levels,request-164-1-8
rising sea levels,increasing frequency of extreme weather events,request-164-1-9
increasing frequency of extreme weather events,global warming,request-164-1-10
burning fossil fuels,releasing carbon dioxide,request-164-2-0
releasing carbon dioxide,contributing to the greenhouse effect,request-164-2-1
contributing to the greenhouse effect,increasing global temperatures,request-164-2-2
increasing global temperatures,melting polar ice caps,request-164-2-3
melting polar ice caps,rising sea levels,request-164-2-4
rising sea levels,displacing coastal communities,request-164-2-5
displacing coastal communities,threatening marine life,request-164-2-6
threatening marine life,global warming,request-164-2-7
burning fossil fuels,producing carbon emissions,request-164-3-0
producing carbon emissions,contributing to air pollution,request-164-3-1
contributing to air pollution,increasing greenhouse effect,request-164-3-2
increasing greenhouse effect,raising global temperatures,request-164-3-3
raising global temperatures,causing deforestation,request-164-3-4
causing deforestation,disrupting water cycles,request-164-3-5
disrupting water cycles,increasing frequency of wildfires,request-164-3-6
increasing frequency of wildfires,global warming,request-164-3-7
burning fossil fuels,releasing sulfur dioxide,request-164-4-0
releasing sulfur dioxide,causing acid rain,request-164-4-1
causing acid rain,damaging forests,request-164-4-2
damaging forests,reducing carbon sequestration,request-164-4-3
reducing carbon sequestration,increasing greenhouse gases,request-164-4-4
increasing greenhouse gases,enhancing the greenhouse effect,request-164-4-5
enhancing the greenhouse effect,raising global temperatures,request-164-4-6
raising global temperatures,causing polar ice melt,request-164-4-7
causing polar ice melt,rising sea levels,request-164-4-8
rising sea levels,global warming,request-164-4-9
burning biomass,greenhouse gas emissions,request-165-0-0
greenhouse gas emissions,increase in atmospheric co2 levels,request-165-0-1
increase in atmospheric co2 levels,global warming,request-165-0-2
burning biomass,deforestation,request-165-1-0
deforestation,loss of carbon sinks,request-165-1-1
loss of carbon sinks,increase in atmospheric co2 levels,request-165-1-2
increase in atmospheric co2 levels,global warming,request-165-1-3
burning biomass,release of black carbon,request-165-2-0
release of black carbon,reduction in albedo effect,request-165-2-1
reduction in albedo effect,increase in atmospheric temperatures,request-165-2-2
increase in atmospheric temperatures,global warming,request-165-2-3
burning biomass,pollution of air,request-165-3-0
pollution of air,impact on climate systems,request-165-3-1
impact on climate systems,global warming,request-165-3-2
burning biomass,increase in methane emissions,request-165-4-0
increase in methane emissions,positive feedback loop with global temperatures,request-165-4-1
positive feedback loop with global temperatures,global warming,request-165-4-2
gas emissions,heat from gas emissions absorbed by oceans,request-166-0-0
heat from gas emissions absorbed by oceans,increased ocean temperature,request-166-0-1
increased ocean temperature,reduced water density,request-166-0-2
reduced water density,slowing of ocean vertical mixing,request-166-0-3
gas emissions,heat from gas emissions absorbed by oceans,request-167-0-0
heat from gas emissions absorbed by oceans,ocean warming,request-167-0-1
ocean warming,stratification of ocean layers,request-167-0-2
stratification of ocean layers,reduced mixing of surface and deep waters,request-167-0-3
reduced mixing of surface and deep waters,decreased oxygen supply to deeper waters,request-167-0-4
decreased oxygen supply to deeper waters,ocean deoxygenation,request-167-0-5
gas emissions,heat from gas emissions absorbed by oceans,request-167-1-0
heat from gas emissions absorbed by oceans,increased ocean temperatures,request-167-1-1
increased ocean temperatures,enhanced biological activity,request-167-1-2
enhanced biological activity,higher oxygen consumption by marine organisms,request-167-1-3
higher oxygen consumption by marine organisms,reduced oxygen levels in ocean waters,request-167-1-4
reduced oxygen levels in ocean waters,ocean deoxygenation,request-167-1-5
gas emissions,heat from gas emissions absorbed by oceans,request-167-2-0
heat from gas emissions absorbed by oceans,altered ocean currents,request-167-2-1
altered ocean currents,disrupted nutrient distribution,request-167-2-2
disrupted nutrient distribution,impaired oxygen production in marine ecosystems,request-167-2-3
impaired oxygen production in marine ecosystems,decreased oxygen availability,request-167-2-4
decreased oxygen availability,ocean deoxygenation,request-167-2-5
gas emissions,heat from gas emissions absorbed by oceans,request-167-3-0
heat from gas emissions absorbed by oceans,ocean acidification,request-167-3-1
ocean acidification,impacted marine life respiration,request-167-3-2
impacted marine life respiration,reduced oxygen levels in ocean waters,request-167-3-3
reduced oxygen levels in ocean waters,ocean deoxygenation,request-167-3-4
fossil fuel combustion,carbon dioxide release,request-168-0-0
carbon dioxide release,carbon dioxide accumulation in atmosphere,request-168-0-1
carbon dioxide accumulation in atmosphere,increased atmospheric co2 levels,request-168-0-2
increased atmospheric co2 levels,enhanced greenhouse effect,request-168-0-3
enhanced greenhouse effect,global temperature rise,request-168-0-4
global temperature rise,ocean warming,request-168-0-5
ocean warming,decrease in ocean ph,request-168-0-6
decrease in ocean ph,ocean acidification,request-168-0-7
high temperatures,heat wave,request-169-0-0
heat wave,heatstroke,request-169-0-1
heatstroke,heat exhaustion,request-169-0-2
heat exhaustion,heat cramps,request-169-0-3
heat cramps,heatrelated illnesses,request-169-0-4
heatrelated illnesses,hot weather deaths,request-169-0-5
heatwave,extreme heat,request-169-1-0
extreme heat,high temperatures,request-169-1-1
high temperatures,heatstroke,request-169-1-2
heatstroke,heat exhaustion,request-169-1-3
heat exhaustion,heat cramps,request-169-1-4
heat cramps,heatrelated illnesses,request-169-1-5
heatrelated illnesses,hot weather deaths,request-169-1-6
heat,temperature rise,request-169-2-0
temperature rise,heat wave,request-169-2-1
heat wave,extreme heat,request-169-2-2
extreme heat,high temperatures,request-169-2-3
high temperatures,heatstroke,request-169-2-4
heatstroke,heat exhaustion,request-169-2-5
heat exhaustion,heat cramps,request-169-2-6
heat cramps,heatrelated illnesses,request-169-2-7
heatrelated illnesses,hot weather deaths,request-169-2-8
heat,global warming,request-169-3-0
global warming,rising temperatures,request-169-3-1
rising temperatures,heat wave,request-169-3-2
heat wave,extreme heat,request-169-3-3
extreme heat,high temperatures,request-169-3-4
high temperatures,heatstroke,request-169-3-5
heatstroke,heat exhaustion,request-169-3-6
heat exhaustion,heat cramps,request-169-3-7
heat cramps,heatrelated illnesses,request-169-3-8
heatrelated illnesses,hot weather deaths,request-169-3-9
heat,urban heat island effect,request-169-4-0
urban heat island effect,increased temperatures,request-169-4-1
increased temperatures,heat wave,request-169-4-2
heat wave,extreme heat,request-169-4-3
extreme heat,high temperatures,request-169-4-4
high temperatures,heatstroke,request-169-4-5
heatstroke,heat exhaustion,request-169-4-6
heat exhaustion,heat cramps,request-169-4-7
heat cramps,heatrelated illnesses,request-169-4-8
heatrelated illnesses,hot weather deaths,request-169-4-9
heat,climate change,request-169-5-0
climate change,rising temperatures,request-169-5-1
rising temperatures,heat wave,request-169-5-2
heat wave,extreme heat,request-169-5-3
extreme heat,high temperatures,request-169-5-4
high temperatures,heatstroke,request-169-5-5
heatstroke,heat exhaustion,request-169-5-6
heat exhaustion,heat cramps,request-169-5-7
heat cramps,heatrelated illnesses,request-169-5-8
heatrelated illnesses,hot weather deaths,request-169-5-9
heat,seasonal variation,request-169-6-0
seasonal variation,summer temperatures,request-169-6-1
summer temperatures,heat wave,request-169-6-2
heat wave,extreme heat,request-169-6-3
extreme heat,high temperatures,request-169-6-4
high temperatures,heatstroke,request-169-6-5
heatstroke,heat exhaustion,request-169-6-6
heat exhaustion,heat cramps,request-169-6-7
heat cramps,heatrelated illnesses,request-169-6-8
heatrelated illnesses,hot weather deaths,request-169-6-9
heat,deforestation,request-169-7-0
deforestation,loss of shade,request-169-7-1
loss of shade,increased temperatures,request-169-7-2
increased temperatures,heat wave,request-169-7-3
heat wave,extreme heat,request-169-7-4
extreme heat,high temperatures,request-169-7-5
high temperatures,heatstroke,request-169-7-6
heatstroke,heat exhaustion,request-169-7-7
heat exhaustion,heat cramps,request-169-7-8
heat cramps,heatrelated illnesses,request-169-7-9
heatrelated illnesses,hot weather deaths,request-169-7-10
heat,solar radiation,request-169-8-0
solar radiation,increased temperatures,request-169-8-1
increased temperatures,heat wave,request-169-8-2
heat wave,extreme heat,request-169-8-3
extreme heat,high temperatures,request-169-8-4
high temperatures,heatstroke,request-169-8-5
heatstroke,heat exhaustion,request-169-8-6
heat exhaustion,heat cramps,request-169-8-7
heat cramps,heatrelated illnesses,request-169-8-8
heatrelated illnesses,hot weather deaths,request-169-8-9
heat,greenhouse gas emissions,request-169-9-0
greenhouse gas emissions,global warming,request-169-9-1
global warming,rising temperatures,request-169-9-2
rising temperatures,heat wave,request-169-9-3
heat wave,extreme heat,request-169-9-4
extreme heat,high temperatures,request-169-9-5
high temperatures,heatstroke,request-169-9-6
heatstroke,heat exhaustion,request-169-9-7
heat exhaustion,heat cramps,request-169-9-8
heat cramps,heatrelated illnesses,request-169-9-9
heatrelated illnesses,hot weather deaths,request-169-9-10
heat,industrial activities,request-169-10-0
industrial activities,urbanization,request-169-10-1
urbanization,increased temperatures,request-169-10-2
increased temperatures,heat wave,request-169-10-3
heat wave,extreme heat,request-169-10-4
extreme heat,high temperatures,request-169-10-5
high temperatures,heatstroke,request-169-10-6
heatstroke,heat exhaustion,request-169-10-7
heat exhaustion,heat cramps,request-169-10-8
heat cramps,heatrelated illnesses,request-169-10-9
heatrelated illnesses,hot weather deaths,request-169-10-10
heat,desertification,request-169-11-0
desertification,loss of vegetation,request-169-11-1
loss of vegetation,increased temperatures,request-169-11-2
increased temperatures,heat wave,request-169-11-3
heat wave,extreme heat,request-169-11-4
extreme heat,high temperatures,request-169-11-5
high temperatures,heatstroke,request-169-11-6
heatstroke,heat exhaustion,request-169-11-7
heat exhaustion,heat cramps,request-169-11-8
heat cramps,heatrelated illnesses,request-169-11-9
heatrelated illnesses,hot weather deaths,request-169-11-10
heat,volcanic activity,request-169-12-0
volcanic activity,heat from eruptions,request-169-12-1
heat from eruptions,increased temperatures,request-169-12-2
increased temperatures,heat wave,request-169-12-3
heat wave,extreme heat,request-169-12-4
extreme heat,high temperatures,request-169-12-5
high temperatures,heatstroke,request-169-12-6
heatstroke,heat exhaustion,request-169-12-7
heat exhaustion,heat cramps,request-169-12-8
heat cramps,heatrelated illnesses,request-169-12-9
heatrelated illnesses,hot weather deaths,request-169-12-10
heat,space weather,request-169-13-0
space weather,solar flares,request-169-13-1
solar flares,increased temperatures,request-169-13-2
increased temperatures,heat wave,request-169-13-3
heat wave,extreme heat,request-169-13-4
extreme heat,high temperatures,request-169-13-5
high temperatures,heatstroke,request-169-13-6
heatstroke,heat exhaustion,request-169-13-7
heat exhaustion,heat cramps,request-169-13-8
heat cramps,heatrelated illnesses,request-169-13-9
heatrelated illnesses,hot weather deaths,request-169-13-10
heat,earth's tilt,request-169-14-0
earth's tilt,seasonal changes,request-169-14-1
seasonal changes,increased temperatures,request-169-14-2
increased temperatures,heat wave,request-169-14-3
heat wave,extreme heat,request-169-14-4
extreme heat,high temperatures,request-169-14-5
high temperatures,heatstroke,request-169-14-6
heatstroke,heat exhaustion,request-169-14-7
heat exhaustion,heat cramps,request-169-14-8
heat cramps,heatrelated illnesses,request-169-14-9
heatrelated illnesses,hot weather deaths,request-169-14-10
heat,ocean currents,request-169-15-0
ocean currents,altered temperatures,request-169-15-1
altered temperatures,heat wave,request-169-15-2
heat wave,extreme heat,request-169-15-3
extreme heat,high temperatures,request-169-15-4
high temperatures,heatstroke,request-169-15-5
heatstroke,heat exhaustion,request-169-15-6
heat exhaustion,heat cramps,request-169-15-7
heat cramps,heatrelated illnesses,request-169-15-8
heatrelated illnesses,hot weather deaths,request-169-15-9
heat,atmospheric conditions,request-169-16-0
atmospheric conditions,high temperatures,request-169-16-1
high temperatures,heat wave,request-169-16-2
heat wave,extreme heat,request-169-16-3
extreme heat,high temperatures,request-169-16-4
high temperatures,heatstroke,request-169-16-5
heatstroke,heat exhaustion,request-169-16-6
heat exhaustion,heat cramps,request-169-16-7
heat cramps,heatrelated illnesses,request-169-16-8
heatrelated illnesses,hot weather deaths,request-169-16-9
heat,seasonal weather patterns,request-169-17-0
seasonal weather patterns,increased temperatures,request-169-17-1
increased temperatures,heat wave,request-169-17-2
heat wave,extreme heat,request-169-17-3
extreme heat,high temperatures,request-169-17-4
high temperatures,heatstroke,request-169-17-5
heatstroke,heat exhaustion,request-169-17-6
heat exhaustion,heat cramps,request-169-17-7
heat cramps,heatrelated illnesses,request-169-17-8
heatrelated illnesses,hot weather deaths,request-169-17-9
high temperatures,heat exhaustion,request-170-0-0
heat exhaustion,heatstroke,request-170-0-1
heatstroke,hot weather deaths,request-170-0-2
lack of air conditioning,increased indoor temperatures,request-170-1-0
increased indoor temperatures,high temperatures,request-170-1-1
high temperatures,heat exhaustion,request-170-1-2
heat exhaustion,heatstroke,request-170-1-3
heatstroke,hot weather deaths,request-170-1-4
lack of air conditioning,use of nonairconditioned spaces,request-170-2-0
use of nonairconditioned spaces,high temperatures,request-170-2-1
high temperatures,heat exhaustion,request-170-2-2
heat exhaustion,heatstroke,request-170-2-3
heatstroke,hot weather deaths,request-170-2-4
lack of air conditioning,increased reliance on public transportation,request-170-3-0
increased reliance on public transportation,high temperatures,request-170-3-1
high temperatures,heat exhaustion,request-170-3-2
heat exhaustion,heatstroke,request-170-3-3
heatstroke,hot weather deaths,request-170-3-4
lack of air conditioning,limited access to cool environments,request-170-4-0
limited access to cool environments,high temperatures,request-170-4-1
high temperatures,heat exhaustion,request-170-4-2
heat exhaustion,heatstroke,request-170-4-3
heatstroke,hot weather deaths,request-170-4-4
cold weather,hypothermia,request-171-0-0
hypothermia,exposure to cold,request-171-0-1
exposure to cold,inadequate clothing,request-171-0-2
inadequate clothing,low temperatures,request-171-0-3
low temperatures,cold weather deaths,request-171-0-4
cold weather,shortening of blood vessels,request-171-1-0
shortening of blood vessels,decreased blood flow,request-171-1-1
decreased blood flow,heart strain,request-171-1-2
heart strain,heart failure,request-171-1-3
heart failure,cold weather deaths,request-171-1-4
cold weather,respiratory infections,request-171-2-0
respiratory infections,increased susceptibility to viruses,request-171-2-1
increased susceptibility to viruses,chronic respiratory conditions,request-171-2-2
chronic respiratory conditions,cold weather deaths,request-171-2-3
cold weather,skin exposure,request-171-3-0
skin exposure,frostbite,request-171-3-1
frostbite,severe tissue damage,request-171-3-2
severe tissue damage,amputation,request-171-3-3
amputation,cold weather deaths,request-171-3-4
cold weather,reduced physical activity,request-171-4-0
reduced physical activity,lowered immune response,request-171-4-1
lowered immune response,increased vulnerability to illnesses,request-171-4-2
increased vulnerability to illnesses,cold weather deaths,request-171-4-3
cold weather,indoor living,request-172-0-0
indoor living,close quarters,request-172-0-1
close quarters,increased stress,request-172-0-2
increased stress,weakened immune system,request-172-0-3
weakened immune system,infections,request-172-0-4
infections,complications,request-172-0-5
complications,severe illness,request-172-0-6
severe illness,death,request-172-0-7
cold weather,indoor living,request-172-1-0
indoor living,close quarters,request-172-1-1
close quarters,increased stress,request-172-1-2
increased stress,weakened immune system,request-172-1-3
weakened immune system,chronic diseases,request-172-1-4
chronic diseases,complications,request-172-1-5
complications,severe illness,request-172-1-6
severe illness,death,request-172-1-7
cold weather,indoor living,request-172-2-0
indoor living,close quarters,request-172-2-1
close quarters,increased stress,request-172-2-2
increased stress,weakened immune system,request-172-2-3
weakened immune system,malnutrition,request-172-2-4
malnutrition,complications,request-172-2-5
complications,severe illness,request-172-2-6
severe illness,death,request-172-2-7
cold weather,indoor living,request-172-3-0
indoor living,close quarters,request-172-3-1
close quarters,increased stress,request-172-3-2
increased stress,weakened immune system,request-172-3-3
weakened immune system,alcohol consumption,request-172-3-4
alcohol consumption,complications,request-172-3-5
complications,severe illness,request-172-3-6
severe illness,death,request-172-3-7
cold weather,indoor living,request-172-4-0
indoor living,close quarters,request-172-4-1
close quarters,increased stress,request-172-4-2
increased stress,weakened immune system,request-172-4-3
weakened immune system,smoking,request-172-4-4
smoking,complications,request-172-4-5
complications,severe illness,request-172-4-6
severe illness,death,request-172-4-7
cold weather,indoor living,request-172-5-0
indoor living,close quarters,request-172-5-1
close quarters,increased stress,request-172-5-2
increased stress,weakened immune system,request-172-5-3
weakened immune system,exercise,request-172-5-4
exercise,complications,request-172-5-5
complications,severe illness,request-172-5-6
severe illness,death,request-172-5-7
cold weather,indoor living,request-172-6-0
indoor living,close quarters,request-172-6-1
close quarters,increased stress,request-172-6-2
increased stress,weakened immune system,request-172-6-3
weakened immune system,sleep deprivation,request-172-6-4
sleep deprivation,complications,request-172-6-5
complications,severe illness,request-172-6-6
severe illness,death,request-172-6-7
cold weather,indoor living,request-172-7-0
indoor living,close quarters,request-172-7-1
close quarters,increased stress,request-172-7-2
increased stress,weakened immune system,request-172-7-3
weakened immune system,medication side effects,request-172-7-4
medication side effects,complications,request-172-7-5
complications,severe illness,request-172-7-6
severe illness,death,request-172-7-7
cold weather,indoor living,request-172-8-0
indoor living,close quarters,request-172-8-1
close quarters,increased stress,request-172-8-2
increased stress,weakened immune system,request-172-8-3
weakened immune system,vitamin deficiency,request-172-8-4
vitamin deficiency,complications,request-172-8-5
complications,severe illness,request-172-8-6
severe illness,death,request-172-8-7
cold weather,indoor living,request-172-9-0
indoor living,close quarters,request-172-9-1
close quarters,increased stress,request-172-9-2
increased stress,weakened immune system,request-172-9-3
weakened immune system,blood clots,request-172-9-4
blood clots,complications,request-172-9-5
complications,severe illness,request-172-9-6
severe illness,death,request-172-9-7
cold weather,indoor living,request-172-10-0
indoor living,close quarters,request-172-10-1
close quarters,increased stress,request-172-10-2
increased stress,weakened immune system,request-172-10-3
weakened immune system,skin infections,request-172-10-4
skin infections,complications,request-172-10-5
complications,severe illness,request-172-10-6
severe illness,death,request-172-10-7
cold weather,indoor living,request-172-11-0
indoor living,close quarters,request-172-11-1
close quarters,increased stress,request-172-11-2
increased stress,weakened immune system,request-172-11-3
weakened immune system,diabetes,request-172-11-4
diabetes,complications,request-172-11-5
complications,severe illness,request-172-11-6
severe illness,death,request-172-11-7
cold weather,indoor living,request-172-12-0
indoor living,close quarters,request-172-12-1
close quarters,increased stress,request-172-12-2
increased stress,weakened immune system,request-172-12-3
weakened immune system,allergies,request-172-12-4
allergies,complications,request-172-12-5
complications,severe illness,request-172-12-6
severe illness,death,request-172-12-7
cold weather,indoor living,request-172-13-0
indoor living,close quarters,request-172-13-1
close quarters,increased stress,request-172-13-2
increased stress,weakened immune system,request-172-13-3
weakened immune system,heart disease,request-172-13-4
heart disease,complications,request-172-13-5
complications,severe illness,request-172-13-6
severe illness,death,request-172-13-7
cold,fever,request-173-0-0
fever,weakness,request-173-0-1
weakness,increased heart rate,request-173-0-2
increased heart rate,dehydration,request-173-0-3
dehydration,impaired immune response,request-173-0-4
impaired immune response,organ failure,request-173-0-5
organ failure,death,request-173-0-6
cold,inflammation,request-173-1-0
inflammation,swelling,request-173-1-1
swelling,reduced blood flow,request-173-1-2
reduced blood flow,infection,request-173-1-3
infection,sepsis,request-173-1-4
sepsis,organ failure,request-173-1-5
organ failure,death,request-173-1-6
cold,fatigue,request-173-2-0
fatigue,reduced physical activity,request-173-2-1
reduced physical activity,weakened immune system,request-173-2-2
weakened immune system,infection,request-173-2-3
infection,sepsis,request-173-2-4
sepsis,organ failure,request-173-2-5
organ failure,death,request-173-2-6
cold,fever,request-173-3-0
fever,increased metabolic rate,request-173-3-1
increased metabolic rate,dehydration,request-173-3-2
dehydration,electrolyte imbalance,request-173-3-3
electrolyte imbalance,heart arrhythmia,request-173-3-4
heart arrhythmia,cardiac arrest,request-173-3-5
cardiac arrest,death,request-173-3-6
cold,increased mucus production,request-173-4-0
increased mucus production,blockage of airways,request-173-4-1
blockage of airways,respiratory distress,request-173-4-2
respiratory distress,hypoxia,request-173-4-3
hypoxia,brain damage,request-173-4-4
brain damage,death,request-173-4-5
the wholesale price of gas increases,gasoline prices at the pump rise,request-174-0-0
gasoline prices at the pump rise,commuting costs for individuals and businesses go up,request-174-0-1
commuting costs for individuals and businesses go up,transportation expenses for goods increase,request-174-0-2
transportation expenses for goods increase,shipping and distribution costs for products rise,request-174-0-3
shipping and distribution costs for products rise,retail prices of goods increase,request-174-0-4
retail prices of goods increase,inflation rate rises,request-174-0-5
inflation rate rises,cost of living increases,request-174-0-6
cost of living increases,crisis in the cost of living,request-174-0-7
industrialization,burning of fossil fuels,request-175-0-0
burning of fossil fuels,emissions from factories,request-175-0-1
emissions from factories,deforestation,request-175-0-2
deforestation,land use changes,request-175-0-3
land use changes,increased greenhouse gas concentrations,request-175-0-4
increased greenhouse gas concentrations,global warming,request-175-0-5
global warming,melting of ice caps and glaciers,request-175-0-6
melting of ice caps and glaciers,sea level rise,request-175-0-7
sea level rise,increased atmospheric co2 levels,request-175-0-8
increased atmospheric co2 levels,enhanced greenhouse effect,request-175-0-9
enhanced greenhouse effect,stratospheric cooling,request-175-0-10
stratospheric cooling,changes in atmospheric circulation patterns,request-175-0-11
changes in atmospheric circulation patterns,increased frequency of extreme weather events,request-175-0-12
increased frequency of extreme weather events,carbon cycle disruption,request-175-0-13
carbon cycle disruption,ocean acidification,request-175-0-14
ocean acidification,coral bleaching,request-175-0-15
coral bleaching,decreased marine biodiversity,request-175-0-16
decreased marine biodiversity,impact on fisheries and aquaculture,request-175-0-17
impact on fisheries and aquaculture,human displacement and migration,request-175-0-18
human displacement and migration,economic costs of climate adaptation,request-175-0-19
economic costs of climate adaptation,loss of agricultural productivity,request-175-0-20
loss of agricultural productivity,food insecurity,request-175-0-21
food insecurity,rising co2 levels in the atmosphere,request-175-0-22
rising co2 levels in the atmosphere,enhanced greenhouse effect,request-175-0-23
enhanced greenhouse effect,global temperature rise,request-175-0-24
global temperature rise,increased co2 emissions,request-175-0-25
increased co2 emissions,burning of fossil fuels,request-175-0-26
burning of fossil fuels,industrial activities,request-175-0-27
industrial activities,transportation sector emissions,request-175-0-28
transportation sector emissions,energy production,request-175-0-29
energy production,manufacturing processes,request-175-0-30
manufacturing processes,construction industry emissions,request-175-0-31
construction industry emissions,waste management practices,request-175-0-32
waste management practices,landfills and incineration,request-175-0-33
landfills and incineration,deforestation and land conversion,request-175-0-34
deforestation and land conversion,soil degradation,request-175-0-35
soil degradation,loss of carbon sinks,request-175-0-36
loss of carbon sinks,increased atmospheric co2 concentration,request-175-0-37
increased atmospheric co2 concentration,enhanced greenhouse effect,request-175-0-38
enhanced greenhouse effect,global warming,request-175-0-39
global warming,climate change impacts,request-175-0-40
climate change impacts,increased co2 emissions,request-175-0-41
increased co2 emissions,burning of fossil fuels,request-175-0-42
burning of fossil fuels,energy sector emissions,request-175-0-43
energy sector emissions,transportation sector emissions,request-175-0-44
transportation sector emissions,industrial activities,request-175-0-45
industrial activities,manufacturing processes,request-175-0-46
manufacturing processes,construction industry emissions,request-175-0-47
construction industry emissions,waste management practices,request-175-0-48
waste management practices,landfills and incineration,request-175-0-49
landfills and incineration,deforestation and land conversion,request-175-0-50
deforestation and land conversion,soil degradation,request-175-0-51
soil degradation,loss of carbon sinks,request-175-0-52
loss of carbon sinks,increased atmospheric co2 concentration,request-175-0-53
increased atmospheric co2 concentration,enhanced greenhouse effect,request-175-0-54
enhanced greenhouse effect,global warming,request-175-0-55
global warming,climate change impacts,request-175-0-56
climate change impacts,increased co2 emissions,request-175-0-57
increased co2 emissions,burning of fossil fuels,request-175-0-58
burning of fossil fuels,energy sector emissions,request-175-0-59
energy sector emissions,transportation sector emissions,request-175-0-60
transportation sector emissions,industrial activities,request-175-0-61
industrial activities,manufacturing processes,request-175-0-62
manufacturing processes,construction industry emissions,request-175-0-63
construction industry emissions,waste management practices,request-175-0-64
waste management practices,landfills and incineration,request-175-0-65
landfills and incineration,deforestation and land conversion,request-175-0-66
deforestation and land conversion,soil degradation,request-175-0-67
soil degradation,loss of carbon sinks,request-175-0-68
loss of carbon sinks,increased atmospheric co2 concentration,request-175-0-69
increased atmospheric co2 concentration,enhanced greenhouse effect,request-175-0-70
enhanced greenhouse effect,global warming,request-175-0-71
global warming,climate change impacts,request-175-0-72
climate change impacts,increased co2 emissions,request-175-0-73
increased co2 emissions,burning of fossil fuels,request-175-0-74
burning of fossil fuels,energy sector emissions,request-175-0-75
energy sector emissions,transportation sector emissions,request-175-0-76
transportation sector emissions,industrial activities,request-175-0-77
industrial activities,manufacturing processes,request-175-0-78
manufacturing processes,construction industry emissions,request-175-0-79
construction industry emissions,waste management practices,request-175-0-80
waste management practices,landfills and incineration,request-175-0-81
landfills and incineration,deforestation and land conversion,request-175-0-82
deforestation and land conversion,soil degradation,request-175-0-83
soil degradation,loss of carbon sinks,request-175-0-84
loss of carbon sinks,increased atmospheric co2 concentration,request-175-0-85
increased atmospheric co2 concentration,enhanced greenhouse effect,request-175-0-86
enhanced greenhouse effect,global warming,request-175-0-87
global warming,climate change impacts,request-175-0-88
climate change impacts,increased co2 emissions,request-175-0-89
increased co2 emissions,burning of fossil fuels,request-175-0-90
burning of fossil fuels,energy sector emissions,request-175-0-91
energy sector emissions,transportation sector emissions,request-175-0-92
transportation sector emissions,industrial activities,request-175-0-93
industrial activities,manufacturing processes,request-175-0-94
manufacturing processes,construction industry emissions,request-175-0-95
construction industry emissions,waste management practices,request-175-0-96
waste management practices,landfills and incineration,request-175-0-97
landfills and incineration,deforestation and land conversion,request-175-0-98
deforestation and land conversion,soil degradation,request-175-0-99
soil degradation,loss of carbon sinks,request-175-0-100
loss of carbon sinks,increased atmospheric co2 concentration,request-175-0-101
increased atmospheric co2 concentration,enhanced greenhouse effect,request-175-0-102
enhanced greenhouse effect,global warming,request-175-0-103
global warming,climate change impacts,request-175-0-104
climate change impacts,increased co2 emissions,request-175-0-105
increased co2 emissions,burning of fossil fuels,request-175-0-106
burning of fossil fuels,energy sector emissions,request-175-0-107
energy sector emissions,transportation sector emissions,request-175-0-108
transportation sector emissions,industrial activities,request-175-0-109
industrial activities,manufacturing processes,request-175-0-110
manufacturing processes,construction industry emissions,request-175-0-111
construction industry emissions,waste management practices,request-175-0-112
waste management practices,landfills and incineration,request-175-0-113
landfills and incineration,deforestation and land conversion,request-175-0-114
deforestation and land conversion,soil degradation,request-175-0-115
soil degradation,loss of carbon sinks,request-175-0-116
loss of carbon sinks,increased atmospheric co2 concentration,request-175-0-117
increased atmospheric co2 concentration,enhanced greenhouse effect,request-175-0-118
enhanced greenhouse effect,global warming,request-175-0-119
global warming,climate change impacts,request-175-0-120
climate change impacts,increased co2 emissions,request-175-0-121
increased co2 emissions,burning of fossil fuels,request-175-0-122
burning of fossil fuels,energy sector emissions,request-175-0-123
energy sector emissions,transportation sector emissions,request-175-0-124
transportation sector emissions,industrial activities,request-175-0-125
industrial activities,manufacturing processes,request-175-0-126
manufacturing processes,construction industry emissions,request-175-0-127
construction industry emissions,waste management practices,request-175-0-128
waste management practices,landfills and incineration,request-175-0-129
landfills and incineration,deforestation and land conversion,request-175-0-130
deforestation and land conversion,soil degradation,request-175-0-131
soil degradation,loss of carbon sinks,request-175-0-132
loss of carbon sinks,increased atmospheric co2 concentration,request-175-0-133
increased atmospheric co2 concentration,enhanced greenhouse effect,request-175-0-134
enhanced greenhouse effect,global warming,request-175-0-135
global warming,climate change impacts,request-175-0-136
climate change impacts,increased co2 emissions,request-175-0-137
increased co2 emissions,burning of fossil fuels,request-175-0-138
burning of fossil fuels,energy sector emissions,request-175-0-139
energy sector emissions,transportation sector emissions,request-175-0-140
transportation sector emissions,industrial activities,request-175-0-141
industrial activities,manufacturing processes,request-175-0-142
manufacturing processes,construction industry emissions,request-175-0-143
construction industry emissions,waste management practices,request-175-0-144
waste management practices,landfills and incineration,request-175-0-145
landfills and incineration,deforestation and land conversion,request-175-0-146
deforestation and land conversion,soil degradation,request-175-0-147
soil degradation,loss of carbon sinks,request-175-0-148
loss of carbon sinks,increased atmospheric co2 concentration,request-175-0-149
increased atmospheric co2 concentration,enhanced greenhouse effect,request-175-0-150
enhanced greenhouse effect,global warming,request-175-0-151
global warming,climate change impacts,request-175-0-152
climate change impacts,increased co2 emissions,request-175-0-153
increased co2 emissions,burning of fossil fuels,request-175-0-154
burning of fossil fuels,energy sector emissions,request-175-0-155
energy sector emissions,transportation sector emissions,request-175-0-156
transportation sector emissions,industrial activities,request-175-0-157
industrial activities,manufacturing processes,request-175-0-158
manufacturing processes,construction industry emissions,request-175-0-159
construction industry emissions,waste management practices,request-175-0-160
waste management practices,landfills and incineration,request-175-0-161
landfills and incineration,deforestation and land conversion,request-175-0-162
deforestation and land conversion,soil degradation,request-175-0-163
soil degradation,loss of carbon sinks,request-175-0-164
loss of carbon sinks,increased atmospheric co2 concentration,request-175-0-165
increased atmospheric co2 concentration,enhanced greenhouse effect,request-175-0-166
enhanced greenhouse effect,global warming,request-175-0-167
global warming,climate change impacts,request-175-0-168
climate change impacts,increased co2 emissions,request-175-0-169
increased co2 emissions,burning of fossil fuels,request-175-0-170
burning of fossil fuels,energy sector emissions,request-175-0-171
energy sector emissions,transportation sector emissions,request-175-0-172
transportation sector emissions,industrial activities,request-175-0-173
industrial activities,manufacturing processes,request-175-0-174
manufacturing processes,construction industry emissions,request-175-0-175
construction industry emissions,waste management practices,request-175-0-176
waste management practices,landfills and incineration,request-175-0-177
landfills and incineration,deforestation and land conversion,request-175-0-178
deforestation and land conversion,soil degradation,request-175-0-179
soil degradation,loss of carbon sinks,request-175-0-180
loss of carbon sinks,increased atmospheric co2 concentration,request-175-0-181
increased atmospheric co2 concentration,enhanced greenhouse effect,request-175-0-182
enhanced greenhouse effect,global warming,request-175-0-183
global warming,climate change impacts,request-175-0-184
climate change impacts,increased co2 emissions,request-175-0-185
increased co2 emissions,burning of fossil fuels,request-175-0-186
burning of fossil fuels,energy sector emissions,request-175-0-187
energy sector emissions,transportation sector emissions,request-175-0-188
transportation sector emissions,industrial activities,request-175-0-189
industrial activities,manufacturing processes,request-175-0-190
manufacturing processes,construction industry emissions,request-175-0-191
construction industry emissions,waste management practices,request-175-0-192
waste management practices,landfills and incineration,request-175-0-193
landfills and incineration,deforestation and land conversion,request-175-0-194
deforestation and land conversion,soil degradation,request-175-0-195
soil degradation,loss of carbon sinks,request-175-0-196
loss of carbon sinks,increased atmospheric co2 concentration,request-175-0-197
increased atmospheric co2 concentration,enhanced greenhouse effect,request-175-0-198
enhanced greenhouse effect,global warming,request-175-0-199
global warming,climate change impacts,request-175-0-200
climate change impacts,increased co2 emissions,request-175-0-201
increased co2 emissions,burning of fossil fuels,request-175-0-202
burning of fossil fuels,energy sector emissions,request-175-0-203
energy sector emissions,transportation sector emissions,request-175-0-204
transportation sector emissions,industrial activities,request-175-0-205
industrial activities,manufacturing processes,request-175-0-206
manufacturing processes,construction industry emissions,request-175-0-207
construction industry emissions,waste management practices,request-175-0-208
waste management practices,landfills and incineration,request-175-0-209
landfills and incineration,deforestation and land conversion,request-175-0-210
deforestation and land conversion,soil degradation,request-175-0-211
soil degradation,loss of carbon sinks,request-175-0-212
loss of carbon sinks,increased atmospheric co2 concentration,request-175-0-213
increased atmospheric co2 concentration,enhanced greenhouse effect,request-175-0-214
enhanced greenhouse effect,global warming,request-175-0-215
global warming,climate change impacts,request-175-0-216
climate change impacts,increased co2 emissions,request-175-0-217
increased co2 emissions,burning of fossil fuels,request-175-0-218
burning of fossil fuels,energy sector emissions,request-175-0-219
energy sector emissions,transportation sector emissions,request-175-0-220
transportation sector emissions,industrial activities,request-175-0-221
industrial activities,manufacturing processes,request-175-0-222
manufacturing processes,construction industry emissions,request-175-0-223
construction industry emissions,waste management practices,request-175-0-224
waste management practices,landfills and incineration,request-175-0-225
landfills and incineration,deforestation and land conversion,request-175-0-226
deforestation and land conversion,soil degradation,request-175-0-227
soil degradation,loss of carbon sinks,request-175-0-228
loss of carbon sinks,increased atmospheric co2 concentration,request-175-0-229
increased atmospheric co2 concentration,enhanced greenhouse effect,request-175-0-230
enhanced greenhouse effect,global warming,request-175-0-231
global warming,climate change impacts,request-175-0-232
climate change impacts,increased co2 emissions,request-175-0-233
increased co2 emissions,burning of fossil fuels,request-175-0-234
burning of fossil fuels,energy sector emissions,request-175-0-235
energy sector emissions,transportation sector emissions,request-175-0-236
transportation sector emissions,industrial activities,request-175-0-237
industrial activities,manufacturing processes,request-175-0-238
manufacturing processes,construction industry emissions,request-175-0-239
construction industry emissions,waste management practices,request-175-0-240
waste management practices,landfills and incineration,request-175-0-241
landfills and incineration,deforestation and land conversion,request-175-0-242
deforestation and land conversion,soil degradation,request-175-0-243
soil degradation,loss of carbon sinks,request-175-0-244
loss of carbon sinks,increased atmospheric co2 concentration,request-175-0-245
increased atmospheric co2 concentration,enhanced greenhouse effect,request-175-0-246
enhanced greenhouse effect,global warming,request-175-0-247
global warming,climate change impacts,request-175-0-248
climate change impacts,increased co2 emissions,request-175-0-249
increased co2 emissions,burning of fossil fuels,request-175-0-250
burning of fossil fuels,energy sector emissions,request-175-0-251
energy sector emissions,transportation sector emissions,request-175-0-252
transportation sector emissions,industrial activities,request-175-0-253
industrial activities,manufacturing processes,request-175-0-254
manufacturing processes,construction industry emissions,request-175-0-255
construction industry emissions,waste management practices,request-175-0-256
waste management practices,landfills and incineration,request-175-0-257
landfills and incineration,deforestation and land conversion,request-175-0-258
deforestation and land conversion,soil degradation,request-175-0-259
soil degradation,loss of carbon sinks,request-175-0-260
loss of carbon sinks,increased atmospheric co2 concentration,request-175-0-261
increased atmospheric co2 concentration,enhanced greenhouse effect,request-175-0-262
enhanced greenhouse effect,global warming,request-175-0-263
global warming,climate change impacts,request-175-0-264
climate change impacts,increased co2 emissions,request-175-0-265
increased co2 emissions,burning of fossil fuels,request-175-0-266
burning of fossil fuels,energy sector emissions,request-175-0-267
energy sector emissions,transportation sector emissions,request-175-0-268
transportation sector emissions,industrial activities,request-175-0-269
industrial activities,manufacturing processes,request-175-0-270
manufacturing processes,construction industry emissions,request-175-0-271
construction industry emissions,waste management practices,request-175-0-272
waste management practices,landfills and incineration,request-175-0-273
landfills and incineration,deforestation and land conversion,request-175-0-274
deforestation and land conversion,soil degradation,request-175-0-275
soil degradation,loss of carbon sinks,request-175-0-276
loss of carbon sinks,increased atmospheric co2 concentration,request-175-0-277
increased atmospheric co2 concentration,enhanced greenhouse effect,request-175-0-278
enhanced greenhouse effect,global warming,request-175-0-279
global warming,climate change impacts,request-175-0-280
climate change impacts,increased co2 emissions,request-175-0-281
increased co2 emissions,burning of fossil fuels,request-175-0-282
burning of fossil fuels,energy sector emissions,request-175-0-283
energy sector emissions,transportation sector emissions,request-175-0-284
transportation sector emissions,industrial activities,request-175-0-285
industrial activities,manufacturing processes,request-175-0-286
manufacturing processes,construction industry emissions,request-175-0-287
construction industry emissions,waste management practices,request-175-0-288
waste management practices,landfills and incineration,request-175-0-289
landfills and incineration,deforestation and land conversion,request-175-0-290
deforestation and land conversion,soil degradation,request-175-0-291
soil degradation,loss of carbon sinks,request-175-0-292
loss of carbon sinks,increased atmospheric co2 concentration,request-175-0-293
increased atmospheric co2 concentration,enhanced greenhouse effect,request-175-0-294
enhanced greenhouse effect,global warming,request-175-0-295
global warming,climate change impacts,request-175-0-296
climate change impacts,increased co2 emissions,request-175-0-297
increased co2 emissions,burning of fossil fuels,request-175-0-298
burning of fossil fuels,energy sector emissions,request-175-0-299
energy sector emissions,transportation sector emissions,request-175-0-300
transportation sector emissions,industrial activities,request-175-0-301
industrial activities,manufacturing processes,request-175-0-302
manufacturing processes,construction industry emissions,request-175-0-303
construction industry emissions,waste management practices,request-175-0-304
waste management practices,landfills and incineration,request-175-0-305
landfills and incineration,deforestation and land conversion,request-175-0-306
deforestation and land conversion,soil degradation,request-175-0-307
soil degradation,loss of carbon sinks,request-175-0-308
loss of carbon sinks,increased atmospheric co2 concentration,request-175-0-309
increased atmospheric co2 concentration,enhanced greenhouse effect,request-175-0-310
enhanced greenhouse effect,global warming,request-175-0-311
global warming,climate change impacts,request-175-0-312
climate change impacts,increased co2 emissions,request-175-0-313
increased co2 emissions,burning of fossil fuels,request-175-0-314
burning of fossil fuels,energy sector emissions,request-175-0-315
energy sector emissions,transportation sector emissions,request-175-0-316
transportation sector emissions,industrial activities,request-175-0-317
industrial activities,manufacturing processes,request-175-0-318
manufacturing processes,construction industry emissions,request-175-0-319
construction industry emissions,waste management practices,request-175-0-320
waste management practices,landfills and incineration,request-175-0-321
landfills and incineration,deforestation and land conversion,request-175-0-322
deforestation and land conversion,soil degradation,request-175-0-323
soil degradation,loss of carbon sinks,request-175-0-324
loss of carbon sinks,increased atmospheric co2 concentration,request-175-0-325
increased atmospheric co2 concentration,enhanced greenhouse effect,request-175-0-326
enhanced greenhouse effect,global warming,request-175-0-327
global warming,climate change impacts,request-175-0-328
climate change impacts,increased co2 emissions,request-175-0-329
increased co2 emissions,burning of fossil fuels,request-175-0-330
burning of fossil fuels,energy sector emissions,request-175-0-331
energy sector emissions,transportation sector emissions,request-175-0-332
transportation sector emissions,industrial activities,request-175-0-333
industrial activities,manufacturing processes,request-175-0-334
manufacturing processes,construction industry emissions,request-175-0-335
construction industry emissions,waste management practices,request-175-0-336
waste management practices,landfills and incineration,request-175-0-337
landfills and incineration,deforestation and land conversion,request-175-0-338
deforestation and land conversion,soil degradation,request-175-0-339
soil degradation,loss of carbon sinks,request-175-0-340
loss of carbon sinks,increased atmospheric co2 concentration,request-175-0-341
increased atmospheric co2 concentration,enhanced greenhouse effect,request-175-0-342
enhanced greenhouse effect,global warming,request-175-0-343
global warming,climate change impacts,request-175-0-344
climate change impacts,increased co2 emissions,request-175-0-345
increased co2 emissions,burning of fossil fuels,request-175-0-346
burning of fossil fuels,energy sector emissions,request-175-0-347
energy sector emissions,transportation sector emissions,request-175-0-348
transportation sector emissions,industrial activities,request-175-0-349
industrial activities,manufacturing processes,request-175-0-350
manufacturing processes,construction industry emissions,request-175-0-351
construction industry emissions,waste management practices,request-175-0-352
waste management practices,landfills and incineration,request-175-0-353
landfills and incineration,deforestation and land conversion,request-175-0-354
deforestation and land conversion,soil degradation,request-175-0-355
soil degradation,loss of carbon sinks,request-175-0-356
loss of carbon sinks,increased atmospheric co2 concentration,request-175-0-357
increased atmospheric co2 concentration,enhanced greenhouse effect,request-175-0-358
enhanced greenhouse effect,global warming,request-175-0-359
global warming,climate change impacts,request-175-0-360
climate change impacts,increased co2 emissions,request-175-0-361
increased co2 emissions,burning of fossil fuels,request-175-0-362
burning of fossil fuels,energy sector emissions,request-175-0-363
energy sector emissions,transportation sector emissions,request-175-0-364
transportation sector emissions,industrial activities,request-175-0-365
industrial activities,manufacturing processes,request-175-0-366
manufacturing processes,construction industry emissions,request-175-0-367
construction industry emissions,waste management practices,request-175-0-368
waste management practices,landfills and incineration,request-175-0-369
landfills and incineration,deforestation and land conversion,request-175-0-370
deforestation and land conversion,soil degradation,request-175-0-371
soil degradation,loss of carbon sinks,request-175-0-372
loss of carbon sinks,increased atmospheric co2 concentration,request-175-0-373
increased atmospheric co2 concentration,enhanced greenhouse effect,request-175-0-374
enhanced greenhouse effect,global warming,request-175-0-375
global warming,climate change impacts,request-175-0-376
climate change impacts,increased co2 emissions,request-175-0-377
increased co2 emissions,burning of fossil fuels,request-175-0-378
burning of fossil fuels,energy sector emissions,request-175-0-379
energy sector emissions,transportation sector emissions,request-175-0-380
transportation sector emissions,industrial activities,request-175-0-381
industrial activities,manufacturing processes,request-175-0-382
manufacturing processes,construction industry emissions,request-175-0-383
construction industry emissions,waste management practices,request-175-0-384
waste management practices,landfills and incineration,request-175-0-385
landfills and incineration,deforestation and land conversion,request-175-0-386
deforestation and land conversion,soil degradation,request-175-0-387
soil degradation,loss of carbon sinks,request-175-0-388
loss of carbon sinks,increased atmospheric co2 concentration,request-175-0-389
increased atmospheric co2 concentration,enhanced greenhouse effect,request-175-0-390
enhanced greenhouse effect,global warming,request-175-0-391
global warming,climate change impacts,request-175-0-392
climate change impacts,increased co2 emissions,request-175-0-393
increased co2 emissions,burning of fossil fuels,request-175-0-394
burning of fossil fuels,energy sector emissions,request-175-0-395
energy sector emissions,transportation sector emissions,request-175-0-396
transportation sector emissions,industrial activities,request-175-0-397
industrial activities,manufacturing processes,request-175-0-398
manufacturing processes,construction industry emissions,request-175-0-399
construction industry emissions,waste management practices,request-175-0-400
waste management practices,landfills and incineration,request-175-0-401
landfills and incineration,deforestation and land conversion,request-175-0-402
deforestation and land conversion,soil degradation,request-175-0-403
soil degradation,loss of carbon sinks,request-175-0-404
loss of carbon sinks,increased atmospheric co2 concentration,request-175-0-405
increased atmospheric co2 concentration,enhanced greenhouse effect,request-175-0-406
enhanced greenhouse effect,global warming,request-175-0-407
global warming,climate change impacts,request-175-0-408
climate change impacts,increased co2 emissions,request-175-0-409
increased co2 emissions,burning of fossil fuels,request-175-0-410
burning of fossil fuels,energy sector emissions,request-175-0-411
energy sector emissions,transportation sector emissions,request-175-0-412
transportation sector emissions,industrial activities,request-175-0-413
industrial activities,manufacturing processes,request-175-0-414
manufacturing processes,construction industry emissions,request-175-0-415
construction industry emissions,waste management practices,request-175-0-416
waste management practices,landfills and incineration,request-175-0-417
landfills and incineration,deforestation and land conversion,request-175-0-418
deforestation and land conversion,soil degradation,request-175-0-419
soil degradation,loss of carbon sinks,request-175-0-420
loss of carbon sinks,increased atmospheric co2 concentration,request-175-0-421
increased atmospheric co2 concentration,enhanced greenhouse effect,request-175-0-422
enhanced greenhouse effect,global warming,request-175-0-423
global warming,climate change impacts,request-175-0-424
climate change impacts,increased co2 emissions,request-175-0-425
increased co2 emissions,burning of fossil fuels,request-175-0-426
burning of fossil fuels,energy sector emissions,request-175-0-427
energy sector emissions,transportation sector emissions,request-175-0-428
transportation sector emissions,industrial activities,request-175-0-429
industrial activities,manufacturing processes,request-175-0-430
manufacturing processes,construction industry emissions,request-175-0-431
construction industry emissions,waste management practices,request-175-0-432
waste management practices,landfills and incineration,request-175-0-433
landfills and incineration,deforestation and land conversion,request-175-0-434
deforestation and land conversion,soil degradation,request-175-0-435
soil degradation,loss of carbon sinks,request-175-0-436
loss of carbon sinks,increased atmospheric co2 concentration,request-175-0-437
increased atmospheric co2 concentration,enhanced greenhouse effect,request-175-0-438
enhanced greenhouse effect,global warming,request-175-0-439
global warming,climate change impacts,request-175-0-440
climate change impacts,increased co2 emissions,request-175-0-441
increased co2 emissions,burning of fossil fuels,request-175-0-442
burning of fossil fuels,energy sector emissions,request-175-0-443
energy sector emissions,transportation sector emissions,request-175-0-444
transportation sector emissions,industrial activities,request-175-0-445
industrial activities,manufacturing processes,request-175-0-446
manufacturing processes,construction industry emissions,request-175-0-447
construction industry emissions,waste management practices,request-175-0-448
waste management practices,landfills and incineration,request-175-0-449
landfills and incineration,deforestation and land conversion,request-175-0-450
deforestation and land conversion,soil degradation,request-175-0-451
soil degradation,loss of carbon sinks,request-175-0-452
loss of carbon sinks,increased atmospheric co2 concentration,request-175-0-453
increased atmospheric co2 concentration,enhanced greenhouse effect,request-175-0-454
enhanced greenhouse effect,global warming,request-175-0-455
global warming,climate change impacts,request-175-0-456
climate change impacts,increased co2 emissions,request-175-0-457
increased co2 emissions,burning of fossil fuels,request-175-0-458
burning of fossil fuels,energy sector emissions,request-175-0-459
energy sector emissions,transportation sector emissions,request-175-0-460
transportation sector emissions,industrial activities,request-175-0-461
industrial activities,manufacturing processes,request-175-0-462
manufacturing processes,construction industry emissions,request-175-0-463
construction industry emissions,waste management practices,request-175-0-464
waste management practices,landfills and incineration,request-175-0-465
landfills and incineration,deforestation and land conversion,request-175-0-466
deforestation and land conversion,soil degradation,request-175-0-467
soil degradation,loss of carbon sinks,request-175-0-468
loss of carbon sinks,increased atmospheric co2 concentration,request-175-0-469
increased atmospheric co2 concentration,enhanced greenhouse effect,request-175-0-470
enhanced greenhouse effect,global warming,request-175-0-471
global warming,climate change impacts,request-175-0-472
climate change impacts,increased co2 emissions,request-175-0-473
increased co2 emissions,burning of fossil fuels,request-175-0-474
burning of fossil fuels,energy sector emissions,request-175-0-475
energy sector emissions,transportation sector emissions,request-175-0-476
transportation sector emissions,industrial activities,request-175-0-477
industrial activities,manufacturing processes,request-175-0-478
manufacturing processes,construction industry emissions,request-175-0-479
construction industry emissions,waste management practices,request-175-0-480
waste management practices,landfills and incineration,request-175-0-481
landfills and incineration,deforestation and land conversion,request-175-0-482
deforestation and land conversion,soil degradation,request-175-0-483
soil degradation,loss of carbon sinks,request-175-0-484
loss of carbon sinks,increased atmospheric co2 concentration,request-175-0-485
increased atmospheric co2 concentration,enhanced greenhouse effect,request-175-0-486
enhanced greenhouse effect,global warming,request-175-0-487
global warming,climate change impacts,request-175-0-488
climate change impacts,increased co2 emissions,request-175-0-489
increased co2 emissions,burning of fossil fuels,request-175-0-490
burning of fossil fuels,energy sector emissions,request-175-0-491
energy sector emissions,transportation sector emissions,request-175-0-492
transportation sector emissions,industrial activities,request-175-0-493
industrial activities,manufacturing processes,request-175-0-494
manufacturing processes,construction industry emissions,request-175-0-495
construction industry emissions,waste management practices,request-175-0-496
waste management practices,landfills and incineration,request-175-0-497
landfills and incineration,deforestation and land conversion,request-175-0-498
deforestation and land conversion,soil degradation,request-175-0-499
soil degradation,loss of carbon sinks,request-175-0-500
loss of carbon sinks,increased atmospheric co2 concentration,request-175-0-501
increased atmospheric co2 concentration,enhanced greenhouse effect,request-175-0-502
enhanced greenhouse effect,global warming,request-175-0-503
global warming,climate change impacts,request-175-0-504
climate change impacts,increased co2 emissions,request-175-0-505
increased co2 emissions,burning of fossil fuels,request-175-0-506
burning of fossil fuels,energy sector emissions,request-175-0-507
energy sector emissions,transportation sector emissions,request-175-0-508
transportation sector emissions,industrial activities,request-175-0-509
industrial activities,manufacturing processes,request-175-0-510
manufacturing processes,construction industry emissions,request-175-0-511
construction industry emissions,waste management practices,request-175-0-512
waste management practices,landfills and incineration,request-175-0-513
landfills and incineration,deforestation and land conversion,request-175-0-514
deforestation and land conversion,soil degradation,request-175-0-515
soil degradation,o<<<<<<<<<<<<<<<<<<<<<<<<<<<<<<<<<<<<<<<<<<<<<<<<<<<<<<<<<<<<<<<<<<<<<<<<<<<<<<<<<<<<<<<<<<<<<<<<<<<<<<<<<,request-175-0-516
fires,burning of forests,request-176-0-0
burning of forests,destruction of tree cover,request-176-0-1
destruction of tree cover,loss of habitat for wildlife,request-176-0-2
loss of habitat for wildlife,soil erosion,request-176-0-3
soil erosion,reduced water quality,request-176-0-4
reduced water quality,decreased agricultural productivity,request-176-0-5
decreased agricultural productivity,increased vulnerability to future fires,request-176-0-6
increased vulnerability to future fires,deforestation,request-176-0-7
fires,release of carbon dioxide,request-176-1-0
release of carbon dioxide,increased greenhouse gas levels,request-176-1-1
increased greenhouse gas levels,global warming,request-176-1-2
global warming,extreme weather conditions,request-176-1-3
extreme weather conditions,increased frequency of forest fires,request-176-1-4
increased frequency of forest fires,destruction of forests,request-176-1-5
destruction of forests,deforestation,request-176-1-6
fires,human activities,request-176-2-0
human activities,increased human encroachment on forest areas,request-176-2-1
increased human encroachment on forest areas,higher risk of forest fires,request-176-2-2
higher risk of forest fires,fires,request-176-2-3
fires,destruction of forests,request-176-2-4
destruction of forests,deforestation,request-176-2-5
fires,forest management practices,request-176-3-0
forest management practices,increased forest fragmentation,request-176-3-1
increased forest fragmentation,higher risk of forest fires,request-176-3-2
higher risk of forest fires,fires,request-176-3-3
fires,destruction of forests,request-176-3-4
destruction of forests,deforestation,request-176-3-5
increased foliage,photosynthesis,request-177-0-0
photosynthesis,carbon dioxide absorption,request-177-0-1
carbon dioxide absorption,reduction in greenhouse gases,request-177-0-2
reduction in greenhouse gases,cooling of the planet,request-177-0-3
cooling of the planet,enhanced plant growth,request-177-0-4
enhanced plant growth,further increased foliage,request-177-0-5
further increased foliage,greening of the planet,request-177-0-6
increased foliage,shade creation,request-177-1-0
shade creation,lower temperatures,request-177-1-1
lower temperatures,reduced water evaporation,request-177-1-2
reduced water evaporation,improved soil moisture,request-177-1-3
improved soil moisture,enhanced plant growth,request-177-1-4
enhanced plant growth,further increased foliage,request-177-1-5
further increased foliage,greening of the planet,request-177-1-6
increased foliage,habitat provision,request-177-2-0
habitat provision,increase in biodiversity,request-177-2-1
increase in biodiversity,soil stabilization,request-177-2-2
soil stabilization,reduced erosion,request-177-2-3
reduced erosion,improved soil health,request-177-2-4
improved soil health,further increased foliage,request-177-2-5
further increased foliage,greening of the planet,request-177-2-6
increased foliage,microclimate regulation,request-177-3-0
microclimate regulation,moderation of local temperatures,request-177-3-1
moderation of local temperatures,improved air quality,request-177-3-2
improved air quality,healthier human and animal populations,request-177-3-3
healthier human and animal populations,reduced deforestation,request-177-3-4
reduced deforestation,further increased foliage,request-177-3-5
further increased foliage,greening of the planet,request-177-3-6
tree planting,seedling growth,request-178-0-0
seedling growth,tree maturation,request-178-0-1
tree maturation,reforestation,request-178-0-2
tree planting,soil enrichment,request-178-1-0
soil enrichment,seedling growth,request-178-1-1
seedling growth,tree maturation,request-178-1-2
tree maturation,reforestation,request-178-1-3
tree planting,habitat creation,request-178-2-0
habitat creation,seedling growth,request-178-2-1
seedling growth,tree maturation,request-178-2-2
tree maturation,reforestation,request-178-2-3
tree planting,carbon sequestration,request-178-3-0
carbon sequestration,seedling growth,request-178-3-1
seedling growth,tree maturation,request-178-3-2
tree maturation,reforestation,request-178-3-3
tree planting,pollinator attraction,request-178-4-0
pollinator attraction,seedling growth,request-178-4-1
seedling growth,tree maturation,request-178-4-2
tree maturation,reforestation,request-178-4-3
tree planting,water cycle regulation,request-178-5-0
water cycle regulation,seedling growth,request-178-5-1
seedling growth,tree maturation,request-178-5-2
tree maturation,reforestation,request-178-5-3
tree planting,seedling growth,request-179-0-0
seedling growth,tree maturation,request-179-0-1
tree maturation,reforestation,request-179-0-2
tree planting,soil enrichment,request-179-1-0
soil enrichment,seedling growth,request-179-1-1
seedling growth,tree maturation,request-179-1-2
tree maturation,reforestation,request-179-1-3
tree planting,habitat creation,request-179-2-0
habitat creation,seedling growth,request-179-2-1
seedling growth,tree maturation,request-179-2-2
tree maturation,reforestation,request-179-2-3
tree planting,carbon sequestration,request-179-3-0
carbon sequestration,seedling growth,request-179-3-1
seedling growth,tree maturation,request-179-3-2
tree maturation,reforestation,request-179-3-3
tree planting,pollinator attraction,request-179-4-0
pollinator attraction,seedling growth,request-179-4-1
seedling growth,tree maturation,request-179-4-2
tree maturation,reforestation,request-179-4-3
tree planting,water cycle regulation,request-179-5-0
water cycle regulation,seedling growth,request-179-5-1
seedling growth,tree maturation,request-179-5-2
tree maturation,reforestation,request-179-5-3
deforestation,loss of tree cover,request-180-0-0
loss of tree cover,reduction in soil stability,request-180-0-1
reduction in soil stability,increased soil erosion,request-180-0-2
increased soil erosion,removal of organic matter from the soil,request-180-0-3
removal of organic matter from the soil,decreased nutrient retention,request-180-0-4
decreased nutrient retention,nutrient loss in the soils,request-180-0-5
nutrient loss in the soils,reduced soil fertility,request-181-0-0
reduced soil fertility,increased use of fertilizers,request-181-0-1
increased use of fertilizers,soil degradation,request-181-0-2
soil degradation,loss of biodiversity,request-181-0-3
loss of biodiversity,reduced resilience of the ecosystem,request-181-0-4
reduced resilience of the ecosystem,introduction of monoculture farming,request-181-0-5
introduction of monoculture farming,monoculture,request-181-0-6
