cause,effect,custom_id
increased urbanization,this increased demand puts a greater burden on distal resource suppliers,request-1-0-0
this increased demand puts a greater burden on distal resource suppliers,"to meet this demand, suppliers increase resource extraction and production",request-1-0-1
"to meet this demand, suppliers increase resource extraction and production",increased extraction and production lead to environmental degradation in resourcerich areas,request-1-0-2
increased extraction and production lead to environmental degradation in resourcerich areas,"this degradation can include deforestation, soil erosion, and loss of biodiversity",request-1-0-3
"this degradation can include deforestation, soil erosion, and loss of biodiversity",environmental degradation in resourcerich areas can disrupt local ecosystems and climate patterns,request-1-0-4
environmental degradation in resourcerich areas can disrupt local ecosystems and climate patterns,these disruptions can lead to changes in weather patterns and increased frequency of extreme weather events,request-1-0-5
these disruptions can lead to changes in weather patterns and increased frequency of extreme weather events,"these extreme weather events can cause environmental deficits in cities, such as flooding, droughts, and heatwaves",request-1-0-6
increased urbanization,this increased demand puts a greater burden on distal resource suppliers,request-1-1-0
this increased demand puts a greater burden on distal resource suppliers,"to meet this demand, suppliers increase resource extraction and production",request-1-1-1
"to meet this demand, suppliers increase resource extraction and production",increased extraction and production lead to increased waste generation and pollution,request-1-1-2
increased extraction and production lead to increased waste generation and pollution,"this waste and pollution can accumulate in local waterways and soil, leading to environmental degradation",request-1-1-3
"this waste and pollution can accumulate in local waterways and soil, leading to environmental degradation",environmental degradation in resourcerich areas can disrupt local ecosystems and food chains,request-1-1-4
environmental degradation in resourcerich areas can disrupt local ecosystems and food chains,disruptions in food chains can lead to a decrease in local food availability and increased food prices,request-1-1-5
disruptions in food chains can lead to a decrease in local food availability and increased food prices,increased food prices and decreased availability can lead to food insecurity and malnutrition in cities,request-1-1-6
increased urbanization,this increased demand puts a greater burden on distal resource suppliers,request-1-2-0
this increased demand puts a greater burden on distal resource suppliers,"to meet this demand, suppliers increase resource extraction and production",request-1-2-1
"to meet this demand, suppliers increase resource extraction and production",increased extraction and production lead to increased energy consumption,request-1-2-2
increased extraction and production lead to increased energy consumption,increased energy consumption,request-1-2-3
increased energy consumption,greenhouse gas emissions contribute to climate change and global warming,request-1-2-4
greenhouse gas emissions contribute to climate change and global warming,global warming,request-1-2-5
global warming,"these events can cause environmental deficits in cities, such as flooding, coastal erosion, and heatwaves",request-1-2-6
business activities lead to increased consumption of fossil fuels for energy,increased consumption of fossil fuels results in higher emissions of greenhouse gases  such as carbon dioxide,request-2-0-0
increased consumption of fossil fuels results in higher emissions of greenhouse gases  such as carbon dioxide,"higher ghg emissions trap more heat in the atmosphere, contributing to global warming",request-2-0-1
"higher ghg emissions trap more heat in the atmosphere, contributing to global warming","global warming causes climate change, leading to rising temperatures, melting glaciers, and sealevel rise",request-2-0-2
business activities drive deforestation for resource extraction,"deforestation reduces the earth's ability to absorb co2, leading to higher atmospheric co2 concentrations",request-2-1-0
"deforestation reduces the earth's ability to absorb co2, leading to higher atmospheric co2 concentrations","higher co2 concentrations trap more heat in the atmosphere, contributing to global warming and climate change",request-2-1-1
"business activities result in increased waste generation, including plastic waste","plastic waste, particularly when burned, releases heattrapping ghgs like methane and nitrous oxide",request-2-2-0
"plastic waste, particularly when burned, releases heattrapping ghgs like methane and nitrous oxide",increased ghg emissions contribute to global warming and climate change,request-2-2-1
"business activities lead to increased transportation needs, resulting in higher vehicle emissions",higher vehicle emissions contribute to elevated atmospheric concentrations of ghgs like co2 and methane,request-2-3-0
higher vehicle emissions contribute to elevated atmospheric concentrations of ghgs like co2 and methane,"increased ghg concentrations trap more heat, leading to global warming and climate change",request-2-3-1
"business activities require cooling, leading to increased use of refrigerants","refrigerants, particularly hydrofluorocarbons , are potent ghgs that leak into the atmosphere",request-2-4-0
"refrigerants, particularly hydrofluorocarbons , are potent ghgs that leak into the atmosphere",hfc emissions contribute to global warming and climate change,request-2-4-1
business expansion,"increased resource extraction,",request-4-0-0
"increased resource extraction,","resulting in deforestation and habitat destruction,",request-4-0-1
"resulting in deforestation and habitat destruction,",which contributes to,request-4-0-2
which contributes to,the degradation of nature,request-4-0-3
"business operations generate waste,","which is often disposed of improperly,",request-4-1-0
"which is often disposed of improperly,",leading to,request-4-1-1
leading to,"soil, water, and air pollution,",request-4-1-2
"soil, water, and air pollution,",ultimately causing,request-4-1-3
ultimately causing,the degradation of nature,request-4-1-4
"business demand for cheap labor,",encourages,request-4-2-0
encourages,"exploitative working conditions,",request-4-2-1
"exploitative working conditions,",which can result in,request-4-2-2
which can result in,"increased poverty and social inequality,",request-4-2-3
"increased poverty and social inequality,",leading to,request-4-2-4
leading to,"overexploitation of natural resources,",request-4-2-5
"overexploitation of natural resources,","and consequently,",request-4-2-6
"and consequently,",the degradation of nature,request-4-2-7
"businesses seek to maximize profits,",encouraging,request-4-3-0
encouraging,"the use of cheap, nonrenewable energy sources,",request-4-3-1
"the use of cheap, nonrenewable energy sources,","such as fossil fuels,",request-4-3-2
"such as fossil fuels,",which contributes to,request-4-3-3
which contributes to,"greenhouse gas emissions,",request-4-3-4
"greenhouse gas emissions,",accelerating,request-4-3-5
accelerating,"climate change,",request-4-3-6
"climate change,","and ultimately,",request-4-3-7
"and ultimately,",the degradation of nature,request-4-3-8
"businesses require transportation of goods,",leading to,request-4-4-0
leading to,"increased road infrastructure,",request-4-4-1
"increased road infrastructure,",which encourages,request-4-4-2
which encourages,"more vehicle use and traffic congestion,",request-4-4-3
"more vehicle use and traffic congestion,",resulting in,request-4-4-4
resulting in,"higher emissions and air pollution,",request-4-4-5
"higher emissions and air pollution,",contributing to,request-4-4-6
contributing to,the degradation of nature,request-4-4-7
heat from gas emissions absorbed by oceans,increase in ocean temperatures,request-5-0-0
increase in ocean temperatures,expansion of ocean water due to thermal expansion,request-5-0-1
expansion of ocean water due to thermal expansion,decrease in ocean density,request-5-0-2
decrease in ocean density,reduction in the difference between the density of surface water and deep water,request-5-0-3
reduction in the difference between the density of surface water and deep water,slower convection currents,request-5-0-4
slower convection currents,slowing of ocean vertical mixing,request-5-0-5
heat from gas emissions absorbed by oceans,increase in ocean temperatures,request-5-1-0
increase in ocean temperatures,increased evaporation of ocean water,request-5-1-1
increased evaporation of ocean water,increase in atmospheric moisture,request-5-1-2
increase in atmospheric moisture,formation of more and larger storms,request-5-1-3
formation of more and larger storms,increased winddriven mixing of surface waters,request-5-1-4
increased winddriven mixing of surface waters,slowing of ocean vertical mixing due to increased surface turbulence,request-5-1-5
heat from gas emissions absorbed by oceans,increase in ocean temperatures,request-5-2-0
increase in ocean temperatures,melting of sea ice,request-5-2-1
melting of sea ice,reduction in ocean albedo,request-5-2-2
reduction in ocean albedo,increased absorption of solar radiation by the ocean,request-5-2-3
increased absorption of solar radiation by the ocean,further increase in ocean temperatures,request-5-2-4
further increase in ocean temperatures,expansion of ocean water due to thermal expansion,request-5-2-5
expansion of ocean water due to thermal expansion,decrease in ocean density,request-5-2-6
decrease in ocean density,reduction in the difference between the density of surface water and deep water,request-5-2-7
reduction in the difference between the density of surface water and deep water,slower convection currents,request-5-2-8
slower convection currents,slowing of ocean vertical mixing,request-5-2-9
heat from gas emissions absorbed by oceans,increased ocean temperatures,request-6-0-0
increased ocean temperatures,reduced solubility of oxygen in warmer water,request-6-0-1
reduced solubility of oxygen in warmer water,decreased oxygen concentration in surface waters,request-6-0-2
decreased oxygen concentration in surface waters,limited oxygen supply to deeper waters,request-6-0-3
limited oxygen supply to deeper waters,ocean deoxygenation,request-6-0-4
heat from gas emissions absorbed by oceans,increased ocean temperatures,request-6-1-0
increased ocean temperatures,accelerated ocean currents and mixing,request-6-1-1
accelerated ocean currents and mixing,upwelling of oxygendepleted deep water,request-6-1-2
upwelling of oxygendepleted deep water,reduced oxygen concentration in surface waters,request-6-1-3
reduced oxygen concentration in surface waters,ocean deoxygenation,request-6-1-4
heat from gas emissions absorbed by oceans,increased ocean temperatures,request-6-2-0
increased ocean temperatures,increased stratification of ocean layers,request-6-2-1
increased stratification of ocean layers,reduced vertical mixing of oxygenrich and oxygendepleted waters,request-6-2-2
reduced vertical mixing of oxygenrich and oxygendepleted waters,ocean deoxygenation,request-6-2-3
heat from gas emissions absorbed by oceans,increased ocean temperatures,request-6-3-0
increased ocean temperatures,altered precipitation patterns,request-6-3-1
altered precipitation patterns,increased river runoff and nutrient input,request-6-3-2
increased river runoff and nutrient input,eutrophication of coastal waters,request-6-3-3
eutrophication of coastal waters,increased biological productivity,request-6-3-4
increased biological productivity,enhanced oxygen consumption during decomposition,request-6-3-5
enhanced oxygen consumption during decomposition,ocean deoxygenation,request-6-3-6
fossil fuel co2 emissions,increase in atmospheric co2 concentration,request-7-0-0
increase in atmospheric co2 concentration,rise in global temperature,request-7-0-1
rise in global temperature,increased ocean water temperature,request-7-0-2
increased ocean water temperature,enhanced oceanic co2 uptake,request-7-0-3
enhanced oceanic co2 uptake,decrease in ocean ph levels,request-7-0-4
decrease in ocean ph levels,ocean acidification,request-7-0-5
fossil fuel co2 emissions,increase in atmospheric co2 concentration,request-7-1-0
increase in atmospheric co2 concentration,increased oceanic co2 uptake,request-7-1-1
increased oceanic co2 uptake,decrease in ocean ph levels,request-7-1-2
decrease in ocean ph levels,ocean acidification,request-7-1-3
fossil fuel co2 emissions,increase in atmospheric co2 concentration,request-7-2-0
increase in atmospheric co2 concentration,rise in global temperature,request-7-2-1
rise in global temperature,melting of polar ice caps,request-7-2-2
melting of polar ice caps,increased ocean water volume,request-7-2-3
increased ocean water volume,decrease in ocean ph levels,request-7-2-4
decrease in ocean ph levels,ocean acidification,request-7-2-5
melting of glaciers,rise in global sea level,request-8-0-0
rise in global sea level,increased water input into oceans,request-8-0-1
increased water input into oceans,changes in ocean density,request-8-0-2
changes in ocean density,alteration of ocean currents at intermediate depths,request-8-0-3
alteration of ocean currents at intermediate depths,disruption of ocean currents at intermediate depths,request-8-0-4
melting of glaciers,rise in global sea level,request-8-1-0
rise in global sea level,increased water input into oceans,request-8-1-1
increased water input into oceans,changes in ocean salinity,request-8-1-2
changes in ocean salinity,alteration of ocean currents at intermediate depths,request-8-1-3
alteration of ocean currents at intermediate depths,disruption of ocean currents at intermediate depths,request-8-1-4
melting of glaciers,rise in global sea level,request-8-2-0
rise in global sea level,increased water input into oceans,request-8-2-1
increased water input into oceans,changes in ocean temperature,request-8-2-2
changes in ocean temperature,alteration of ocean currents at intermediate depths,request-8-2-3
alteration of ocean currents at intermediate depths,disruption of ocean currents at intermediate depths,request-8-2-4
melting of glaciers,rise in global sea level,request-8-3-0
rise in global sea level,increased water input into oceans,request-8-3-1
increased water input into oceans,changes in ocean density and temperature,request-8-3-2
changes in ocean density and temperature,alteration of ocean currents at intermediate depths,request-8-3-3
alteration of ocean currents at intermediate depths,disruption of ocean currents at intermediate depths,request-8-3-4
melting of glaciers,increase in sea level due to added water volume,request-9-0-0
increase in sea level due to added water volume,displacement of warm surface water by the increased volume,request-9-0-1
displacement of warm surface water by the increased volume,reduction in warm surface water available for heat exchange with the atmosphere,request-9-0-2
reduction in warm surface water available for heat exchange with the atmosphere,decrease in ocean surface temperature,request-9-0-3
decrease in ocean surface temperature,redistribution of heat within the ocean,request-9-0-4
redistribution of heat within the ocean,disruption of ocean temperature at intermediate depths,request-9-0-5
melting of glaciers,increase in freshwater input to the ocean,request-9-1-0
increase in freshwater input to the ocean,reduction in salinity of surface ocean water,request-9-1-1
reduction in salinity of surface ocean water,change in density of surface ocean water,request-9-1-2
change in density of surface ocean water,alteration of ocean circulation patterns,request-9-1-3
alteration of ocean circulation patterns,disruption of ocean temperature at intermediate depths,request-9-1-4
melting of glaciers,increase in runoff into rivers,request-9-2-0
increase in runoff into rivers,change in river discharge patterns,request-9-2-1
change in river discharge patterns,modification of coastal upwelling,request-9-2-2
modification of coastal upwelling,influence on intermediatedepth ocean currents,request-9-2-3
influence on intermediatedepth ocean currents,disruption of ocean temperature at intermediate depths,request-9-2-4
melting of glaciers,increase in sea surface height,request-9-3-0
increase in sea surface height,change in ocean pressure,request-9-3-1
change in ocean pressure,activation of pressuredriven ocean currents,request-9-3-2
activation of pressuredriven ocean currents,disruption of ocean temperature at intermediate depths,request-9-3-3
meltwaterinduced weakening of ocean circulation,"reduced upwelling of cold, nutrientrich deep water",request-11-0-0
"reduced upwelling of cold, nutrientrich deep water",decreased vertical mixing and heat transfer in the ocean,request-11-0-1
decreased vertical mixing and heat transfer in the ocean,warming of intermediatedepth waters,request-11-0-2
meltwaterinduced weakening of ocean circulation,"reduced formation of dense, cold water masses",request-11-1-0
"reduced formation of dense, cold water masses",decreased sinking and vertical transport of heat and water,request-11-1-1
decreased sinking and vertical transport of heat and water,warming of intermediatedepth waters,request-11-1-2
meltwaterinduced weakening of ocean circulation,reduced horizontal transport of heat by ocean currents,request-11-2-0
reduced horizontal transport of heat by ocean currents,decreased heat transfer from the surface to intermediate depths,request-11-2-1
decreased heat transfer from the surface to intermediate depths,warming of intermediatedepth waters,request-11-2-2
warming of intermediatedepth waters,increased temperature conducts heat to shallower waters,request-12-0-0
increased temperature conducts heat to shallower waters,rising temperature at shallow depths,request-12-0-1
rising temperature at shallow depths,methane hydrates become less stable due to higher temperature,request-12-0-2
methane hydrates become less stable due to higher temperature,destabilization of shallow subsurface methane hydrates,request-12-0-3
warming of intermediatedepth waters,reduced salinity due to freshwater input from melting polar ice,request-12-1-0
reduced salinity due to freshwater input from melting polar ice,decreased density of intermediate waters,request-12-1-1
decreased density of intermediate waters,increased vertical mixing of ocean waters,request-12-1-2
increased vertical mixing of ocean waters,heat and freshwater transported to shallower depths,request-12-1-3
heat and freshwater transported to shallower depths,rising temperature and lowered salinity at shallow depths,request-12-1-4
rising temperature and lowered salinity at shallow depths,methane hydrates become less stable due to higher temperature and lower pressure,request-12-1-5
methane hydrates become less stable due to higher temperature and lower pressure,destabilization of shallow subsurface methane hydrates,request-12-1-6
warming of intermediatedepth waters,expansion of warm water masses,request-12-2-0
expansion of warm water masses,intrusion of warm water masses into shallow seas and continental shelves,request-12-2-1
intrusion of warm water masses into shallow seas and continental shelves,rising temperature at shallow depths,request-12-2-2
rising temperature at shallow depths,methane hydrates become less stable due to higher temperature,request-12-2-3
methane hydrates become less stable due to higher temperature,destabilization of shallow subsurface methane hydrates,request-12-2-4
<chain 1>,warming of intermediatedepth waters,request-13-0-0
warming of intermediatedepth waters,expansion of warm water volume,request-13-0-1
expansion of warm water volume,increased pressure on seafloor,request-13-0-2
increased pressure on seafloor,deformation of hydrates on seafloor,request-13-0-3
deformation of hydrates on seafloor,release of methane from hydrates,request-13-0-4
<chain 2>,warming of intermediatedepth waters,request-13-1-0
warming of intermediatedepth waters,increased ocean circulation,request-13-1-1
increased ocean circulation,enhanced seafloor currents,request-13-1-2
enhanced seafloor currents,stirring of seafloor sediments,request-13-1-3
stirring of seafloor sediments,exposure of methanerich sediments,request-13-1-4
exposure of methanerich sediments,release of methane from sediments,request-13-1-5
<chain 3>,warming of intermediatedepth waters,request-13-2-0
warming of intermediatedepth waters,rise in sea surface temperature,request-13-2-1
rise in sea surface temperature,increased precipitation and runoff,request-13-2-2
increased precipitation and runoff,increased freshwater input to coastal areas,request-13-2-3
increased freshwater input to coastal areas,reduced oxygen levels in bottom waters,request-13-2-4
reduced oxygen levels in bottom waters,creation of anoxic conditions,request-13-2-5
creation of anoxic conditions,methane production by anaerobic microbes,request-13-2-6
methane production by anaerobic microbes,release of methane from anoxic zones,request-13-2-7
shutdown of energy production,increase in energy prices,request-14-0-0
increase in energy prices,increased production costs for goods and services,request-14-0-1
increased production costs for goods and services,reduction in supply of goods and services,request-14-0-2
reduction in supply of goods and services,increased demand for goods and services,request-14-0-3
increased demand for goods and services,inflation,request-14-0-4
shutdown of energy production,increase in energy prices,request-14-1-0
increase in energy prices,increased transportation costs,request-14-1-1
increased transportation costs,increased distribution costs for goods and services,request-14-1-2
increased distribution costs for goods and services,reduction in supply of goods and services,request-14-1-3
reduction in supply of goods and services,increased demand for goods and services,request-14-1-4
increased demand for goods and services,inflation,request-14-1-5
shutdown of energy production,increase in energy prices,request-14-2-0
increase in energy prices,reduced investment in production,request-14-2-1
reduced investment in production,reduction in supply of goods and services,request-14-2-2
reduction in supply of goods and services,increased demand for goods and services,request-14-2-3
increased demand for goods and services,inflation,request-14-2-4
shutdown of energy production,increase in energy prices,request-14-3-0
increase in energy prices,increased consumer spending on energy,request-14-3-1
increased consumer spending on energy,reduced consumer spending on goods and services,request-14-3-2
reduced consumer spending on goods and services,reduction in demand for goods and services,request-14-3-3
reduction in demand for goods and services,decrease in prices of goods and services,request-14-3-4
decrease in prices of goods and services,inflation,request-14-3-5
shutdown of energy production,reduction in power supply,request-15-0-0
reduction in power supply,increased demand on remaining power sources,request-15-0-1
increased demand on remaining power sources,overloading of power infrastructure,request-15-0-2
overloading of power infrastructure,power outages,request-15-0-3
power outages,disruption of supply chains,request-15-0-4
disruption of supply chains,shortages,request-15-0-5
shutdown of energy production,reduction in power supply,request-15-1-0
reduction in power supply,increased demand on public transportation,request-15-1-1
increased demand on public transportation,overcrowding and congestion,request-15-1-2
overcrowding and congestion,increased fuel consumption,request-15-1-3
increased fuel consumption,shortages of fuel,request-15-1-4
shortages of fuel,shortages,request-15-1-5
shutdown of energy production,reduction in power supply,request-15-2-0
reduction in power supply,disruption of water treatment facilities,request-15-2-1
disruption of water treatment facilities,reduced water supply,request-15-2-2
reduced water supply,shortages of clean water,request-15-2-3
shortages of clean water,shortages,request-15-2-4
shutdown of energy production,reduction in power supply,request-15-3-0
reduction in power supply,disruption of food processing and storage facilities,request-15-3-1
disruption of food processing and storage facilities,decreased food supply,request-15-3-2
decreased food supply,shortages of food,request-15-3-3
shortages of food,shortages,request-15-3-4
shutdown of energy production,reduction in power supply,request-15-4-0
reduction in power supply,disruption of medical equipment and services,request-15-4-1
disruption of medical equipment and services,shortages of medical supplies and services,request-15-4-2
shortages of medical supplies and services,shortages,request-15-4-3
shutdown of energy production,increase in energy prices,request-16-0-0
increase in energy prices,increased production costs for goods and services,request-16-0-1
increased production costs for goods and services,reduction in supply of goods and services,request-16-0-2
reduction in supply of goods and services,increased demand for goods and services,request-16-0-3
increased demand for goods and services,inflation,request-16-0-4
shutdown of energy production,increase in energy prices,request-16-1-0
increase in energy prices,increased transportation costs,request-16-1-1
increased transportation costs,increased distribution costs for goods and services,request-16-1-2
increased distribution costs for goods and services,reduction in supply of goods and services,request-16-1-3
reduction in supply of goods and services,increased demand for goods and services,request-16-1-4
increased demand for goods and services,inflation,request-16-1-5
shutdown of energy production,increase in energy prices,request-16-2-0
increase in energy prices,reduced investment in production,request-16-2-1
reduced investment in production,reduction in supply of goods and services,request-16-2-2
reduction in supply of goods and services,increased demand for goods and services,request-16-2-3
increased demand for goods and services,inflation,request-16-2-4
shutdown of energy production,increase in energy prices,request-16-3-0
increase in energy prices,increased consumer spending on energy,request-16-3-1
increased consumer spending on energy,reduced consumer spending on goods and services,request-16-3-2
reduced consumer spending on goods and services,reduction in demand for goods and services,request-16-3-3
reduction in demand for goods and services,decrease in prices of goods and services,request-16-3-4
decrease in prices of goods and services,inflation,request-16-3-5
shutdown of energy production,reduction in power supply,request-17-0-0
reduction in power supply,increased demand on remaining power sources,request-17-0-1
increased demand on remaining power sources,overloading of power infrastructure,request-17-0-2
overloading of power infrastructure,power outages,request-17-0-3
power outages,disruption of supply chains,request-17-0-4
disruption of supply chains,shortages,request-17-0-5
shutdown of energy production,reduction in power supply,request-17-1-0
reduction in power supply,increased demand on public transportation,request-17-1-1
increased demand on public transportation,overcrowding and congestion,request-17-1-2
overcrowding and congestion,increased fuel consumption,request-17-1-3
increased fuel consumption,shortages of fuel,request-17-1-4
shortages of fuel,shortages,request-17-1-5
shutdown of energy production,reduction in power supply,request-17-2-0
reduction in power supply,disruption of water treatment facilities,request-17-2-1
disruption of water treatment facilities,reduced water supply,request-17-2-2
reduced water supply,shortages of clean water,request-17-2-3
shortages of clean water,shortages,request-17-2-4
shutdown of energy production,reduction in power supply,request-17-3-0
reduction in power supply,disruption of food processing and storage facilities,request-17-3-1
disruption of food processing and storage facilities,decreased food supply,request-17-3-2
decreased food supply,shortages of food,request-17-3-3
shortages of food,shortages,request-17-3-4
shutdown of energy production,reduction in power supply,request-17-4-0
reduction in power supply,disruption of medical equipment and services,request-17-4-1
disruption of medical equipment and services,shortages of medical supplies and services,request-17-4-2
shortages of medical supplies and services,shortages,request-17-4-3
russia,invades ukraine,request-18-0-0
invades ukraine,european union imposes sanctions on russia,request-18-0-1
european union imposes sanctions on russia,russia's economy is impacted,request-18-0-2
russia's economy is impacted,ruble devalues,request-18-0-3
ruble devalues,imports become more expensive,request-18-0-4
imports become more expensive,inflation increases in russia,request-18-0-5
russia,invades ukraine,request-18-1-0
invades ukraine,international community imposes sanctions on russia,request-18-1-1
international community imposes sanctions on russia,russia's trade partners reduce or stop exports to russia,request-18-1-2
russia's trade partners reduce or stop exports to russia,russia faces scarcity of goods,request-18-1-3
russia faces scarcity of goods,prices of goods increase,request-18-1-4
prices of goods increase,inflation rises in russia,request-18-1-5
russia,invades ukraine,request-18-2-0
invades ukraine,ukraine reduces or stops exports of natural gas to europe,request-18-2-1
ukraine reduces or stops exports of natural gas to europe,europe faces gas shortage,request-18-2-2
europe faces gas shortage,european countries increase purchases of gas from other suppliers,request-18-2-3
european countries increase purchases of gas from other suppliers,global gas prices increase,request-18-2-4
global gas prices increase,"inflation rises globally, including in russia",request-18-2-5
russia,invades ukraine,request-19-0-0
invades ukraine,ukraine closes airspace,request-19-0-1
ukraine closes airspace,disruption of air freight,request-19-0-2
disruption of air freight,shortages of goods,request-19-0-3
russia,invades ukraine,request-19-1-0
invades ukraine,ukraine imposes sanctions,request-19-1-1
ukraine imposes sanctions,disruption of trade,request-19-1-2
disruption of trade,shortages of goods,request-19-1-3
russia,invades ukraine,request-19-2-0
invades ukraine,global condemnation,request-19-2-1
global condemnation,economic isolation,request-19-2-2
economic isolation,shortages of goods,request-19-2-3
russia,invades ukraine,request-19-3-0
invades ukraine,ukraine seeks military aid,request-19-3-1
ukraine seeks military aid,arms embargo on russia,request-19-3-2
arms embargo on russia,shortages of raw materials,request-19-3-3
shortages of raw materials,shortages of goods,request-19-3-4
russia,invades ukraine,request-19-4-0
invades ukraine,ukraine seeks energy aid,request-19-4-1
ukraine seeks energy aid,reduction in russian energy exports,request-19-4-2
reduction in russian energy exports,increase in energy prices,request-19-4-3
increase in energy prices,shortages of goods,request-19-4-4
russia,invades ukraine,request-19-5-0
invades ukraine,ukraine blocks russian ships,request-19-5-1
ukraine blocks russian ships,disruption of maritime trade,request-19-5-2
disruption of maritime trade,shortages of goods,request-19-5-3
united states implements expansionary fiscal policy,this increases aggregate demand in the economy,request-20-0-0
this increases aggregate demand in the economy,"with a fixed supply of goods and services, the increased demand",request-20-0-1
"with a fixed supply of goods and services, the increased demand",inflation,request-20-0-2
united states federal reserve implements an expansionary monetary policy,this makes borrowing cheaper and encourages businesses to invest and consumers to spend,request-20-1-0
this makes borrowing cheaper and encourages businesses to invest and consumers to spend,increased economic activity,request-20-1-1
increased economic activity,"with a fixed supply of goods and services, the increased demand",request-20-1-2
"with a fixed supply of goods and services, the increased demand",inflation,request-20-1-3
united states government implements trade protectionist policies,these policies increase the cost of imported goods for domestic producers,request-20-2-0
these policies increase the cost of imported goods for domestic producers,domestic producers pass on these increased costs to consumers in the form of higher prices,request-20-2-1
domestic producers pass on these increased costs to consumers in the form of higher prices,higher prices contribute to overall inflation,request-20-2-2
higher prices contribute to overall inflation,inflation,request-20-2-3
united states government increases the minimum wage,this increases labor costs for businesses,request-20-3-0
this increases labor costs for businesses,businesses pass on these increased costs to consumers in the form of higher prices for goods and services,request-20-3-1
businesses pass on these increased costs to consumers in the form of higher prices for goods and services,higher prices contribute to overall inflation,request-20-3-2
higher prices contribute to overall inflation,inflation,request-20-3-3
united states implements protectionist trade policies,these policies increase tariffs on imported goods,request-21-0-0
these policies increase tariffs on imported goods,increased tariffs make imported goods more expensive,request-21-0-1
increased tariffs make imported goods more expensive,consumers switch to domestic alternatives,request-21-0-2
consumers switch to domestic alternatives,demand for domestic goods increases,request-21-0-3
demand for domestic goods increases,suppliers struggle to meet increased demand,request-21-0-4
suppliers struggle to meet increased demand,shortages of certain goods occur,request-21-0-5
united states enacts strict environmental regulations,these regulations increase production costs for certain industries,request-21-1-0
these regulations increase production costs for certain industries,industries struggle to maintain profitability,request-21-1-1
industries struggle to maintain profitability,some industries reduce production or close down,request-21-1-2
some industries reduce production or close down,supply of certain goods decreases,request-21-1-3
supply of certain goods decreases,shortages of these goods occur,request-21-1-4
united states imposes sanctions on certain countries,sanctions limit trade between the countries,request-21-2-0
sanctions limit trade between the countries,some goods that were previously imported are no longer available,request-21-2-1
some goods that were previously imported are no longer available,domestic production of these goods is insufficient to meet demand,request-21-2-2
domestic production of these goods is insufficient to meet demand,shortages of these goods occur,request-21-2-3
united states implements policies to encourage domestic manufacturing,these policies make it more profitable for companies to produce goods domestically,request-21-3-0
these policies make it more profitable for companies to produce goods domestically,companies shift production from overseas to the united states,request-21-3-1
companies shift production from overseas to the united states,"domestic production increases, but supply chain adjustments take time",request-21-3-2
"domestic production increases, but supply chain adjustments take time",shortterm shortages occur due to supply chain disruptions,request-21-3-3
democratic party of the united states,passes legislation to increase government spending,request-22-0-0
passes legislation to increase government spending,increased spending,request-22-0-1
increased spending,persistent budget deficits cause an increase in the national debt,request-22-0-2
persistent budget deficits cause an increase in the national debt,a higher national debt increases government borrowing,request-22-0-3
a higher national debt increases government borrowing,increased government borrowing competes with private sector borrowing for available funds,request-22-0-4
increased government borrowing competes with private sector borrowing for available funds,this competition drives up interest rates,request-22-0-5
this competition drives up interest rates,higher interest rates make borrowing more expensive for businesses,request-22-0-6
higher interest rates make borrowing more expensive for businesses,businesses pass on these increased costs to consumers in the form of higher prices,request-22-0-7
businesses pass on these increased costs to consumers in the form of higher prices,inflation,request-22-0-8
democratic party of the united states,advocates for expansionary fiscal policy,request-22-1-0
advocates for expansionary fiscal policy,expansionary fiscal policy increases aggregate demand,request-22-1-1
expansionary fiscal policy increases aggregate demand,an increase in aggregate demand outpaces the economy's productive capacity,request-22-1-2
an increase in aggregate demand outpaces the economy's productive capacity,this imbalance,request-22-1-3
this imbalance,inflation,request-22-1-4
democratic party of the united states,promotes higher minimum wage,request-22-2-0
promotes higher minimum wage,a higher minimum wage increases labor costs for businesses,request-22-2-1
a higher minimum wage increases labor costs for businesses,businesses pass on these increased costs to consumers in the form of higher prices,request-22-2-2
businesses pass on these increased costs to consumers in the form of higher prices,inflation,request-22-2-3
people from balochistan >,engage in deforestation for agriculture and livestock >,request-23-0-0
engage in deforestation for agriculture and livestock >,increase in soil erosion >,request-23-0-1
increase in soil erosion >,decrease in carbon sequestration >,request-23-0-2
decrease in carbon sequestration >,increase in atmospheric co2 >,request-23-0-3
increase in atmospheric co2 >,contribution to global climate change,request-23-0-4
people from balochistan >,depend on fossil fuels for energy >,request-23-1-0
depend on fossil fuels for energy >,increase in greenhouse gas emissions >,request-23-1-1
increase in greenhouse gas emissions >,accelerated global warming >,request-23-1-2
accelerated global warming >,contribution to climate change,request-23-1-3
people from balochistan >,overfishing in coastal areas >,request-23-2-0
overfishing in coastal areas >,decline in marine biodiversity >,request-23-2-1
decline in marine biodiversity >,decrease in ocean's ability to absorb co2 >,request-23-2-2
decrease in ocean's ability to absorb co2 >,increase in atmospheric co2 >,request-23-2-3
increase in atmospheric co2 >,contribution to climate change,request-23-2-4
people from balochistan >,practice slashandburn agriculture >,request-23-3-0
practice slashandburn agriculture >,release of carbon stored in biomass >,request-23-3-1
release of carbon stored in biomass >,increase in atmospheric co2 >,request-23-3-2
increase in atmospheric co2 >,contribution to climate change,request-23-3-3
rich countries,consume large amounts of resources,request-24-0-0
consume large amounts of resources,resulting in high greenhouse gas emissions,request-24-0-1
resulting in high greenhouse gas emissions,leading to global warming,request-24-0-2
leading to global warming,which contributes to climate change,request-24-0-3
rich countries,have high per capita emissions,request-24-1-0
have high per capita emissions,leading to significant cumulative emissions,request-24-1-1
leading to significant cumulative emissions,contributing to the enhancement of the greenhouse effect,request-24-1-2
contributing to the enhancement of the greenhouse effect,which results in climate change,request-24-1-3
rich countries,have a large carbon footprint due to high consumption,request-24-2-0
have a large carbon footprint due to high consumption,leading to excessive fossil fuel burning,request-24-2-1
leading to excessive fossil fuel burning,resulting in increased atmospheric co2,request-24-2-2
resulting in increased atmospheric co2,which drives climate change,request-24-2-3
rich countries,have high levels of industrialization,request-24-3-0
have high levels of industrialization,resulting in significant air pollution,request-24-3-1
resulting in significant air pollution,contributing to the warming of the planet,request-24-3-2
contributing to the warming of the planet,which is a key factor in climate change,request-24-3-3
rich countries,have high levels of deforestation due to agricultural expansion and urbanization,request-24-4-0
have high levels of deforestation due to agricultural expansion and urbanization,leading to a reduction in carbon sinks,request-24-4-1
leading to a reduction in carbon sinks,resulting in increased atmospheric co2,request-24-4-2
resulting in increased atmospheric co2,which contributes to climate change,request-24-4-3
rich countries,have a large military footprint,request-24-5-0
have a large military footprint,resulting in significant emissions from military activities,request-24-5-1
resulting in significant emissions from military activities,contributing to the overall increase in greenhouse gas emissions,request-24-5-2
contributing to the overall increase in greenhouse gas emissions,which drives climate change,request-24-5-3
climate change causes global temperature rise,global temperature rise melts polar ice caps,request-25-0-0
global temperature rise melts polar ice caps,melting of polar ice caps raises sea levels,request-25-0-1
melting of polar ice caps raises sea levels,rising sea levels displace coastal communities,request-25-0-2
rising sea levels displace coastal communities,"displaced communities, often poor, face economic hardship",request-25-0-3
climate change alters weather patterns,altered weather patterns increase frequency of natural disasters,request-25-1-0
altered weather patterns increase frequency of natural disasters,natural disasters damage infrastructure in poor regions,request-25-1-1
natural disasters damage infrastructure in poor regions,damaged infrastructure hinders access to basic services,request-25-1-2
damaged infrastructure hinders access to basic services,limited access to services exacerbates poverty,request-25-1-3
climate change reduces crop yields,reduced crop yields lead to food insecurity,request-25-2-0
reduced crop yields lead to food insecurity,food insecurity increases malnutrition in poor populations,request-25-2-1
food insecurity increases malnutrition in poor populations,malnutrition weakens immune systems,request-25-2-2
malnutrition weakens immune systems,weakened immune systems increase susceptibility to diseases,request-25-2-3
climate change disrupts livelihoods,disrupted livelihoods lead to job loss,request-25-3-0
disrupted livelihoods lead to job loss,job loss increases poverty levels,request-25-3-1
job loss increases poverty levels,increased poverty levels limit access to education,request-25-3-2
increased poverty levels limit access to education,limited access to education hinders socioeconomic mobility,request-25-3-3
climate change increases frequency of droughts,droughts reduce water availability,request-25-4-0
droughts reduce water availability,reduced water availability limits access to clean water,request-25-4-1
reduced water availability limits access to clean water,limited access to clean water increases waterborne diseases,request-25-4-2
limited access to clean water increases waterborne diseases,increased waterborne diseases disproportionately affect poor regions,request-25-4-3
stoppage of natural winds,decrease in oceanic heat transfer,request-28-0-0
decrease in oceanic heat transfer,slowing of ocean currents,request-28-0-1
slowing of ocean currents,reduced upwelling of cold water,request-28-0-2
reduced upwelling of cold water,cooling of coastal regions,request-28-0-3
cooling of coastal regions,changes in marine ecosystems,request-28-0-4
changes in marine ecosystems,alteration of oceanic carbon uptake,request-28-0-5
alteration of oceanic carbon uptake,increased atmospheric co2,request-28-0-6
increased atmospheric co2,enhanced greenhouse effect,request-28-0-7
enhanced greenhouse effect,global warming,request-28-0-8
global warming,climate change,request-28-0-9
stoppage of natural winds,reduced evaporation from oceans,request-28-1-0
reduced evaporation from oceans,decrease in atmospheric moisture,request-28-1-1
decrease in atmospheric moisture,changes in cloud formation,request-28-1-2
changes in cloud formation,altered solar radiation reflection,request-28-1-3
altered solar radiation reflection,variations in surface temperature,request-28-1-4
variations in surface temperature,global warming,request-28-1-5
global warming,climate change,request-28-1-6
stoppage of natural winds,decrease in winddriven weather patterns,request-28-2-0
decrease in winddriven weather patterns,altered precipitation patterns,request-28-2-1
altered precipitation patterns,changes in river flows,request-28-2-2
changes in river flows,modified nutrient delivery to oceans,request-28-2-3
modified nutrient delivery to oceans,impact on marine productivity,request-28-2-4
impact on marine productivity,alteration of oceanic carbon uptake,request-28-2-5
alteration of oceanic carbon uptake,increased atmospheric co2,request-28-2-6
increased atmospheric co2,enhanced greenhouse effect,request-28-2-7
enhanced greenhouse effect,global warming,request-28-2-8
global warming,climate change,request-28-2-9
overheat of earth's atmosphere causes,increase in global temperatures,request-29-0-0
increase in global temperatures,melting of polar ice caps,request-29-0-1
melting of polar ice caps,rise in sea levels,request-29-0-2
rise in sea levels,changes in ocean currents,request-29-0-3
changes in ocean currents,alteration in atmospheric pressure patterns,request-29-0-4
alteration in atmospheric pressure patterns,disruption of wind patterns,request-29-0-5
disruption of wind patterns,stoppage of natural winds in certain regions,request-29-0-6
overheat of earth's atmosphere causes,increase in global temperatures,request-29-1-0
increase in global temperatures,droughts and changes in precipitation patterns,request-29-1-1
droughts and changes in precipitation patterns,changes in land surface properties,request-29-1-2
changes in land surface properties,alteration in atmospheric moisture and energy balance,request-29-1-3
alteration in atmospheric moisture and energy balance,disruption of wind patterns,request-29-1-4
disruption of wind patterns,stoppage of natural winds in certain regions,request-29-1-5
overheat of earth's atmosphere causes,increase in global temperatures,request-29-2-0
increase in global temperatures,changes in atmospheric composition,request-29-2-1
changes in atmospheric composition,alteration in atmospheric stability,request-29-2-2
alteration in atmospheric stability,disruption of wind patterns,request-29-2-3
disruption of wind patterns,stoppage of natural winds in certain regions,request-29-2-4
removal of hills,destruction of natural wind barriers,request-30-0-0
destruction of natural wind barriers,increased wind speeds,request-30-0-1
increased wind speeds,erosion of soil,request-30-0-2
erosion of soil,reduced soil fertility,request-30-0-3
reduced soil fertility,decline in plant growth,request-30-0-4
decline in plant growth,decrease in natural windbreaks,request-30-0-5
decrease in natural windbreaks,stoppage of natural winds,request-30-0-6
removal of hills,loss of natural wind tunnels,request-30-1-0
loss of natural wind tunnels,altered air pressure patterns,request-30-1-1
altered air pressure patterns,disrupted wind flow,request-30-1-2
disrupted wind flow,stoppage of natural winds,request-30-1-3
removal of hills,destruction of natural wind funnels,request-30-2-0
destruction of natural wind funnels,reduced wind channeling,request-30-2-1
reduced wind channeling,decreased wind speeds,request-30-2-2
decreased wind speeds,stoppage of natural winds,request-30-2-3
removal of mountains,exposure of previously sheltered lowlands,request-31-0-0
exposure of previously sheltered lowlands,increased wind speed in exposed areas,request-31-0-1
increased wind speed in exposed areas,erosion of exposed soil,request-31-0-2
erosion of exposed soil,sediment deposition in river deltas,request-31-0-3
sediment deposition in river deltas,rise in sea level due to sediment buildup,request-31-0-4
rise in sea level due to sediment buildup,flooding of coastal areas,request-31-0-5
flooding of coastal areas,disruption of ocean currents,request-31-0-6
disruption of ocean currents,change in global temperature patterns,request-31-0-7
change in global temperature patterns,alteration of atmospheric pressure patterns,request-31-0-8
alteration of atmospheric pressure patterns,stoppage of natural winds,request-31-0-9
removal of mountains,disruption of local water cycles,request-31-1-0
disruption of local water cycles,reduction in local precipitation,request-31-1-1
reduction in local precipitation,decrease in river flow,request-31-1-2
decrease in river flow,decline in groundwater levels,request-31-1-3
decline in groundwater levels,diminishment of plant life,request-31-1-4
diminishment of plant life,loss of vegetation cover,request-31-1-5
loss of vegetation cover,increased soil erosion,request-31-1-6
increased soil erosion,dust storms,request-31-1-7
dust storms,atmospheric pollution,request-31-1-8
atmospheric pollution,impairment of wind patterns,request-31-1-9
impairment of wind patterns,stoppage of natural winds,request-31-1-10
removal of mountains,disruption of local air currents,request-31-2-0
disruption of local air currents,alteration of regional weather patterns,request-31-2-1
alteration of regional weather patterns,change in ocean temperatures,request-31-2-2
change in ocean temperatures,shift in global ocean currents,request-31-2-3
shift in global ocean currents,modification of atmospheric pressure belts,request-31-2-4
modification of atmospheric pressure belts,disruption of global wind patterns,request-31-2-5
disruption of global wind patterns,stoppage of natural winds,request-31-2-6
deforestation,reduced evapotranspiration,request-32-0-0
reduced evapotranspiration,reduced moisture in the atmosphere,request-32-0-1
reduced moisture in the atmosphere,weakened winds,request-32-0-2
weakened winds,stoppage of natural winds,request-32-0-3
deforestation,loss of biodiversity,request-32-1-0
loss of biodiversity,altered ecosystem functions,request-32-1-1
altered ecosystem functions,changed local climate patterns,request-32-1-2
changed local climate patterns,weakened winds,request-32-1-3
weakened winds,stoppage of natural winds,request-32-1-4
deforestation,soil erosion and degradation,request-32-2-0
soil erosion and degradation,reduced water retention capacity of the soil,request-32-2-1
reduced water retention capacity of the soil,decreased groundwater recharge,request-32-2-2
decreased groundwater recharge,reduced water vapor input into the atmosphere,request-32-2-3
reduced water vapor input into the atmosphere,weakened winds,request-32-2-4
weakened winds,stoppage of natural winds,request-32-2-5
human activity,emissions of greenhouse gases,request-33-0-0
emissions of greenhouse gases,increased absorption of infrared radiation,request-33-0-1
increased absorption of infrared radiation,rise in global temperature,request-33-0-2
rise in global temperature,global warming,request-33-0-3
human activity,deforestation,request-33-1-0
deforestation,reduced carbon absorption,request-33-1-1
reduced carbon absorption,increased carbon dioxide levels,request-33-1-2
increased carbon dioxide levels,enhanced greenhouse effect,request-33-1-3
enhanced greenhouse effect,global warming,request-33-1-4
human activity,industrial processes,request-33-2-0
industrial processes,release of heattrapping gases,request-33-2-1
release of heattrapping gases,strengthening of greenhouse effect,request-33-2-2
strengthening of greenhouse effect,accelerated global warming,request-33-2-3
human activity,fossil fuel burning,request-33-3-0
fossil fuel burning,increased carbon dioxide levels,request-33-3-1
increased carbon dioxide levels,enhanced greenhouse effect,request-33-3-2
enhanced greenhouse effect,global temperature rise,request-33-3-3
global temperature rise,global warming,request-33-3-4
human activity,agriculture,request-33-4-0
agriculture,methane and nitrous oxide emissions,request-33-4-1
methane and nitrous oxide emissions,increased greenhouse effect,request-33-4-2
increased greenhouse effect,global temperature increase,request-33-4-3
global temperature increase,global warming,request-33-4-4
burning fossil fuels,release of carbon dioxide,request-34-0-0
release of carbon dioxide,increase in atmospheric co2 concentration,request-34-0-1
increase in atmospheric co2 concentration,enhancement of greenhouse effect,request-34-0-2
enhancement of greenhouse effect,release of greenhouse gases into the atmosphere,request-34-0-3
burning fossil fuels,release of carbon dioxide,request-34-1-0
release of carbon dioxide,absorption of co2 by oceans,request-34-1-1
absorption of co2 by oceans,ocean acidification,request-34-1-2
ocean acidification,reduced ability of oceans to absorb co2,request-34-1-3
reduced ability of oceans to absorb co2,increase in atmospheric co2 concentration,request-34-1-4
increase in atmospheric co2 concentration,enhancement of greenhouse effect,request-34-1-5
enhancement of greenhouse effect,release of greenhouse gases into the atmosphere,request-34-1-6
burning fossil fuels,release of carbon dioxide,request-34-2-0
release of carbon dioxide,absorption of co2 by plants and trees,request-34-2-1
absorption of co2 by plants and trees,increase in plant biomass,request-34-2-2
increase in plant biomass,deforestation and landuse changes,request-34-2-3
deforestation and landuse changes,release of stored carbon back into the atmosphere,request-34-2-4
release of stored carbon back into the atmosphere,increase in atmospheric co2 concentration,request-34-2-5
increase in atmospheric co2 concentration,enhancement of greenhouse effect,request-34-2-6
enhancement of greenhouse effect,release of greenhouse gases into the atmosphere,request-34-2-7
burning fossil fuels,release of carbon dioxide,request-34-3-0
release of carbon dioxide,increase in atmospheric co2 concentration,request-34-3-1
increase in atmospheric co2 concentration,increased photosynthesis in some plants,request-34-3-2
increased photosynthesis in some plants,release of water vapor,request-34-3-3
release of water vapor,enhancement of greenhouse effect,request-34-3-4
enhancement of greenhouse effect,release of greenhouse gases into the atmosphere,request-34-3-5
burning biomass,releases heat energy,request-35-0-0
releases heat energy,heat causes expansion of air,request-35-0-1
heat causes expansion of air,expanded air rises,request-35-0-2
expanded air rises,rising air creates a lowpressure zone,request-35-0-3
rising air creates a lowpressure zone,low pressure draws in more air,request-35-0-4
low pressure draws in more air,incoming air is heated and rises,request-35-0-5
incoming air is heated and rises,warm air holds less water vapor,request-35-0-6
warm air holds less water vapor,water vapor condenses and forms clouds,request-35-0-7
water vapor condenses and forms clouds,clouds block sunlight,request-35-0-8
clouds block sunlight,less sunlight causes cooling,request-35-0-9
less sunlight causes cooling,cooling causes contraction of air,request-35-0-10
cooling causes contraction of air,contracted air sinks,request-35-0-11
contracted air sinks,sinking air cools,request-35-0-12
sinking air cools,cooling releases water vapor,request-35-0-13
cooling releases water vapor,water vapor condenses and forms clouds,request-35-0-14
water vapor condenses and forms clouds,clouds release carbon dioxide,request-35-0-15
clouds release carbon dioxide,carbon dioxide traps heat in the atmosphere,request-35-0-16
carbon dioxide traps heat in the atmosphere,trapped heat causes global warming,request-35-0-17
trapped heat causes global warming,global warming causes melting of polar ice,request-35-0-18
global warming causes melting of polar ice,melting ice raises sea levels,request-35-0-19
melting ice raises sea levels,rising sea levels threaten coastal communities,request-35-0-20
rising sea levels threaten coastal communities,release of greenhouse gases into the atmosphere,request-35-0-21
burning biomass,releases heat energy,request-35-1-0
releases heat energy,heat causes expansion of air,request-35-1-1
heat causes expansion of air,expanded air rises,request-35-1-2
expanded air rises,rising air creates a lowpressure zone,request-35-1-3
rising air creates a lowpressure zone,low pressure draws in more air,request-35-1-4
low pressure draws in more air,incoming air is heated and rises,request-35-1-5
incoming air is heated and rises,warm air holds less water vapor,request-35-1-6
warm air holds less water vapor,water vapor condenses and forms clouds,request-35-1-7
water vapor condenses and forms clouds,clouds block sunlight,request-35-1-8
clouds block sunlight,less sunlight causes cooling,request-35-1-9
less sunlight causes cooling,cooling causes contraction of air,request-35-1-10
cooling causes contraction of air,contracted air sinks,request-35-1-11
contracted air sinks,sinking air cools,request-35-1-12
sinking air cools,cooling releases water vapor,request-35-1-13
cooling releases water vapor,water vapor condenses and forms clouds,request-35-1-14
water vapor condenses and forms clouds,clouds release carbon dioxide,request-35-1-15
clouds release carbon dioxide,carbon dioxide traps heat in the atmosphere,request-35-1-16
carbon dioxide traps heat in the atmosphere,trapped heat causes global warming,request-35-1-17
trapped heat causes global warming,global warming causes acidification of oceans,request-35-1-18
global warming causes acidification of oceans,acidification harms marine life,request-35-1-19
acidification harms marine life,decline in marine life disrupts ocean ecosystems,request-35-1-20
decline in marine life disrupts ocean ecosystems,release of greenhouse gases into the atmosphere,request-35-1-21
burning biomass,releases heat energy,request-35-2-0
releases heat energy,heat causes expansion of air,request-35-2-1
heat causes expansion of air,expanded air rises,request-35-2-2
expanded air rises,rising air creates a lowpressure zone,request-35-2-3
rising air creates a lowpressure zone,low pressure draws in more air,request-35-2-4
low pressure draws in more air,incoming air is heated and rises,request-35-2-5
incoming air is heated and rises,warm air holds less water vapor,request-35-2-6
warm air holds less water vapor,water vapor condenses and forms clouds,request-35-2-7
water vapor condenses and forms clouds,clouds block sunlight,request-35-2-8
clouds block sunlight,less sunlight causes cooling,request-35-2-9
less sunlight causes cooling,cooling causes contraction of air,request-35-2-10
cooling causes contraction of air,contracted air sinks,request-35-2-11
contracted air sinks,sinking air cools,request-35-2-12
sinking air cools,cooling releases water vapor,request-35-2-13
cooling releases water vapor,water vapor condenses and forms clouds,request-35-2-14
water vapor condenses and forms clouds,clouds release carbon dioxide,request-35-2-15
clouds release carbon dioxide,carbon dioxide traps heat in the atmosphere,request-35-2-16
carbon dioxide traps heat in the atmosphere,trapped heat causes global warming,request-35-2-17
trapped heat causes global warming,global warming causes increased frequency of extreme weather events,request-35-2-18
global warming causes increased frequency of extreme weather events,extreme weather events cause damage to infrastructure,request-35-2-19
extreme weather events cause damage to infrastructure,damage to infrastructure disrupts daily life,request-35-2-20
damage to infrastructure disrupts daily life,release of greenhouse gases into the atmosphere,request-35-2-21
increase in co2,global warming,request-36-0-0
global warming,rising sea levels,request-36-0-1
rising sea levels,displacement of coastal communities,request-36-0-2
displacement of coastal communities,economic burden on affected regions,request-36-0-3
economic burden on affected regions,decrease in overall prosperity,request-36-0-4
decrease in overall prosperity,loss of prosperity,request-36-0-5
increase in co2,global warming,request-36-1-0
global warming,changes in precipitation patterns,request-36-1-1
changes in precipitation patterns,agricultural yield decline,request-36-1-2
agricultural yield decline,food price increase,request-36-1-3
food price increase,increased poverty levels,request-36-1-4
increased poverty levels,decrease in overall prosperity,request-36-1-5
decrease in overall prosperity,loss of prosperity,request-36-1-6
increase in co2,global warming,request-36-2-0
global warming,ocean acidification,request-36-2-1
ocean acidification,coral reef decline,request-36-2-2
coral reef decline,loss of ecosystem services,request-36-2-3
loss of ecosystem services,economic decline in dependent regions,request-36-2-4
economic decline in dependent regions,decrease in overall prosperity,request-36-2-5
decrease in overall prosperity,loss of prosperity,request-36-2-6
increase in co2,global warming,request-36-3-0
global warming,increased frequency of extreme weather events,request-36-3-1
increased frequency of extreme weather events,increased infrastructure damage,request-36-3-2
increased infrastructure damage,economic burden on recovery efforts,request-36-3-3
economic burden on recovery efforts,decrease in overall prosperity,request-36-3-4
decrease in overall prosperity,loss of prosperity,request-36-3-5
increased co2 levels,promotes photosynthesis,request-37-0-0
promotes photosynthesis,enhanced plant growth,request-37-0-1
increased co2 levels,increases plant biomass,request-37-1-0
increases plant biomass,leads to enhanced plant growth,request-37-1-1
increased co2 levels,alters plant physiology,request-37-2-0
alters plant physiology,results in enhanced plant growth,request-37-2-1
plants,photosynthesis,request-38-0-0
photosynthesis,"convert sunlight, water, and carbon dioxide into glucose and oxygen",request-38-0-1
"convert sunlight, water, and carbon dioxide into glucose and oxygen",release oxygen into the atmosphere,request-38-0-2
release oxygen into the atmosphere,oxygen is available for consumption,request-38-0-3
plants,absorb carbon dioxide,request-38-1-0
absorb carbon dioxide,use it in photosynthesis,request-38-1-1
use it in photosynthesis,release oxygen as a byproduct,request-38-1-2
release oxygen as a byproduct,oxygen is available for consumption,request-38-1-3
fumigation,release of chemicals,request-39-0-0
release of chemicals,chemical reaction with oxygen,request-39-0-1
chemical reaction with oxygen,consumption of oxygen,request-39-0-2
consumption of oxygen,decrease in oxygen levels,request-39-0-3
decrease in oxygen levels,increase in co2 levels,request-39-0-4
fumigation,release of chemicals,request-39-1-0
release of chemicals,chemical reaction with other substances,request-39-1-1
chemical reaction with other substances,production of co2 as a byproduct,request-39-1-2
production of co2 as a byproduct,increase in co2 levels,request-39-1-3
fumigation,release of chemicals,request-39-2-0
release of chemicals,chemical reaction with other substances,request-39-2-1
chemical reaction with other substances,production of heat,request-39-2-2
production of heat,increase in temperature,request-39-2-3
increase in temperature,increased metabolic rate of organisms,request-39-2-4
increased metabolic rate of organisms,increased co2 production,request-39-2-5
increased co2 production,increase in co2 levels,request-39-2-6
fumigation,release of chemicals,request-39-3-0
release of chemicals,chemical reaction with other substances,request-39-3-1
chemical reaction with other substances,production of water vapor,request-39-3-2
production of water vapor,increase in humidity,request-39-3-3
increase in humidity,increased plant growth due to better conditions,request-39-3-4
increased plant growth due to better conditions,increased photosynthesis,request-39-3-5
increased photosynthesis,increased co2 absorption,request-39-3-6
increased co2 absorption,decrease in ambient co2 levels,request-39-3-7
decrease in ambient co2 levels,increase in co2 levels within enclosed spaces ,request-39-3-8
increase in co2,increase in atmospheric concentration of co2,request-40-0-0
increase in atmospheric concentration of co2,increase in availability of co2 for plants,request-40-0-1
increase in availability of co2 for plants,increase in photosynthesis,request-40-0-2
increase in co2,increase in atmospheric concentration of co2,request-40-1-0
increase in atmospheric concentration of co2,increase in co2 diffusion into leaves,request-40-1-1
increase in co2 diffusion into leaves,increase in carboxylation rate,request-40-1-2
increase in carboxylation rate,increase in photosynthesis,request-40-1-3
increase in co2,increase in atmospheric concentration of co2,request-40-2-0
increase in atmospheric concentration of co2,increase in co2 diffusion into leaves,request-40-2-1
increase in co2 diffusion into leaves,increase in rubp  regeneration,request-40-2-2
increase in rubp  regeneration,increase in carboxylation rate,request-40-2-3
increase in carboxylation rate,increase in photosynthesis,request-40-2-4
increase in co2,increase in atmospheric concentration of co2,request-40-3-0
increase in atmospheric concentration of co2,increase in co2 diffusion into leaves,request-40-3-1
increase in co2 diffusion into leaves,decrease in photorespiration,request-40-3-2
decrease in photorespiration,increase in carboxylation rate,request-40-3-3
increase in carboxylation rate,increase in photosynthesis,request-40-3-4
increase in photosynthesis,increase in glucose production,request-41-0-0
increase in glucose production,increase in energy available for growth,request-41-0-1
increase in energy available for growth,increase in cell division rate,request-41-0-2
increase in cell division rate,increase in biomass,request-41-0-3
increase in photosynthesis,increase in glucose production,request-41-1-0
increase in glucose production,increase in energy available for growth,request-41-1-1
increase in energy available for growth,increase in nutrient uptake,request-41-1-2
increase in nutrient uptake,increase in biomass,request-41-1-3
increase in photosynthesis,increase in oxygen production,request-41-2-0
increase in oxygen production,increase in aerobic respiration,request-41-2-1
increase in aerobic respiration,increase in energy available for growth,request-41-2-2
increase in energy available for growth,increase in biomass,request-41-2-3
increase in photosynthesis,increase in oxygen production,request-41-3-0
increase in oxygen production,increase in water use efficiency,request-41-3-1
increase in water use efficiency,increase in growth rate,request-41-3-2
increase in growth rate,increase in biomass,request-41-3-3
natural greenhouse effect,greenhouse gases in atmosphere,request-42-0-0
greenhouse gases in atmosphere,absorption of infrared radiation,request-42-0-1
absorption of infrared radiation,trapping of heat,request-42-0-2
trapping of heat,increase in global temperature,request-42-0-3
increase in global temperature,melting of polar ice,request-42-0-4
melting of polar ice,sea level rise,request-42-0-5
sea level rise,reflection of solar radiation back into space,request-42-0-6
natural greenhouse effect,greenhouse gases in atmosphere,request-42-1-0
greenhouse gases in atmosphere,absorption of infrared radiation,request-42-1-1
absorption of infrared radiation,trapping of heat,request-42-1-2
trapping of heat,increase in global temperature,request-42-1-3
increase in global temperature,thawing of permafrost,request-42-1-4
thawing of permafrost,release of methane,request-42-1-5
release of methane,increased greenhouse effect,request-42-1-6
increased greenhouse effect,reflection of solar radiation back into space,request-42-1-7
natural greenhouse effect,greenhouse gases in atmosphere,request-42-2-0
greenhouse gases in atmosphere,absorption of infrared radiation,request-42-2-1
absorption of infrared radiation,trapping of heat,request-42-2-2
trapping of heat,increase in global temperature,request-42-2-3
increase in global temperature,changes in precipitation patterns,request-42-2-4
changes in precipitation patterns,increased frequency of extreme weather events,request-42-2-5
increased frequency of extreme weather events,reflection of solar radiation back into space,request-42-2-6
natural greenhouse effect,greenhouse gases in atmosphere,request-42-3-0
greenhouse gases in atmosphere,absorption of infrared radiation,request-42-3-1
absorption of infrared radiation,trapping of heat,request-42-3-2
trapping of heat,increase in global temperature,request-42-3-3
increase in global temperature,decreased oceanic uptake of co2,request-42-3-4
decreased oceanic uptake of co2,increased atmospheric co2 concentration,request-42-3-5
increased atmospheric co2 concentration,enhanced greenhouse effect,request-42-3-6
enhanced greenhouse effect,reflection of solar radiation back into space,request-42-3-7
excess of co2 in the atmosphere,increased absorption of infrared radiation by co2 molecules,request-43-0-0
increased absorption of infrared radiation by co2 molecules,rise in global temperatures,request-43-0-1
rise in global temperatures,increased solubility of co2 in warmer water,request-43-0-2
increased solubility of co2 in warmer water,decreased release of co2 from the ocean into the atmosphere,request-43-0-3
decreased release of co2 from the ocean into the atmosphere,increase in co2 concentration in the atmosphere,request-43-0-4
excess of co2 in the atmosphere,increased absorption of infrared radiation by co2 molecules,request-43-1-0
increased absorption of infrared radiation by co2 molecules,rise in global temperatures,request-43-1-1
rise in global temperatures,melting of polar ice caps and glaciers,request-43-1-2
melting of polar ice caps and glaciers,increased release of co2 from thawing permafrost,request-43-1-3
increased release of co2 from thawing permafrost,increase in co2 concentration in the atmosphere,request-43-1-4
excess of co2 in the atmosphere,increased absorption of infrared radiation by co2 molecules,request-43-2-0
increased absorption of infrared radiation by co2 molecules,rise in global temperatures,request-43-2-1
rise in global temperatures,changes in ocean currents and upwelling,request-43-2-2
changes in ocean currents and upwelling,decreased release of co2 from the ocean into the atmosphere,request-43-2-3
decreased release of co2 from the ocean into the atmosphere,increase in co2 concentration in the atmosphere,request-43-2-4
excess of co2 in the atmosphere,increased absorption of infrared radiation by co2 molecules,request-43-3-0
increased absorption of infrared radiation by co2 molecules,rise in global temperatures,request-43-3-1
rise in global temperatures,changes in plant respiration rates,request-43-3-2
changes in plant respiration rates,increased release of co2 from plants,request-43-3-3
increased release of co2 from plants,increase in co2 concentration in the atmosphere,request-43-3-4
increase in co2,increased greenhouse effect,request-44-0-0
increased greenhouse effect,trapping of more heat in the atmosphere,request-44-0-1
trapping of more heat in the atmosphere,rise in global temperatures,request-44-0-2
rise in global temperatures,global warming,request-44-0-3
increase in co2,increased ocean acidification,request-44-1-0
increased ocean acidification,disruption of marine ecosystems,request-44-1-1
disruption of marine ecosystems,impact on global climate regulation,request-44-1-2
impact on global climate regulation,global warming,request-44-1-3
increase in co2,enhanced plant growth,request-44-2-0
enhanced plant growth,increased biomass production,request-44-2-1
increased biomass production,release of methane  from decomposing organic matter,request-44-2-2
release of methane  from decomposing organic matter,amplification of global warming,request-44-2-3
increase in co2,melting of polar ice,request-44-3-0
melting of polar ice,reduction in earth's reflectivity,request-44-3-1
reduction in earth's reflectivity,absorption of more solar energy,request-44-3-2
absorption of more solar energy,global warming,request-44-3-3
increase in co2,rise in atmospheric co2 concentration,request-45-0-0
rise in atmospheric co2 concentration,increased co2 absorption by oceans,request-45-0-1
increased co2 absorption by oceans,formation of carbonic acid in seawater,request-45-0-2
formation of carbonic acid in seawater,dissociation of carbonic acid,request-45-0-3
dissociation of carbonic acid,release of hydrogen ions,request-45-0-4
release of hydrogen ions,decrease in seawater ph,request-45-0-5
decrease in seawater ph,ocean acidification,request-45-0-6
increase in co2,rise in atmospheric co2 concentration,request-45-1-0
rise in atmospheric co2 concentration,increased co2 absorption by oceans,request-45-1-1
increased co2 absorption by oceans,formation of carbonic acid in seawater,request-45-1-2
formation of carbonic acid in seawater,dissociation of carbonic acid,request-45-1-3
dissociation of carbonic acid,release of hydrogen ions,request-45-1-4
release of hydrogen ions,decrease in the concentration of carbonate ions,request-45-1-5
decrease in the concentration of carbonate ions,ocean acidification,request-45-1-6
increase in co2,rise in atmospheric co2 concentration,request-45-2-0
rise in atmospheric co2 concentration,increased co2 absorption by oceans,request-45-2-1
increased co2 absorption by oceans,formation of carbonic acid in seawater,request-45-2-2
formation of carbonic acid in seawater,dissociation of carbonic acid,request-45-2-3
dissociation of carbonic acid,release of hydrogen ions,request-45-2-4
release of hydrogen ions,inhibition of coral calcification,request-45-2-5
inhibition of coral calcification,ocean acidification,request-45-2-6
human activity,burning of fossil fuels,request-46-0-0
burning of fossil fuels,release of co2,request-46-0-1
release of co2,increase in atmospheric co2,request-46-0-2
increase in atmospheric co2,global warming,request-46-0-3
global warming,climate change,request-46-0-4
human activity,deforestation,request-46-1-0
deforestation,loss of carbon sinks,request-46-1-1
loss of carbon sinks,increase in atmospheric co2,request-46-1-2
increase in atmospheric co2,global warming,request-46-1-3
global warming,climate change,request-46-1-4
human activity,agriculture,request-46-2-0
agriculture,livestock breeding,request-46-2-1
livestock breeding,methane  emissions,request-46-2-2
methane  emissions,methane oxidation,request-46-2-3
methane oxidation,co2 production,request-46-2-4
co2 production,increase in atmospheric co2,request-46-2-5
increase in atmospheric co2,global warming,request-46-2-6
global warming,climate change,request-46-2-7
human activity,industrial processes,request-46-3-0
industrial processes,chemical reactions,request-46-3-1
chemical reactions,co2 emissions,request-46-3-2
co2 emissions,increase in atmospheric co2,request-46-3-3
increase in atmospheric co2,ocean acidification,request-46-3-4
ocean acidification,global warming,request-46-3-5
global warming,climate change,request-46-3-6
increase in co2,global warming,request-47-0-0
global warming,rise in average temperature,request-47-0-1
rise in average temperature,increased precipitation in some regions,request-47-0-2
increased precipitation in some regions,increased plant growth due to extra co2,request-47-0-3
increased plant growth due to extra co2,lush forests,request-47-0-4
increase in co2,global warming,request-47-1-0
global warming,rise in average temperature,request-47-1-1
rise in average temperature,melting of polar ice,request-47-1-2
melting of polar ice,sea level rise,request-47-1-3
sea level rise,increased flooding in coastal regions,request-47-1-4
increased flooding in coastal regions,soil erosion and nutrient depletion,request-47-1-5
soil erosion and nutrient depletion,decline in forest health,request-47-1-6
increase in co2,global warming,request-47-2-0
global warming,rise in average temperature,request-47-2-1
rise in average temperature,changes in precipitation patterns,request-47-2-2
changes in precipitation patterns,increased frequency of droughts,request-47-2-3
increased frequency of droughts,forest fires,request-47-2-4
forest fires,destruction of forests,request-47-2-5
increase in co2,global warming,request-47-3-0
global warming,rise in average temperature,request-47-3-1
rise in average temperature,ocean acidification,request-47-3-2
ocean acidification,decline in coral reefs,request-47-3-3
decline in coral reefs,loss of biodiversity,request-47-3-4
loss of biodiversity,disruption of forest ecosystems,request-47-3-5
disruption of forest ecosystems,decline in forest health,request-47-3-6
increase in co2,global warming,request-47-4-0
global warming,rise in average temperature,request-47-4-1
rise in average temperature,increased frequency of extreme weather events,request-47-4-2
increased frequency of extreme weather events,storms and high winds,request-47-4-3
storms and high winds,tree damage and uprooting,request-47-4-4
tree damage and uprooting,decline in forest health,request-47-4-5
modern wars,military advancements,request-48-0-0
military advancements,use of naval forces,request-48-0-1
use of naval forces,naval battles,request-48-0-2
naval battles,sinking,request-48-0-3
modern wars,resource competition,request-48-1-0
resource competition,economic strain,request-48-1-1
economic strain,international tension,request-48-1-2
international tension,naval confrontation,request-48-1-3
naval confrontation,sinking,request-48-1-4
modern wars,environmental impact,request-48-2-0
environmental impact,climate change,request-48-2-1
climate change,rising sea levels,request-48-2-2
rising sea levels,naval instability,request-48-2-3
naval instability,sinking,request-48-2-4
modern wars,geopolitical shifts,request-48-3-0
geopolitical shifts,strategic importance of seas,request-48-3-1
strategic importance of seas,naval expansion,request-48-3-2
naval expansion,naval accidents,request-48-3-3
naval accidents,sinking,request-48-3-4
climate change,rising temperatures,request-49-0-0
rising temperatures,changes in rainfall patterns,request-49-0-1
changes in rainfall patterns,increased frequency of floods,request-49-0-2
increased frequency of floods,destruction of habitats,request-49-0-3
destruction of habitats,increased contact between humans and wildlife,request-49-0-4
increased contact between humans and wildlife,zoonotic disease transmission,request-49-0-5
zoonotic disease transmission,rise in infectious diseases,request-49-0-6
climate change,melting of polar ice caps,request-49-1-0
melting of polar ice caps,increased human activity in the arctic,request-49-1-1
increased human activity in the arctic,disruption of traditional lifestyles of indigenous people,request-49-1-2
disruption of traditional lifestyles of indigenous people,reduced access to healthcare,request-49-1-3
reduced access to healthcare,increased vulnerability to infectious diseases,request-49-1-4
increased vulnerability to infectious diseases,rise in infectious diseases,request-49-1-5
climate change,ocean acidification,request-49-2-0
ocean acidification,decline in oyster reefs,request-49-2-1
decline in oyster reefs,loss of natural coastal protection,request-49-2-2
loss of natural coastal protection,increased frequency of storm surges,request-49-2-3
increased frequency of storm surges,contamination of water sources,request-49-2-4
contamination of water sources,waterborne diseases,request-49-2-5
waterborne diseases,rise in infectious diseases,request-49-2-6
climate change,changes in mosquito breeding habitats,request-49-3-0
changes in mosquito breeding habitats,increased mosquito population,request-49-3-1
increased mosquito population,spread of mosquitoborne diseases,request-49-3-2
spread of mosquitoborne diseases,rise in infectious diseases,request-49-3-3
climate change,stress on food systems,request-49-4-0
stress on food systems,hunger and malnutrition,request-49-4-1
hunger and malnutrition,weakened immune systems,request-49-4-2
weakened immune systems,increased susceptibility to infectious diseases,request-49-4-3
increased susceptibility to infectious diseases,rise in infectious diseases,request-49-4-4
capitalism,encourages economic growth,request-50-0-0
encourages economic growth,requires increased resource extraction and consumption,request-50-0-1
requires increased resource extraction and consumption,leads to deforestation and habitat destruction,request-50-0-2
leads to deforestation and habitat destruction,reduces nature's ability to absorb co2,request-50-0-3
reduces nature's ability to absorb co2,contributes to climate change,request-50-0-4
capitalism,promotes free trade and globalization,request-50-1-0
promotes free trade and globalization,increases international transportation,request-50-1-1
increases international transportation,leads to increased burning of fossil fuels for transportation,request-50-1-2
leads to increased burning of fossil fuels for transportation,results in higher co2 emissions,request-50-1-3
results in higher co2 emissions,contributes to climate change,request-50-1-4
capitalism,encourages private property and individual wealth accumulation,request-50-2-0
encourages private property and individual wealth accumulation,leads to a culture of overconsumption,request-50-2-1
leads to a culture of overconsumption,increases demand for goods and services,request-50-2-2
increases demand for goods and services,drives extraction and processing of raw materials,request-50-2-3
drives extraction and processing of raw materials,results in higher greenhouse gas emissions,request-50-2-4
results in higher greenhouse gas emissions,contributes to climate change,request-50-2-5
capitalism,> economic growth,request-51-0-0
> economic growth,> increased urbanization,request-51-0-1
> increased urbanization,> crowded living conditions,request-51-0-2
> crowded living conditions,> close proximity to animals,request-51-0-3
> close proximity to animals,> zoonotic disease transmission,request-51-0-4
> zoonotic disease transmission,> rise in infectious diseases,request-51-0-5
capitalism,> economic growth,request-51-1-0
> economic growth,> increased globalization,request-51-1-1
> increased globalization,> frequent international travel,request-51-1-2
> frequent international travel,> spread of infectious diseases,request-51-1-3
> spread of infectious diseases,> rise in infectious diseases,request-51-1-4
capitalism,> economic growth,request-51-2-0
> economic growth,> increased wealth disparity,request-51-2-1
> increased wealth disparity,> poor access to healthcare for marginalized communities,request-51-2-2
> poor access to healthcare for marginalized communities,> increased susceptibility to infectious diseases,request-51-2-3
> increased susceptibility to infectious diseases,> rise in infectious diseases,request-51-2-4
capitalism,> economic growth,request-51-3-0
> economic growth,> increased deforestation,request-51-3-1
> increased deforestation,> destruction of wildlife habitats,request-51-3-2
> destruction of wildlife habitats,> increased humanwildlife interaction,request-51-3-3
> increased humanwildlife interaction,> zoonotic disease transmission,request-51-3-4
> zoonotic disease transmission,> rise in infectious diseases,request-51-3-5
capitalism,> economic growth,request-51-4-0
> economic growth,> increased consumerism,request-51-4-1
> increased consumerism,> overuse of antibiotics,request-51-4-2
> overuse of antibiotics,> antibiotic resistance,request-51-4-3
> antibiotic resistance,> increased susceptibility to infectious diseases,request-51-4-4
> increased susceptibility to infectious diseases,> rise in infectious diseases,request-51-4-5
melting of glaciers,rise in sea level,request-52-0-0
rise in sea level,inundation of coastal areas,request-52-0-1
inundation of coastal areas,damage to arctic infrastructure,request-52-0-2
damage to arctic infrastructure,risk to arctic infrastructure,request-52-0-3
melting of glaciers,reduction in ice reflection,request-52-1-0
reduction in ice reflection,increase in heat absorption by oceans,request-52-1-1
increase in heat absorption by oceans,acceleration of global warming,request-52-1-2
acceleration of global warming,thawing of permafrost,request-52-1-3
thawing of permafrost,subsidence of land,request-52-1-4
subsidence of land,damage to arctic infrastructure,request-52-1-5
damage to arctic infrastructure,risk to arctic infrastructure,request-52-1-6
melting of glaciers,disruption of ocean currents,request-52-2-0
disruption of ocean currents,changes in weather patterns,request-52-2-1
changes in weather patterns,increased frequency of extreme weather events,request-52-2-2
increased frequency of extreme weather events,damage to arctic infrastructure,request-52-2-3
damage to arctic infrastructure,risk to arctic infrastructure,request-52-2-4
melting of glaciers,disruption of marine ecosystems,request-52-3-0
disruption of marine ecosystems,decline in fish populations,request-52-3-1
decline in fish populations,economic losses for local communities,request-52-3-2
economic losses for local communities,reduced maintenance and repair of infrastructure,request-52-3-3
reduced maintenance and repair of infrastructure,increased risk to arctic infrastructure,request-52-3-4
release of carbon,increase in atmospheric co2 concentration,request-53-0-0
increase in atmospheric co2 concentration,enhancement of greenhouse effect,request-53-0-1
enhancement of greenhouse effect,trapping of more heat in the atmosphere,request-53-0-2
trapping of more heat in the atmosphere,rise in global temperatures,request-53-0-3
rise in global temperatures,global warming,request-53-0-4
release of carbon,increase in atmospheric co2 concentration,request-53-1-0
increase in atmospheric co2 concentration,ocean acidification,request-53-1-1
ocean acidification,disruption of marine ecosystems,request-53-1-2
disruption of marine ecosystems,global warming,request-53-1-3
release of carbon,increase in atmospheric co2 concentration,request-53-2-0
increase in atmospheric co2 concentration,changes in climate patterns,request-53-2-1
changes in climate patterns,increased frequency and intensity of extreme weather events,request-53-2-2
increased frequency and intensity of extreme weather events,global warming,request-53-2-3
release of carbon,increase in atmospheric co2 concentration,request-53-3-0
increase in atmospheric co2 concentration,melting of glaciers and polar ice,request-53-3-1
melting of glaciers and polar ice,sea level rise,request-53-3-2
sea level rise,global warming,request-53-3-3
release of carbon,increase in atmospheric co2 concentration,request-53-4-0
increase in atmospheric co2 concentration,disruption of plant and animal habitats,request-53-4-1
disruption of plant and animal habitats,loss of biodiversity,request-53-4-2
loss of biodiversity,global warming,request-53-4-3
release of carbon,increase in atmospheric co2 concentration,request-54-0-0
increase in atmospheric co2 concentration,enhancement of greenhouse effect,request-54-0-1
enhancement of greenhouse effect,trapping of more heat in the atmosphere,request-54-0-2
trapping of more heat in the atmosphere,rise in global temperatures,request-54-0-3
rise in global temperatures,global warming,request-54-0-4
release of carbon,increase in atmospheric co2 concentration,request-54-1-0
increase in atmospheric co2 concentration,ocean acidification,request-54-1-1
ocean acidification,disruption of marine ecosystems,request-54-1-2
disruption of marine ecosystems,global warming,request-54-1-3
release of carbon,increase in atmospheric co2 concentration,request-54-2-0
increase in atmospheric co2 concentration,changes in climate patterns,request-54-2-1
changes in climate patterns,increased frequency and intensity of extreme weather events,request-54-2-2
increased frequency and intensity of extreme weather events,global warming,request-54-2-3
release of carbon,increase in atmospheric co2 concentration,request-54-3-0
increase in atmospheric co2 concentration,melting of glaciers and polar ice,request-54-3-1
melting of glaciers and polar ice,sea level rise,request-54-3-2
sea level rise,global warming,request-54-3-3
release of carbon,increase in atmospheric co2 concentration,request-54-4-0
increase in atmospheric co2 concentration,disruption of plant and animal habitats,request-54-4-1
disruption of plant and animal habitats,loss of biodiversity,request-54-4-2
loss of biodiversity,global warming,request-54-4-3
climate change causes increased global temperatures,increased global temperatures lead to melting of polar ice caps,request-55-0-0
increased global temperatures lead to melting of polar ice caps,melting of polar ice caps opens up arctic sea for navigation,request-55-0-1
melting of polar ice caps opens up arctic sea for navigation,arctic sea navigation opens up new shipping routes,request-55-0-2
arctic sea navigation opens up new shipping routes,new shipping routes reduce transportation costs,request-55-0-3
new shipping routes reduce transportation costs,reduced transportation costs increase the viability of remote resource extraction,request-55-0-4
reduced transportation costs increase the viability of remote resource extraction,increased viability of remote resource extraction,request-55-0-5
increased viability of remote resource extraction,"exploration and drilling create economic opportunities tied to oil, gas, and mineral resources",request-55-0-6
climate change causes increased frequency of extreme weather events,increased frequency of extreme weather events damages infrastructure,request-55-1-0
increased frequency of extreme weather events damages infrastructure,damaged infrastructure requires repairs and reconstruction,request-55-1-1
damaged infrastructure requires repairs and reconstruction,repairs and reconstruction create demand for construction materials,request-55-1-2
repairs and reconstruction create demand for construction materials,demand for construction materials increases exploration and mining of minerals,request-55-1-3
demand for construction materials increases exploration and mining of minerals,increased exploration and mining of minerals create economic opportunities tied to mineral resources,request-55-1-4
climate change causes ocean acidification,ocean acidification affects marine life and coral reefs,request-55-2-0
ocean acidification affects marine life and coral reefs,degradation of coral reefs disrupts ecosystems and tourism,request-55-2-1
degradation of coral reefs disrupts ecosystems and tourism,disrupted tourism creates economic strain in coastal regions,request-55-2-2
disrupted tourism creates economic strain in coastal regions,economic strain in coastal regions,request-55-2-3
economic strain in coastal regions,exploration and exploitation of offshore oil and gas reserves create economic opportunities tied to oil and gas resources,request-55-2-4
climate change,melting of polar ice,request-56-0-0
melting of polar ice,increased sea levels,request-56-0-1
increased sea levels,opening of the northwest passage,request-56-0-2
opening of the northwest passage,accessible shipping routes,request-56-0-3
climate change,rising temperatures,request-56-1-0
rising temperatures,thawing of permafrost,request-56-1-1
thawing of permafrost,increased methane emissions,request-56-1-2
increased methane emissions,accelerated global warming,request-56-1-3
accelerated global warming,increased sea ice loss,request-56-1-4
increased sea ice loss,opening of the northern sea route,request-56-1-5
opening of the northern sea route,accessible shipping routes,request-56-1-6
climate change,changes in precipitation patterns,request-56-2-0
changes in precipitation patterns,increased frequency of extreme weather events,request-56-2-1
increased frequency of extreme weather events,infrastructure damage to ports and channels,request-56-2-2
infrastructure damage to ports and channels,temporary closure of traditional shipping routes,request-56-2-3
temporary closure of traditional shipping routes,exploration of alternative routes,request-56-2-4
exploration of alternative routes,opening of the arctic bridge route,request-56-2-5
opening of the arctic bridge route,accessible shipping routes,request-56-2-6
cutting emissions reduces the amount of greenhouse gases  released into the atmosphere,reduced ghgs,request-57-0-0
reduced ghgs,less heat trapping results in a decrease in the global temperature increase rate,request-57-0-1
less heat trapping results in a decrease in the global temperature increase rate,"however, the remaining ghgs in the atmosphere continue to contribute to global warming",request-57-0-2
"however, the remaining ghgs in the atmosphere continue to contribute to global warming","thus, the rise in global temperatures slows down but does not stop",request-57-0-3
cutting emissions reduces the amount of ghgs released into the atmosphere,reduced ghgs,request-57-1-0
reduced ghgs,less heat trapping results in a decrease in the global temperature increase rate,request-57-1-1
less heat trapping results in a decrease in the global temperature increase rate,"however, the earth's oceans and other natural sinks continue to absorb some of the excess heat",request-57-1-2
"however, the earth's oceans and other natural sinks continue to absorb some of the excess heat",this absorbed heat contributes to increased ocean temperatures and other climate changes,request-57-1-3
this absorbed heat contributes to increased ocean temperatures and other climate changes,"thus, the rise in global temperatures may still occur, but at a slower pace",request-57-1-4
cutting emissions reduces the amount of ghgs released into the atmosphere,reduced ghgs,request-57-2-0
reduced ghgs,less heat trapping results in a decrease in the global temperature increase rate,request-57-2-1
less heat trapping results in a decrease in the global temperature increase rate,"however, the earth's climate system has a significant amount of inertia",request-57-2-2
"however, the earth's climate system has a significant amount of inertia","this means that even with reduced emissions, the full effects of past emissions will still be felt for decades to come",request-57-2-3
"this means that even with reduced emissions, the full effects of past emissions will still be felt for decades to come","thus, the rise in global temperatures may still occur, but with a reduced rate of increase",request-57-2-4
increase in forest fires,increased frequency of hot and dry weather,request-59-0-0
increased frequency of hot and dry weather,longer and more severe droughts,request-59-0-1
longer and more severe droughts,reduced humidity and rainfall,request-59-0-2
reduced humidity and rainfall,dried out vegetation,request-59-0-3
dried out vegetation,easier ignition and rapid spread of fires,request-59-0-4
easier ignition and rapid spread of fires,increased intensity and size of forest fires,request-59-0-5
increased intensity and size of forest fires,destruction of forest habitat,request-59-0-6
destruction of forest habitat,loss of forests,request-59-0-7
increase in forest fires,decreased forest management and prevention efforts,request-59-1-0
decreased forest management and prevention efforts,lack of controlled burns and maintenance,request-59-1-1
lack of controlled burns and maintenance,accumulation of dead trees and brush,request-59-1-2
accumulation of dead trees and brush,increased fuel load in forests,request-59-1-3
increased fuel load in forests,more frequent and larger forest fires,request-59-1-4
more frequent and larger forest fires,destruction of forest habitat,request-59-1-5
destruction of forest habitat,loss of forests,request-59-1-6
increase in forest fires,increased human activity near forests,request-59-2-0
increased human activity near forests,careless disposal of cigarettes and campfires,request-59-2-1
careless disposal of cigarettes and campfires,accidental ignitions,request-59-2-2
accidental ignitions,more frequent fire starts,request-59-2-3
more frequent fire starts,spread of fires due to wind and dry conditions,request-59-2-4
spread of fires due to wind and dry conditions,destruction of forest habitat,request-59-2-5
destruction of forest habitat,loss of forests,request-59-2-6
increase in forest fires,introduction of invasive species,request-59-3-0
introduction of invasive species,disruption of ecosystem balance,request-59-3-1
disruption of ecosystem balance,reduced natural fire resistance,request-59-3-2
reduced natural fire resistance,more severe fires,request-59-3-3
more severe fires,destruction of forest habitat,request-59-3-4
destruction of forest habitat,loss of forests,request-59-3-5
increase in forest fires,spread of fires across larger areas,request-60-0-0
spread of fires across larger areas,destruction of habitats,request-60-0-1
destruction of habitats,loss of biodiversity,request-60-0-2
increase in forest fires,increased smoke and ash in the atmosphere,request-60-1-0
increased smoke and ash in the atmosphere,reduced sunlight reaching the forest floor,request-60-1-1
reduced sunlight reaching the forest floor,slowed plant growth and reproduction,request-60-1-2
slowed plant growth and reproduction,disruption of food chains,request-60-1-3
disruption of food chains,loss of biodiversity,request-60-1-4
increase in forest fires,soil erosion and nutrient depletion,request-60-2-0
soil erosion and nutrient depletion,reduced fertility of the soil,request-60-2-1
reduced fertility of the soil,slowed plant regrowth,request-60-2-2
slowed plant regrowth,decline in insect populations,request-60-2-3
decline in insect populations,loss of biodiversity,request-60-2-4
increase in forest fires,fireresistant plant species outcompete others,request-60-3-0
fireresistant plant species outcompete others,alteration of forest composition,request-60-3-1
alteration of forest composition,disruption of ecosystems,request-60-3-2
disruption of ecosystems,loss of biodiversity,request-60-3-3
increase in forest fires,death of keystone species,request-60-4-0
death of keystone species,disruption of ecosystem functions,request-60-4-1
disruption of ecosystem functions,loss of biodiversity,request-60-4-2
increase in forest fires,destruction of trees and vegetation,request-61-0-0
destruction of trees and vegetation,reduction of root systems,request-61-0-1
reduction of root systems,decrease in soil stabilization,request-61-0-2
decrease in soil stabilization,erosion and degradation of soil structure,request-61-0-3
erosion and degradation of soil structure,weaken of soil health,request-61-0-4
increase in forest fires,release of carbon into the atmosphere,request-61-1-0
release of carbon into the atmosphere,increase in greenhouse gases,request-61-1-1
increase in greenhouse gases,global warming,request-61-1-2
global warming,changes in precipitation patterns,request-61-1-3
changes in precipitation patterns,increased frequency of droughts,request-61-1-4
increased frequency of droughts,decreased plant growth and survival,request-61-1-5
decreased plant growth and survival,reduction of root systems,request-61-1-6
reduction of root systems,decrease in soil stabilization,request-61-1-7
decrease in soil stabilization,erosion and degradation of soil structure,request-61-1-8
erosion and degradation of soil structure,weaken of soil health,request-61-1-9
increase in forest fires,destruction of trees and vegetation,request-61-2-0
destruction of trees and vegetation,loss of habitat for soil microorganisms,request-61-2-1
loss of habitat for soil microorganisms,decrease in nutrient cycling,request-61-2-2
decrease in nutrient cycling,depletion of soil nutrients,request-61-2-3
depletion of soil nutrients,weaken of soil health,request-61-2-4
increase in forest fires,destruction of trees and vegetation,request-61-3-0
destruction of trees and vegetation,exposure of soil to direct sunlight,request-61-3-1
exposure of soil to direct sunlight,increase in soil temperature,request-61-3-2
increase in soil temperature,accelerated decomposition of organic matter,request-61-3-3
accelerated decomposition of organic matter,depletion of soil organic matter,request-61-3-4
depletion of soil organic matter,weaken of soil health,request-61-3-5
increase in forest fires,more trees and brush dry out due to climate change,request-62-0-0
more trees and brush dry out due to climate change,drier vegetation is more flammable,request-62-0-1
drier vegetation is more flammable,increased likelihood of naturally occurring fires,request-62-0-2
increased likelihood of naturally occurring fires,firefighting resources stretched thin,request-62-0-3
firefighting resources stretched thin,delays in containing fires,request-62-0-4
delays in containing fires,larger and more intense fires,request-62-0-5
larger and more intense fires,greater destruction of habitats,request-62-0-6
greater destruction of habitats,decline in biodiversity,request-62-0-7
decline in biodiversity,environmental threats,request-62-0-8
increase in forest fires,more smoke and ash released into the atmosphere,request-62-1-0
more smoke and ash released into the atmosphere,air quality deteriorates,request-62-1-1
air quality deteriorates,increased respiratory illnesses in nearby communities,request-62-1-2
increased respiratory illnesses in nearby communities,strain on healthcare resources,request-62-1-3
strain on healthcare resources,environmental threats,request-62-1-4
increase in forest fires,soil erosion and loss of nutrients,request-62-2-0
soil erosion and loss of nutrients,reduced fertility of the land,request-62-2-1
reduced fertility of the land,decreased ability to support plant life,request-62-2-2
decreased ability to support plant life,slower recovery of burned areas,request-62-2-3
slower recovery of burned areas,environmental threats,request-62-2-4
increase in forest fires,carbon stored in trees released into the atmosphere,request-62-3-0
carbon stored in trees released into the atmosphere,accelerated global warming,request-62-3-1
accelerated global warming,melting of polar ice caps,request-62-3-2
melting of polar ice caps,rising sea levels,request-62-3-3
rising sea levels,threats to coastal communities and ecosystems,request-62-3-4
threats to coastal communities and ecosystems,environmental threats,request-62-3-5
increase in forest fires,displacement of wildlife,request-62-4-0
displacement of wildlife,increased humanwildlife conflict,request-62-4-1
increased humanwildlife conflict,reduced tourism revenue,request-62-4-2
reduced tourism revenue,economic strain on local communities,request-62-4-3
economic strain on local communities,environmental threats,request-62-4-4
increase in forest fires,"more trees are burned, leading to",request-63-0-0
"more trees are burned, leading to",decrease in carbon sequestration by forests,request-63-0-1
decrease in carbon sequestration by forests,"less carbon is absorbed from the atmosphere, causing",request-63-0-2
"less carbon is absorbed from the atmosphere, causing",increase in atmospheric carbon dioxide  levels,request-63-0-3
increase in atmospheric carbon dioxide  levels,"higher co2 levels trap more heat, contributing to",request-63-0-4
"higher co2 levels trap more heat, contributing to",global warming,request-63-0-5
increase in forest fires,"more trees are burned, leading to",request-63-1-0
"more trees are burned, leading to",release of stored carbon as carbon dioxide,request-63-1-1
release of stored carbon as carbon dioxide,increase in atmospheric co2 levels,request-63-1-2
increase in atmospheric co2 levels,"enhanced greenhouse effect, causing",request-63-1-3
"enhanced greenhouse effect, causing",global warming,request-63-1-4
increase in forest fires,"more trees are burned, leading to",request-63-2-0
"more trees are burned, leading to",destruction of habitat and loss of biodiversity,request-63-2-1
destruction of habitat and loss of biodiversity,"disruption of ecosystem services, including",request-63-2-2
"disruption of ecosystem services, including",decrease in carbon sequestration and,request-63-2-3
decrease in carbon sequestration and,alteration of albedo  of the earth's surface,request-63-2-4
alteration of albedo  of the earth's surface,changes in these factors contribute to,request-63-2-5
changes in these factors contribute to,global warming,request-63-2-6
overpopulation,increased demand for resources,request-64-0-0
increased demand for resources,expansion of agriculture and deforestation,request-64-0-1
expansion of agriculture and deforestation,loss of biodiversity and ecosystem services,request-64-0-2
loss of biodiversity and ecosystem services,altered carbon sinks,request-64-0-3
altered carbon sinks,increased greenhouse gas emissions,request-64-0-4
increased greenhouse gas emissions,rising global temperatures,request-64-0-5
rising global temperatures,climate catastrophe,request-64-0-6
overpopulation,increased waste generation,request-64-1-0
increased waste generation,overflowing landfills and increased incineration,request-64-1-1
overflowing landfills and increased incineration,release of methane  into the atmosphere,request-64-1-2
release of methane  into the atmosphere,rising global temperatures,request-64-1-3
rising global temperatures,climate catastrophe,request-64-1-4
overpopulation,increased demand for housing and urbanization,request-64-2-0
increased demand for housing and urbanization,expansion of cities and infrastructure into wild areas,request-64-2-1
expansion of cities and infrastructure into wild areas,habitat destruction and loss of biodiversity,request-64-2-2
habitat destruction and loss of biodiversity,altered ecosystem functions,request-64-2-3
altered ecosystem functions,rising global temperatures and climate instability,request-64-2-4
rising global temperatures and climate instability,climate catastrophe,request-64-2-5
overpopulation,increased demand for energy,request-64-3-0
increased demand for energy,expansion of fossil fuel industries,request-64-3-1
expansion of fossil fuel industries,increased greenhouse gas emissions,request-64-3-2
increased greenhouse gas emissions,rising global temperatures,request-64-3-3
rising global temperatures,climate catastrophe,request-64-3-4
coalfired plants emit co2,co2 enters the atmosphere,request-65-0-0
co2 enters the atmosphere,atmospheric co2 increases,request-65-0-1
atmospheric co2 increases,increased co2 causes global warming,request-65-0-2
increased co2 causes global warming,global warming melts polar ice,request-65-0-3
global warming melts polar ice,melting ice causes sea level rise,request-65-0-4
melting ice causes sea level rise,sea level rise absorbs co2 through chemical reactions with seawater,request-65-0-5
sea level rise absorbs co2 through chemical reactions with seawater,dissipation of co2,request-65-0-6
coalfired plants emit co2,co2 enters the atmosphere,request-65-1-0
co2 enters the atmosphere,atmospheric co2 increases,request-65-1-1
atmospheric co2 increases,increased co2 causes ocean acidification,request-65-1-2
increased co2 causes ocean acidification,ocean acidification reduces the ocean's ability to absorb co2,request-65-1-3
ocean acidification reduces the ocean's ability to absorb co2,reduced absorption,request-65-1-4
reduced absorption,dissipation of co2,request-65-1-5
coalfired plants emit co2,co2 enters the atmosphere,request-65-2-0
co2 enters the atmosphere,atmospheric co2 increases,request-65-2-1
atmospheric co2 increases,increased co2 is absorbed by plants and trees through photosynthesis,request-65-2-2
increased co2 is absorbed by plants and trees through photosynthesis,plants and trees store co2 as biomass,request-65-2-3
plants and trees store co2 as biomass,"biomass is used for fuel or decomposes, releasing co2 back into the atmosphere",request-65-2-4
"biomass is used for fuel or decomposes, releasing co2 back into the atmosphere",dissipation of co2,request-65-2-5
coalfired plants burn coal to generate electricity,the combustion process releases heat energy,request-66-0-0
the combustion process releases heat energy,this heat energy is used to convert water into steam,request-66-0-1
this heat energy is used to convert water into steam,"the highpressure steam is then used to turn turbines, generating mechanical energy",request-66-0-2
"the highpressure steam is then used to turn turbines, generating mechanical energy",this mechanical energy is converted into electrical energy,request-66-0-3
this mechanical energy is converted into electrical energy,the electricity is then transmitted through power lines to homes and businesses,request-66-0-4
the electricity is then transmitted through power lines to homes and businesses,"when the electricity is used, it converts back into heat energy, which is dissipated into the environment",request-66-0-5
coalfired plants burn coal to generate electricity,the combustion process releases heat energy,request-66-1-0
the combustion process releases heat energy,"this heat energy is used to power a steam turbine, generating mechanical energy",request-66-1-1
"this heat energy is used to power a steam turbine, generating mechanical energy",the mechanical energy is converted into electrical energy,request-66-1-2
the mechanical energy is converted into electrical energy,the electricity is then transmitted through power lines to industries,request-66-1-3
the electricity is then transmitted through power lines to industries,"in industries, the electricity is used to power machinery and equipment",request-66-1-4
"in industries, the electricity is used to power machinery and equipment","the operation of these machines generates heat as a byproduct, which is then dissipated into the environment",request-66-1-5
coalfired plants burn coal to generate electricity,the combustion process releases heat energy,request-66-2-0
the combustion process releases heat energy,"this heat energy is used to power a combined cycle turbine, generating mechanical energy",request-66-2-1
"this heat energy is used to power a combined cycle turbine, generating mechanical energy",the mechanical energy is converted into electrical energy,request-66-2-2
the mechanical energy is converted into electrical energy,the electricity is then transmitted through power lines to data centers,request-66-2-3
the electricity is then transmitted through power lines to data centers,"in data centers, the electricity is used to power servers and other equipment",request-66-2-4
"in data centers, the electricity is used to power servers and other equipment","the operation of these servers generates heat, which is then dissipated into the environment through cooling systems",request-66-2-5
natural cycles,> changes in earth's orbit and tilt,request-68-0-0
> changes in earth's orbit and tilt,> alters the amount of solar radiation received at different latitudes,request-68-0-1
> alters the amount of solar radiation received at different latitudes,> causes changes in ocean currents and wind patterns,request-68-0-2
> causes changes in ocean currents and wind patterns,> affects global climate,request-68-0-3
> affects global climate,> contributes to global warming,request-68-0-4
natural cycles,> volcanic activity,request-68-1-0
> volcanic activity,> releases large amounts of greenhouse gases  into the atmosphere,request-68-1-1
> releases large amounts of greenhouse gases  into the atmosphere,> increases the greenhouse effect,request-68-1-2
> increases the greenhouse effect,> contributes to global warming,request-68-1-3
natural cycles,> changes in ocean currents,request-68-2-0
> changes in ocean currents,> alters the distribution of heat in the oceans,request-68-2-1
> alters the distribution of heat in the oceans,> affects global climate,request-68-2-2
> affects global climate,> contributes to global warming,request-68-2-3
natural cycles,> changes in vegetation and land cover,request-68-3-0
> changes in vegetation and land cover,> alters the earth's albedo,request-68-3-1
> alters the earth's albedo,> affects the amount of solar radiation absorbed by the earth,request-68-3-2
> affects the amount of solar radiation absorbed by the earth,> contributes to global warming,request-68-3-3
natural cycles,> changes in solar activity,request-68-4-0
> changes in solar activity,> alters the amount of solar radiation reaching earth,request-68-4-1
> alters the amount of solar radiation reaching earth,> affects global climate,request-68-4-2
> affects global climate,> contributes to global warming,request-68-4-3
natural cycles,> changes in atmospheric composition,request-68-5-0
> changes in atmospheric composition,> alters the greenhouse effect,request-68-5-1
> alters the greenhouse effect,> contributes to global warming,request-68-5-2
increased co2 emissions,increase in atmospheric co2 concentration,request-69-0-0
increase in atmospheric co2 concentration,enhanced greenhouse effect,request-69-0-1
enhanced greenhouse effect,increased absorption of infrared radiation by the atmosphere,request-69-0-2
increased absorption of infrared radiation by the atmosphere,increased heating of the atmosphere and earth's surface,request-69-0-3
increased heating of the atmosphere and earth's surface,rising global temperatures,request-69-0-4
increased co2 emissions,increase in atmospheric co2 concentration,request-69-1-0
increase in atmospheric co2 concentration,ocean acidification,request-69-1-1
ocean acidification,disruption of marine ecosystems and coral reefs,request-69-1-2
disruption of marine ecosystems and coral reefs,reduced carbon uptake by oceans,request-69-1-3
reduced carbon uptake by oceans,further increase in atmospheric co2 concentration,request-69-1-4
further increase in atmospheric co2 concentration,enhanced greenhouse effect,request-69-1-5
enhanced greenhouse effect,increased absorption of infrared radiation by the atmosphere,request-69-1-6
increased absorption of infrared radiation by the atmosphere,increased heating of the atmosphere and earth's surface,request-69-1-7
increased heating of the atmosphere and earth's surface,rising global temperatures,request-69-1-8
increased co2 emissions,increase in atmospheric co2 concentration,request-69-2-0
increase in atmospheric co2 concentration,changes in cloud cover and properties,request-69-2-1
changes in cloud cover and properties,alteration of earth's radiation budget,request-69-2-2
alteration of earth's radiation budget,increased heating of the atmosphere and earth's surface,request-69-2-3
increased heating of the atmosphere and earth's surface,rising global temperatures,request-69-2-4
increased co2 emissions,increase in atmospheric co2 concentration,request-69-3-0
increase in atmospheric co2 concentration,acceleration of the water cycle,request-69-3-1
acceleration of the water cycle,changes in precipitation patterns,request-69-3-2
changes in precipitation patterns,increased frequency of extreme weather events,request-69-3-3
increased frequency of extreme weather events,increased heating of the atmosphere and earth's surface,request-69-3-4
increased heating of the atmosphere and earth's surface,rising global temperatures,request-69-3-5
volcanic eruptions release carbon dioxide  into the atmosphere as part of natural cycles,"increased co2 levels enhance the greenhouse effect, trapping more heat in the atmosphere",request-70-0-0
"increased co2 levels enhance the greenhouse effect, trapping more heat in the atmosphere",this,request-70-0-1
"forest fires, occurring naturally, release co2 and other greenhouse gases","increased greenhouse gases in the atmosphere trap more heat, contributing to global warming",request-70-1-0
"increased greenhouse gases in the atmosphere trap more heat, contributing to global warming",global warming contributes to climate change,request-70-1-1
methane  is naturally released from wetlands and termite activity,"ch4 is a potent greenhouse gas, trapping more heat in the atmosphere",request-70-2-0
"ch4 is a potent greenhouse gas, trapping more heat in the atmosphere",increased heat trapping contributes to global warming and climate change,request-70-2-1
"solar radiation naturally varies over long periods, affecting earth's climate",changes in solar radiation can lead to shifts in global temperatures,request-70-3-0
changes in solar radiation can lead to shifts in global temperatures,these temperature shifts contribute to climate change,request-70-3-1
ocean currents distribute heat around the globe as part of natural cycles,changes in ocean currents can alter regional climates,request-70-4-0
changes in ocean currents can alter regional climates,these climate alterations contribute to global climate change,request-70-4-1
natural weathering processes release co2 from rocks,increased co2 levels enhance the greenhouse effect,request-70-5-0
increased co2 levels enhance the greenhouse effect,this contributes to global warming and climate change,request-70-5-1
excess of co2,causes,request-71-0-0
causes,increased photosynthesis in plants,request-71-0-1
increased photosynthesis in plants,which,request-71-0-2
which,increased plant growth,request-71-0-3
increased plant growth,resulting in,request-71-0-4
resulting in,increased biomass,request-71-0-5
excess of co2,causes,request-71-1-0
causes,increased temperature,request-71-1-1
increased temperature,which,request-71-1-2
which,longer growing seasons,request-71-1-3
longer growing seasons,resulting in,request-71-1-4
resulting in,increased plant growth,request-71-1-5
increased plant growth,and ultimately,request-71-1-6
and ultimately,increased biomass,request-71-1-7
excess of co2,causes,request-71-2-0
causes,ocean acidification,request-71-2-1
ocean acidification,which,request-71-2-2
which,decreased calcification in marine organisms,request-71-2-3
decreased calcification in marine organisms,resulting in,request-71-2-4
resulting in,increased availability of nutrients,request-71-2-5
increased availability of nutrients,which promotes,request-71-2-6
which promotes,increased phytoplankton growth,request-71-2-7
increased phytoplankton growth,and ultimately,request-71-2-8
and ultimately,increased biomass in marine ecosystems,request-71-2-9
excess of co2,causes,request-71-3-0
causes,increased carbon uptake by soils,request-71-3-1
increased carbon uptake by soils,which,request-71-3-2
which,increased soil organic matter,request-71-3-3
increased soil organic matter,resulting in,request-71-3-4
resulting in,increased biomass in soils,request-71-3-5
co2 concentration in the atmosphere increases,increased co2,request-73-0-0
increased co2,enhanced photosynthesis causes plants to grow more and larger leaves,request-73-0-1
enhanced photosynthesis causes plants to grow more and larger leaves,increased leaf area,request-73-0-2
increased leaf area,greater plant biomass and cover results in the greening of the planet,request-73-0-3
co2 concentration in the atmosphere increases,"increased co2 causes the atmosphere to retain more heat, leading to global warming",request-73-1-0
"increased co2 causes the atmosphere to retain more heat, leading to global warming",global warming extends the growing season for plants,request-73-1-1
global warming extends the growing season for plants,longer growing seasons allow plants to produce more biomass,request-73-1-2
longer growing seasons allow plants to produce more biomass,increased plant biomass results in the greening of the planet,request-73-1-3
co2 concentration in the atmosphere increases,"increased co2 promotes the growth of certain plants, particularly those with c3 carbon fixation pathways",request-73-2-0
"increased co2 promotes the growth of certain plants, particularly those with c3 carbon fixation pathways",these plants outcompete other plant species for resources,request-73-2-1
these plants outcompete other plant species for resources,this,request-73-2-2
this,this shift in plant communities results in the greening of the planet,request-73-2-3
temperature changes in the ocean,> changes in ocean currents,request-74-0-0
> changes in ocean currents,> altered atmospheric circulation patterns,request-74-0-1
> altered atmospheric circulation patterns,> changes in plant life cycles and growth rates,request-74-0-2
> changes in plant life cycles and growth rates,> increased plant respiration,request-74-0-3
> increased plant respiration,> release of co2 into the atmosphere,request-74-0-4
> release of co2 into the atmosphere,> increase in co2,request-74-0-5
temperature changes in the ocean,> melting of polar ice caps,request-74-1-0
> melting of polar ice caps,> sea level rise,request-74-1-1
> sea level rise,> changes in ocean ph levels,request-74-1-2
> changes in ocean ph levels,> reduced oceanic absorption of co2,request-74-1-3
> reduced oceanic absorption of co2,> increase in co2 in the atmosphere,request-74-1-4
> increase in co2 in the atmosphere,> increase in co2,request-74-1-5
solar changes,influence solar radiation,request-75-0-0
influence solar radiation,alter earth's climate,request-75-0-1
alter earth's climate,change atmospheric circulation,request-75-0-2
change atmospheric circulation,modify ocean currents,request-75-0-3
modify ocean currents,temperature changes in the ocean,request-75-0-4
solar changes,impact earth's orbit and axial tilt,request-75-1-0
impact earth's orbit and axial tilt,cause variations in insolation,request-75-1-1
cause variations in insolation,change ocean surface temperature,request-75-1-2
change ocean surface temperature,temperature changes in the ocean,request-75-1-3
solar changes,alter uv radiation,request-75-2-0
alter uv radiation,influence cloud formation,request-75-2-1
influence cloud formation,change ocean albedo,request-75-2-2
change ocean albedo,modify ocean heat absorption,request-75-2-3
modify ocean heat absorption,temperature changes in the ocean,request-75-2-4
solar changes,impact cosmic rays,request-75-3-0
impact cosmic rays,affect cloud formation,request-75-3-1
affect cloud formation,change ocean albedo,request-75-3-2
change ocean albedo,modify ocean heat absorption,request-75-3-3
modify ocean heat absorption,temperature changes in the ocean,request-75-3-4
solar changes,alter earth's magnetic field,request-75-4-0
alter earth's magnetic field,change cosmic ray penetration,request-75-4-1
change cosmic ray penetration,affect cloud formation,request-75-4-2
affect cloud formation,change ocean albedo,request-75-4-3
change ocean albedo,modify ocean heat absorption,request-75-4-4
modify ocean heat absorption,temperature changes in the ocean,request-75-4-5
investing in uranium mining stocks,increased demand for uranium,request-76-0-0
increased demand for uranium,expansion of nuclear power plant construction,request-76-0-1
expansion of nuclear power plant construction,increased electricity generation from nuclear power,request-76-0-2
increased electricity generation from nuclear power,reduced reliance on fossil fuels for electricity,request-76-0-3
reduced reliance on fossil fuels for electricity,decreased emissions of greenhouse gases and pollutants,request-76-0-4
decreased emissions of greenhouse gases and pollutants,reduction in air pollution,request-76-0-5
investing in uranium mining stocks,increased demand for uranium,request-76-1-0
increased demand for uranium,expansion of nuclear power plant construction,request-76-1-1
expansion of nuclear power plant construction,increased electricity generation from nuclear power,request-76-1-2
increased electricity generation from nuclear power,improved energy security and stability,request-76-1-3
improved energy security and stability,reduced need for imports of fossil fuels,request-76-1-4
reduced need for imports of fossil fuels,decreased emissions of pollutants associated with fossil fuel transportation and storage,request-76-1-5
decreased emissions of pollutants associated with fossil fuel transportation and storage,reduction in air pollution,request-76-1-6
investing in uranium mining stocks,increased demand for uranium,request-76-2-0
increased demand for uranium,expansion of nuclear power plant construction,request-76-2-1
expansion of nuclear power plant construction,increased electricity generation from nuclear power,request-76-2-2
increased electricity generation from nuclear power,improved grid stability and reliability,request-76-2-3
improved grid stability and reliability,reduced need for fossil fuelbased peaking plants,request-76-2-4
reduced need for fossil fuelbased peaking plants,decreased emissions of pollutants from fossil fuel power plants,request-76-2-5
decreased emissions of pollutants from fossil fuel power plants,reduction in air pollution,request-76-2-6
investing in uranium mining stocks,increase in demand for uranium,request-77-0-0
increase in demand for uranium,expansion of uranium mining operations,request-77-0-1
expansion of uranium mining operations,increased fossil fuel usage due to uranium mining,request-77-0-2
increased fossil fuel usage due to uranium mining,increased greenhouse gas emissions,request-77-0-3
increased greenhouse gas emissions,accelerated global warming,request-77-0-4
accelerated global warming,climate change,request-77-0-5
investing in uranium mining stocks,increase in demand for uranium,request-77-1-0
increase in demand for uranium,expansion of uranium mining operations,request-77-1-1
expansion of uranium mining operations,increased energy production from nuclear power plants,request-77-1-2
increased energy production from nuclear power plants,reduced investment in renewable energy sources,request-77-1-3
reduced investment in renewable energy sources,slower transition to lowcarbon economy,request-77-1-4
slower transition to lowcarbon economy,increased greenhouse gas emissions,request-77-1-5
increased greenhouse gas emissions,accelerated global warming,request-77-1-6
accelerated global warming,climate change,request-77-1-7
investing in uranium mining stocks,increase in demand for uranium,request-77-2-0
increase in demand for uranium,expansion of uranium mining operations,request-77-2-1
expansion of uranium mining operations,environmental degradation,request-77-2-2
environmental degradation,disruption of local ecosystems,request-77-2-3
disruption of local ecosystems,reduced biodiversity,request-77-2-4
reduced biodiversity,impaired ecosystem services,request-77-2-5
impaired ecosystem services,climate change ,request-77-2-6
investing in uranium mining stocks,increase in uranium mining activities,request-78-0-0
increase in uranium mining activities,increased use of heavy machinery and vehicles at mining sites,request-78-0-1
increased use of heavy machinery and vehicles at mining sites,increased emission of diesel exhaust and other pollutants,request-78-0-2
increased emission of diesel exhaust and other pollutants,formation of groundlevel ozone and other harmful pollutants,request-78-0-3
formation of groundlevel ozone and other harmful pollutants,toxic air pollution,request-78-0-4
investing in uranium mining stocks,increase in uranium mining activities,request-78-1-0
increase in uranium mining activities,increased use of explosives for mining,request-78-1-1
increased use of explosives for mining,release of radioactive particles into the atmosphere,request-78-1-2
release of radioactive particles into the atmosphere,contamination of air and water sources,request-78-1-3
contamination of air and water sources,toxic air pollution,request-78-1-4
investing in uranium mining stocks,increase in uranium mining activities,request-78-2-0
increase in uranium mining activities,increased transportation of uranium ore,request-78-2-1
increased transportation of uranium ore,increased vehicle emissions during transportation,request-78-2-2
increased vehicle emissions during transportation,formation of groundlevel ozone and other harmful pollutants,request-78-2-3
formation of groundlevel ozone and other harmful pollutants,toxic air pollution,request-78-2-4
investing in uranium mining stocks,increase in uranium mining activities,request-78-3-0
increase in uranium mining activities,increased demand for electricity due to mining operations,request-78-3-1
increased demand for electricity due to mining operations,increased coal burning for electricity generation,request-78-3-2
increased coal burning for electricity generation,increased emission of sulfur dioxide and other pollutants,request-78-3-3
increased emission of sulfur dioxide and other pollutants,formation of acid rain and toxic air pollution,request-78-3-4
safe carbonfree nuclear energy,production of nuclear waste,request-79-0-0
production of nuclear waste,improper storage or disposal of nuclear waste,request-79-0-1
improper storage or disposal of nuclear waste,leakage of radioactive materials into the environment,request-79-0-2
leakage of radioactive materials into the environment,contamination of soil and water sources,request-79-0-3
contamination of soil and water sources,ingestion or inhalation of contaminated substances by humans and animals,request-79-0-4
ingestion or inhalation of contaminated substances by humans and animals,release of toxic gases and particles due to burning of contaminated biomass or fossil fuels,request-79-0-5
release of toxic gases and particles due to burning of contaminated biomass or fossil fuels,toxic air pollution,request-79-0-6
safe carbonfree nuclear energy,production of nuclear waste,request-79-1-0
production of nuclear waste,transportation of nuclear waste for storage or disposal,request-79-1-1
transportation of nuclear waste for storage or disposal,accidents during transportation leading to release of radioactive materials,request-79-1-2
accidents during transportation leading to release of radioactive materials,contamination of soil and water sources,request-79-1-3
contamination of soil and water sources,ingestion or inhalation of contaminated substances by humans and animals,request-79-1-4
ingestion or inhalation of contaminated substances by humans and animals,release of toxic gases and particles due to burning of contaminated biomass or fossil fuels,request-79-1-5
release of toxic gases and particles due to burning of contaminated biomass or fossil fuels,toxic air pollution,request-79-1-6
safe carbonfree nuclear energy,production of nuclear waste,request-79-2-0
production of nuclear waste,storage of nuclear waste in geological repositories,request-79-2-1
storage of nuclear waste in geological repositories,leakage of radioactive materials into the environment over time due to repository degradation,request-79-2-2
leakage of radioactive materials into the environment over time due to repository degradation,contamination of soil and water sources,request-79-2-3
contamination of soil and water sources,ingestion or inhalation of contaminated substances by humans and animals,request-79-2-4
ingestion or inhalation of contaminated substances by humans and animals,release of toxic gases and particles due to burning of contaminated biomass or fossil fuels,request-79-2-5
release of toxic gases and particles due to burning of contaminated biomass or fossil fuels,toxic air pollution,request-79-2-6
loss from forest fires,increase in deforestation,request-81-0-0
increase in deforestation,decrease in carbon absorption,request-81-0-1
decrease in carbon absorption,increase in atmospheric carbon dioxide,request-81-0-2
increase in atmospheric carbon dioxide,increase in carbon emissions,request-81-0-3
loss from forest fires,increase in logging activity,request-81-1-0
increase in logging activity,increase in wood burning for energy,request-81-1-1
increase in wood burning for energy,increase in carbon emissions,request-81-1-2
loss from forest fires,increase in soil erosion,request-81-2-0
increase in soil erosion,decrease in soil carbon storage,request-81-2-1
decrease in soil carbon storage,increase in atmospheric carbon dioxide,request-81-2-2
increase in atmospheric carbon dioxide,increase in carbon emissions,request-81-2-3
loss from forest fires,increase in mining activity,request-81-3-0
increase in mining activity,increase in fossil fuel usage,request-81-3-1
increase in fossil fuel usage,increase in carbon emissions,request-81-3-2
methane release from soil during forest fires,accumulation of methane gas in the air,request-82-0-0
accumulation of methane gas in the air,ignition of methane gas by an ignition source,request-82-0-1
ignition of methane gas by an ignition source,start of a forest fire,request-82-0-2
start of a forest fire,spread of fire to nearby trees and vegetation,request-82-0-3
spread of fire to nearby trees and vegetation,increased heat and intensity of the fire,request-82-0-4
increased heat and intensity of the fire,release of more methane and other flammable gases from burning vegetation,request-82-0-5
release of more methane and other flammable gases from burning vegetation,further acceleration of the fire's spread and intensity,request-82-0-6
further acceleration of the fire's spread and intensity,firefighters detect and respond to the fire,request-82-0-7
firefighters detect and respond to the fire,firefighters assess the situation and plan their approach,request-82-0-8
firefighters assess the situation and plan their approach,firefighters deploy resources and equipment to combat the fire,request-82-0-9
firefighters deploy resources and equipment to combat the fire,firefighters use various methods to extinguish the fire,request-82-0-10
firefighters use various methods to extinguish the fire,fire extinguishment,request-82-0-11
methane release from soil during forest fires,accumulation of methane gas in the air,request-82-1-0
accumulation of methane gas in the air,ignition of methane gas by an ignition source,request-82-1-1
ignition of methane gas by an ignition source,start of a forest fire,request-82-1-2
start of a forest fire,spread of fire to nearby trees and vegetation,request-82-1-3
spread of fire to nearby trees and vegetation,increased heat and intensity of the fire,request-82-1-4
increased heat and intensity of the fire,release of more methane and other flammable gases from burning vegetation,request-82-1-5
release of more methane and other flammable gases from burning vegetation,further acceleration of the fire's spread and intensity,request-82-1-6
further acceleration of the fire's spread and intensity,firefighters detect and respond to the fire,request-82-1-7
firefighters detect and respond to the fire,firefighters assess the situation and plan their approach,request-82-1-8
firefighters assess the situation and plan their approach,firefighters request additional resources and support,request-82-1-9
firefighters request additional resources and support,additional resources  arrive and assist in fire suppression,request-82-1-10
additional resources  arrive and assist in fire suppression,fire extinguishment,request-82-1-11
methane release from soil during forest fires,accumulation of methane gas in the air,request-82-2-0
accumulation of methane gas in the air,ignition of methane gas by an ignition source,request-82-2-1
ignition of methane gas by an ignition source,start of a forest fire,request-82-2-2
start of a forest fire,spread of fire to nearby trees and vegetation,request-82-2-3
spread of fire to nearby trees and vegetation,increased heat and intensity of the fire,request-82-2-4
increased heat and intensity of the fire,release of more methane and other flammable gases from burning vegetation,request-82-2-5
release of more methane and other flammable gases from burning vegetation,further acceleration of the fire's spread and intensity,request-82-2-6
further acceleration of the fire's spread and intensity,firefighters detect and respond to the fire,request-82-2-7
firefighters detect and respond to the fire,firefighters assess the situation and plan their approach,request-82-2-8
firefighters assess the situation and plan their approach,firefighters implement containment strategies,request-82-2-9
firefighters implement containment strategies,containment of the fire within a specific area,request-82-2-10
containment of the fire within a specific area,fire extinguishment,request-82-2-11
co2 emissions,increased atmospheric co2 concentration,request-83-0-0
increased atmospheric co2 concentration,enhanced greenhouse effect,request-83-0-1
enhanced greenhouse effect,rising global temperatures,request-83-0-2
rising global temperatures,increased ocean temperatures,request-83-0-3
increased ocean temperatures,reduced ocean's ability to absorb co2,request-83-0-4
reduced ocean's ability to absorb co2,decreased ocean alkalinity,request-83-0-5
decreased ocean alkalinity,ocean acidification,request-83-0-6
co2 emissions,increased atmospheric co2 concentration,request-83-1-0
increased atmospheric co2 concentration,enhanced greenhouse effect,request-83-1-1
enhanced greenhouse effect,rising global temperatures,request-83-1-2
rising global temperatures,increased ocean temperatures,request-83-1-3
increased ocean temperatures,reduced ocean's ability to absorb co2,request-83-1-4
reduced ocean's ability to absorb co2,increased co2 dissolution in ocean,request-83-1-5
increased co2 dissolution in ocean,formation of carbonic acid,request-83-1-6
formation of carbonic acid,dissociation of carbonic acid,request-83-1-7
dissociation of carbonic acid,release of hydrogen ions,request-83-1-8
release of hydrogen ions,ocean acidification,request-83-1-9
co2 emissions,increased atmospheric co2 concentration,request-83-2-0
increased atmospheric co2 concentration,enhanced greenhouse effect,request-83-2-1
enhanced greenhouse effect,rising global temperatures,request-83-2-2
rising global temperatures,increased ocean temperatures,request-83-2-3
increased ocean temperatures,reduced ocean's ability to absorb co2,request-83-2-4
reduced ocean's ability to absorb co2,increased co2 dissolution in ocean,request-83-2-5
increased co2 dissolution in ocean,formation of carbonic acid,request-83-2-6
formation of carbonic acid,dissociation of carbonic acid,request-83-2-7
dissociation of carbonic acid,release of hydrogen ions,request-83-2-8
release of hydrogen ions,decreased ph of ocean,request-83-2-9
decreased ph of ocean,ocean acidification,request-83-2-10
increase in co2,rise in global temperatures,request-84-0-0
rise in global temperatures,melting of polar ice caps,request-84-0-1
melting of polar ice caps,sea level rise,request-84-0-2
sea level rise,coastal habitats destroyed,request-84-0-3
coastal habitats destroyed,decrease in biodiversity,request-84-0-4
decrease in biodiversity,improvement in the health of ocean life,request-84-0-5
increase in co2,ocean acidification,request-84-1-0
ocean acidification,decrease in calcification rates,request-84-1-1
decrease in calcification rates,weakening of coral reef structures,request-84-1-2
weakening of coral reef structures,destabilization of marine ecosystems,request-84-1-3
destabilization of marine ecosystems,improvement in the health of ocean life,request-84-1-4
increase in co2,rise in global temperatures,request-84-2-0
rise in global temperatures,changes in ocean currents,request-84-2-1
changes in ocean currents,shifting of marine species ranges,request-84-2-2
shifting of marine species ranges,increased competition for resources,request-84-2-3
increased competition for resources,adaptation and resilience of some ocean species,request-84-2-4
adaptation and resilience of some ocean species,improvement in the health of ocean life,request-84-2-5
increase in co2,rise in global temperatures,request-84-3-0
rise in global temperatures,increased frequency of marine heatwaves,request-84-3-1
increased frequency of marine heatwaves,mass bleaching of corals,request-84-3-2
mass bleaching of corals,decline in coral populations,request-84-3-3
decline in coral populations,recovery of other marine species in the vacated habitats,request-84-3-4
recovery of other marine species in the vacated habitats,improvement in the health of ocean life,request-84-3-5
excess of co2,causes,request-85-0-0
causes,increased photosynthesis in plants,request-85-0-1
increased photosynthesis in plants,which,request-85-0-2
which,increased plant growth,request-85-0-3
increased plant growth,resulting in,request-85-0-4
resulting in,increased biomass,request-85-0-5
excess of co2,causes,request-85-1-0
causes,increased temperature,request-85-1-1
increased temperature,which,request-85-1-2
which,longer growing seasons,request-85-1-3
longer growing seasons,resulting in,request-85-1-4
resulting in,increased plant growth,request-85-1-5
increased plant growth,and ultimately,request-85-1-6
and ultimately,increased biomass,request-85-1-7
excess of co2,causes,request-85-2-0
causes,ocean acidification,request-85-2-1
ocean acidification,which,request-85-2-2
which,decreased calcification in marine organisms,request-85-2-3
decreased calcification in marine organisms,resulting in,request-85-2-4
resulting in,increased availability of nutrients,request-85-2-5
increased availability of nutrients,which promotes,request-85-2-6
which promotes,increased phytoplankton growth,request-85-2-7
increased phytoplankton growth,and ultimately,request-85-2-8
and ultimately,increased biomass in marine ecosystems,request-85-2-9
excess of co2,causes,request-85-3-0
causes,increased carbon uptake by soils,request-85-3-1
increased carbon uptake by soils,which,request-85-3-2
which,increased soil organic matter,request-85-3-3
increased soil organic matter,resulting in,request-85-3-4
resulting in,increased biomass in soils,request-85-3-5
cars burn fossil fuels like gasoline and diesel for energy,this releases carbon dioxide  and other greenhouse gases into the atmosphere,request-89-0-0
this releases carbon dioxide  and other greenhouse gases into the atmosphere,"greenhouse gases trap heat in the atmosphere, contributing to global warming",request-89-0-1
"greenhouse gases trap heat in the atmosphere, contributing to global warming",global warming,request-89-0-2
"cars produce exhaust fumes, including nitrogen oxides  and particulate matter","nox reacts with other chemicals in the air to form groundlevel ozone, a harmful air pollutant",request-89-1-0
"nox reacts with other chemicals in the air to form groundlevel ozone, a harmful air pollutant","groundlevel ozone contributes to smog and poor air quality, which can lead to health issues",request-89-1-1
"groundlevel ozone contributes to smog and poor air quality, which can lead to health issues",poor air quality also contributes to climate change by affecting the earth's radiation balance and the chemical processes in the atmosphere,request-89-1-2
"cars require roads and infrastructure, which often lead to deforestation and habitat destruction",deforestation reduces the number of trees available to absorb co2 from the atmosphere,request-89-2-0
deforestation reduces the number of trees available to absorb co2 from the atmosphere,this decrease in co2 absorption contributes to the buildup of greenhouse gases in the atmosphere,request-89-2-1
this decrease in co2 absorption contributes to the buildup of greenhouse gases in the atmosphere,greenhouse gas buildup,request-89-2-2
cars are typically manufactured using energyintensive processes that release co2 emissions,these emissions contribute to the buildup of greenhouse gases in the atmosphere,request-89-3-0
these emissions contribute to the buildup of greenhouse gases in the atmosphere,greenhouse gas buildup,request-89-3-1
climate change causes shifts in weather patterns,shifts in weather patterns lead to changes in precipitation patterns,request-90-0-0
shifts in weather patterns lead to changes in precipitation patterns,changes in precipitation patterns cause droughts and floods in various regions,request-90-0-1
changes in precipitation patterns cause droughts and floods in various regions,droughts and floods damage agricultural lands and reduce crop yields,request-90-0-2
droughts and floods damage agricultural lands and reduce crop yields,reduced crop yields lead to a decrease in the supply of fresh foods,request-90-0-3
reduced crop yields lead to a decrease in the supply of fresh foods,"the decrease in supply, coupled with increasing demand, causes prices for fresh foods to escalate",request-90-0-4
climate change increases global temperatures,increased temperatures cause sea levels to rise,request-90-1-0
increased temperatures cause sea levels to rise,sea level rise,request-90-1-1
sea level rise,"saltwater intrusion contaminates freshwater resources, making them unusable for agriculture",request-90-1-2
"saltwater intrusion contaminates freshwater resources, making them unusable for agriculture",the loss of freshwater resources reduces the availability of irrigation water for farming,request-90-1-3
the loss of freshwater resources reduces the availability of irrigation water for farming,reduced irrigation water,request-90-1-4
reduced irrigation water,"the decrease in supply, combined with stable or increasing demand, causes prices for fresh foods to escalate",request-90-1-5
climate change alters the timing and intensity of seasons,altered seasons disrupt the life cycles of crops and pests,request-90-2-0
altered seasons disrupt the life cycles of crops and pests,disrupted life cycles lead to increased pest infestations and diseases in crops,request-90-2-1
disrupted life cycles lead to increased pest infestations and diseases in crops,increased pests and diseases cause crop losses and reduce yields,request-90-2-2
increased pests and diseases cause crop losses and reduce yields,reduced yields lead to a decrease in the supply of fresh foods,request-90-2-3
reduced yields lead to a decrease in the supply of fresh foods,"the decrease in supply, coupled with increasing demand and higher production costs due to climaterelated issues, causes prices for fresh foods to escalate",request-90-2-4
mismanagement of god's work,lack of stewardship,request-95-0-0
lack of stewardship,deforestation and loss of biodiversity,request-95-0-1
deforestation and loss of biodiversity,disruption of carbon sinks,request-95-0-2
disruption of carbon sinks,increase in atmospheric carbon dioxide,request-95-0-3
increase in atmospheric carbon dioxide,global warming,request-95-0-4
global warming,climate change,request-95-0-5
mismanagement of god's work,neglect of environmental regulations and policies,request-95-1-0
neglect of environmental regulations and policies,increased industrial activity,request-95-1-1
increased industrial activity,increased greenhouse gas emissions,request-95-1-2
increased greenhouse gas emissions,global warming,request-95-1-3
global warming,climate change,request-95-1-4
mismanagement of god's work,disregard for traditional ecological knowledge,request-95-2-0
disregard for traditional ecological knowledge,loss of sustainable practices,request-95-2-1
loss of sustainable practices,overreliance on fossil fuels,request-95-2-2
overreliance on fossil fuels,increased carbon emissions,request-95-2-3
increased carbon emissions,global warming,request-95-2-4
global warming,climate change,request-95-2-5
mismanagement of god's work,lack of investment in renewable energy,request-95-3-0
lack of investment in renewable energy,dependence on nonrenewable resources,request-95-3-1
dependence on nonrenewable resources,increased mining and drilling activities,request-95-3-2
increased mining and drilling activities,increased greenhouse gas emissions,request-95-3-3
increased greenhouse gas emissions,global warming,request-95-3-4
global warming,climate change,request-95-3-5
mismanagement of god's work,ignoring the importance of rest days,request-95-4-0
ignoring the importance of rest days,continuous exploitation of resources without rest,request-95-4-1
continuous exploitation of resources without rest,depletion of resources,request-95-4-2
depletion of resources,increased pressure on ecosystems,request-95-4-3
increased pressure on ecosystems,disruption of carbon cycles,request-95-4-4
disruption of carbon cycles,increase in atmospheric carbon dioxide,request-95-4-5
increase in atmospheric carbon dioxide,global warming,request-95-4-6
global warming,climate change,request-95-4-7
human activity,energy production,request-96-0-0
energy production,fossil fuel burning,request-96-0-1
fossil fuel burning,carbon dioxide emission,request-96-0-2
carbon dioxide emission,increased greenhouse gas concentrations,request-96-0-3
human activity,industrial processes,request-96-1-0
industrial processes,chemical reactions,request-96-1-1
chemical reactions,emission of greenhouse gases,request-96-1-2
emission of greenhouse gases,increased greenhouse gas concentrations,request-96-1-3
human activity,agriculture,request-96-2-0
agriculture,livestock farming,request-96-2-1
livestock farming,methane emissions,request-96-2-2
methane emissions,increased greenhouse gas concentrations,request-96-2-3
human activity,deforestation,request-96-3-0
deforestation,loss of carbon sinks,request-96-3-1
loss of carbon sinks,increased atmospheric carbon dioxide,request-96-3-2
increased atmospheric carbon dioxide,increased greenhouse gas concentrations,request-96-3-3
human activity,transportation,request-96-4-0
transportation,fuel consumption,request-96-4-1
fuel consumption,carbon dioxide emission,request-96-4-2
carbon dioxide emission,increased greenhouse gas concentrations,request-96-4-3
human activity,waste management,request-96-5-0
waste management,landfill decomposition,request-96-5-1
landfill decomposition,methane emissions,request-96-5-2
methane emissions,increased greenhouse gas concentrations,request-96-5-3
foreign countries increase demand for timber,increased demand,request-97-0-0
increased demand,logging activities result in the clearing of forests,request-97-0-1
logging activities result in the clearing of forests,forest clearing,request-97-0-2
foreign countries invest in palm oil plantations,palm oil plantations require large areas of land,request-97-1-0
palm oil plantations require large areas of land,existing forests are cleared to make way for plantations,request-97-1-1
existing forests are cleared to make way for plantations,forest clearing,request-97-1-2
foreign countries promote unsustainable agricultural practices,unsustainable practices require large areas of land for farming,request-97-2-0
unsustainable practices require large areas of land for farming,existing forests are cleared for agricultural expansion,request-97-2-1
existing forests are cleared for agricultural expansion,forest clearing,request-97-2-2
foreign countries encourage biofuel production,biofuel production requires large amounts of plant material,request-97-3-0
biofuel production requires large amounts of plant material,forests are cleared to grow dedicated biofuel crops,request-97-3-1
forests are cleared to grow dedicated biofuel crops,forest clearing,request-97-3-2
foreign countries engage in illegal logging,illegal logging activities occur without proper regulation,request-97-4-0
illegal logging activities occur without proper regulation,lack of regulation,request-97-4-1
lack of regulation,excessive logging results in deforestation,request-97-4-2
heavy rainfall for an extended period,increased water flow in rivers and streams,request-98-0-0
increased water flow in rivers and streams,rivers and streams overflow their banks,request-98-0-1
rivers and streams overflow their banks,water spills onto surrounding land,request-98-0-2
water spills onto surrounding land,flooding occurs,request-98-0-3
snowmelt from a sudden thaw,increased water flow in rivers and streams,request-98-1-0
increased water flow in rivers and streams,rivers and streams overflow their banks,request-98-1-1
rivers and streams overflow their banks,water spills onto surrounding land,request-98-1-2
water spills onto surrounding land,flooding occurs,request-98-1-3
deforestation in the upstream area,reduced water absorption capacity of the land,request-98-2-0
reduced water absorption capacity of the land,increased water flow in rivers and streams,request-98-2-1
increased water flow in rivers and streams,rivers and streams overflow their banks,request-98-2-2
rivers and streams overflow their banks,water spills onto surrounding land,request-98-2-3
water spills onto surrounding land,flooding occurs,request-98-2-4
levee or dam failure,uncontrolled release of water,request-98-3-0
uncontrolled release of water,increased water flow in rivers and streams,request-98-3-1
increased water flow in rivers and streams,rivers and streams overflow their banks,request-98-3-2
rivers and streams overflow their banks,water spills onto surrounding land,request-98-3-3
water spills onto surrounding land,flooding occurs,request-98-3-4
ice jam formation in a river,backedup water behind the ice jam,request-98-4-0
backedup water behind the ice jam,increased water pressure,request-98-4-1
increased water pressure,river banks erode,request-98-4-2
river banks erode,water spills onto surrounding land,request-98-4-3
water spills onto surrounding land,flooding occurs,request-98-4-4
deforestation,soil erosion,request-99-0-0
soil erosion,loss of vegetation cover,request-99-0-1
loss of vegetation cover,intense rainfall,request-99-0-2
intense rainfall,saturated soil,request-99-0-3
saturated soil,landslide,request-99-0-4
deforestation,soil erosion,request-99-1-0
soil erosion,loss of soil stability,request-99-1-1
loss of soil stability,heavy rainfall,request-99-1-2
heavy rainfall,water infiltration,request-99-1-3
water infiltration,landslide,request-99-1-4
deforestation,loss of plant roots,request-99-2-0
loss of plant roots,weakened soil structure,request-99-2-1
weakened soil structure,intense rainfall,request-99-2-2
intense rainfall,saturated soil,request-99-2-3
saturated soil,landslide,request-99-2-4
deforestation,loss of vegetation cover,request-99-3-0
loss of vegetation cover,increased sunlight,request-99-3-1
increased sunlight,higher soil temperatures,request-99-3-2
higher soil temperatures,drying of soil,request-99-3-3
drying of soil,loss of soil stability,request-99-3-4
loss of soil stability,heavy rainfall,request-99-3-5
heavy rainfall,landslide,request-99-3-6
rise in global temperatures,melting of glaciers and polar ice caps,request-100-0-0
melting of glaciers and polar ice caps,increase in sea level,request-100-0-1
increase in sea level,inundation of coastal areas,request-100-0-2
inundation of coastal areas,soil erosion due to flooding,request-100-0-3
soil erosion due to flooding,reduction in soil stability,request-100-0-4
reduction in soil stability,land sliding,request-100-0-5
rise in global temperatures,changes in precipitation patterns,request-100-1-0
changes in precipitation patterns,increased frequency of heavy rainfall events,request-100-1-1
increased frequency of heavy rainfall events,saturation of soil,request-100-1-2
saturation of soil,reduced soil strength,request-100-1-3
reduced soil strength,land sliding,request-100-1-4
rise in global temperatures,increase in permafrost thawing,request-100-2-0
increase in permafrost thawing,loss of ground ice,request-100-2-1
loss of ground ice,reduction in soil support,request-100-2-2
reduction in soil support,land sliding,request-100-2-3
melting of glaciers,increase in water volume in rivers and lakes,request-101-0-0
increase in water volume in rivers and lakes,increased water pressure on slopes,request-101-0-1
increased water pressure on slopes,slope instability,request-101-0-2
slope instability,land sliding,request-101-0-3
melting of glaciers,sea level rise,request-101-1-0
sea level rise,coastal erosion,request-101-1-1
coastal erosion,loss of coastal vegetation and soil,request-101-1-2
loss of coastal vegetation and soil,reduced stability of coastal slopes,request-101-1-3
reduced stability of coastal slopes,land sliding,request-101-1-4
melting of glaciers,decrease in snowmelt water supply,request-101-2-0
decrease in snowmelt water supply,drought conditions,request-101-2-1
drought conditions,drying of soil,request-101-2-2
drying of soil,reduced soil cohesion,request-101-2-3
reduced soil cohesion,land sliding,request-101-2-4
melting of glaciers,groundwater recharge decrease,request-101-3-0
groundwater recharge decrease,lower groundwater table,request-101-3-1
lower groundwater table,loss of pore water pressure,request-101-3-2
loss of pore water pressure,reduced resistance to sliding,request-101-3-3
reduced resistance to sliding,land sliding,request-101-3-4
soil erosion,loss of vegetation cover,request-102-0-0
loss of vegetation cover,increased runoff,request-102-0-1
increased runoff,erosion of topsoil,request-102-0-2
erosion of topsoil,decrease in soil stability,request-102-0-3
decrease in soil stability,land sliding,request-102-0-4
soil erosion,loss of vegetation cover,request-102-1-0
loss of vegetation cover,increased runoff,request-102-1-1
increased runoff,erosion of topsoil,request-102-1-2
erosion of topsoil,exposure of underlying rock,request-102-1-3
exposure of underlying rock,rockslides,request-102-1-4
rockslides,land sliding,request-102-1-5
soil erosion,loss of vegetation cover,request-102-2-0
loss of vegetation cover,increased runoff,request-102-2-1
increased runoff,erosion of topsoil,request-102-2-2
erosion of topsoil,compaction of subsoil,request-102-2-3
compaction of subsoil,reduced infiltration,request-102-2-4
reduced infiltration,saturated soil,request-102-2-5
saturated soil,slope failure,request-102-2-6
slope failure,land sliding,request-102-2-7
soil erosion,loss of vegetation cover,request-102-3-0
loss of vegetation cover,increased runoff,request-102-3-1
increased runoff,erosion of topsoil,request-102-3-2
erosion of topsoil,loss of soil structure,request-102-3-3
loss of soil structure,decreased resistance to rainplash,request-102-3-4
decreased resistance to rainplash,further soil erosion,request-102-3-5
further soil erosion,increased risk of land sliding,request-102-3-6
earthquake,ground shaking,request-103-0-0
ground shaking,loosens soil,request-103-0-1
loosens soil,triggers landslide,request-103-0-2
earthquake,ground shaking,request-103-1-0
ground shaking,weakens slopes,request-103-1-1
weakens slopes,triggers landslide,request-103-1-2
earthquake,ground shaking,request-103-2-0
ground shaking,disrupts underground water,request-103-2-1
disrupts underground water,saturates soil,request-103-2-2
saturates soil,triggers landslide,request-103-2-3
earthquake,ground shaking,request-103-3-0
ground shaking,fractures bedrock,request-103-3-1
fractures bedrock,alters slope stability,request-103-3-2
alters slope stability,triggers landslide,request-103-3-3
deforestation,soil erosion,request-104-0-0
soil erosion,increased runoff,request-104-0-1
increased runoff,rivers filled with mud,request-104-0-2
deforestation,loss of vegetation,request-104-1-0
loss of vegetation,reduced water infiltration,request-104-1-1
reduced water infiltration,increased surface runoff,request-104-1-2
increased surface runoff,erosion of soil,request-104-1-3
erosion of soil,rivers filled with mud,request-104-1-4
deforestation,destruction of tree roots,request-104-2-0
destruction of tree roots,loss of soil stability,request-104-2-1
loss of soil stability,landslides,request-104-2-2
landslides,sediment transport,request-104-2-3
sediment transport,rivers filled with mud,request-104-2-4
deforestation,loss of vegetation,request-104-3-0
loss of vegetation,reduced water purification,request-104-3-1
reduced water purification,increased sediment in water,request-104-3-2
increased sediment in water,rivers filled with mud,request-104-3-3
deforestation,loss of animal habitat,request-104-4-0
loss of animal habitat,disruption of ecosystem,request-104-4-1
disruption of ecosystem,changes in precipitation patterns,request-104-4-2
changes in precipitation patterns,increased rainfall intensity,request-104-4-3
increased rainfall intensity,flash flooding,request-104-4-4
flash flooding,rivers filled with mud,request-104-4-5
rise in global temperatures,melting of polar ice caps,request-105-0-0
melting of polar ice caps,sea level rise,request-105-0-1
sea level rise,increased frequency of heavy rainfall events,request-105-0-2
increased frequency of heavy rainfall events,soil erosion,request-105-0-3
soil erosion,rivers filled with mud,request-105-0-4
rise in global temperatures,increased evaporation rates,request-105-1-0
increased evaporation rates,more frequent and intense storms,request-105-1-1
more frequent and intense storms,soil erosion,request-105-1-2
soil erosion,rivers filled with mud,request-105-1-3
rise in global temperatures,altered precipitation patterns,request-105-2-0
altered precipitation patterns,increased runoff from intense rainfall,request-105-2-1
increased runoff from intense rainfall,riverbank erosion,request-105-2-2
riverbank erosion,rivers filled with mud,request-105-2-3
rise in global temperatures,changes in vegetation patterns,request-105-3-0
changes in vegetation patterns,deforestation and land degradation,request-105-3-1
deforestation and land degradation,soil erosion,request-105-3-2
soil erosion,rivers filled with mud,request-105-3-3
rise in global temperatures,permafrost thaw,request-105-4-0
permafrost thaw,release of carbon and other nutrients,request-105-4-1
release of carbon and other nutrients,algal blooms,request-105-4-2
algal blooms,increased sediment in rivers,request-105-4-3
increased sediment in rivers,rivers filled with mud,request-105-4-4
melting of glaciers,increase in water volume,request-106-0-0
increase in water volume,increased water flow in rivers,request-106-0-1
increased water flow in rivers,erosion of riverbanks,request-106-0-2
erosion of riverbanks,soil and debris entering rivers,request-106-0-3
soil and debris entering rivers,rivers filled with mud,request-106-0-4
melting of glaciers,increase in water volume,request-106-1-0
increase in water volume,increased water flow in rivers,request-106-1-1
increased water flow in rivers,increased river current,request-106-1-2
increased river current,erosion of riverbed,request-106-1-3
erosion of riverbed,soil and debris entering rivers,request-106-1-4
soil and debris entering rivers,rivers filled with mud,request-106-1-5
melting of glaciers,increase in water volume,request-106-2-0
increase in water volume,increased water flow in rivers,request-106-2-1
increased water flow in rivers,flooding in surrounding areas,request-106-2-2
flooding in surrounding areas,soil and debris washed into rivers,request-106-2-3
soil and debris washed into rivers,rivers filled with mud,request-106-2-4
soil erosion,erosion of plant roots,request-107-0-0
erosion of plant roots,loss of vegetation cover,request-107-0-1
loss of vegetation cover,increased rainfall runoff,request-107-0-2
increased rainfall runoff,flash floods,request-107-0-3
flash floods,rivers filled with mud,request-107-0-4
soil erosion,erosion of topsoil,request-107-1-0
erosion of topsoil,loss of fertile soil,request-107-1-1
loss of fertile soil,reduced crop yield,request-107-1-2
reduced crop yield,increased poverty,request-107-1-3
increased poverty,desperate farmers clear more land,request-107-1-4
desperate farmers clear more land,deforestation,request-107-1-5
deforestation,loss of tree cover,request-107-1-6
loss of tree cover,increased rainfall runoff,request-107-1-7
increased rainfall runoff,flash floods,request-107-1-8
flash floods,rivers filled with mud,request-107-1-9
soil erosion,erosion of topsoil,request-107-2-0
erosion of topsoil,loss of fertile soil,request-107-2-1
loss of fertile soil,reduced crop yield,request-107-2-2
reduced crop yield,increased hunger,request-107-2-3
increased hunger,malnutrition,request-107-2-4
malnutrition,weaker immune system,request-107-2-5
weaker immune system,increased susceptibility to diseases,request-107-2-6
increased susceptibility to diseases,high mortality rates,request-107-2-7
high mortality rates,reduced workforce,request-107-2-8
reduced workforce,less maintenance of river infrastructure,request-107-2-9
less maintenance of river infrastructure,rivers filled with mud,request-107-2-10
soil erosion,erosion of topsoil,request-107-3-0
erosion of topsoil,loss of fertile soil,request-107-3-1
loss of fertile soil,reduced crop yield,request-107-3-2
reduced crop yield,increased unemployment,request-107-3-3
increased unemployment,economic downturn,request-107-3-4
economic downturn,decreased investment in environmental conservation,request-107-3-5
decreased investment in environmental conservation,neglect of river management,request-107-3-6
neglect of river management,rivers filled with mud,request-107-3-7
soil erosion,erosion of topsoil,request-107-4-0
erosion of topsoil,loss of fertile soil,request-107-4-1
loss of fertile soil,reduced crop yield,request-107-4-2
reduced crop yield,increased migration,request-107-4-3
increased migration,overcrowding in urban areas,request-107-4-4
overcrowding in urban areas,increased pressure on infrastructure,request-107-4-5
increased pressure on infrastructure,neglect of river management,request-107-4-6
neglect of river management,rivers filled with mud,request-107-4-7
earthquake,ground shaking,request-108-0-0
ground shaking,ground liquefaction,request-108-0-1
ground liquefaction,ground losing strength,request-108-0-2
ground losing strength,soil and rock moving downhill,request-108-0-3
soil and rock moving downhill,debris flow,request-108-0-4
debris flow,rivers filled with mud,request-108-0-5
earthquake,ground shaking,request-108-1-0
ground shaking,ground fracturing,request-108-1-1
ground fracturing,landlides,request-108-1-2
landlides,debris entering rivers,request-108-1-3
debris entering rivers,rivers filled with mud,request-108-1-4
earthquake,ground shaking,request-108-2-0
ground shaking,dams failing,request-108-2-1
dams failing,water releasing,request-108-2-2
water releasing,sediments dislodging,request-108-2-3
sediments dislodging,rivers filled with mud,request-108-2-4
deforestation,soil erosion,request-109-0-0
soil erosion,increased runoff,request-109-0-1
increased runoff,sediment buildup,request-109-0-2
sediment buildup,canals filled with mud,request-109-0-3
deforestation,loss of vegetation cover,request-109-1-0
loss of vegetation cover,reduced water infiltration,request-109-1-1
reduced water infiltration,increased surface water,request-109-1-2
increased surface water,sediment buildup,request-109-1-3
sediment buildup,canals filled with mud,request-109-1-4
deforestation,decline in soil fertility,request-109-2-0
decline in soil fertility,reduced plant growth,request-109-2-1
reduced plant growth,loss of vegetation cover,request-109-2-2
loss of vegetation cover,increased runoff,request-109-2-3
increased runoff,sediment buildup,request-109-2-4
sediment buildup,canals filled with mud,request-109-2-5
deforestation,soil erosion,request-109-3-0
soil erosion,loss of topsoil,request-109-3-1
loss of topsoil,decline in soil fertility,request-109-3-2
decline in soil fertility,reduced plant growth,request-109-3-3
reduced plant growth,loss of vegetation cover,request-109-3-4
loss of vegetation cover,increased runoff,request-109-3-5
increased runoff,sediment buildup,request-109-3-6
sediment buildup,canals filled with mud,request-109-3-7
deforestation,soil erosion,request-109-4-0
soil erosion,increased runoff,request-109-4-1
increased runoff,flooding,request-109-4-2
flooding,erosion of canal banks,request-109-4-3
erosion of canal banks,sediment buildup,request-109-4-4
sediment buildup,canals filled with mud,request-109-4-5
rise in global temperatures,melting of polar ice caps,request-110-0-0
melting of polar ice caps,sea level rise,request-110-0-1
sea level rise,inundation of coastal areas,request-110-0-2
inundation of coastal areas,destruction of coastal infrastructure,request-110-0-3
destruction of coastal infrastructure,flooding of canals,request-110-0-4
flooding of canals,accumulation of sediment and mud in canals,request-110-0-5
accumulation of sediment and mud in canals,canals filled with mud,request-110-0-6
rise in global temperatures,increased frequency and intensity of heavy rainfall events,request-110-1-0
increased frequency and intensity of heavy rainfall events,flooding of lowlying areas,request-110-1-1
flooding of lowlying areas,erosion of riverbanks,request-110-1-2
erosion of riverbanks,increased sediment load in rivers,request-110-1-3
increased sediment load in rivers,deposit of sediment in canals,request-110-1-4
deposit of sediment in canals,canals filled with mud,request-110-1-5
rise in global temperatures,changes in ocean currents,request-110-2-0
changes in ocean currents,altered weather patterns,request-110-2-1
altered weather patterns,increased frequency of droughts,request-110-2-2
increased frequency of droughts,reduced water flow in canals,request-110-2-3
reduced water flow in canals,sediment buildup in canals,request-110-2-4
sediment buildup in canals,canals filled with mud,request-110-2-5
melting of glaciers,rise in sea level due to increased water volume,request-111-0-0
rise in sea level due to increased water volume,coastal flooding,request-111-0-1
coastal flooding,saltwater intrusion into freshwater canals,request-111-0-2
saltwater intrusion into freshwater canals,"mixing of saltwater and freshwater, causing sediment suspension",request-111-0-3
"mixing of saltwater and freshwater, causing sediment suspension",canals filled with mud,request-111-0-4
melting of glaciers,increased runoff into rivers,request-111-1-0
increased runoff into rivers,increased sediment transport by rivers,request-111-1-1
increased sediment transport by rivers,sediment deposition in river mouths and estuaries,request-111-1-2
sediment deposition in river mouths and estuaries,sediment transport by tides and currents into canals,request-111-1-3
sediment transport by tides and currents into canals,canals filled with mud,request-111-1-4
melting of glaciers,rise in sea level due to increased water volume,request-111-2-0
rise in sea level due to increased water volume,increased frequency and intensity of storms,request-111-2-1
increased frequency and intensity of storms,storm surges causing coastal flooding,request-111-2-2
storm surges causing coastal flooding,saltwater intrusion into freshwater canals,request-111-2-3
saltwater intrusion into freshwater canals,"mixing of saltwater and freshwater, causing sediment suspension",request-111-2-4
"mixing of saltwater and freshwater, causing sediment suspension",canals filled with mud,request-111-2-5
melting of glaciers,increased runoff into rivers,request-111-3-0
increased runoff into rivers,increased sediment transport by rivers,request-111-3-1
increased sediment transport by rivers,sediment deposition in river mouths and estuaries,request-111-3-2
sediment deposition in river mouths and estuaries,increased frequency and intensity of storms,request-111-3-3
increased frequency and intensity of storms,storm surges causing coastal flooding,request-111-3-4
storm surges causing coastal flooding,saltwater intrusion into freshwater canals,request-111-3-5
saltwater intrusion into freshwater canals,"mixing of saltwater and freshwater, causing sediment suspension",request-111-3-6
"mixing of saltwater and freshwater, causing sediment suspension",canals filled with mud,request-111-3-7
soil erosion,increased runoff,request-112-0-0
increased runoff,sediment transport,request-112-0-1
sediment transport,canals filled with mud,request-112-0-2
soil erosion,increased runoff,request-112-1-0
increased runoff,sediment deposition,request-112-1-1
sediment deposition,canal blockage,request-112-1-2
canal blockage,canals filled with mud,request-112-1-3
soil erosion,increased runoff,request-112-2-0
increased runoff,sediment transport,request-112-2-1
sediment transport,canal silting,request-112-2-2
canal silting,canals filled with mud,request-112-2-3
soil erosion,reduced soil fertility,request-112-3-0
reduced soil fertility,decreased crop yield,request-112-3-1
decreased crop yield,increased flooding,request-112-3-2
increased flooding,sediment transport,request-112-3-3
sediment transport,canal filling,request-112-3-4
canal filling,canals filled with mud,request-112-3-5
soil erosion,increased runoff,request-112-4-0
increased runoff,sediment transport,request-112-4-1
sediment transport,canal siltation,request-112-4-2
canal siltation,canal capacity reduction,request-112-4-3
canal capacity reduction,canals filled with mud,request-112-4-4
soil erosion,increased runoff,request-112-5-0
increased runoff,sediment transport,request-112-5-1
sediment transport,canal sedimentation,request-112-5-2
canal sedimentation,canal closure,request-112-5-3
canal closure,canals filled with mud,request-112-5-4
earthquake,ground shaking,request-113-0-0
ground shaking,building collapse,request-113-0-1
building collapse,water mains break,request-113-0-2
water mains break,water flows into canals,request-113-0-3
water flows into canals,sediment and debris carried by water,request-113-0-4
sediment and debris carried by water,canals filled with mud,request-113-0-5
earthquake,ground shaking,request-113-1-0
ground shaking,soil liquefaction,request-113-1-1
soil liquefaction,canals lose structural integrity,request-113-1-2
canals lose structural integrity,water flows into canals,request-113-1-3
water flows into canals,sediment and debris carried by water,request-113-1-4
sediment and debris carried by water,canals filled with mud,request-113-1-5
earthquake,ground shaking,request-113-2-0
ground shaking,rivers overflow,request-113-2-1
rivers overflow,water flows into canals,request-113-2-2
water flows into canals,sediment and debris carried by water,request-113-2-3
sediment and debris carried by water,canals filled with mud,request-113-2-4
earthquake,ground shaking,request-113-3-0
ground shaking,tsunami generated,request-113-3-1
tsunami generated,tsunami waves reach coastal canals,request-113-3-2
tsunami waves reach coastal canals,water flows into canals,request-113-3-3
water flows into canals,sediment and debris carried by water,request-113-3-4
sediment and debris carried by water,canals filled with mud,request-113-3-5
deforestation,soil erosion,request-114-0-0
soil erosion,sediment increase in rivers,request-114-0-1
sediment increase in rivers,dams filled with mud,request-114-0-2
deforestation,soil erosion,request-114-1-0
soil erosion,increased flooding,request-114-1-1
increased flooding,sediment deposition in dams,request-114-1-2
sediment deposition in dams,dams filled with mud,request-114-1-3
deforestation,soil erosion,request-114-2-0
soil erosion,loss of topsoil,request-114-2-1
loss of topsoil,reduced agricultural productivity,request-114-2-2
reduced agricultural productivity,economic decline,request-114-2-3
economic decline,reduced maintenance of dams,request-114-2-4
reduced maintenance of dams,dams filled with mud,request-114-2-5
deforestation,soil erosion,request-114-3-0
soil erosion,decreased water quality,request-114-3-1
decreased water quality,decreased aquatic life,request-114-3-2
decreased aquatic life,reduced fish population,request-114-3-3
reduced fish population,economic decline,request-114-3-4
economic decline,reduced maintenance of dams,request-114-3-5
reduced maintenance of dams,dams filled with mud,request-114-3-6
deforestation,soil erosion,request-114-4-0
soil erosion,decreased groundwater recharge,request-114-4-1
decreased groundwater recharge,water scarcity,request-114-4-2
water scarcity,increased dependence on dam water,request-114-4-3
increased dependence on dam water,increased dam usage,request-114-4-4
increased dam usage,dams filled with mud,request-114-4-5
rise in global temperatures,melting of glaciers and polar ice,request-115-0-0
melting of glaciers and polar ice,increase in water volume in rivers,request-115-0-1
increase in water volume in rivers,more frequent and intense rainfall events,request-115-0-2
more frequent and intense rainfall events,increased soil erosion,request-115-0-3
increased soil erosion,sediment buildup in dams,request-115-0-4
sediment buildup in dams,dams filled with mud,request-115-0-5
rise in global temperatures,changes in precipitation patterns,request-115-1-0
changes in precipitation patterns,increased frequency of heavy rainfall events,request-115-1-1
increased frequency of heavy rainfall events,flash flooding,request-115-1-2
flash flooding,soil erosion and sediment transport,request-115-1-3
soil erosion and sediment transport,sediment buildup in dams,request-115-1-4
sediment buildup in dams,dams filled with mud,request-115-1-5
rise in global temperatures,increased frequency of extreme weather events,request-115-2-0
increased frequency of extreme weather events,more intense storms and hurricanes,request-115-2-1
more intense storms and hurricanes,storm surges and coastal flooding,request-115-2-2
storm surges and coastal flooding,saltwater intrusion into freshwater systems,request-115-2-3
saltwater intrusion into freshwater systems,sediment buildup in dams,request-115-2-4
sediment buildup in dams,dams filled with mud,request-115-2-5
melting of glaciers,rise in sea level,request-116-0-0
rise in sea level,increased flooding of coastal areas,request-116-0-1
increased flooding of coastal areas,erosion of riverbanks,request-116-0-2
erosion of riverbanks,reduced capacity of dams to hold water,request-116-0-3
reduced capacity of dams to hold water,dams filled with mud,request-116-0-4
melting of glaciers,rise in sea level,request-116-1-0
rise in sea level,increased river discharge,request-116-1-1
increased river discharge,increased sediment load in rivers,request-116-1-2
increased sediment load in rivers,sedimentation in dams,request-116-1-3
sedimentation in dams,dams filled with mud,request-116-1-4
melting of glaciers,rise in sea level,request-116-2-0
rise in sea level,increased flooding of coastal areas,request-116-2-1
increased flooding of coastal areas,increased sediment transport to rivers,request-116-2-2
increased sediment transport to rivers,sedimentation in dams,request-116-2-3
sedimentation in dams,dams filled with mud,request-116-2-4
soil erosion,increased runoff,request-117-0-0
increased runoff,sediment transport,request-117-0-1
sediment transport,dams filled with mud,request-117-0-2
soil erosion,increased runoff,request-117-1-0
increased runoff,sediment deposition,request-117-1-1
sediment deposition,dam silting,request-117-1-2
dam silting,dams filled with mud,request-117-1-3
soil erosion,reduced soil fertility,request-117-2-0
reduced soil fertility,decreased crop yields,request-117-2-1
decreased crop yields,increased farming pressure on other lands,request-117-2-2
increased farming pressure on other lands,increased deforestation,request-117-2-3
increased deforestation,increased runoff,request-117-2-4
increased runoff,sediment transport,request-117-2-5
sediment transport,dams filled with mud,request-117-2-6
soil erosion,reduced soil fertility,request-117-3-0
reduced soil fertility,decreased crop yields,request-117-3-1
decreased crop yields,increased livestock grazing pressure,request-117-3-2
increased livestock grazing pressure,increased land degradation,request-117-3-3
increased land degradation,increased runoff,request-117-3-4
increased runoff,sediment transport,request-117-3-5
sediment transport,dams filled with mud,request-117-3-6
earthquake,ground shaking,request-118-0-0
ground shaking,riverbank instability,request-118-0-1
riverbank instability,riverbank collapse,request-118-0-2
riverbank collapse,river flow obstruction,request-118-0-3
river flow obstruction,dam formation,request-118-0-4
dam formation,mud accumulation,request-118-0-5
mud accumulation,dams filled with mud,request-118-0-6
earthquake,ground shaking,request-118-1-0
ground shaking,landslide,request-118-1-1
landslide,river flow obstruction,request-118-1-2
river flow obstruction,dam formation,request-118-1-3
dam formation,mud accumulation,request-118-1-4
mud accumulation,dams filled with mud,request-118-1-5
earthquake,ground shaking,request-118-2-0
ground shaking,soil liquefaction,request-118-2-1
soil liquefaction,river flow obstruction,request-118-2-2
river flow obstruction,dam formation,request-118-2-3
dam formation,mud accumulation,request-118-2-4
mud accumulation,dams filled with mud,request-118-2-5
earthquake,ground shaking,request-118-3-0
ground shaking,riverbank instability,request-118-3-1
riverbank instability,riverbank collapse,request-118-3-2
riverbank collapse,debris flow,request-118-3-3
debris flow,dam formation,request-118-3-4
dam formation,mud accumulation,request-118-3-5
mud accumulation,dams filled with mud,request-118-3-6
unplanned urbanization,increased impervious surfaces,request-119-0-0
increased impervious surfaces,reduced water absorption capacity of soil,request-119-0-1
reduced water absorption capacity of soil,increased surface water runoff,request-119-0-2
increased surface water runoff,fast water flow,request-119-0-3
unplanned urbanization,increased human population density,request-119-1-0
increased human population density,increased water demand,request-119-1-1
increased water demand,expansion of water supply infrastructure,request-119-1-2
expansion of water supply infrastructure,construction of new roads and highways,request-119-1-3
construction of new roads and highways,increased impervious surfaces,request-119-1-4
increased impervious surfaces,reduced water absorption capacity of soil,request-119-1-5
reduced water absorption capacity of soil,increased surface water runoff,request-119-1-6
increased surface water runoff,fast water flow,request-119-1-7
unplanned urbanization,increased human population density,request-119-2-0
increased human population density,increased waste generation,request-119-2-1
increased waste generation,construction of new waste management facilities,request-119-2-2
construction of new waste management facilities,increased impervious surfaces,request-119-2-3
increased impervious surfaces,reduced water absorption capacity of soil,request-119-2-4
reduced water absorption capacity of soil,increased surface water runoff,request-119-2-5
increased surface water runoff,fast water flow,request-119-2-6
unplanned urbanization,increased human population density,request-119-3-0
increased human population density,increased demand for public transportation,request-119-3-1
increased demand for public transportation,expansion of public transportation infrastructure,request-119-3-2
expansion of public transportation infrastructure,construction of new roads and highways,request-119-3-3
construction of new roads and highways,increased impervious surfaces,request-119-3-4
increased impervious surfaces,reduced water absorption capacity of soil,request-119-3-5
reduced water absorption capacity of soil,increased surface water runoff,request-119-3-6
increased surface water runoff,fast water flow,request-119-3-7
unplanned urbanization,increased human population density,request-119-4-0
increased human population density,increased demand for electricity,request-119-4-1
increased demand for electricity,expansion of power infrastructure,request-119-4-2
expansion of power infrastructure,construction of new power lines,request-119-4-3
construction of new power lines,increased impervious surfaces,request-119-4-4
increased impervious surfaces,reduced water absorption capacity of soil,request-119-4-5
reduced water absorption capacity of soil,increased surface water runoff,request-119-4-6
increased surface water runoff,fast water flow,request-119-4-7
increase in production and sales of sports utility vehicles,increased demand for suvs,request-120-0-0
increased demand for suvs,increased production of suvs requires more steel and other materials,request-120-0-1
increased production of suvs requires more steel and other materials,increased mining and processing of materials for suv production,request-120-0-2
increased mining and processing of materials for suv production,increased use of fossil fuels in the mining and processing stage,request-120-0-3
increased use of fossil fuels in the mining and processing stage,increased greenhouse gas emissions from the mining and processing stage,request-120-0-4
increased greenhouse gas emissions from the mining and processing stage,increased global warming and climate change due to higher greenhouse gas emissions,request-120-0-5
increased global warming and climate change due to higher greenhouse gas emissions,climate change,request-120-0-6
increase in production and sales of sports utility vehicles,increased demand for suvs,request-120-1-0
increased demand for suvs,increased production of suvs requires more energy,request-120-1-1
increased production of suvs requires more energy,increased use of fossil fuels to power the production process,request-120-1-2
increased use of fossil fuels to power the production process,increased greenhouse gas emissions from the production process,request-120-1-3
increased greenhouse gas emissions from the production process,increased global warming and climate change due to higher greenhouse gas emissions,request-120-1-4
increased global warming and climate change due to higher greenhouse gas emissions,climate change,request-120-1-5
increase in production and sales of sports utility vehicles,increased demand for suvs,request-120-2-0
increased demand for suvs,increased production of suvs,request-120-2-1
increased production of suvs,increased vmt,request-120-2-2
increased vmt,increased use of fossil fuels for transportation,request-120-2-3
increased use of fossil fuels for transportation,increased greenhouse gas emissions from transportation,request-120-2-4
increased greenhouse gas emissions from transportation,increased global warming and climate change due to higher greenhouse gas emissions,request-120-2-5
increased global warming and climate change due to higher greenhouse gas emissions,climate change,request-120-2-6
increase in production and sales of sports utility vehicles,increased demand for suvs,request-120-3-0
increased demand for suvs,increased production of suvs,request-120-3-1
increased production of suvs,increased vmt,request-120-3-2
increased vmt,increased use of fossil fuels for transportation,request-120-3-3
increased use of fossil fuels for transportation,increased need for infrastructure to support higher vmt,request-120-3-4
increased need for infrastructure to support higher vmt,increased construction and maintenance of roads and highways,request-120-3-5
increased construction and maintenance of roads and highways,increased greenhouse gas emissions from construction and maintenance activities,request-120-3-6
increased greenhouse gas emissions from construction and maintenance activities,increased global warming and climate change due to higher greenhouse gas emissions,request-120-3-7
increased global warming and climate change due to higher greenhouse gas emissions,climate change,request-120-3-8
burning of fossil fuels releases carbon dioxide  into the atmosphere,"increased co2 levels enhance the greenhouse effect, trapping more heat in the atmosphere",request-121-0-0
"increased co2 levels enhance the greenhouse effect, trapping more heat in the atmosphere",this,request-121-0-1
fossil fuel use for transportation increases nitrogen oxides  emissions,"nox reacts with other chemicals in the atmosphere to form groundlevel ozone, a harmful air pollutant",request-121-1-0
"nox reacts with other chemicals in the atmosphere to form groundlevel ozone, a harmful air pollutant","ozone absorbs infrared radiation, contributing to the warming of the atmosphere and climate change",request-121-1-1
fossil fuel extraction and processing often lead to methane  emissions,"methane is a potent greenhouse gas, with a global warming potential much higher than co2",request-121-2-0
"methane is a potent greenhouse gas, with a global warming potential much higher than co2",increased methane levels in the atmosphere contribute to climate change,request-121-2-1
fossil fuel use for energy production,"this growth often comes at the expense of natural habitats, which are destroyed for resource extraction or urbanization",request-121-3-0
"this growth often comes at the expense of natural habitats, which are destroyed for resource extraction or urbanization","loss of habitats reduces the earth's capacity to absorb co2, exacerbating the greenhouse effect and contributing to climate change",request-121-3-1
fossil fuel use for electricity generation produces waste heat,"this heat is released into the environment, contributing to local and regional temperature increases",request-121-4-0
"this heat is released into the environment, contributing to local and regional temperature increases","these localized temperature increases can have cascading effects on climate patterns, contributing to climate change",request-121-4-1
climate change causes increased global temperatures,increased global temperatures lead to changes in precipitation patterns,request-123-0-0
increased global temperatures lead to changes in precipitation patterns,"changes in precipitation patterns alter habitats, making them less suitable for certain species",request-123-0-1
"changes in precipitation patterns alter habitats, making them less suitable for certain species",altered habitats cause a reduction in food availability for those species,request-123-0-2
altered habitats cause a reduction in food availability for those species,reduced food availability,request-123-0-3
reduced food availability,decreased population sizes increase the risk of extinction for those species,request-123-0-4
climate change causes sea level rise,sea level rise,request-123-1-0
sea level rise,coastal habitat loss forces marine and coastal species to migrate or adapt,request-123-1-1
coastal habitat loss forces marine and coastal species to migrate or adapt,migration or adaptation,request-123-1-2
migration or adaptation,increased predation or competition for resources results in decreased population sizes of those species,request-123-1-3
increased predation or competition for resources results in decreased population sizes of those species,decreased population sizes increase the risk of extinction for those species,request-123-1-4
climate change causes increased frequency and intensity of extreme weather events,extreme weather events damage or destroy habitats,request-123-2-0
extreme weather events damage or destroy habitats,damaged or destroyed habitats lead to loss of food and shelter for species,request-123-2-1
damaged or destroyed habitats lead to loss of food and shelter for species,loss of food and shelter causes decreased survival rates and reproductive success,request-123-2-2
loss of food and shelter causes decreased survival rates and reproductive success,decreased survival rates and reproductive success lead to decreased population sizes,request-123-2-3
decreased survival rates and reproductive success lead to decreased population sizes,decreased population sizes increase the risk of extinction for those species,request-123-2-4
climate change causes changes in ocean currents and upwelling,changes in ocean currents and upwelling alter nutrient availability,request-123-3-0
changes in ocean currents and upwelling alter nutrient availability,altered nutrient availability affects phytoplankton blooms,request-123-3-1
altered nutrient availability affects phytoplankton blooms,changes in phytoplankton blooms impact zooplankton and fish populations,request-123-3-2
changes in phytoplankton blooms impact zooplankton and fish populations,impacts on zooplankton and fish populations lead to disruptions in food chains,request-123-3-3
impacts on zooplankton and fish populations lead to disruptions in food chains,disruptions in food chains result in decreased population sizes of higher trophic level species,request-123-3-4
disruptions in food chains result in decreased population sizes of higher trophic level species,decreased population sizes increase the risk of extinction for those species,request-123-3-5
climate change causes changes in the timing of biological events,changes in phenology lead to mismatches between species' life cycle stages,request-123-4-0
changes in phenology lead to mismatches between species' life cycle stages,mismatches result in decreased reproductive success,request-123-4-1
mismatches result in decreased reproductive success,decreased reproductive success,request-123-4-2
decreased reproductive success,decreased population sizes increase the risk of extinction for those species,request-123-4-3
excess of co2,increased photosynthesis,request-124-0-0
increased photosynthesis,higher production of sugars,request-124-0-1
higher production of sugars,stimulated cell division,request-124-0-2
stimulated cell division,thickening of plants' leaves,request-124-0-3
excess of co2,increased photosynthesis,request-124-1-0
increased photosynthesis,higher production of sugars,request-124-1-1
higher production of sugars,enhanced leaf growth,request-124-1-2
enhanced leaf growth,thickening of plants' leaves,request-124-1-3
excess of co2,increased atmospheric temperature,request-124-2-0
increased atmospheric temperature,faster plant metabolism,request-124-2-1
faster plant metabolism,enhanced leaf growth,request-124-2-2
enhanced leaf growth,thickening of plants' leaves,request-124-2-3
excess of co2,increased atmospheric temperature,request-124-3-0
increased atmospheric temperature,increased water use efficiency,request-124-3-1
increased water use efficiency,improved plant health,request-124-3-2
improved plant health,thickening of plants' leaves,request-124-3-3
thickening of plants' leaves,increased leaf surface area,request-125-0-0
increased leaf surface area,reduced air circulation,request-125-0-1
reduced air circulation,increased humidity,request-125-0-2
increased humidity,fungal growth,request-125-0-3
fungal growth,spread of disease,request-125-0-4
spread of disease,plants' leaves become damaged,request-125-0-5
plants' leaves become damaged,reduced photosynthesis,request-125-0-6
reduced photosynthesis,plants' leaves turn yellow,request-125-0-7
plants' leaves turn yellow,plants' roots stop receiving nutrients,request-125-0-8
plants' roots stop receiving nutrients,suffocation of the plants,request-125-0-9
thickening of plants' leaves,increased leaf surface area,request-125-1-0
increased leaf surface area,reduced sunlight penetration,request-125-1-1
reduced sunlight penetration,decreased plant growth,request-125-1-2
decreased plant growth,plants' roots cannot support the weight,request-125-1-3
plants' roots cannot support the weight,plants topple over,request-125-1-4
plants topple over,soil compaction,request-125-1-5
soil compaction,restricted oxygen supply,request-125-1-6
restricted oxygen supply,suffocation of the plants,request-125-1-7
thickening of plants' leaves,increased leaf surface area,request-125-2-0
increased leaf surface area,increased water retention,request-125-2-1
increased water retention,waterlogging of soil,request-125-2-2
waterlogging of soil,lack of oxygen in soil,request-125-2-3
lack of oxygen in soil,roots unable to respire,request-125-2-4
roots unable to respire,suffocation of the plants,request-125-2-5
co2 emissions,increased atmospheric co2 concentration,request-126-0-0
increased atmospheric co2 concentration,enhanced greenhouse effect,request-126-0-1
enhanced greenhouse effect,rising global temperatures,request-126-0-2
rising global temperatures,increased ocean temperatures,request-126-0-3
increased ocean temperatures,reduced ocean's ability to absorb co2,request-126-0-4
reduced ocean's ability to absorb co2,decreased ocean alkalinity,request-126-0-5
decreased ocean alkalinity,ocean acidification,request-126-0-6
co2 emissions,increased atmospheric co2 concentration,request-126-1-0
increased atmospheric co2 concentration,enhanced greenhouse effect,request-126-1-1
enhanced greenhouse effect,rising global temperatures,request-126-1-2
rising global temperatures,increased ocean temperatures,request-126-1-3
increased ocean temperatures,reduced ocean's ability to absorb co2,request-126-1-4
reduced ocean's ability to absorb co2,increased co2 dissolution in ocean,request-126-1-5
increased co2 dissolution in ocean,formation of carbonic acid,request-126-1-6
formation of carbonic acid,dissociation of carbonic acid,request-126-1-7
dissociation of carbonic acid,release of hydrogen ions,request-126-1-8
release of hydrogen ions,ocean acidification,request-126-1-9
co2 emissions,increased atmospheric co2 concentration,request-126-2-0
increased atmospheric co2 concentration,enhanced greenhouse effect,request-126-2-1
enhanced greenhouse effect,rising global temperatures,request-126-2-2
rising global temperatures,increased ocean temperatures,request-126-2-3
increased ocean temperatures,reduced ocean's ability to absorb co2,request-126-2-4
reduced ocean's ability to absorb co2,increased co2 dissolution in ocean,request-126-2-5
increased co2 dissolution in ocean,formation of carbonic acid,request-126-2-6
formation of carbonic acid,dissociation of carbonic acid,request-126-2-7
dissociation of carbonic acid,release of hydrogen ions,request-126-2-8
release of hydrogen ions,decreased ph of ocean,request-126-2-9
decreased ph of ocean,ocean acidification,request-126-2-10
increase in co2,rise in atmospheric co2 concentration,request-127-0-0
rise in atmospheric co2 concentration,increased co2 absorption by oceans,request-127-0-1
increased co2 absorption by oceans,formation of carbonic acid in seawater,request-127-0-2
formation of carbonic acid in seawater,dissociation of carbonic acid,request-127-0-3
dissociation of carbonic acid,release of hydrogen ions,request-127-0-4
release of hydrogen ions,decrease in seawater ph,request-127-0-5
decrease in seawater ph,ocean acidification,request-127-0-6
increase in co2,rise in atmospheric co2 concentration,request-127-1-0
rise in atmospheric co2 concentration,increased co2 absorption by oceans,request-127-1-1
increased co2 absorption by oceans,formation of carbonic acid in seawater,request-127-1-2
formation of carbonic acid in seawater,dissociation of carbonic acid,request-127-1-3
dissociation of carbonic acid,release of hydrogen ions,request-127-1-4
release of hydrogen ions,decrease in the concentration of carbonate ions,request-127-1-5
decrease in the concentration of carbonate ions,ocean acidification,request-127-1-6
increase in co2,rise in atmospheric co2 concentration,request-127-2-0
rise in atmospheric co2 concentration,increased co2 absorption by oceans,request-127-2-1
increased co2 absorption by oceans,formation of carbonic acid in seawater,request-127-2-2
formation of carbonic acid in seawater,dissociation of carbonic acid,request-127-2-3
dissociation of carbonic acid,release of hydrogen ions,request-127-2-4
release of hydrogen ions,inhibition of coral calcification,request-127-2-5
inhibition of coral calcification,ocean acidification,request-127-2-6
fossil fuels →,burning of fossil fuels →,request-128-0-0
burning of fossil fuels →,release of carbon dioxide →,request-128-0-1
release of carbon dioxide →,absorption of carbon dioxide by plants →,request-128-0-2
absorption of carbon dioxide by plants →,decay of plants →,request-128-0-3
decay of plants →,depletion of ground carbon,request-128-0-4
fossil fuels →,mining of fossil fuels →,request-128-1-0
mining of fossil fuels →,deforestation for mining operations →,request-128-1-1
deforestation for mining operations →,loss of plant life →,request-128-1-2
loss of plant life →,decrease in carbon absorption →,request-128-1-3
decrease in carbon absorption →,depletion of ground carbon,request-128-1-4
fossil fuels →,burning of fossil fuels →,request-128-2-0
burning of fossil fuels →,increase in atmospheric carbon dioxide →,request-128-2-1
increase in atmospheric carbon dioxide →,ocean acidification →,request-128-2-2
ocean acidification →,decrease in ocean's ability to absorb carbon dioxide →,request-128-2-3
decrease in ocean's ability to absorb carbon dioxide →,depletion of ground carbon,request-128-2-4
fossil fuels →,burning of fossil fuels →,request-128-3-0
burning of fossil fuels →,climate change →,request-128-3-1
climate change →,changes in precipitation patterns →,request-128-3-2
changes in precipitation patterns →,alteration of soil carbon cycling →,request-128-3-3
alteration of soil carbon cycling →,depletion of ground carbon,request-128-3-4
climate change,increase in natural disasters,request-129-0-0
increase in natural disasters,increase in insurance claims,request-129-0-1
increase in insurance claims,increase in insurance premiums,request-129-0-2
increase in insurance premiums,increase in homeowner spending on insurance,request-129-0-3
climate change,sea level rise,request-129-1-0
sea level rise,increase in floods,request-129-1-1
increase in floods,increase in flood insurance claims,request-129-1-2
increase in flood insurance claims,increase in insurance premiums for flood coverage,request-129-1-3
increase in insurance premiums for flood coverage,increase in homeowner spending on insurance,request-129-1-4
climate change,increase in wildfires,request-129-2-0
increase in wildfires,increase in property damage,request-129-2-1
increase in property damage,increase in insurance claims,request-129-2-2
increase in insurance claims,increase in insurance premiums,request-129-2-3
increase in insurance premiums,increase in homeowner spending on insurance,request-129-2-4
climate change,increase in droughts,request-129-3-0
increase in droughts,increase in water shortages,request-129-3-1
increase in water shortages,increase in water damage claims,request-129-3-2
increase in water damage claims,increase in insurance premiums,request-129-3-3
increase in insurance premiums,increase in homeowner spending on insurance,request-129-3-4
climate change,increase in extreme weather events,request-129-4-0
increase in extreme weather events,increase in home damage,request-129-4-1
increase in home damage,increase in home repairs,request-129-4-2
increase in home repairs,increase in homeowner spending,request-129-4-3
increase in homeowner spending,increase in insurance claims,request-129-4-4
increase in insurance claims,increase in insurance premiums,request-129-4-5
increase in insurance premiums,increase in homeowner spending on insurance,request-129-4-6
humans' waste of resources,"increased landfill waste results in the release of methane, a potent greenhouse gas",request-130-0-0
"increased landfill waste results in the release of methane, a potent greenhouse gas",increased methane emissions contribute to global warming,request-130-0-1
increased methane emissions contribute to global warming,global warming contributes to climate change,request-130-0-2
humans' waste of resources,deforestation reduces the earth's ability to absorb carbon dioxide,request-130-1-0
deforestation reduces the earth's ability to absorb carbon dioxide,reduced carbon dioxide absorption,request-130-1-1
reduced carbon dioxide absorption,increased atmospheric carbon dioxide contributes to global warming,request-130-1-2
increased atmospheric carbon dioxide contributes to global warming,global warming contributes to climate change,request-130-1-3
humans' waste of resources,"increased energy consumption, often powered by fossil fuels, releases carbon dioxide",request-130-2-0
"increased energy consumption, often powered by fossil fuels, releases carbon dioxide",increased carbon dioxide emissions contribute to global warming,request-130-2-1
increased carbon dioxide emissions contribute to global warming,global warming contributes to climate change,request-130-2-2
humans' waste of resources,increased industrial activity releases pollutants and greenhouse gases,request-130-3-0
increased industrial activity releases pollutants and greenhouse gases,pollutants and greenhouse gases contribute to global warming,request-130-3-1
pollutants and greenhouse gases contribute to global warming,global warming contributes to climate change,request-130-3-2
humans' waste of resources,increased urbanization,request-130-4-0
increased urbanization,the urban heat island effect contributes to local and regional warming,request-130-4-1
the urban heat island effect contributes to local and regional warming,widespread regional warming contributes to global warming,request-130-4-2
widespread regional warming contributes to global warming,global warming contributes to climate change,request-130-4-3
humans' waste of energy increases greenhouse gas emissions,greenhouse gas emissions trap heat in the atmosphere,request-131-0-0
greenhouse gas emissions trap heat in the atmosphere,trapped heat causes global temperatures to rise,request-131-0-1
trapped heat causes global temperatures to rise,rising temperatures lead to climate change,request-131-0-2
humans' waste of energy requires more energy production,increased energy production relies on fossil fuels,request-131-1-0
increased energy production relies on fossil fuels,fossil fuel burning releases carbon dioxide,request-131-1-1
fossil fuel burning releases carbon dioxide,carbon dioxide contributes to the greenhouse effect,request-131-1-2
carbon dioxide contributes to the greenhouse effect,the greenhouse effect traps heat in the atmosphere,request-131-1-3
the greenhouse effect traps heat in the atmosphere,trapped heat causes global temperatures to rise,request-131-1-4
trapped heat causes global temperatures to rise,rising temperatures lead to climate change,request-131-1-5
humans' waste of energy increases demand for electricity,high demand,request-131-2-0
high demand,power plants burn more coal and natural gas,request-131-2-1
power plants burn more coal and natural gas,burning coal and natural gas releases methane and carbon dioxide,request-131-2-2
burning coal and natural gas releases methane and carbon dioxide,methane and carbon dioxide contribute to the greenhouse effect,request-131-2-3
methane and carbon dioxide contribute to the greenhouse effect,the greenhouse effect traps heat in the atmosphere,request-131-2-4
the greenhouse effect traps heat in the atmosphere,trapped heat causes global temperatures to rise,request-131-2-5
trapped heat causes global temperatures to rise,rising temperatures lead to climate change,request-131-2-6
humans' waste of energy increases demand for transportation,increased demand,request-131-3-0
increased demand,more vehicles burn more fuel,request-131-3-1
more vehicles burn more fuel,fuel burning releases carbon dioxide and other greenhouse gases,request-131-3-2
fuel burning releases carbon dioxide and other greenhouse gases,greenhouse gases trap heat in the atmosphere,request-131-3-3
greenhouse gases trap heat in the atmosphere,trapped heat causes global temperatures to rise,request-131-3-4
trapped heat causes global temperatures to rise,rising temperatures lead to climate change,request-131-3-5
humans' waste of fossil fuels,increase in co2 emissions,request-132-0-0
increase in co2 emissions,greenhouse effect intensifies,request-132-0-1
greenhouse effect intensifies,global temperatures rise,request-132-0-2
global temperatures rise,climate change,request-132-0-3
humans' waste of fossil fuels,increase in co2 emissions,request-132-1-0
increase in co2 emissions,ocean acidification,request-132-1-1
ocean acidification,coral reef bleaching,request-132-1-2
coral reef bleaching,loss of marine biodiversity,request-132-1-3
loss of marine biodiversity,climate change,request-132-1-4
humans' waste of fossil fuels,increase in co2 emissions,request-132-2-0
increase in co2 emissions,groundlevel ozone formation,request-132-2-1
groundlevel ozone formation,air pollution,request-132-2-2
air pollution,respiratory diseases,request-132-2-3
respiratory diseases,healthcare strain,request-132-2-4
healthcare strain,economic burden,request-132-2-5
economic burden,climate change,request-132-2-6
humans' waste of fossil fuels,increase in co2 emissions,request-132-3-0
increase in co2 emissions,arctic ice melt,request-132-3-1
arctic ice melt,sealevel rise,request-132-3-2
sealevel rise,coastal flooding,request-132-3-3
coastal flooding,displacement of coastal communities,request-132-3-4
displacement of coastal communities,climate change,request-132-3-5
humans' waste of fossil fuels,increase in co2 emissions,request-132-4-0
increase in co2 emissions,changes in precipitation patterns,request-132-4-1
changes in precipitation patterns,droughts,request-132-4-2
droughts,crop failures,request-132-4-3
crop failures,food insecurity,request-132-4-4
food insecurity,social unrest,request-132-4-5
social unrest,climate change,request-132-4-6
humans' waste of resources,"environmental degradation,",request-133-0-0
"environmental degradation,",which contributes to,request-133-0-1
which contributes to,"loss of biodiversity,",request-133-0-2
"loss of biodiversity,",enabling,request-133-0-3
enabling,"zoonotic diseases to jump from animals to humans,",request-133-0-4
"zoonotic diseases to jump from animals to humans,",resulting in,request-133-0-5
resulting in,pandemics,request-133-0-6
humans' waste of resources causes,"climate change,",request-133-1-0
"climate change,",which affects,request-133-1-1
which affects,"agricultural practices,",request-133-1-2
"agricultural practices,",leading to,request-133-1-3
leading to,"overcrowding of livestock,",request-133-1-4
"overcrowding of livestock,",facilitating,request-133-1-5
facilitating,"the spread of zoonotic diseases,",request-133-1-6
"the spread of zoonotic diseases,",and ultimately,request-133-1-7
and ultimately,causing pandemics,request-133-1-8
humans' waste of resources results in,"deforestation,",request-133-2-0
"deforestation,",disrupting,request-133-2-1
disrupting,"ecosystems,",request-133-2-2
"ecosystems,",allowing,request-133-2-3
allowing,"viruses to evolve and spread,",request-133-2-4
"viruses to evolve and spread,",and leading to,request-133-2-5
and leading to,pandemics,request-133-2-6
humans' waste of resources contributes to,"water pollution,",request-133-3-0
"water pollution,",which impacts,request-133-3-1
which impacts,"aquatic ecosystems,",request-133-3-2
"aquatic ecosystems,",enabling,request-133-3-3
enabling,the emergence and spread of,request-133-3-4
the emergence and spread of,"waterborne diseases,",request-133-3-5
"waterborne diseases,",and potentially,request-133-3-6
and potentially,triggering pandemics,request-133-3-7
humans' waste of resources causes,"air pollution,",request-133-4-0
"air pollution,",which weakens,request-133-4-1
which weakens,"human immune systems,",request-133-4-2
"human immune systems,",making people more susceptible to,request-133-4-3
making people more susceptible to,"infections,",request-133-4-4
"infections,",and increasing,request-133-4-5
and increasing,the risk of pandemics,request-133-4-6
humans' waste of energy contributes to climate change,climate change alters ecosystems and wildlife habitats,request-134-0-0
climate change alters ecosystems and wildlife habitats,disrupted habitats force wild animals into closer contact with humans,request-134-0-1
disrupted habitats force wild animals into closer contact with humans,this increases the risk of zoonotic diseases  being transmitted,request-134-0-2
this increases the risk of zoonotic diseases  being transmitted,"zoonotic diseases can spread rapidly and unpredictably, leading to pandemics",request-134-0-3
humans' waste of energy contributes to air pollution,air pollution weakens human immune systems,request-134-1-0
air pollution weakens human immune systems,weakened immune systems make humans more susceptible to infectious diseases,request-134-1-1
weakened immune systems make humans more susceptible to infectious diseases,this increases the spread and severity of pandemics,request-134-1-2
humans' waste of energy contributes to deforestation,deforestation reduces biodiversity and disrupts ecosystems,request-134-2-0
deforestation reduces biodiversity and disrupts ecosystems,disrupted ecosystems lead to a decline in natural predators of diseasecarrying insects,request-134-2-1
disrupted ecosystems lead to a decline in natural predators of diseasecarrying insects,this allows diseasecarrying insect populations to grow unchecked,request-134-2-2
this allows diseasecarrying insect populations to grow unchecked,"increased exposure to these insects can lead to the spread of diseases, potentially causing pandemics",request-134-2-3
humans' waste of energy contributes to global warming,global warming melts permafrost and glaciers,request-134-3-0
global warming melts permafrost and glaciers,this releases ancient viruses and bacteria that were previously frozen,request-134-3-1
this releases ancient viruses and bacteria that were previously frozen,these microorganisms can cause diseases in humans and other animals,request-134-3-2
these microorganisms can cause diseases in humans and other animals,"if these diseases are novel to humans, they can lead to pandemics",request-134-3-3
humans' waste of fossil fuels,increase in carbon dioxide emissions,request-135-0-0
increase in carbon dioxide emissions,global warming,request-135-0-1
global warming,melting of polar ice caps,request-135-0-2
melting of polar ice caps,rise in sea levels,request-135-0-3
rise in sea levels,displacement of coastal communities,request-135-0-4
displacement of coastal communities,deforestation for resettlement,request-135-0-5
deforestation for resettlement,destruction of wildlife habitats,request-135-0-6
destruction of wildlife habitats,increase in zoonotic diseases,request-135-0-7
increase in zoonotic diseases,emergence of new pathogens,request-135-0-8
emergence of new pathogens,pandemics,request-135-0-9
humans' waste of fossil fuels,air pollution,request-135-1-0
air pollution,respiratory diseases,request-135-1-1
respiratory diseases,weakened immune systems,request-135-1-2
weakened immune systems,increased susceptibility to infections,request-135-1-3
increased susceptibility to infections,pandemics,request-135-1-4
humans' waste of fossil fuels,ocean acidification,request-135-2-0
ocean acidification,coral reef bleaching,request-135-2-1
coral reef bleaching,loss of marine biodiversity,request-135-2-2
loss of marine biodiversity,disruption of marine food chains,request-135-2-3
disruption of marine food chains,spread of diseasecarrying vectors,request-135-2-4
spread of diseasecarrying vectors,pandemics,request-135-2-5
humans' waste of fossil fuels,climate change,request-135-3-0
climate change,extreme weather events,request-135-3-1
extreme weather events,disruption of global food systems,request-135-3-2
disruption of global food systems,malnutrition,request-135-3-3
malnutrition,weakened immune systems,request-135-3-4
weakened immune systems,increased susceptibility to infections,request-135-3-5
increased susceptibility to infections,pandemics,request-135-3-6
humans' waste of energy causes,"increased energy demand, leading to",request-137-0-0
"increased energy demand, leading to","higher energy prices, which results in",request-137-0-1
"higher energy prices, which results in","increased production costs for goods and services, causing",request-137-0-2
"increased production costs for goods and services, causing","higher prices for consumers, leading to",request-137-0-3
"higher prices for consumers, leading to","reduced purchasing power, which is inflation",request-137-0-4
humans' waste of energy causes,"increased energy demand, leading to",request-137-1-0
"increased energy demand, leading to","reduced energy supply, which results in",request-137-1-1
"reduced energy supply, which results in","higher energy prices, causing",request-137-1-2
"higher energy prices, causing","increased production costs for goods and services, leading to",request-137-1-3
"increased production costs for goods and services, leading to","higher prices for consumers, which is inflation",request-137-1-4
humans' waste of energy causes,"increased energy demand, leading to",request-137-2-0
"increased energy demand, leading to","higher energy prices, which results in",request-137-2-1
"higher energy prices, which results in","increased government spending on energy subsidies, causing",request-137-2-2
"increased government spending on energy subsidies, causing","deficit financing, leading to",request-137-2-3
"deficit financing, leading to","money supply growth, which results in",request-137-2-4
"money supply growth, which results in",inflation,request-137-2-5
humans' waste of energy causes,"increased energy demand, leading to",request-137-3-0
"increased energy demand, leading to","higher energy prices, which results in",request-137-3-1
"higher energy prices, which results in","increased transportation costs, causing",request-137-3-2
"increased transportation costs, causing","higher prices for goods and services, leading to",request-137-3-3
"higher prices for goods and services, leading to","reduced purchasing power, which is inflation",request-137-3-4
humans' waste of energy causes,"increased energy demand, leading to",request-137-4-0
"increased energy demand, leading to","higher energy prices, which results in",request-137-4-1
"higher energy prices, which results in","reduced investment in energyefficient technologies, causing",request-137-4-2
"reduced investment in energyefficient technologies, causing","slower economic growth, leading to",request-137-4-3
"slower economic growth, leading to",inflation,request-137-4-4
humans' waste of fossil fuels,increased carbon emissions,request-138-0-0
increased carbon emissions,global warming and climate change,request-138-0-1
global warming and climate change,droughts and crop failures,request-138-0-2
droughts and crop failures,increased food prices,request-138-0-3
increased food prices,inflation,request-138-0-4
humans' waste of fossil fuels,air and water pollution,request-138-1-0
air and water pollution,health issues and decreased productivity,request-138-1-1
health issues and decreased productivity,increased healthcare costs,request-138-1-2
increased healthcare costs,inflation,request-138-1-3
humans' waste of fossil fuels,energy price fluctuations,request-138-2-0
energy price fluctuations,increased production costs,request-138-2-1
increased production costs,price increases across various goods and services,request-138-2-2
price increases across various goods and services,inflation,request-138-2-3
humans' waste of fossil fuels,economic growth slowdown due to environmental degradation,request-138-3-0
economic growth slowdown due to environmental degradation,reduced government revenue,request-138-3-1
reduced government revenue,increased public debt,request-138-3-2
increased public debt,inflation,request-138-3-3
humans' waste of fossil fuels,resource depletion and energy scarcity,request-138-4-0
resource depletion and energy scarcity,economic instability,request-138-4-1
economic instability,reduced consumer spending,request-138-4-2
reduced consumer spending,inflation,request-138-4-3
subsidising green investments,increased availability of capital for renewable energy projects,request-139-0-0
increased availability of capital for renewable energy projects,increased investment in renewable energy infrastructure,request-139-0-1
increased investment in renewable energy infrastructure,increased generation of clean energy,request-139-0-2
increased generation of clean energy,reduced dependence on fossil fuels,request-139-0-3
reduced dependence on fossil fuels,decreased greenhouse gas emissions,request-139-0-4
decreased greenhouse gas emissions,green transition,request-139-0-5
subsidising green investments,increased availability of capital for energyefficient technologies,request-139-1-0
increased availability of capital for energyefficient technologies,increased adoption of energyefficient technologies in industries,request-139-1-1
increased adoption of energyefficient technologies in industries,improved energy efficiency in industries,request-139-1-2
improved energy efficiency in industries,reduced energy consumption,request-139-1-3
reduced energy consumption,reduced dependence on fossil fuels,request-139-1-4
reduced dependence on fossil fuels,decreased greenhouse gas emissions,request-139-1-5
decreased greenhouse gas emissions,green transition,request-139-1-6
subsidising green investments,increased availability of capital for electric vehicle  charging infrastructure,request-139-2-0
increased availability of capital for electric vehicle  charging infrastructure,increased installation of ev charging stations,request-139-2-1
increased installation of ev charging stations,increased adoption of electric vehicles,request-139-2-2
increased adoption of electric vehicles,reduced gasoline/diesel vehicle usage,request-139-2-3
reduced gasoline/diesel vehicle usage,reduced greenhouse gas emissions from transportation,request-139-2-4
reduced greenhouse gas emissions from transportation,green transition,request-139-2-5
subsidising green investments,increased availability of capital for reforestation and afforestation projects,request-139-3-0
increased availability of capital for reforestation and afforestation projects,increased tree planting and forest restoration,request-139-3-1
increased tree planting and forest restoration,increased carbon sequestration,request-139-3-2
increased carbon sequestration,reduced atmospheric carbon dioxide levels,request-139-3-3
reduced atmospheric carbon dioxide levels,mitigated global warming,request-139-3-4
mitigated global warming,green transition,request-139-3-5
electricity generation from refuse inside greenhouses,release of heat during electricity generation,request-140-0-0
release of heat during electricity generation,heat transfer to greenhouse environment,request-140-0-1
heat transfer to greenhouse environment,increased temperature inside the greenhouse,request-140-0-2
increased temperature inside the greenhouse,enhanced plant growth and photosynthesis,request-140-0-3
enhanced plant growth and photosynthesis,increased co2 intake by plants,request-140-0-4
increased co2 intake by plants,dissipation of co2 through plant respiration and decay,request-140-0-5
dissipation of co2 through plant respiration and decay,dissipation of co2,request-140-0-6
electricity generation from refuse inside greenhouses,release of heat during electricity generation,request-140-1-0
release of heat during electricity generation,heat transfer to greenhouse environment,request-140-1-1
heat transfer to greenhouse environment,increased temperature inside the greenhouse,request-140-1-2
increased temperature inside the greenhouse,increased plant transpiration,request-140-1-3
increased plant transpiration,release of water vapor into the atmosphere,request-140-1-4
release of water vapor into the atmosphere,formation of clouds,request-140-1-5
formation of clouds,increased reflection of sunlight,request-140-1-6
increased reflection of sunlight,reduced global temperature,request-140-1-7
reduced global temperature,reduced co2 concentration in the atmosphere,request-140-1-8
reduced co2 concentration in the atmosphere,dissipation of co2,request-140-1-9
electricity generation from refuse inside greenhouses,release of heat during electricity generation,request-140-2-0
release of heat during electricity generation,heat transfer to greenhouse environment,request-140-2-1
heat transfer to greenhouse environment,increased temperature inside the greenhouse,request-140-2-2
increased temperature inside the greenhouse,increased plant growth and biomass production,request-140-2-3
increased plant growth and biomass production,harvesting of plant biomass,request-140-2-4
harvesting of plant biomass,conversion of plant biomass into biofuel,request-140-2-5
conversion of plant biomass into biofuel,burning of biofuel for energy,request-140-2-6
burning of biofuel for energy,release of co2 into the atmosphere,request-140-2-7
release of co2 into the atmosphere,absorption of co2 by the ocean,request-140-2-8
absorption of co2 by the ocean,dissipation of co2,request-140-2-9
electricity generation from refuse inside greenhouses,release of heat during electricity generation,request-140-3-0
release of heat during electricity generation,heat transfer to greenhouse environment,request-140-3-1
heat transfer to greenhouse environment,increased temperature inside the greenhouse,request-140-3-2
increased temperature inside the greenhouse,increased plant growth and photosynthesis,request-140-3-3
increased plant growth and photosynthesis,increased oxygen production by plants,request-140-3-4
increased oxygen production by plants,increased oxygen concentration in the atmosphere,request-140-3-5
increased oxygen concentration in the atmosphere,promotion of aerobic respiration in organisms,request-140-3-6
promotion of aerobic respiration in organisms,increased co2 production during respiration,request-140-3-7
increased co2 production during respiration,dissipation of co2,request-140-3-8
electricity generation from refuse inside greenhouses,production of heat as a byproduct of combustion in the greenhouse,request-141-0-0
production of heat as a byproduct of combustion in the greenhouse,transfer of heat to the greenhouse structure,request-141-0-1
transfer of heat to the greenhouse structure,increase in the temperature inside the greenhouse,request-141-0-2
increase in the temperature inside the greenhouse,dissipation of heat through the greenhouse structure to the environment,request-141-0-3
dissipation of heat through the greenhouse structure to the environment,dissipation of heat,request-141-0-4
electricity generation from refuse inside greenhouses,production of heat as a byproduct of combustion in the greenhouse,request-141-1-0
production of heat as a byproduct of combustion in the greenhouse,transfer of heat to the greenhouse structure,request-141-1-1
transfer of heat to the greenhouse structure,increase in the temperature inside the greenhouse,request-141-1-2
increase in the temperature inside the greenhouse,activation of cooling systems to regulate temperature,request-141-1-3
activation of cooling systems to regulate temperature,dissipation of heat through cooling systems,request-141-1-4
dissipation of heat through cooling systems,dissipation of heat,request-141-1-5
electricity generation from refuse inside greenhouses,production of heat as a byproduct of combustion in the greenhouse,request-141-2-0
production of heat as a byproduct of combustion in the greenhouse,transfer of heat to the greenhouse structure,request-141-2-1
transfer of heat to the greenhouse structure,increase in the temperature inside the greenhouse,request-141-2-2
increase in the temperature inside the greenhouse,evaporation of moisture from plants due to high temperature,request-141-2-3
evaporation of moisture from plants due to high temperature,release of heat during evaporation,request-141-2-4
release of heat during evaporation,dissipation of heat,request-141-2-5
hot nights,causes,request-142-0-0
causes,high humidity,request-142-0-1
high humidity,which,request-142-0-2
which,causes,request-142-0-3
causes,discomfort,request-142-0-4
discomfort,which,request-142-0-5
which,leads to,request-142-0-6
leads to,restlessness,request-142-0-7
restlessness,which,request-142-0-8
which,causes,request-142-0-9
causes,difficulty falling asleep,request-142-0-10
difficulty falling asleep,resulting in,request-142-0-11
resulting in,loss of sleep hours,request-142-0-12
hot nights,causes,request-142-1-0
causes,high body temperature,request-142-1-1
high body temperature,which,request-142-1-2
which,causes,request-142-1-3
causes,frequent waking up,request-142-1-4
frequent waking up,resulting in,request-142-1-5
resulting in,loss of sleep hours,request-142-1-6
hot nights,causes,request-142-2-0
causes,increased brain activity,request-142-2-1
increased brain activity,which,request-142-2-2
which,leads to,request-142-2-3
leads to,difficulty relaxing,request-142-2-4
difficulty relaxing,which,request-142-2-5
which,causes,request-142-2-6
causes,loss of sleep hours,request-142-2-7
hot nights,causes,request-142-3-0
causes,excessive sweating,request-142-3-1
excessive sweating,which,request-142-3-2
which,causes,request-142-3-3
causes,discomfort,request-142-3-4
discomfort,which,request-142-3-5
which,leads to,request-142-3-6
leads to,frequent tossing and turning,request-142-3-7
frequent tossing and turning,resulting in,request-142-3-8
resulting in,loss of sleep hours,request-142-3-9
foreign countries increase demand for timber,increased demand,request-143-0-0
increased demand,logging activities result in the clearing of forests,request-143-0-1
logging activities result in the clearing of forests,forest clearing,request-143-0-2
foreign countries invest in palm oil plantations,palm oil plantations require large areas of land,request-143-1-0
palm oil plantations require large areas of land,existing forests are cleared to make way for plantations,request-143-1-1
existing forests are cleared to make way for plantations,forest clearing,request-143-1-2
foreign countries promote unsustainable agricultural practices,unsustainable practices require large areas of land for farming,request-143-2-0
unsustainable practices require large areas of land for farming,existing forests are cleared for agricultural expansion,request-143-2-1
existing forests are cleared for agricultural expansion,forest clearing,request-143-2-2
foreign countries encourage biofuel production,biofuel production requires large amounts of plant material,request-143-3-0
biofuel production requires large amounts of plant material,forests are cleared to grow dedicated biofuel crops,request-143-3-1
forests are cleared to grow dedicated biofuel crops,forest clearing,request-143-3-2
foreign countries engage in illegal logging,illegal logging activities occur without proper regulation,request-143-4-0
illegal logging activities occur without proper regulation,lack of regulation,request-143-4-1
lack of regulation,excessive logging results in deforestation,request-143-4-2
death of soil,soil erosion,request-144-0-0
soil erosion,loss of nutrientrich topsoil,request-144-0-1
loss of nutrientrich topsoil,decreased soil carbon sequestration,request-144-0-2
decreased soil carbon sequestration,increased atmospheric co2 concentration,request-144-0-3
increased atmospheric co2 concentration,enhanced greenhouse effect,request-144-0-4
enhanced greenhouse effect,rise in global temperatures,request-144-0-5
death of soil,soil erosion,request-144-1-0
soil erosion,decreased plant growth,request-144-1-1
decreased plant growth,reduced plantbased carbon sequestration,request-144-1-2
reduced plantbased carbon sequestration,increased atmospheric co2 concentration,request-144-1-3
increased atmospheric co2 concentration,enhanced greenhouse effect,request-144-1-4
enhanced greenhouse effect,rise in global temperatures,request-144-1-5
death of soil,soil erosion,request-144-2-0
soil erosion,decreased soil water retention,request-144-2-1
decreased soil water retention,reduced plant growth,request-144-2-2
reduced plant growth,decreased plantbased carbon sequestration,request-144-2-3
decreased plantbased carbon sequestration,increased atmospheric co2 concentration,request-144-2-4
increased atmospheric co2 concentration,enhanced greenhouse effect,request-144-2-5
enhanced greenhouse effect,rise in global temperatures,request-144-2-6
death of soil,soil erosion,request-144-3-0
soil erosion,loss of nutrientrich topsoil,request-144-3-1
loss of nutrientrich topsoil,decreased soil fertility,request-144-3-2
decreased soil fertility,reduced plant growth,request-144-3-3
reduced plant growth,decreased plantbased carbon sequestration,request-144-3-4
decreased plantbased carbon sequestration,increased atmospheric co2 concentration,request-144-3-5
increased atmospheric co2 concentration,enhanced greenhouse effect,request-144-3-6
enhanced greenhouse effect,rise in global temperatures,request-144-3-7
death of soil,soil erosion,request-144-4-0
soil erosion,decreased soil microbial activity,request-144-4-1
decreased soil microbial activity,reduced carbon decomposition,request-144-4-2
reduced carbon decomposition,increased soil carbon stocks,request-144-4-3
increased soil carbon stocks,decreased soil carbon sequestration,request-144-4-4
decreased soil carbon sequestration,increased atmospheric co2 concentration,request-144-4-5
increased atmospheric co2 concentration,enhanced greenhouse effect,request-144-4-6
enhanced greenhouse effect,rise in global temperatures,request-144-4-7
death of soil,soil erosion,request-145-0-0
soil erosion,loss of vegetation,request-145-0-1
loss of vegetation,increased runoff,request-145-0-2
increased runoff,river flooding,request-145-0-3
river flooding,flooding,request-145-0-4
death of soil,soil erosion,request-145-1-0
soil erosion,loss of vegetation,request-145-1-1
loss of vegetation,reduced water infiltration,request-145-1-2
reduced water infiltration,increased surface water,request-145-1-3
increased surface water,river flooding,request-145-1-4
river flooding,flooding,request-145-1-5
death of soil,soil erosion,request-145-2-0
soil erosion,clogging of waterways,request-145-2-1
clogging of waterways,increased water pressure,request-145-2-2
increased water pressure,riverbank collapse,request-145-2-3
riverbank collapse,river flooding,request-145-2-4
river flooding,flooding,request-145-2-5
death of soil,soil erosion,request-145-3-0
soil erosion,clogging of waterways,request-145-3-1
clogging of waterways,increased water pressure,request-145-3-2
increased water pressure,overflow of waterways,request-145-3-3
overflow of waterways,flooding,request-145-3-4
death of soil,soil erosion,request-145-4-0
soil erosion,loss of vegetation,request-145-4-1
loss of vegetation,reduced groundwater recharge,request-145-4-2
reduced groundwater recharge,increased groundwater levels,request-145-4-3
increased groundwater levels,river flooding,request-145-4-4
river flooding,flooding,request-145-4-5
death of soil,reduced soil fertility,request-146-0-0
reduced soil fertility,decreased plant growth,request-146-0-1
decreased plant growth,reduced plant transpiration,request-146-0-2
reduced plant transpiration,decreased water cycling,request-146-0-3
decreased water cycling,reduced rainfall,request-146-0-4
reduced rainfall,droughts,request-146-0-5
death of soil,reduced soil moisture retention,request-146-1-0
reduced soil moisture retention,decreased water availability for plants,request-146-1-1
decreased water availability for plants,reduced plant growth,request-146-1-2
reduced plant growth,decreased plant transpiration,request-146-1-3
decreased plant transpiration,decreased water cycling,request-146-1-4
decreased water cycling,reduced rainfall,request-146-1-5
reduced rainfall,droughts,request-146-1-6
death of soil,reduced soil organic matter,request-146-2-0
reduced soil organic matter,decreased water infiltration,request-146-2-1
decreased water infiltration,increased surface runoff,request-146-2-2
increased surface runoff,decreased groundwater recharge,request-146-2-3
decreased groundwater recharge,reduced water availability in rivers and streams,request-146-2-4
reduced water availability in rivers and streams,droughts,request-146-2-5
death of soil,reduced soil biodiversity,request-146-3-0
reduced soil biodiversity,disrupted ecosystem functions,request-146-3-1
disrupted ecosystem functions,decreased carbon sequestration,request-146-3-2
decreased carbon sequestration,increased greenhouse gas emissions,request-146-3-3
increased greenhouse gas emissions,global warming,request-146-3-4
global warming,changes in weather patterns,request-146-3-5
changes in weather patterns,droughts,request-146-3-6
death of soil,soil erosion,request-147-0-0
soil erosion,loss of fertile topsoil,request-147-0-1
loss of fertile topsoil,reduced crop yields,request-147-0-2
reduced crop yields,increased food scarcity,request-147-0-3
increased food scarcity,migration of people,request-147-0-4
migration of people,overpopulation in cities,request-147-0-5
overpopulation in cities,increased demand for water,request-147-0-6
increased demand for water,water crises,request-147-0-7
death of soil,soil erosion,request-147-1-0
soil erosion,clogging of waterways,request-147-1-1
clogging of waterways,reduced water flow,request-147-1-2
reduced water flow,diminished water supply,request-147-1-3
diminished water supply,water crises,request-147-1-4
death of soil,soil erosion,request-147-2-0
soil erosion,decreased groundwater recharge,request-147-2-1
decreased groundwater recharge,depletion of aquifers,request-147-2-2
depletion of aquifers,water crises,request-147-2-3
death of soil,soil erosion,request-147-3-0
soil erosion,loss of biodiversity,request-147-3-1
loss of biodiversity,disruption of ecosystems,request-147-3-2
disruption of ecosystems,changes in rainfall patterns,request-147-3-3
changes in rainfall patterns,increased droughts,request-147-3-4
increased droughts,water crises,request-147-3-5
death of soil,soil erosion,request-147-4-0
soil erosion,loss of soil carbon,request-147-4-1
loss of soil carbon,increased atmospheric co2,request-147-4-2
increased atmospheric co2,global warming,request-147-4-3
global warming,changes in precipitation patterns,request-147-4-4
changes in precipitation patterns,water crises,request-147-4-5
death of soil,reduced soil fertility,request-148-0-0
reduced soil fertility,decreased crop yield,request-148-0-1
decreased crop yield,increased food prices,request-148-0-2
increased food prices,food scarcity,request-148-0-3
food scarcity,food crises,request-148-0-4
death of soil,reduced soil fertility,request-148-1-0
reduced soil fertility,decreased crop yield,request-148-1-1
decreased crop yield,increased food prices,request-148-1-2
increased food prices,economic strain on households,request-148-1-3
economic strain on households,reduced food purchases,request-148-1-4
reduced food purchases,food shortages,request-148-1-5
food shortages,food crises,request-148-1-6
death of soil,reduced soil fertility,request-148-2-0
reduced soil fertility,decreased crop yield,request-148-2-1
decreased crop yield,increased food prices,request-148-2-2
increased food prices,government intervention,request-148-2-3
government intervention,subsidized food imports,request-148-2-4
subsidized food imports,increased government debt,request-148-2-5
increased government debt,economic instability,request-148-2-6
economic instability,food crises,request-148-2-7
death of soil,reduced soil fertility,request-148-3-0
reduced soil fertility,decreased crop yield,request-148-3-1
decreased crop yield,livestock feed shortages,request-148-3-2
livestock feed shortages,reduced livestock production,request-148-3-3
reduced livestock production,meat and dairy shortages,request-148-3-4
meat and dairy shortages,food crises,request-148-3-5
death of soil,reduced soil fertility,request-148-4-0
reduced soil fertility,decreased crop yield,request-148-4-1
decreased crop yield,increased food prices,request-148-4-2
increased food prices,migrant labor shortages,request-148-4-3
migrant labor shortages,disrupted supply chains,request-148-4-4
disrupted supply chains,food crises,request-148-4-5
sustainable lifestyles,reduce carbon footprint,request-149-0-0
reduce carbon footprint,decrease greenhouse gas emissions,request-149-0-1
decrease greenhouse gas emissions,slow down global warming,request-149-0-2
slow down global warming,mitigate sealevel rise,request-149-0-3
mitigate sealevel rise,reduce frequency and intensity of extreme weather events,request-149-0-4
reduce frequency and intensity of extreme weather events,decrease burden of climate change,request-149-0-5
sustainable lifestyles,promote renewable energy,request-149-1-0
promote renewable energy,reduce dependence on fossil fuels,request-149-1-1
reduce dependence on fossil fuels,decrease air pollution,request-149-1-2
decrease air pollution,slow down global warming,request-149-1-3
slow down global warming,reduce burden of climate change,request-149-1-4
sustainable lifestyles,encourage energy efficiency,request-149-2-0
encourage energy efficiency,reduce energy consumption,request-149-2-1
reduce energy consumption,decrease greenhouse gas emissions,request-149-2-2
decrease greenhouse gas emissions,slow down global warming,request-149-2-3
slow down global warming,reduce burden of climate change,request-149-2-4
sustainable lifestyles,protect and restore forests,request-149-3-0
protect and restore forests,increase carbon sequestration,request-149-3-1
increase carbon sequestration,decrease atmospheric co2,request-149-3-2
decrease atmospheric co2,slow down global warming,request-149-3-3
slow down global warming,reduce burden of climate change,request-149-3-4
sustainable lifestyles,promote sustainable agriculture,request-149-4-0
promote sustainable agriculture,reduce agricultural emissions,request-149-4-1
reduce agricultural emissions,decrease greenhouse gas emissions,request-149-4-2
decrease greenhouse gas emissions,slow down global warming,request-149-4-3
slow down global warming,reduce burden of climate change,request-149-4-4
sustainable lifestyles,"reduce, reuse, recycle",request-149-5-0
"reduce, reuse, recycle",decrease waste generation,request-149-5-1
decrease waste generation,slow down resource depletion,request-149-5-2
slow down resource depletion,decrease emissions from resource extraction,request-149-5-3
decrease emissions from resource extraction,slow down global warming,request-149-5-4
slow down global warming,reduce burden of climate change,request-149-5-5
melting of glaciers,rise in sea level due to increased water volume,request-150-0-0
rise in sea level due to increased water volume,displacement of warm ocean currents,request-150-0-1
displacement of warm ocean currents,reduced heat transfer to polar regions,request-150-0-2
reduced heat transfer to polar regions,abrupt temperature spikes in polar regions,request-150-0-3
melting of glaciers,increased freshwater input into the ocean,request-150-1-0
increased freshwater input into the ocean,disruption of ocean currents' salt content and density,request-150-1-1
disruption of ocean currents' salt content and density,altered ocean circulation patterns,request-150-1-2
altered ocean circulation patterns,abrupt temperature spikes in affected regions,request-150-1-3
melting of glaciers,reduced reflection of sunlight by ice,request-150-2-0
reduced reflection of sunlight by ice,increased absorption of heat by exposed land and ocean,request-150-2-1
increased absorption of heat by exposed land and ocean,enhanced positive feedback loop,request-150-2-2
enhanced positive feedback loop,abrupt temperature spikes,request-150-2-3
melting of glaciers,exposure of darker land and ocean surfaces,request-150-3-0
exposure of darker land and ocean surfaces,increased absorption of sunlight,request-150-3-1
increased absorption of sunlight,warmer air temperatures,request-150-3-2
warmer air temperatures,abrupt temperature spikes,request-150-3-3
melting of glaciers,release of methane from thawing permafrost,request-150-4-0
release of methane from thawing permafrost,increased greenhouse gas concentration,request-150-4-1
increased greenhouse gas concentration,enhanced greenhouse effect,request-150-4-2
enhanced greenhouse effect,abrupt temperature spikes,request-150-4-3
cows produce methane through enteric fermentation,methane is a potent greenhouse gas,request-151-0-0
methane is a potent greenhouse gas,greenhouse gases trap heat in the atmosphere,request-151-0-1
greenhouse gases trap heat in the atmosphere,this trapping of heat,request-151-0-2
cows require large amounts of land for grazing and feed production,this,request-151-1-0
this,deforestation reduces the earth's capacity to absorb carbon dioxide,request-151-1-1
deforestation reduces the earth's capacity to absorb carbon dioxide,increased carbon dioxide in the atmosphere contributes to global warming and climate change,request-151-1-2
cows produce large amounts of manure,"manure management can lead to the release of nitrous oxide, another potent greenhouse gas",request-151-2-0
"manure management can lead to the release of nitrous oxide, another potent greenhouse gas",nitrous oxide contributes to the greenhouse effect,request-151-2-1
nitrous oxide contributes to the greenhouse effect,this contributes to global warming and climate change,request-151-2-2
cows require a lot of water for drinking and for growing their feed,this can lead to water scarcity and competition for water resources,request-151-3-0
this can lead to water scarcity and competition for water resources,water scarcity can lead to conflicts and environmental degradation,request-151-3-1
water scarcity can lead to conflicts and environmental degradation,environmental degradation can exacerbate the impacts of climate change,request-151-3-2
building country lanes,increases accessibility to rural areas,request-152-0-0
increases accessibility to rural areas,encourages tourism,request-152-0-1
encourages tourism,boosts local economy,request-152-0-2
boosts local economy,attracts investment,request-152-0-3
attracts investment,improves infrastructure,request-152-0-4
improves infrastructure,creates public spaces for recreation and leisure,request-152-0-5
creates public spaces for recreation and leisure,results in public space,request-152-0-6
building country lanes,promotes physical activities,request-152-1-0
promotes physical activities,encourages cycling and walking,request-152-1-1
encourages cycling and walking,reduces carbon emissions,request-152-1-2
reduces carbon emissions,contributes to environmental sustainability,request-152-1-3
contributes to environmental sustainability,attracts ecotourism,request-152-1-4
attracts ecotourism,enhances public spaces with green corridors,request-152-1-5
enhances public spaces with green corridors,results in public space,request-152-1-6
building country lanes,improves connectivity,request-152-2-0
improves connectivity,facilitates agricultural transportation,request-152-2-1
facilitates agricultural transportation,enhances farming efficiency,request-152-2-2
enhances farming efficiency,increases food production,request-152-2-3
increases food production,reduces hunger and poverty,request-152-2-4
reduces hunger and poverty,attracts development projects,request-152-2-5
attracts development projects,creates public spaces for community gathering,request-152-2-6
creates public spaces for community gathering,results in public space,request-152-2-7
country lanes,potholes,request-153-0-0
potholes,increased traffic,request-153-0-1
increased traffic,road deterioration,request-153-0-2
road deterioration,inadequate drainage,request-153-0-3
inadequate drainage,flooding,request-153-0-4
country lanes,heavy rain,request-153-1-0
heavy rain,blocked drains,request-153-1-1
blocked drains,inadequate drainage,request-153-1-2
inadequate drainage,flooding,request-153-1-3
country lanes,heavy rain,request-153-2-0
heavy rain,increased runoff,request-153-2-1
increased runoff,inadequate drainage,request-153-2-2
inadequate drainage,flooding,request-153-2-3
country lanes,narrow paths,request-153-3-0
narrow paths,poor visibility,request-153-3-1
poor visibility,lack of warning signs,request-153-3-2
lack of warning signs,driver confusion,request-153-3-3
driver confusion,road accidents,request-153-3-4
road accidents,road closure,request-153-3-5
road closure,increased traffic,request-153-3-6
increased traffic,road deterioration,request-153-3-7
road deterioration,inadequate drainage,request-153-3-8
inadequate drainage,flooding,request-153-3-9
country lanes,heavy rain,request-153-4-0
heavy rain,increased runoff,request-153-4-1
increased runoff,soil erosion,request-153-4-2
soil erosion,blocked culverts,request-153-4-3
blocked culverts,inadequate drainage,request-153-4-4
inadequate drainage,flooding,request-153-4-5
burning fossil fuels,releases carbon dioxide,request-154-0-0
releases carbon dioxide,increases atmospheric co2 concentration,request-154-0-1
increases atmospheric co2 concentration,enhances greenhouse effect,request-154-0-2
enhances greenhouse effect,traps more heat in the atmosphere,request-154-0-3
traps more heat in the atmosphere,raises global temperatures,request-154-0-4
raises global temperatures,leads to global warming,request-154-0-5
burning fossil fuels,releases carbon dioxide,request-154-1-0
releases carbon dioxide,increases atmospheric co2 concentration,request-154-1-1
increases atmospheric co2 concentration,ocean absorption of co2,request-154-1-2
ocean absorption of co2,reduces ocean ph,request-154-1-3
reduces ocean ph,causes ocean acidification,request-154-1-4
causes ocean acidification,impairs marine life and coral reefs,request-154-1-5
impairs marine life and coral reefs,disturbs marine ecosystems,request-154-1-6
disturbs marine ecosystems,disrupts global climate patterns,request-154-1-7
disrupts global climate patterns,contributes to global warming,request-154-1-8
burning fossil fuels,releases carbon dioxide,request-154-2-0
releases carbon dioxide,increases atmospheric co2 concentration,request-154-2-1
increases atmospheric co2 concentration,promotes plant growth,request-154-2-2
promotes plant growth,temporarily offsets global warming,request-154-2-3
temporarily offsets global warming,eventually overwhelmed by increasing temperatures,request-154-2-4
eventually overwhelmed by increasing temperatures,leads to global warming,request-154-2-5
burning fossil fuels,releases other pollutants,request-154-3-0
releases other pollutants,forms groundlevel ozone,request-154-3-1
forms groundlevel ozone,affects air quality,request-154-3-2
affects air quality,impairs human health,request-154-3-3
impairs human health,increases healthcare costs,request-154-3-4
increases healthcare costs,reduces productivity,request-154-3-5
reduces productivity,slows economic growth,request-154-3-6
slows economic growth,encourages dependence on fossil fuels,request-154-3-7
encourages dependence on fossil fuels,prolongs use of fossil fuels,request-154-3-8
prolongs use of fossil fuels,continues global warming,request-154-3-9
burning biomass releases carbon dioxide into the atmosphere,"carbon dioxide traps heat in the atmosphere, contributing to the greenhouse effect",request-155-0-0
"carbon dioxide traps heat in the atmosphere, contributing to the greenhouse effect",the greenhouse effect,request-155-0-1
burning biomass releases carbon dioxide into the atmosphere,"carbon dioxide increases the acidity of the oceans, leading to ocean acidification",request-155-1-0
"carbon dioxide increases the acidity of the oceans, leading to ocean acidification","ocean acidification affects marine ecosystems, disrupting food chains and causing species decline",request-155-1-1
"ocean acidification affects marine ecosystems, disrupting food chains and causing species decline","disruptions in marine ecosystems can lead to changes in ocean currents, which can influence global climate patterns",request-155-1-2
"disruptions in marine ecosystems can lead to changes in ocean currents, which can influence global climate patterns",changes in global climate patterns contribute to global warming,request-155-1-3
burning biomass releases carbon dioxide into the atmosphere,carbon dioxide increases the concentration of greenhouse gases in the atmosphere,request-155-2-0
carbon dioxide increases the concentration of greenhouse gases in the atmosphere,"an increase in greenhouse gases amplifies the natural greenhouse effect, leading to higher global temperatures",request-155-2-1
"an increase in greenhouse gases amplifies the natural greenhouse effect, leading to higher global temperatures",higher global temperatures cause polar ice to melt at an accelerated rate,request-155-2-2
higher global temperatures cause polar ice to melt at an accelerated rate,melting polar ice,request-155-2-3
burning biomass releases carbon dioxide into the atmosphere,carbon dioxide increases the concentration of greenhouse gases in the atmosphere,request-155-3-0
carbon dioxide increases the concentration of greenhouse gases in the atmosphere,"an increase in greenhouse gases contributes to the enhancement of the water cycle, leading to more frequent and intense precipitation events",request-155-3-1
"an increase in greenhouse gases contributes to the enhancement of the water cycle, leading to more frequent and intense precipitation events","changes in precipitation patterns can alter regional climates, causing some areas to become warmer and drier",request-155-3-2
"changes in precipitation patterns can alter regional climates, causing some areas to become warmer and drier","warmer and drier conditions can increase the risk of wildfires, which can release more carbon dioxide and contribute to global warming",request-155-3-3
human activity,emissions of greenhouse gases,request-156-0-0
emissions of greenhouse gases,increased absorption of infrared radiation,request-156-0-1
increased absorption of infrared radiation,rise in global temperature,request-156-0-2
rise in global temperature,global warming,request-156-0-3
human activity,deforestation,request-156-1-0
deforestation,reduced carbon absorption,request-156-1-1
reduced carbon absorption,increased carbon dioxide levels,request-156-1-2
increased carbon dioxide levels,enhanced greenhouse effect,request-156-1-3
enhanced greenhouse effect,global warming,request-156-1-4
human activity,industrial processes,request-156-2-0
industrial processes,release of heattrapping gases,request-156-2-1
release of heattrapping gases,strengthening of greenhouse effect,request-156-2-2
strengthening of greenhouse effect,accelerated global warming,request-156-2-3
human activity,fossil fuel burning,request-156-3-0
fossil fuel burning,increased carbon dioxide levels,request-156-3-1
increased carbon dioxide levels,enhanced greenhouse effect,request-156-3-2
enhanced greenhouse effect,global temperature rise,request-156-3-3
global temperature rise,global warming,request-156-3-4
human activity,agriculture,request-156-4-0
agriculture,methane and nitrous oxide emissions,request-156-4-1
methane and nitrous oxide emissions,increased greenhouse effect,request-156-4-2
increased greenhouse effect,global temperature increase,request-156-4-3
global temperature increase,global warming,request-156-4-4
human activity,emissions of greenhouse gases,request-157-0-0
emissions of greenhouse gases,increased absorption of infrared radiation,request-157-0-1
increased absorption of infrared radiation,rise in global temperature,request-157-0-2
rise in global temperature,global warming,request-157-0-3
human activity,deforestation,request-157-1-0
deforestation,reduced carbon absorption,request-157-1-1
reduced carbon absorption,increased carbon dioxide levels,request-157-1-2
increased carbon dioxide levels,enhanced greenhouse effect,request-157-1-3
enhanced greenhouse effect,global warming,request-157-1-4
human activity,industrial processes,request-157-2-0
industrial processes,release of heattrapping gases,request-157-2-1
release of heattrapping gases,strengthening of greenhouse effect,request-157-2-2
strengthening of greenhouse effect,accelerated global warming,request-157-2-3
human activity,fossil fuel burning,request-157-3-0
fossil fuel burning,increased carbon dioxide levels,request-157-3-1
increased carbon dioxide levels,enhanced greenhouse effect,request-157-3-2
enhanced greenhouse effect,global temperature rise,request-157-3-3
global temperature rise,global warming,request-157-3-4
human activity,agriculture,request-157-4-0
agriculture,methane and nitrous oxide emissions,request-157-4-1
methane and nitrous oxide emissions,increased greenhouse effect,request-157-4-2
increased greenhouse effect,global temperature increase,request-157-4-3
global temperature increase,global warming,request-157-4-4
global warming,causes,request-158-0-0
causes,arctic ice to melt,request-158-0-1
arctic ice to melt,which,request-158-0-2
which,rising sea levels,request-158-0-3
rising sea levels,that submerge coastal cities,request-158-0-4
that submerge coastal cities,forcing mass migration,request-158-0-5
forcing mass migration,and causing geopolitical instability,request-158-0-6
and causing geopolitical instability,resulting in,request-158-0-7
resulting in,end of life on earth,request-158-0-8
global warming,causes,request-158-1-0
causes,increased frequency of extreme weather events,request-158-1-1
increased frequency of extreme weather events,such as,request-158-1-2
such as,hurricanes and tornadoes,request-158-1-3
hurricanes and tornadoes,leading to,request-158-1-4
leading to,devastating crop failures,request-158-1-5
devastating crop failures,and causing,request-158-1-6
and causing,widespread famine,request-158-1-7
widespread famine,which results in,request-158-1-8
which results in,end of life on earth,request-158-1-9
global warming,causes,request-158-2-0
causes,ocean acidification,request-158-2-1
ocean acidification,making it difficult for marine life to survive,request-158-2-2
making it difficult for marine life to survive,leading to,request-158-2-3
leading to,collapse of ocean food chains,request-158-2-4
collapse of ocean food chains,and causing,request-158-2-5
and causing,mass extinction of marine species,request-158-2-6
mass extinction of marine species,which results in,request-158-2-7
which results in,end of life on earth,request-158-2-8
global warming,causes,request-158-3-0
causes,increased wildfires,request-158-3-1
increased wildfires,releasing,request-158-3-2
releasing,large amounts of carbon dioxide,request-158-3-3
large amounts of carbon dioxide,accelerating,request-158-3-4
accelerating,the greenhouse effect,request-158-3-5
the greenhouse effect,and leading to,request-158-3-6
and leading to,runaway global warming,request-158-3-7
runaway global warming,resulting in,request-158-3-8
resulting in,end of life on earth,request-158-3-9
global warming,causes,request-158-4-0
causes,polar vortex disruption,request-158-4-1
polar vortex disruption,leading to,request-158-4-2
leading to,unpredictable and extreme weather patterns,request-158-4-3
unpredictable and extreme weather patterns,such as,request-158-4-4
such as,recordbreaking heatwaves,request-158-4-5
recordbreaking heatwaves,causing,request-158-4-6
causing,massive human and animal casualties,request-158-4-7
massive human and animal casualties,which results in,request-158-4-8
which results in,end of life on earth,request-158-4-9
rise in global temperatures,melting of glaciers and polar ice,request-162-0-0
melting of glaciers and polar ice,sea level rise,request-162-0-1
sea level rise,increased frequency and intensity of coastal flooding,request-162-0-2
increased frequency and intensity of coastal flooding,climate change,request-162-0-3
rise in global temperatures,changes in precipitation patterns,request-162-1-0
changes in precipitation patterns,increased frequency and intensity of droughts,request-162-1-1
increased frequency and intensity of droughts,wildfires,request-162-1-2
wildfires,loss of biodiversity,request-162-1-3
loss of biodiversity,climate change,request-162-1-4
rise in global temperatures,changes in ocean currents,request-162-2-0
changes in ocean currents,alteration of marine ecosystems,request-162-2-1
alteration of marine ecosystems,decline in fish populations,request-162-2-2
decline in fish populations,disruption of marine food chains,request-162-2-3
disruption of marine food chains,climate change,request-162-2-4
rise in global temperatures,changes in atmospheric circulation,request-162-3-0
changes in atmospheric circulation,alteration of monsoon patterns,request-162-3-1
alteration of monsoon patterns,impacts on agriculture and food security,request-162-3-2
impacts on agriculture and food security,social unrest and migration,request-162-3-3
social unrest and migration,climate change,request-162-3-4
rise in global temperatures,increased evaporation and transpiration,request-162-4-0
increased evaporation and transpiration,changes in cloud cover,request-162-4-1
changes in cloud cover,alteration of solar radiation reaching earth's surface,request-162-4-2
alteration of solar radiation reaching earth's surface,feedback loop intensifying global warming,request-162-4-3
feedback loop intensifying global warming,climate change,request-162-4-4
burning fossil fuels,releases carbon dioxide,request-164-0-0
releases carbon dioxide,increases atmospheric co2 concentration,request-164-0-1
increases atmospheric co2 concentration,enhances greenhouse effect,request-164-0-2
enhances greenhouse effect,traps more heat in the atmosphere,request-164-0-3
traps more heat in the atmosphere,raises global temperatures,request-164-0-4
raises global temperatures,leads to global warming,request-164-0-5
burning fossil fuels,releases carbon dioxide,request-164-1-0
releases carbon dioxide,increases atmospheric co2 concentration,request-164-1-1
increases atmospheric co2 concentration,ocean absorption of co2,request-164-1-2
ocean absorption of co2,reduces ocean ph,request-164-1-3
reduces ocean ph,causes ocean acidification,request-164-1-4
causes ocean acidification,impairs marine life and coral reefs,request-164-1-5
impairs marine life and coral reefs,disturbs marine ecosystems,request-164-1-6
disturbs marine ecosystems,disrupts global climate patterns,request-164-1-7
disrupts global climate patterns,contributes to global warming,request-164-1-8
burning fossil fuels,releases carbon dioxide,request-164-2-0
releases carbon dioxide,increases atmospheric co2 concentration,request-164-2-1
increases atmospheric co2 concentration,promotes plant growth,request-164-2-2
promotes plant growth,temporarily offsets global warming,request-164-2-3
temporarily offsets global warming,eventually overwhelmed by increasing temperatures,request-164-2-4
eventually overwhelmed by increasing temperatures,leads to global warming,request-164-2-5
burning fossil fuels,releases other pollutants,request-164-3-0
releases other pollutants,forms groundlevel ozone,request-164-3-1
forms groundlevel ozone,affects air quality,request-164-3-2
affects air quality,impairs human health,request-164-3-3
impairs human health,increases healthcare costs,request-164-3-4
increases healthcare costs,reduces productivity,request-164-3-5
reduces productivity,slows economic growth,request-164-3-6
slows economic growth,encourages dependence on fossil fuels,request-164-3-7
encourages dependence on fossil fuels,prolongs use of fossil fuels,request-164-3-8
prolongs use of fossil fuels,continues global warming,request-164-3-9
burning biomass releases carbon dioxide into the atmosphere,"carbon dioxide traps heat in the atmosphere, contributing to the greenhouse effect",request-165-0-0
"carbon dioxide traps heat in the atmosphere, contributing to the greenhouse effect",the greenhouse effect,request-165-0-1
burning biomass releases carbon dioxide into the atmosphere,"carbon dioxide increases the acidity of the oceans, leading to ocean acidification",request-165-1-0
"carbon dioxide increases the acidity of the oceans, leading to ocean acidification","ocean acidification affects marine ecosystems, disrupting food chains and causing species decline",request-165-1-1
"ocean acidification affects marine ecosystems, disrupting food chains and causing species decline","disruptions in marine ecosystems can lead to changes in ocean currents, which can influence global climate patterns",request-165-1-2
"disruptions in marine ecosystems can lead to changes in ocean currents, which can influence global climate patterns",changes in global climate patterns contribute to global warming,request-165-1-3
burning biomass releases carbon dioxide into the atmosphere,carbon dioxide increases the concentration of greenhouse gases in the atmosphere,request-165-2-0
carbon dioxide increases the concentration of greenhouse gases in the atmosphere,"an increase in greenhouse gases amplifies the natural greenhouse effect, leading to higher global temperatures",request-165-2-1
"an increase in greenhouse gases amplifies the natural greenhouse effect, leading to higher global temperatures",higher global temperatures cause polar ice to melt at an accelerated rate,request-165-2-2
higher global temperatures cause polar ice to melt at an accelerated rate,melting polar ice,request-165-2-3
burning biomass releases carbon dioxide into the atmosphere,carbon dioxide increases the concentration of greenhouse gases in the atmosphere,request-165-3-0
carbon dioxide increases the concentration of greenhouse gases in the atmosphere,"an increase in greenhouse gases contributes to the enhancement of the water cycle, leading to more frequent and intense precipitation events",request-165-3-1
"an increase in greenhouse gases contributes to the enhancement of the water cycle, leading to more frequent and intense precipitation events","changes in precipitation patterns can alter regional climates, causing some areas to become warmer and drier",request-165-3-2
"changes in precipitation patterns can alter regional climates, causing some areas to become warmer and drier","warmer and drier conditions can increase the risk of wildfires, which can release more carbon dioxide and contribute to global warming",request-165-3-3
heat from gas emissions absorbed by oceans,increase in ocean temperatures,request-166-0-0
increase in ocean temperatures,expansion of ocean water due to thermal expansion,request-166-0-1
expansion of ocean water due to thermal expansion,decrease in ocean density,request-166-0-2
decrease in ocean density,reduction in the difference between the density of surface water and deep water,request-166-0-3
reduction in the difference between the density of surface water and deep water,slower convection currents,request-166-0-4
slower convection currents,slowing of ocean vertical mixing,request-166-0-5
heat from gas emissions absorbed by oceans,increase in ocean temperatures,request-166-1-0
increase in ocean temperatures,increased evaporation of ocean water,request-166-1-1
increased evaporation of ocean water,increase in atmospheric moisture,request-166-1-2
increase in atmospheric moisture,formation of more and larger storms,request-166-1-3
formation of more and larger storms,increased winddriven mixing of surface waters,request-166-1-4
increased winddriven mixing of surface waters,slowing of ocean vertical mixing due to increased surface turbulence,request-166-1-5
heat from gas emissions absorbed by oceans,increase in ocean temperatures,request-166-2-0
increase in ocean temperatures,melting of sea ice,request-166-2-1
melting of sea ice,reduction in ocean albedo,request-166-2-2
reduction in ocean albedo,increased absorption of solar radiation by the ocean,request-166-2-3
increased absorption of solar radiation by the ocean,further increase in ocean temperatures,request-166-2-4
further increase in ocean temperatures,expansion of ocean water due to thermal expansion,request-166-2-5
expansion of ocean water due to thermal expansion,decrease in ocean density,request-166-2-6
decrease in ocean density,reduction in the difference between the density of surface water and deep water,request-166-2-7
reduction in the difference between the density of surface water and deep water,slower convection currents,request-166-2-8
slower convection currents,slowing of ocean vertical mixing,request-166-2-9
heat from gas emissions absorbed by oceans,increased ocean temperatures,request-167-0-0
increased ocean temperatures,reduced solubility of oxygen in warmer water,request-167-0-1
reduced solubility of oxygen in warmer water,decreased oxygen concentration in surface waters,request-167-0-2
decreased oxygen concentration in surface waters,limited oxygen supply to deeper waters,request-167-0-3
limited oxygen supply to deeper waters,ocean deoxygenation,request-167-0-4
heat from gas emissions absorbed by oceans,increased ocean temperatures,request-167-1-0
increased ocean temperatures,accelerated ocean currents and mixing,request-167-1-1
accelerated ocean currents and mixing,upwelling of oxygendepleted deep water,request-167-1-2
upwelling of oxygendepleted deep water,reduced oxygen concentration in surface waters,request-167-1-3
reduced oxygen concentration in surface waters,ocean deoxygenation,request-167-1-4
heat from gas emissions absorbed by oceans,increased ocean temperatures,request-167-2-0
increased ocean temperatures,increased stratification of ocean layers,request-167-2-1
increased stratification of ocean layers,reduced vertical mixing of oxygenrich and oxygendepleted waters,request-167-2-2
reduced vertical mixing of oxygenrich and oxygendepleted waters,ocean deoxygenation,request-167-2-3
heat from gas emissions absorbed by oceans,increased ocean temperatures,request-167-3-0
increased ocean temperatures,altered precipitation patterns,request-167-3-1
altered precipitation patterns,increased river runoff and nutrient input,request-167-3-2
increased river runoff and nutrient input,eutrophication of coastal waters,request-167-3-3
eutrophication of coastal waters,increased biological productivity,request-167-3-4
increased biological productivity,enhanced oxygen consumption during decomposition,request-167-3-5
enhanced oxygen consumption during decomposition,ocean deoxygenation,request-167-3-6
fossil fuel co2 emissions,increase in atmospheric co2 concentration,request-168-0-0
increase in atmospheric co2 concentration,rise in global temperature,request-168-0-1
rise in global temperature,increased ocean water temperature,request-168-0-2
increased ocean water temperature,enhanced oceanic co2 uptake,request-168-0-3
enhanced oceanic co2 uptake,decrease in ocean ph levels,request-168-0-4
decrease in ocean ph levels,ocean acidification,request-168-0-5
fossil fuel co2 emissions,increase in atmospheric co2 concentration,request-168-1-0
increase in atmospheric co2 concentration,increased oceanic co2 uptake,request-168-1-1
increased oceanic co2 uptake,decrease in ocean ph levels,request-168-1-2
decrease in ocean ph levels,ocean acidification,request-168-1-3
fossil fuel co2 emissions,increase in atmospheric co2 concentration,request-168-2-0
increase in atmospheric co2 concentration,rise in global temperature,request-168-2-1
rise in global temperature,melting of polar ice caps,request-168-2-2
melting of polar ice caps,increased ocean water volume,request-168-2-3
increased ocean water volume,decrease in ocean ph levels,request-168-2-4
decrease in ocean ph levels,ocean acidification,request-168-2-5
heat,melts ice,request-169-0-0
melts ice,raises water levels,request-169-0-1
raises water levels,floods urban areas,request-169-0-2
floods urban areas,traps elderly and sick,request-169-0-3
traps elderly and sick,hot weather deaths,request-169-0-4
heat,increases temperature,request-169-1-0
increases temperature,causes heat waves,request-169-1-1
causes heat waves,strains power grid,request-169-1-2
strains power grid,leads to power outages,request-169-1-3
leads to power outages,causes heatrelated illnesses and deaths in affected areas,request-169-1-4
heat,dries out soil,request-169-2-0
dries out soil,increases wildfire risk,request-169-2-1
increases wildfire risk,causes wildfires,request-169-2-2
causes wildfires,produces smoke,request-169-2-3
produces smoke,contaminates air,request-169-2-4
contaminates air,leads to respiratory issues and deaths among vulnerable populations,request-169-2-5
heat,evaporates water,request-169-3-0
evaporates water,reduces water availability,request-169-3-1
reduces water availability,causes drought,request-169-3-2
causes drought,leads to food shortages,request-169-3-3
leads to food shortages,triggers migration,request-169-3-4
triggers migration,overburdens infrastructure,request-169-3-5
overburdens infrastructure,results in hot weather deaths among displaced populations,request-169-3-6
lack of air conditioning,high indoor temperatures,request-170-0-0
high indoor temperatures,dehydration and heat exhaustion,request-170-0-1
dehydration and heat exhaustion,heatstroke,request-170-0-2
heatstroke,hot weather deaths,request-170-0-3
lack of air conditioning,high indoor temperatures,request-170-1-0
high indoor temperatures,reduced productivity and concentration,request-170-1-1
reduced productivity and concentration,increased risk of accidents,request-170-1-2
increased risk of accidents,hot weather deaths,request-170-1-3
lack of air conditioning,high indoor temperatures,request-170-2-0
high indoor temperatures,discomfort and fatigue,request-170-2-1
discomfort and fatigue,increased irritability and aggressive behavior,request-170-2-2
increased irritability and aggressive behavior,violent crimes,request-170-2-3
violent crimes,hot weather deaths,request-170-2-4
lack of air conditioning,high indoor temperatures,request-170-3-0
high indoor temperatures,discomfort and fatigue,request-170-3-1
discomfort and fatigue,reduced physical activity,request-170-3-2
reduced physical activity,vitamin d deficiency and weakened immune system,request-170-3-3
vitamin d deficiency and weakened immune system,heatrelated illnesses,request-170-3-4
heatrelated illnesses,hot weather deaths,request-170-3-5
weakened immune system in the winter,increased susceptibility to infections,request-172-0-0
increased susceptibility to infections,caught the flu,request-172-0-1
caught the flu,developed pneumonia,request-172-0-2
developed pneumonia,severe pneumonia,request-172-0-3
severe pneumonia,respiratory failure,request-172-0-4
respiratory failure,death,request-172-0-5
weakened immune system in the winter,increased susceptibility to infections,request-172-1-0
increased susceptibility to infections,caught a virus,request-172-1-1
caught a virus,developed a severe cough,request-172-1-2
developed a severe cough,coughing fit,request-172-1-3
coughing fit,heart failure,request-172-1-4
heart failure,death,request-172-1-5
weakened immune system in the winter,increased susceptibility to infections,request-172-2-0
increased susceptibility to infections,caught a virus,request-172-2-1
caught a virus,developed a high fever,request-172-2-2
developed a high fever,feverinduced seizures,request-172-2-3
feverinduced seizures,accidental drowning during seizure,request-172-2-4
accidental drowning during seizure,death,request-172-2-5
weakened immune system in the winter,increased susceptibility to infections,request-172-3-0
increased susceptibility to infections,caught a virus,request-172-3-1
caught a virus,developed a severe infection,request-172-3-2
developed a severe infection,septic shock,request-172-3-3
septic shock,organ failure,request-172-3-4
organ failure,death,request-172-3-5
weakened immune system in the winter,increased susceptibility to infections,request-172-4-0
increased susceptibility to infections,caught a virus,request-172-4-1
caught a virus,developed a severe infection,request-172-4-2
developed a severe infection,spread of infection to the brain,request-172-4-3
spread of infection to the brain,meningitis,request-172-4-4
meningitis,brain swelling,request-172-4-5
brain swelling,death,request-172-4-6
cold,ice forms on roads,request-173-0-0
ice forms on roads,car slips,request-173-0-1
car slips,car accident,request-173-0-2
car accident,injuries,request-173-0-3
injuries,death,request-173-0-4
cold,pipes freeze,request-173-1-0
pipes freeze,pipe bursts,request-173-1-1
pipe bursts,flooding,request-173-1-2
flooding,electrocution,request-173-1-3
electrocution,death,request-173-1-4
cold,hypothermia,request-173-2-0
hypothermia,weakened immune system,request-173-2-1
weakened immune system,infection,request-173-2-2
infection,sepsis,request-173-2-3
sepsis,death,request-173-2-4
cold,shivering,request-173-3-0
shivering,exhaustion,request-173-3-1
exhaustion,dehydration,request-173-3-2
dehydration,heatstroke,request-173-3-3
heatstroke,death,request-173-3-4
cold,snowstorm,request-173-4-0
snowstorm,avalanche,request-173-4-1
avalanche,buried alive,request-173-4-2
buried alive,death,request-173-4-3
cold,power outage,request-173-5-0
power outage,no heating,request-173-5-1
no heating,hypothermia,request-173-5-2
hypothermia,death,request-173-5-3
cold,snowstorm,request-173-6-0
snowstorm,power outage,request-173-6-1
power outage,no access to medicine,request-173-6-2
no access to medicine,death,request-173-6-3
wholesale price of gas increases,gas retailers increase prices,request-174-0-0
gas retailers increase prices,consumers face higher gas bills,request-174-0-1
consumers face higher gas bills,households reduce spending on other goods and services,request-174-0-2
households reduce spending on other goods and services,demand for other goods and services decreases,request-174-0-3
demand for other goods and services decreases,prices of other goods and services increase,request-174-0-4
prices of other goods and services increase,crisis in the cost of living,request-174-0-5
wholesale price of gas increases,gas retailers increase prices,request-174-1-0
gas retailers increase prices,consumers face higher gas bills,request-174-1-1
consumers face higher gas bills,households reduce savings,request-174-1-2
households reduce savings,economic uncertainty increases,request-174-1-3
economic uncertainty increases,investment and consumption decrease,request-174-1-4
investment and consumption decrease,economic slowdown,request-174-1-5
economic slowdown,unemployment increases,request-174-1-6
unemployment increases,crisis in the cost of living,request-174-1-7
wholesale price of gas increases,gas retailers increase prices,request-174-2-0
gas retailers increase prices,consumers face higher gas bills,request-174-2-1
consumers face higher gas bills,households reduce spending on food,request-174-2-2
households reduce spending on food,food prices increase,request-174-2-3
food prices increase,food insecurity rises,request-174-2-4
food insecurity rises,crisis in the cost of living,request-174-2-5
human activity,> emission of co2,request-175-0-0
> emission of co2,> burning of fossil fuels,request-175-0-1
> burning of fossil fuels,> 50 billion tons of co2 per year,request-175-0-2
human activity,> industrial processes,request-175-1-0
> industrial processes,> production of goods and services,request-175-1-1
> production of goods and services,> emission of co2,request-175-1-2
> emission of co2,> 50 billion tons of co2 per year,request-175-1-3
human activity,> agriculture and land use,request-175-2-0
> agriculture and land use,> deforestation,request-175-2-1
> deforestation,> increased co2 levels,request-175-2-2
> increased co2 levels,> 50 billion tons of co2 per year,request-175-2-3
human activity,> transportation,request-175-3-0
> transportation,> increased vehicle usage,request-175-3-1
> increased vehicle usage,> emission of co2,request-175-3-2
> emission of co2,> 50 billion tons of co2 per year,request-175-3-3
human activity,> increased population,request-175-4-0
> increased population,> increased demand for resources,request-175-4-1
> increased demand for resources,> industrial activities,request-175-4-2
> industrial activities,> emission of co2,request-175-4-3
> emission of co2,> 50 billion tons of co2 per year,request-175-4-4
fires,smoke,request-176-0-0
smoke,smoke obscures sun,request-176-0-1
smoke obscures sun,reduced sunlight,request-176-0-2
reduced sunlight,reduced photosynthesis,request-176-0-3
reduced photosynthesis,weakened trees,request-176-0-4
weakened trees,deforestation,request-176-0-5
fires,heat,request-176-1-0
heat,heat dries soil,request-176-1-1
heat dries soil,dried soil,request-176-1-2
dried soil,reduced water retention,request-176-1-3
reduced water retention,decreased tree survival,request-176-1-4
decreased tree survival,deforestation,request-176-1-5
fires,destruction of undergrowth,request-176-2-0
destruction of undergrowth,exposed soil,request-176-2-1
exposed soil,soil erosion,request-176-2-2
soil erosion,loss of nutrients,request-176-2-3
loss of nutrients,stunted tree growth,request-176-2-4
stunted tree growth,deforestation,request-176-2-5
increased foliage,increased photosynthesis,request-177-0-0
increased photosynthesis,increased oxygen production,request-177-0-1
increased oxygen production,increased oxygen concentration in atmosphere,request-177-0-2
increased oxygen concentration in atmosphere,greening of the planet,request-177-0-3
increased foliage,increased reflection of sunlight,request-177-1-0
increased reflection of sunlight,decreased absorption of sunlight by land,request-177-1-1
decreased absorption of sunlight by land,decreased temperature of land,request-177-1-2
decreased temperature of land,greening of the planet,request-177-1-3
increased foliage,increased evapotranspiration,request-177-2-0
increased evapotranspiration,increased cloud cover,request-177-2-1
increased cloud cover,increased reflection of sunlight by clouds,request-177-2-2
increased reflection of sunlight by clouds,decreased absorption of sunlight by land,request-177-2-3
decreased absorption of sunlight by land,decreased temperature of land,request-177-2-4
decreased temperature of land,greening of the planet,request-177-2-5
increased foliage,increased carbon sequestration,request-177-3-0
increased carbon sequestration,decreased atmospheric carbon dioxide,request-177-3-1
decreased atmospheric carbon dioxide,decreased global warming,request-177-3-2
decreased global warming,greening of the planet,request-177-3-3
increased foliage,increased habitat for wildlife,request-177-4-0
increased habitat for wildlife,increased biodiversity,request-177-4-1
increased biodiversity,increased ecosystem services,request-177-4-2
increased ecosystem services,greening of the planet,request-177-4-3
tree planting,sprouting of seeds,request-178-0-0
sprouting of seeds,growth of saplings,request-178-0-1
growth of saplings,maturation of trees,request-178-0-2
maturation of trees,reforestation,request-178-0-3
tree planting,germination of seeds,request-178-1-0
germination of seeds,emergence of seedlings,request-178-1-1
emergence of seedlings,development of trees,request-178-1-2
development of trees,reforestation,request-178-1-3
tree planting,root growth,request-178-2-0
root growth,trunk and branch development,request-178-2-1
trunk and branch development,leaf production,request-178-2-2
leaf production,reforestation,request-178-2-3
tree planting,initial growth,request-178-3-0
initial growth,establishment of tree stand,request-178-3-1
establishment of tree stand,expansion of forest area,request-178-3-2
expansion of forest area,reforestation,request-178-3-3
tree planting,sprouting of seeds,request-179-0-0
sprouting of seeds,growth of saplings,request-179-0-1
growth of saplings,maturation of trees,request-179-0-2
maturation of trees,reforestation,request-179-0-3
tree planting,germination of seeds,request-179-1-0
germination of seeds,emergence of seedlings,request-179-1-1
emergence of seedlings,development of trees,request-179-1-2
development of trees,reforestation,request-179-1-3
tree planting,root growth,request-179-2-0
root growth,trunk and branch development,request-179-2-1
trunk and branch development,leaf production,request-179-2-2
leaf production,reforestation,request-179-2-3
tree planting,initial growth,request-179-3-0
initial growth,establishment of tree stand,request-179-3-1
establishment of tree stand,expansion of forest area,request-179-3-2
expansion of forest area,reforestation,request-179-3-3
deforestation,soil erosion,request-180-0-0
soil erosion,loss of topsoil,request-180-0-1
loss of topsoil,exposure of subsoil,request-180-0-2
exposure of subsoil,reduced nutrient content in subsoil,request-180-0-3
reduced nutrient content in subsoil,nutrient loss in the soils,request-180-0-4
deforestation,reduced leaf litter,request-180-1-0
reduced leaf litter,decreased organic matter input,request-180-1-1
decreased organic matter input,decline in soil organic matter,request-180-1-2
decline in soil organic matter,reduced nutrient cycling,request-180-1-3
reduced nutrient cycling,nutrient loss in the soils,request-180-1-4
deforestation,reduced tree cover,request-180-2-0
reduced tree cover,increased sunlight penetration,request-180-2-1
increased sunlight penetration,increased soil temperature,request-180-2-2
increased soil temperature,accelerated mineral weathering,request-180-2-3
accelerated mineral weathering,leaching of nutrients from the soil,request-180-2-4
leaching of nutrients from the soil,nutrient loss in the soils,request-180-2-5
deforestation,removal of tree roots,request-180-3-0
removal of tree roots,reduced soil aggregation,request-180-3-1
reduced soil aggregation,decreased soil structure stability,request-180-3-2
decreased soil structure stability,soil compaction,request-180-3-3
soil compaction,reduced water and nutrient retention,request-180-3-4
reduced water and nutrient retention,nutrient loss in the soils,request-180-3-5
nutrient loss in the soils depletes soil fertility,decreased soil fertility reduces plant growth and yield,request-181-0-0
decreased soil fertility reduces plant growth and yield,"farmers, seeking to maintain production, switch to monoculture",request-181-0-1
"farmers, seeking to maintain production, switch to monoculture",monoculture increases the risk of pests and diseases,request-181-0-2
monoculture increases the risk of pests and diseases,"to control pests and diseases, farmers use more chemicals",request-181-0-3
"to control pests and diseases, farmers use more chemicals","chemical use further depletes soil nutrients, creating a vicious cycle",request-181-0-4
"chemical use further depletes soil nutrients, creating a vicious cycle",the final effect is a persistent state of monoculture,request-181-0-5
nutrient loss in the soils reduces soil structure,poor soil structure,request-181-1-0
poor soil structure,decreased water retention makes the soil more susceptible to erosion,request-181-1-1
decreased water retention makes the soil more susceptible to erosion,erosion further depletes soil nutrients and reduces fertility,request-181-1-2
erosion further depletes soil nutrients and reduces fertility,"to mitigate the effects of erosion, farmers practice conservation tillage",request-181-1-3
"to mitigate the effects of erosion, farmers practice conservation tillage",conservation tillage often involves planting the same crop year after year,request-181-1-4
conservation tillage often involves planting the same crop year after year,the final effect is the adoption of monoculture to combat erosion,request-181-1-5
nutrient loss in the soils impairs soil biodiversity,reduced biodiversity,request-181-2-0
reduced biodiversity,the absence of these organisms makes it harder for plants to access nutrients,request-181-2-1
the absence of these organisms makes it harder for plants to access nutrients,"to ensure adequate plant nutrition, farmers use synthetic fertilizers",request-181-2-2
"to ensure adequate plant nutrition, farmers use synthetic fertilizers",synthetic fertilizers are typically applied to a single crop species,request-181-2-3
synthetic fertilizers are typically applied to a single crop species,the final effect is the use of monoculture to supplement soil nutrients,request-181-2-4
business,economic growth,request-3-0-0
economic growth,infrastructure development,request-3-0-1
infrastructure development,habitat destruction,request-3-0-2
habitat destruction,loss of biodiversity,request-3-0-3
business,economic growth,request-3-1-0
economic growth,agriculture intensification,request-3-1-1
agriculture intensification,habitat destruction,request-3-1-2
habitat destruction,loss of biodiversity,request-3-1-3
business,economic growth,request-3-2-0
economic growth,overfishing,request-3-2-1
overfishing,depletion of fish stocks,request-3-2-2
depletion of fish stocks,loss of biodiversity,request-3-2-3
business,economic growth,request-3-3-0
economic growth,climate change,request-3-3-1
climate change,habitat destruction,request-3-3-2
habitat destruction,loss of biodiversity,request-3-3-3
business,economic growth,request-3-4-0
economic growth,pollution,request-3-4-1
pollution,ecosystem degradation,request-3-4-2
ecosystem degradation,loss of biodiversity,request-3-4-3
business,economic growth,request-3-5-0
economic growth,invasive species introduction,request-3-5-1
invasive species introduction,habitat destruction,request-3-5-2
habitat destruction,loss of biodiversity,request-3-5-3
climate change,increased global temperature,request-10-0-0
increased global temperature,rising sea levels,request-10-0-1
rising sea levels,melting of glaciers,request-10-0-2
climate change,increased global temperature,request-10-1-0
increased global temperature,changes in precipitation patterns,request-10-1-1
changes in precipitation patterns,melting of glaciers,request-10-1-2
climate change,increased global temperature,request-10-2-0
increased global temperature,rising sea temperature,request-10-2-1
rising sea temperature,underwater melt of glaciers,request-10-2-2
climate change,increased global temperature,request-10-3-0
increased global temperature,changes in ocean currents,request-10-3-1
changes in ocean currents,melting of glaciers,request-10-3-2
climate change,increased global temperature,request-10-4-0
increased global temperature,changes in snowfall patterns,request-10-4-1
changes in snowfall patterns,melting of glaciers,request-10-4-2
climate change,increased global temperature,request-10-5-0
increased global temperature,earlier spring thaws,request-10-5-1
earlier spring thaws,melting of glaciers,request-10-5-2
climate change,increased global temperature,request-27-0-0
increased global temperature,melting of polar ice,request-27-0-1
melting of polar ice,sea level rise,request-27-0-2
sea level rise,increased frequency of floods,request-27-0-3
increased frequency of floods,flooding,request-27-0-4
climate change,increased global temperature,request-27-1-0
increased global temperature,more frequent heatwaves,request-27-1-1
more frequent heatwaves,increased evaporation,request-27-1-2
increased evaporation,increased precipitation,request-27-1-3
increased precipitation,flooding,request-27-1-4
climate change,increased global temperature,request-27-2-0
increased global temperature,melting of glaciers,request-27-2-1
melting of glaciers,increased river flow,request-27-2-2
increased river flow,river overflowing,request-27-2-3
river overflowing,flooding,request-27-2-4
climate change,increased global temperature,request-27-3-0
increased global temperature,changes in ocean currents,request-27-3-1
changes in ocean currents,altered weather patterns,request-27-3-2
altered weather patterns,increased heavy rainfall,request-27-3-3
increased heavy rainfall,flooding,request-27-3-4
climate change,increased global temperature,request-27-4-0
increased global temperature,more frequent and intense hurricanes,request-27-4-1
more frequent and intense hurricanes,heavy rainfall,request-27-4-2
heavy rainfall,flooding,request-27-4-3
human activity emission of greenhouse gases,emission of ghgs increase in atmospheric concentration of ghgs,request-58-0-0
emission of ghgs increase in atmospheric concentration of ghgs,increase in atmospheric concentration of ghgs enhanced greenhouse effect,request-58-0-1
increase in atmospheric concentration of ghgs enhanced greenhouse effect,enhanced greenhouse effect increase in global temperature,request-58-0-2
human activity deforestation,deforestation loss of carbon sinks,request-58-1-0
deforestation loss of carbon sinks,loss of carbon sinks increase in atmospheric carbon dioxide,request-58-1-1
loss of carbon sinks increase in atmospheric carbon dioxide,increase in atmospheric co2 enhanced greenhouse effect,request-58-1-2
increase in atmospheric co2 enhanced greenhouse effect,enhanced greenhouse effect increase in global temperature,request-58-1-3
human activity industrial activities,industrial activities emission of sulfur dioxide,request-58-2-0
industrial activities emission of sulfur dioxide,emission of so2 formation of aerosols,request-58-2-1
emission of so2 formation of aerosols,formation of aerosols changes in cloud formation and properties,request-58-2-2
formation of aerosols changes in cloud formation and properties,changes in cloud formation and properties changes in earth's radiation balance,request-58-2-3
changes in cloud formation and properties changes in earth's radiation balance,changes in earth's radiation balance increase in global temperature,request-58-2-4
human activity urbanization,urbanization heat island effect,request-58-3-0
urbanization heat island effect,heat island effect localized increase in temperature,request-58-3-1
heat island effect localized increase in temperature,localized increase in temperature changes in local weather patterns,request-58-3-2
localized increase in temperature changes in local weather patterns,changes in local weather patterns contribution to global climate change,request-58-3-3
climate change,increased global temperature,request-67-0-0
increased global temperature,melting of polar ice,request-67-0-1
melting of polar ice,sea level rise,request-67-0-2
sea level rise,increased frequency of floods,request-67-0-3
increased frequency of floods,flooding,request-67-0-4
climate change,increased global temperature,request-67-1-0
increased global temperature,more frequent heatwaves,request-67-1-1
more frequent heatwaves,increased evaporation,request-67-1-2
increased evaporation,increased precipitation,request-67-1-3
increased precipitation,flooding,request-67-1-4
climate change,increased global temperature,request-67-2-0
increased global temperature,melting of glaciers,request-67-2-1
melting of glaciers,increased river flow,request-67-2-2
increased river flow,river overflowing,request-67-2-3
river overflowing,flooding,request-67-2-4
climate change,increased global temperature,request-67-3-0
increased global temperature,changes in ocean currents,request-67-3-1
changes in ocean currents,altered weather patterns,request-67-3-2
altered weather patterns,increased heavy rainfall,request-67-3-3
increased heavy rainfall,flooding,request-67-3-4
climate change,increased global temperature,request-67-4-0
increased global temperature,more frequent and intense hurricanes,request-67-4-1
more frequent and intense hurricanes,heavy rainfall,request-67-4-2
heavy rainfall,flooding,request-67-4-3
climate change,rising temperatures,request-72-0-0
rising temperatures,retreating sea ice,request-72-0-1
retreating sea ice,increased ocean heat,request-72-0-2
increased ocean heat,increased snowfall,request-72-0-3
increased snowfall,thickening snow cover,request-72-0-4
thickening snow cover,greening of antarctica,request-72-0-5
climate change,rising temperatures,request-72-1-0
rising temperatures,increased snowfall,request-72-1-1
increased snowfall,thickening snow cover,request-72-1-2
thickening snow cover,greening of antarctica,request-72-1-3
climate change,rising temperatures,request-72-2-0
rising temperatures,increased snowfall,request-72-2-1
increased snowfall,melting of perennial ice,request-72-2-2
melting of perennial ice,increased soil exposure,request-72-2-3
increased soil exposure,greening of antarctica,request-72-2-4
climate change,rising temperatures,request-72-3-0
rising temperatures,increased snowfall,request-72-3-1
increased snowfall,melting of perennial ice,request-72-3-2
melting of perennial ice,increased soil nutrient availability,request-72-3-3
increased soil nutrient availability,greening of antarctica,request-72-3-4
climate change,rising temperatures,request-72-4-0
rising temperatures,increased snowfall,request-72-4-1
increased snowfall,melting of perennial ice,request-72-4-2
melting of perennial ice,increased soil water availability,request-72-4-3
increased soil water availability,greening of antarctica,request-72-4-4
climate change,increased temperature,request-80-0-0
increased temperature,drought,request-80-0-1
drought,decreased moisture in forests,request-80-0-2
decreased moisture in forests,increased flammability of trees,request-80-0-3
increased flammability of trees,more frequent and severe forest fires,request-80-0-4
more frequent and severe forest fires,loss from forest fires,request-80-0-5
climate change,increased temperature,request-80-1-0
increased temperature,drought,request-80-1-1
drought,reduced snowpack,request-80-1-2
reduced snowpack,early snowmelt,request-80-1-3
early snowmelt,drier soil in summer,request-80-1-4
drier soil in summer,increased flammability of trees,request-80-1-5
increased flammability of trees,more frequent and severe forest fires,request-80-1-6
more frequent and severe forest fires,loss from forest fires,request-80-1-7
climate change,increased temperature,request-80-2-0
increased temperature,drought,request-80-2-1
drought,decreased streamflow,request-80-2-2
decreased streamflow,lower water levels in rivers and lakes,request-80-2-3
lower water levels in rivers and lakes,reduced natural fire suppression,request-80-2-4
reduced natural fire suppression,more frequent and severe forest fires,request-80-2-5
more frequent and severe forest fires,loss from forest fires,request-80-2-6
climate change,increased temperature,request-80-3-0
increased temperature,drought,request-80-3-1
drought,decreased moisture in forests,request-80-3-2
decreased moisture in forests,increased insect infestations,request-80-3-3
increased insect infestations,dead trees,request-80-3-4
dead trees,increased flammable material,request-80-3-5
increased flammable material,more frequent and severe forest fires,request-80-3-6
more frequent and severe forest fires,loss from forest fires,request-80-3-7
climate change,increased temperatures,request-86-0-0
increased temperatures,changes in rainfall patterns,request-86-0-1
changes in rainfall patterns,favorable conditions for locust breeding,request-86-0-2
favorable conditions for locust breeding,locust outbreaks,request-86-0-3
climate change,increased carbon dioxide levels,request-86-1-0
increased carbon dioxide levels,increased plant growth,request-86-1-1
increased plant growth,changes in plant composition,request-86-1-2
changes in plant composition,favorable food source for locusts,request-86-1-3
favorable food source for locusts,locust outbreaks,request-86-1-4
climate change,ocean acidification,request-86-2-0
ocean acidification,decline in fish populations,request-86-2-1
decline in fish populations,decreased natural predators of locusts,request-86-2-2
decreased natural predators of locusts,increased locust population,request-86-2-3
increased locust population,locust outbreaks,request-86-2-4
climate change,increased global temperatures,request-87-0-0
increased global temperatures,changes in precipitation patterns,request-87-0-1
changes in precipitation patterns,reduced rainfall in certain regions,request-87-0-2
reduced rainfall in certain regions,droughts,request-87-0-3
climate change,increased global temperatures,request-87-1-0
increased global temperatures,evaporation rate increase,request-87-1-1
evaporation rate increase,water cycle disruption,request-87-1-2
water cycle disruption,reduced soil moisture,request-87-1-3
reduced soil moisture,droughts,request-87-1-4
climate change,polar ice cap meltdown,request-87-2-0
polar ice cap meltdown,sea level rise,request-87-2-1
sea level rise,saltwater intrusion into freshwater aquifers,request-87-2-2
saltwater intrusion into freshwater aquifers,reduced availability of freshwater,request-87-2-3
reduced availability of freshwater,droughts,request-87-2-4
climate change,increased frequency of extreme weather events,request-87-3-0
increased frequency of extreme weather events,severe heatwaves,request-87-3-1
severe heatwaves,evapotranspiration increase,request-87-3-2
evapotranspiration increase,water resource depletion,request-87-3-3
water resource depletion,droughts,request-87-3-4
climate change,increased global temperature,request-88-0-0
increased global temperature,melting of polar ice,request-88-0-1
melting of polar ice,sea level rise,request-88-0-2
sea level rise,increased frequency of floods,request-88-0-3
increased frequency of floods,flooding,request-88-0-4
climate change,increased global temperature,request-88-1-0
increased global temperature,more frequent heatwaves,request-88-1-1
more frequent heatwaves,increased evaporation,request-88-1-2
increased evaporation,increased precipitation,request-88-1-3
increased precipitation,flooding,request-88-1-4
climate change,increased global temperature,request-88-2-0
increased global temperature,melting of glaciers,request-88-2-1
melting of glaciers,increased river flow,request-88-2-2
increased river flow,river overflowing,request-88-2-3
river overflowing,flooding,request-88-2-4
climate change,increased global temperature,request-88-3-0
increased global temperature,changes in ocean currents,request-88-3-1
changes in ocean currents,altered weather patterns,request-88-3-2
altered weather patterns,increased heavy rainfall,request-88-3-3
increased heavy rainfall,flooding,request-88-3-4
climate change,increased global temperature,request-88-4-0
increased global temperature,more frequent and intense hurricanes,request-88-4-1
more frequent and intense hurricanes,heavy rainfall,request-88-4-2
heavy rainfall,flooding,request-88-4-3
climate change increased frequency of extreme weather events,increased frequency of extreme weather events disruption of food production,request-91-0-0
increased frequency of extreme weather events disruption of food production,disruption of food production food insecurity,request-91-0-1
disruption of food production food insecurity,food insecurity malnutrition,request-91-0-2
food insecurity malnutrition,malnutrition impaired health and development,request-91-0-3
climate change ocean acidification,ocean acidification decline in marine life,request-91-1-0
ocean acidification decline in marine life,decline in marine life reduced fish stocks,request-91-1-1
decline in marine life reduced fish stocks,reduced fish stocks loss of income and protein source for coastal communities,request-91-1-2
reduced fish stocks loss of income and protein source for coastal communities,loss of income and protein source malnutrition,request-91-1-3
climate change changes in precipitation patterns,changes in precipitation patterns water scarcity,request-91-2-0
changes in precipitation patterns water scarcity,water scarcity reduced agricultural productivity,request-91-2-1
water scarcity reduced agricultural productivity,reduced agricultural productivity food shortages,request-91-2-2
reduced agricultural productivity food shortages,food shortages malnutrition,request-91-2-3
climate change changes in temperature and precipitation patterns,changes in temperature and precipitation patterns pests and diseases outbreaks,request-91-3-0
changes in temperature and precipitation patterns pests and diseases outbreaks,pests and diseases outbreaks crop losses,request-91-3-1
pests and diseases outbreaks crop losses,crop losses food shortages,request-91-3-2
crop losses food shortages,food shortages malnutrition,request-91-3-3
climate change changes in sealevel and storm surges,changes in sealevel and storm surges coastal flooding,request-91-4-0
changes in sealevel and storm surges coastal flooding,coastal flooding destruction of agricultural lands,request-91-4-1
coastal flooding destruction of agricultural lands,destruction of agricultural lands food shortages,request-91-4-2
destruction of agricultural lands food shortages,food shortages malnutrition,request-91-4-3
climate change increased heatwaves and extreme weather events,increased heatwaves and extreme weather events increased heatrelated illnesses and deaths,request-92-0-0
increased heatwaves and extreme weather events increased heatrelated illnesses and deaths,increased heatrelated illnesses and deaths increased strain on healthcare systems,request-92-0-1
increased heatrelated illnesses and deaths increased strain on healthcare systems,increased strain on healthcare systems decreased access to healthcare for other conditions,request-92-0-2
increased strain on healthcare systems decreased access to healthcare for other conditions,decreased access to healthcare for other conditions increased mortality and morbidity from other health conditions,request-92-0-3
climate change melting of polar ice caps,melting of polar ice caps sea level rise,request-92-1-0
melting of polar ice caps sea level rise,sea level rise increased frequency of floods,request-92-1-1
sea level rise increased frequency of floods,increased frequency of floods spread of waterborne diseases,request-92-1-2
increased frequency of floods spread of waterborne diseases,spread of waterborne diseases increased incidence of disease and decreased access to clean water,request-92-1-3
climate change changes in precipitation patterns,changes in precipitation patterns increased frequency of droughts,request-92-2-0
changes in precipitation patterns increased frequency of droughts,increased frequency of droughts food insecurity,request-92-2-1
increased frequency of droughts food insecurity,food insecurity malnutrition and undernutrition,request-92-2-2
food insecurity malnutrition and undernutrition,malnutrition and undernutrition increased susceptibility to infections and other health conditions,request-92-2-3
climate change,increased frequency of natural disasters,request-93-0-0
increased frequency of natural disasters,infrastructure damage,request-93-0-1
infrastructure damage,disruption of business operations,request-93-0-2
disruption of business operations,job losses in affected sectors,request-93-0-3
job losses in affected sectors,cascading unemployment,request-93-0-4
climate change,rising sea levels,request-93-1-0
rising sea levels,coastal population displacement,request-93-1-1
coastal population displacement,strain on local economies,request-93-1-2
strain on local economies,increased unemployment in affected regions,request-93-1-3
climate change,changes in precipitation patterns,request-93-2-0
changes in precipitation patterns,agricultural yield decline,request-93-2-1
agricultural yield decline,food price increases,request-93-2-2
food price increases,reduced consumer spending,request-93-2-3
reduced consumer spending,job losses in retail and related sectors,request-93-2-4
climate change,increased energy demand for cooling,request-93-3-0
increased energy demand for cooling,energy shortages,request-93-3-1
energy shortages,power outages,request-93-3-2
power outages,disruption of manufacturing processes,request-93-3-3
disruption of manufacturing processes,job losses in manufacturing sector,request-93-3-4
climate change,increased heatwaves,request-93-4-0
increased heatwaves,health impacts on workforce,request-93-4-1
health impacts on workforce,reduced productivity,request-93-4-2
reduced productivity,layoffs to cut costs,request-93-4-3
climate change,rising sea levels,request-94-0-0
rising sea levels,increased frequency of natural disasters,request-94-0-1
increased frequency of natural disasters,damage to infrastructure,request-94-0-2
damage to infrastructure,disruption of supply chains,request-94-0-3
disruption of supply chains,economic downturn,request-94-0-4
economic downturn,cascades through economy,request-94-0-5
climate change,droughts,request-94-1-0
droughts,crop failures,request-94-1-1
crop failures,food shortages,request-94-1-2
food shortages,increased food prices,request-94-1-3
increased food prices,economic strain on households,request-94-1-4
economic strain on households,cascades through economy,request-94-1-5
climate change,extreme weather events,request-94-2-0
extreme weather events,power grid disruptions,request-94-2-1
power grid disruptions,blackouts,request-94-2-2
blackouts,business closures,request-94-2-3
business closures,job losses,request-94-2-4
job losses,economic hardship,request-94-2-5
economic hardship,cascades through economy,request-94-2-6
climate change,increased prevalence of insect pests,request-94-3-0
increased prevalence of insect pests,damage to crops and forests,request-94-3-1
damage to crops and forests,decreased timber supply,request-94-3-2
decreased timber supply,increased construction costs,request-94-3-3
increased construction costs,housing market slowdown,request-94-3-4
housing market slowdown,cascades through economy,request-94-3-5
climate change,ocean acidification,request-94-4-0
ocean acidification,decline in fish stocks,request-94-4-1
decline in fish stocks,collapse of fishing industries,request-94-4-2
collapse of fishing industries,job losses in coastal communities,request-94-4-3
job losses in coastal communities,economic decline,request-94-4-4
economic decline,cascades through economy,request-94-4-5
climate change,increased frequency of wildfires,request-94-5-0
increased frequency of wildfires,destruction of tourist attractions,request-94-5-1
destruction of tourist attractions,decline in tourism,request-94-5-2
decline in tourism,job losses in tourism industry,request-94-5-3
job losses in tourism industry,economic downturn,request-94-5-4
economic downturn,cascades through economy,request-94-5-5
human activity emission of greenhouse gases,emission of ghgs increase in atmospheric concentration of ghgs,request-122-0-0
emission of ghgs increase in atmospheric concentration of ghgs,increase in atmospheric concentration of ghgs enhanced greenhouse effect,request-122-0-1
increase in atmospheric concentration of ghgs enhanced greenhouse effect,enhanced greenhouse effect increase in global temperature,request-122-0-2
human activity deforestation,deforestation loss of carbon sinks,request-122-1-0
deforestation loss of carbon sinks,loss of carbon sinks increase in atmospheric carbon dioxide,request-122-1-1
loss of carbon sinks increase in atmospheric carbon dioxide,increase in atmospheric co2 enhanced greenhouse effect,request-122-1-2
increase in atmospheric co2 enhanced greenhouse effect,enhanced greenhouse effect increase in global temperature,request-122-1-3
human activity industrial activities,industrial activities emission of sulfur dioxide,request-122-2-0
industrial activities emission of sulfur dioxide,emission of so2 formation of aerosols,request-122-2-1
emission of so2 formation of aerosols,formation of aerosols changes in cloud formation and properties,request-122-2-2
formation of aerosols changes in cloud formation and properties,changes in cloud formation and properties changes in earth's radiation balance,request-122-2-3
changes in cloud formation and properties changes in earth's radiation balance,changes in earth's radiation balance increase in global temperature,request-122-2-4
human activity urbanization,urbanization heat island effect,request-122-3-0
urbanization heat island effect,heat island effect localized increase in temperature,request-122-3-1
heat island effect localized increase in temperature,localized increase in temperature changes in local weather patterns,request-122-3-2
localized increase in temperature changes in local weather patterns,changes in local weather patterns contribution to global climate change,request-122-3-3
humans' waste of resources increased demand for new resources,increased demand for new resources higher extraction and processing costs,request-136-0-0
increased demand for new resources higher extraction and processing costs,higher extraction and processing costs increased production costs,request-136-0-1
higher extraction and processing costs increased production costs,increased production costs higher prices for goods and services,request-136-0-2
increased production costs higher prices for goods and services,higher prices for goods and services inflation,request-136-0-3
humans' waste of resources increased demand for disposal services,increased demand for disposal services increased waste management costs,request-136-1-0
increased demand for disposal services increased waste management costs,increased waste management costs higher prices for goods and services,request-136-1-1
increased waste management costs higher prices for goods and services,higher prices for goods and services inflation,request-136-1-2
humans' waste of resources depletion of natural resources,depletion of natural resources increased scarcity,request-136-2-0
depletion of natural resources increased scarcity,increased scarcity higher prices for goods and services,request-136-2-1
increased scarcity higher prices for goods and services,higher prices for goods and services inflation,request-136-2-2
humans' waste of resources environmental degradation,environmental degradation increased health issues,request-136-3-0
environmental degradation increased health issues,increased health issues higher healthcare costs,request-136-3-1
increased health issues higher healthcare costs,higher healthcare costs higher prices for goods and services,request-136-3-2
higher healthcare costs higher prices for goods and services,higher prices for goods and services inflation,request-136-3-3
fuel poverty,high energy bills,request-159-0-0
high energy bills,inability to heat home adequately,request-159-0-1
inability to heat home adequately,increased susceptibility to respiratory illnesses,request-159-0-2
increased susceptibility to respiratory illnesses,pneumonia,request-159-0-3
pneumonia,death,request-159-0-4
fuel poverty,high energy bills,request-159-1-0
high energy bills,inability to cook nutritious meals,request-159-1-1
inability to cook nutritious meals,malnutrition,request-159-1-2
malnutrition,weakened immune system,request-159-1-3
weakened immune system,increased susceptibility to infections,request-159-1-4
increased susceptibility to infections,sepsis,request-159-1-5
sepsis,death,request-159-1-6
fuel poverty,high energy bills,request-159-2-0
high energy bills,financial strain,request-159-2-1
financial strain,mental health issues,request-159-2-2
mental health issues,suicidal thoughts,request-159-2-3
suicidal thoughts,suicide,request-159-2-4
suicide,death,request-159-2-5
climate change,increased global temperature,request-160-0-0
increased global temperature,melting of polar ice,request-160-0-1
melting of polar ice,sea level rise,request-160-0-2
sea level rise,increased frequency of floods,request-160-0-3
increased frequency of floods,flooding,request-160-0-4
climate change,increased global temperature,request-160-1-0
increased global temperature,more frequent heatwaves,request-160-1-1
more frequent heatwaves,increased evaporation,request-160-1-2
increased evaporation,increased precipitation,request-160-1-3
increased precipitation,flooding,request-160-1-4
climate change,increased global temperature,request-160-2-0
increased global temperature,melting of glaciers,request-160-2-1
melting of glaciers,increased river flow,request-160-2-2
increased river flow,river overflowing,request-160-2-3
river overflowing,flooding,request-160-2-4
climate change,increased global temperature,request-160-3-0
increased global temperature,changes in ocean currents,request-160-3-1
changes in ocean currents,altered weather patterns,request-160-3-2
altered weather patterns,increased heavy rainfall,request-160-3-3
increased heavy rainfall,flooding,request-160-3-4
climate change,increased global temperature,request-160-4-0
increased global temperature,more frequent and intense hurricanes,request-160-4-1
more frequent and intense hurricanes,heavy rainfall,request-160-4-2
heavy rainfall,flooding,request-160-4-3
climate change,increased global temperatures,request-161-0-0
increased global temperatures,changes in precipitation patterns,request-161-0-1
changes in precipitation patterns,reduced rainfall in certain regions,request-161-0-2
reduced rainfall in certain regions,droughts,request-161-0-3
climate change,increased global temperatures,request-161-1-0
increased global temperatures,evaporation rate increase,request-161-1-1
evaporation rate increase,water cycle disruption,request-161-1-2
water cycle disruption,reduced soil moisture,request-161-1-3
reduced soil moisture,droughts,request-161-1-4
climate change,polar ice cap meltdown,request-161-2-0
polar ice cap meltdown,sea level rise,request-161-2-1
sea level rise,saltwater intrusion into freshwater aquifers,request-161-2-2
saltwater intrusion into freshwater aquifers,reduced availability of freshwater,request-161-2-3
reduced availability of freshwater,droughts,request-161-2-4
climate change,increased frequency of extreme weather events,request-161-3-0
increased frequency of extreme weather events,severe heatwaves,request-161-3-1
severe heatwaves,evapotranspiration increase,request-161-3-2
evapotranspiration increase,water resource depletion,request-161-3-3
water resource depletion,droughts,request-161-3-4
human activity emission of greenhouse gases,emission of ghgs increase in atmospheric concentration of ghgs,request-163-0-0
emission of ghgs increase in atmospheric concentration of ghgs,increase in atmospheric concentration of ghgs enhanced greenhouse effect,request-163-0-1
increase in atmospheric concentration of ghgs enhanced greenhouse effect,enhanced greenhouse effect increase in global temperature,request-163-0-2
human activity deforestation,deforestation loss of carbon sinks,request-163-1-0
deforestation loss of carbon sinks,loss of carbon sinks increase in atmospheric carbon dioxide,request-163-1-1
loss of carbon sinks increase in atmospheric carbon dioxide,increase in atmospheric co2 enhanced greenhouse effect,request-163-1-2
increase in atmospheric co2 enhanced greenhouse effect,enhanced greenhouse effect increase in global temperature,request-163-1-3
human activity industrial activities,industrial activities emission of sulfur dioxide,request-163-2-0
industrial activities emission of sulfur dioxide,emission of so2 formation of aerosols,request-163-2-1
emission of so2 formation of aerosols,formation of aerosols changes in cloud formation and properties,request-163-2-2
formation of aerosols changes in cloud formation and properties,changes in cloud formation and properties changes in earth's radiation balance,request-163-2-3
changes in cloud formation and properties changes in earth's radiation balance,changes in earth's radiation balance increase in global temperature,request-163-2-4
human activity urbanization,urbanization heat island effect,request-163-3-0
urbanization heat island effect,heat island effect localized increase in temperature,request-163-3-1
heat island effect localized increase in temperature,localized increase in temperature changes in local weather patterns,request-163-3-2
localized increase in temperature changes in local weather patterns,changes in local weather patterns contribution to global climate change,request-163-3-3
cold,decreased body temperature,request-171-0-0
decreased body temperature,shivering,request-171-0-1
shivering,confusion,request-171-0-2
confusion,hypothermia,request-171-0-3
hypothermia,cold weather deaths,request-171-0-4
cold,icy roads,request-171-1-0
icy roads,slippery conditions,request-171-1-1
slippery conditions,car accidents,request-171-1-2
car accidents,cold weather deaths,request-171-1-3
cold,frozen pipes,request-171-2-0
frozen pipes,pipe burst,request-171-2-1
pipe burst,house flooding,request-171-2-2
house flooding,hypothermia from being wet and cold,request-171-2-3
hypothermia from being wet and cold,cold weather deaths,request-171-2-4
cold,snow accumulation,request-171-3-0
snow accumulation,heavy snowfall,request-171-3-1
heavy snowfall,roof collapse,request-171-3-2
roof collapse,injuries,request-171-3-3
injuries,cold weather deaths,request-171-3-4
cold,power outage due to weather,request-171-4-0
power outage due to weather,loss of heat,request-171-4-1
loss of heat,hypothermia,request-171-4-2
hypothermia,cold weather deaths,request-171-4-3
cold,difficulty breathing in cold air,request-171-5-0
difficulty breathing in cold air,respiratory issues,request-171-5-1
respiratory issues,exacerbation of existing conditions,request-171-5-2
exacerbation of existing conditions,cold weather deaths,request-171-5-3
