cause,effect,custom_id
cities' burden on distal resource suppliers,increased demand for resources from distant locations,request-1-0-0
increased demand for resources from distant locations,higher transportation emissions and energy consumption,request-1-0-1
higher transportation emissions and energy consumption,contribution to greenhouse gas emissions and climate change,request-1-0-2
contribution to greenhouse gas emissions and climate change,"exacerbation of environmental deficits in cities, such as air pollution and heat island effects",request-1-0-3
"exacerbation of environmental deficits in cities, such as air pollution and heat island effects",environmental deficits in cities <end>,request-1-0-4
cities' burden on distal resource suppliers,overexploitation of resources in distant locations,request-1-1-0
overexploitation of resources in distant locations,degradation of ecosystems and loss of biodiversity,request-1-1-1
degradation of ecosystems and loss of biodiversity,"reduced capacity of ecosystems to provide essential services, such as water filtration and carbon sequestration",request-1-1-2
"reduced capacity of ecosystems to provide essential services, such as water filtration and carbon sequestration",decreased resilience of cities to environmental changes and extreme events,request-1-1-3
decreased resilience of cities to environmental changes and extreme events,environmental deficits in cities <end>,request-1-1-4
cities' burden on distal resource suppliers,increased competition for resources between cities and local communities,request-1-2-0
increased competition for resources between cities and local communities,social conflicts and displacement of local populations,request-1-2-1
social conflicts and displacement of local populations,loss of traditional knowledge and practices for sustainable resource management,request-1-2-2
loss of traditional knowledge and practices for sustainable resource management,reduced capacity of cities to adapt to environmental changes and mitigate their impacts,request-1-2-3
reduced capacity of cities to adapt to environmental changes and mitigate their impacts,environmental deficits in cities <end>,request-1-2-4
cities' burden on distal resource suppliers,higher costs and risks associated with resource extraction and transportation,request-1-3-0
higher costs and risks associated with resource extraction and transportation,increased pressure on city budgets and infrastructure,request-1-3-1
increased pressure on city budgets and infrastructure,tradeoffs between environmental sustainability and economic development,request-1-3-2
tradeoffs between environmental sustainability and economic development,prioritization of shortterm economic gains over longterm environmental protection,request-1-3-3
prioritization of shortterm economic gains over longterm environmental protection,environmental deficits in cities <end>,request-1-3-4
cities' burden on distal resource suppliers,lack of transparency and accountability in resource supply chains,request-1-4-0
lack of transparency and accountability in resource supply chains,limited opportunities for public participation and oversight,request-1-4-1
limited opportunities for public participation and oversight,weak governance and enforcement of environmental regulations,request-1-4-2
weak governance and enforcement of environmental regulations,inadequate protection of ecosystems and communities affected by resource extraction and transportation,request-1-4-3
inadequate protection of ecosystems and communities affected by resource extraction and transportation,environmental deficits in cities <end>,request-1-4-4
business,emission of greenhouse gases,request-2-0-0
emission of greenhouse gases,increase in atmospheric greenhouse gas concentrations,request-2-0-1
increase in atmospheric greenhouse gas concentrations,enhanced greenhouse effect,request-2-0-2
enhanced greenhouse effect,global warming,request-2-0-3
global warming,climate change,request-2-0-4
business,deforestation for expansion,request-2-1-0
deforestation for expansion,reduced carbon sequestration,request-2-1-1
reduced carbon sequestration,increase in atmospheric carbon dioxide,request-2-1-2
increase in atmospheric carbon dioxide,enhanced greenhouse effect,request-2-1-3
enhanced greenhouse effect,global warming,request-2-1-4
global warming,climate change,request-2-1-5
business,energy consumption for operations,request-2-2-0
energy consumption for operations,dependence on fossil fuels,request-2-2-1
dependence on fossil fuels,emission of greenhouse gases,request-2-2-2
emission of greenhouse gases,increase in atmospheric greenhouse gas concentrations,request-2-2-3
increase in atmospheric greenhouse gas concentrations,enhanced greenhouse effect,request-2-2-4
enhanced greenhouse effect,global warming,request-2-2-5
global warming,climate change,request-2-2-6
business,production of goods,request-2-3-0
production of goods,generation of waste,request-2-3-1
generation of waste,methane emissions from landfills,request-2-3-2
methane emissions from landfills,increase in atmospheric methane concentrations,request-2-3-3
increase in atmospheric methane concentrations,enhanced greenhouse effect,request-2-3-4
enhanced greenhouse effect,global warming,request-2-3-5
global warming,climate change,request-2-3-6
business,transportation of goods,request-2-4-0
transportation of goods,emission of greenhouse gases,request-2-4-1
emission of greenhouse gases,increase in atmospheric greenhouse gas concentrations,request-2-4-2
increase in atmospheric greenhouse gas concentrations,enhanced greenhouse effect,request-2-4-3
enhanced greenhouse effect,global warming,request-2-4-4
global warming,climate change,request-2-4-5
business,consumer demand for products,request-2-5-0
consumer demand for products,resource extraction,request-2-5-1
resource extraction,deforestation and habitat destruction,request-2-5-2
deforestation and habitat destruction,loss of biodiversity,request-2-5-3
loss of biodiversity,disruption of ecosystems,request-2-5-4
disruption of ecosystems,reduced carbon sequestration,request-2-5-5
reduced carbon sequestration,increase in atmospheric carbon dioxide,request-2-5-6
increase in atmospheric carbon dioxide,enhanced greenhouse effect,request-2-5-7
enhanced greenhouse effect,global warming,request-2-5-8
global warming,climate change,request-2-5-9
business,expansion of industrial activities,request-3-0-0
expansion of industrial activities,deforestation,request-3-0-1
deforestation,habitat destruction,request-3-0-2
habitat destruction,loss of biodiversity,request-3-0-3
business,mining and resource extraction,request-3-1-0
mining and resource extraction,pollution of water and soil,request-3-1-1
pollution of water and soil,degradation of ecosystems,request-3-1-2
degradation of ecosystems,loss of biodiversity,request-3-1-3
business,agricultural practices,request-3-2-0
agricultural practices,use of pesticides and fertilizers,request-3-2-1
use of pesticides and fertilizers,water and soil pollution,request-3-2-2
water and soil pollution,loss of biodiversity,request-3-2-3
business,construction and infrastructure development,request-3-3-0
construction and infrastructure development,fragmentation of habitats,request-3-3-1
fragmentation of habitats,reduction in species populations,request-3-3-2
reduction in species populations,loss of biodiversity,request-3-3-3
business,tourism and recreation,request-3-4-0
tourism and recreation,disturbance of wildlife and habitats,request-3-4-1
disturbance of wildlife and habitats,disruption of ecosystems,request-3-4-2
disruption of ecosystems,loss of biodiversity,request-3-4-3
business,introduction of invasive species,request-3-5-0
introduction of invasive species,competition with native species,request-3-5-1
competition with native species,reduction in native species populations,request-3-5-2
reduction in native species populations,loss of biodiversity,request-3-5-3
business,climate change,request-3-6-0
climate change,alteration of ecosystems,request-3-6-1
alteration of ecosystems,shifts in species distributions,request-3-6-2
shifts in species distributions,loss of biodiversity,request-3-6-3
business,exploitation of resources,request-4-0-0
exploitation of resources,deforestation,request-4-0-1
deforestation,habitat loss,request-4-0-2
habitat loss,loss of biodiversity,request-4-0-3
loss of biodiversity,degradation of nature,request-4-0-4
business,industrialization,request-4-1-0
industrialization,pollution,request-4-1-1
pollution,climate change,request-4-1-2
climate change,natural disasters,request-4-1-3
natural disasters,degradation of nature,request-4-1-4
business,consumer demand,request-4-2-0
consumer demand,overproduction,request-4-2-1
overproduction,waste generation,request-4-2-2
waste generation,pollution,request-4-2-3
pollution,degradation of nature,request-4-2-4
business,urbanization,request-4-3-0
urbanization,habitat destruction,request-4-3-1
habitat destruction,loss of biodiversity,request-4-3-2
loss of biodiversity,degradation of nature,request-4-3-3
business,mining,request-4-4-0
mining,soil erosion,request-4-4-1
soil erosion,desertification,request-4-4-2
desertification,degradation of nature,request-4-4-3
business,agriculture,request-4-5-0
agriculture,pesticide use,request-4-5-1
pesticide use,water pollution,request-4-5-2
water pollution,loss of aquatic life,request-4-5-3
loss of aquatic life,degradation of nature,request-4-5-4
business,transportation,request-4-6-0
transportation,air pollution,request-4-6-1
air pollution,acid rain,request-4-6-2
acid rain,forest destruction,request-4-6-3
forest destruction,degradation of nature,request-4-6-4
business,energy production,request-4-7-0
energy production,greenhouse gas emissions,request-4-7-1
greenhouse gas emissions,global warming,request-4-7-2
global warming,melting of ice caps,request-4-7-3
melting of ice caps,degradation of nature,request-4-7-4
business,tourism,request-4-8-0
tourism,habitat destruction,request-4-8-1
habitat destruction,loss of biodiversity,request-4-8-2
loss of biodiversity,degradation of nature,request-4-8-3
business,construction,request-4-9-0
construction,habitat destruction,request-4-9-1
habitat destruction,loss of biodiversity,request-4-9-2
loss of biodiversity,degradation of nature,request-4-9-3
heat from gas emissions absorbed by oceans,increased ocean surface temperatures,request-5-0-0
increased ocean surface temperatures,changes in ocean density and salinity,request-5-0-1
changes in ocean density and salinity,disruption of thermohaline circulation,request-5-0-2
disruption of thermohaline circulation,slowing of ocean vertical mixing,request-5-0-3
heat from gas emissions absorbed by oceans,increased ocean surface temperatures,request-5-1-0
increased ocean surface temperatures,melting of polar ice caps,request-5-1-1
melting of polar ice caps,increased freshwater input into oceans,request-5-1-2
increased freshwater input into oceans,changes in ocean density and salinity,request-5-1-3
changes in ocean density and salinity,disruption of thermohaline circulation,request-5-1-4
disruption of thermohaline circulation,slowing of ocean vertical mixing,request-5-1-5
heat from gas emissions absorbed by oceans,increased ocean surface temperatures,request-5-2-0
increased ocean surface temperatures,changes in ocean currents,request-5-2-1
changes in ocean currents,alteration of upwelling and sinking patterns,request-5-2-2
alteration of upwelling and sinking patterns,slowing of ocean vertical mixing,request-5-2-3
heat from gas emissions absorbed by oceans,increased ocean surface temperatures,request-5-3-0
increased ocean surface temperatures,changes in ocean biology and chemistry,request-5-3-1
changes in ocean biology and chemistry,alteration of nutrient availability,request-5-3-2
alteration of nutrient availability,changes in phytoplankton and zooplankton populations,request-5-3-3
changes in phytoplankton and zooplankton populations,slowing of ocean vertical mixing,request-5-3-4
heat from gas emissions absorbed by oceans,increased ocean temperature,request-6-0-0
increased ocean temperature,decreased oxygen solubility in warmer water,request-6-0-1
decreased oxygen solubility in warmer water,reduced oxygen concentration in ocean water,request-6-0-2
reduced oxygen concentration in ocean water,ocean deoxygenation,request-6-0-3
heat from gas emissions absorbed by oceans,increased ocean temperature,request-6-1-0
increased ocean temperature,accelerated growth of oxygenconsuming microorganisms,request-6-1-1
accelerated growth of oxygenconsuming microorganisms,increased oxygen consumption in ocean water,request-6-1-2
increased oxygen consumption in ocean water,ocean deoxygenation,request-6-1-3
heat from gas emissions absorbed by oceans,increased ocean temperature,request-6-2-0
increased ocean temperature,changes in ocean circulation patterns,request-6-2-1
changes in ocean circulation patterns,reduced oxygen transport to deeper ocean layers,request-6-2-2
reduced oxygen transport to deeper ocean layers,ocean deoxygenation,request-6-2-3
heat from gas emissions absorbed by oceans,increased ocean temperature,request-6-3-0
increased ocean temperature,increased thermal stratification of ocean layers,request-6-3-1
increased thermal stratification of ocean layers,reduced vertical mixing of oxygenrich surface water with deeper layers,request-6-3-2
reduced vertical mixing of oxygenrich surface water with deeper layers,ocean deoxygenation,request-6-3-3
heat from gas emissions absorbed by oceans,increased ocean temperature,request-6-4-0
increased ocean temperature,melting of sea ice and ice sheets,request-6-4-1
melting of sea ice and ice sheets,changes in ocean salinity and density,request-6-4-2
changes in ocean salinity and density,alterations in ocean circulation patterns,request-6-4-3
alterations in ocean circulation patterns,reduced oxygen transport to deeper ocean layers,request-6-4-4
reduced oxygen transport to deeper ocean layers,ocean deoxygenation,request-6-4-5
fossil fuel combustion,release of co2 into the atmosphere,request-7-0-0
release of co2 into the atmosphere,increased atmospheric co2 concentration,request-7-0-1
increased atmospheric co2 concentration,atmospheric co2 dissolves in ocean water,request-7-0-2
atmospheric co2 dissolves in ocean water,formation of carbonic acid,request-7-0-3
formation of carbonic acid,increased ocean acidity,request-7-0-4
increased ocean acidity,ocean acidification,request-7-0-5
fossil fuel combustion,release of co2 into the atmosphere,request-7-1-0
release of co2 into the atmosphere,increased atmospheric co2 concentration,request-7-1-1
increased atmospheric co2 concentration,atmospheric co2 absorption by ocean,request-7-1-2
atmospheric co2 absorption by ocean,increased carbonic acid formation,request-7-1-3
increased carbonic acid formation,increased ocean acidity,request-7-1-4
increased ocean acidity,ocean acidification,request-7-1-5
fossil fuel combustion,release of co2 into the atmosphere,request-7-2-0
release of co2 into the atmosphere,increased atmospheric co2 concentration,request-7-2-1
increased atmospheric co2 concentration,atmospheric co2 dissolution in ocean,request-7-2-2
atmospheric co2 dissolution in ocean,increased hydrogen ion concentration,request-7-2-3
increased hydrogen ion concentration,decreased ocean ph,request-7-2-4
decreased ocean ph,ocean acidification,request-7-2-5
fossil fuel combustion,release of co2 into the atmosphere,request-7-3-0
release of co2 into the atmosphere,increased atmospheric co2 concentration,request-7-3-1
increased atmospheric co2 concentration,atmospheric co2 absorption by ocean,request-7-3-2
atmospheric co2 absorption by ocean,increased hydrogen ion concentration,request-7-3-3
increased hydrogen ion concentration,decreased ocean ph,request-7-3-4
decreased ocean ph,ocean acidification,request-7-3-5
fossil fuel combustion,release of co2 into the atmosphere,request-7-4-0
release of co2 into the atmosphere,increased atmospheric co2 concentration,request-7-4-1
increased atmospheric co2 concentration,atmospheric co2 dissolution in ocean,request-7-4-2
atmospheric co2 dissolution in ocean,increased carbonate ion depletion,request-7-4-3
increased carbonate ion depletion,decreased calcium carbonate saturation,request-7-4-4
decreased calcium carbonate saturation,ocean acidification,request-7-4-5
fossil fuel combustion,release of co2 into the atmosphere,request-7-5-0
release of co2 into the atmosphere,increased atmospheric co2 concentration,request-7-5-1
increased atmospheric co2 concentration,atmospheric co2 absorption by ocean,request-7-5-2
atmospheric co2 absorption by ocean,increased carbonate ion depletion,request-7-5-3
increased carbonate ion depletion,decreased calcium carbonate saturation,request-7-5-4
decreased calcium carbonate saturation,ocean acidification,request-7-5-5
melting of glaciers,increased freshwater input into the ocean,request-8-0-0
increased freshwater input into the ocean,changes in water density and salinity,request-8-0-1
changes in water density and salinity,alteration of water column stratification,request-8-0-2
alteration of water column stratification,disruption of ocean currents at intermediate depths,request-8-0-3
melting of glaciers,increased freshwater input into the ocean,request-8-1-0
increased freshwater input into the ocean,changes in water temperature,request-8-1-1
changes in water temperature,alteration of water column stratification,request-8-1-2
alteration of water column stratification,disruption of ocean currents at intermediate depths,request-8-1-3
melting of glaciers,increased freshwater input into the ocean,request-8-2-0
increased freshwater input into the ocean,"changes in water density, salinity, and temperature",request-8-2-1
"changes in water density, salinity, and temperature",alteration of water column stratification,request-8-2-2
alteration of water column stratification,disruption of ocean currents at intermediate depths,request-8-2-3
melting of glaciers,increased freshwater input into the ocean,request-8-3-0
increased freshwater input into the ocean,changes in sea level,request-8-3-1
changes in sea level,alteration of coastal currents and circulation patterns,request-8-3-2
alteration of coastal currents and circulation patterns,disruption of ocean currents at intermediate depths,request-8-3-3
melting of glaciers,increased freshwater input into the ocean,request-8-4-0
increased freshwater input into the ocean,changes in water temperature and circulation patterns,request-8-4-1
changes in water temperature and circulation patterns,alteration of water column stratification,request-8-4-2
alteration of water column stratification,disruption of ocean currents at intermediate depths,request-8-4-3
melting of glaciers,increased freshwater input into the ocean,request-8-5-0
increased freshwater input into the ocean,"changes in water density, salinity, temperature, and circulation patterns",request-8-5-1
"changes in water density, salinity, temperature, and circulation patterns",alteration of water column stratification,request-8-5-2
alteration of water column stratification,disruption of ocean currents at intermediate depths,request-8-5-3
melting of glaciers,increased freshwater inflow into the ocean,request-9-0-0
increased freshwater inflow into the ocean,changes in ocean salinity levels,request-9-0-1
changes in ocean salinity levels,alterations in water density and circulation patterns,request-9-0-2
alterations in water density and circulation patterns,disruption of ocean temperature at intermediate depths,request-9-0-3
melting of glaciers,increased freshwater inflow into the ocean,request-9-1-0
increased freshwater inflow into the ocean,changes in ocean salinity levels,request-9-1-1
changes in ocean salinity levels,alterations in water density and circulation patterns,request-9-1-2
alterations in water density and circulation patterns,reduction in heat transport from equatorial regions,request-9-1-3
reduction in heat transport from equatorial regions,disruption of ocean temperature at intermediate depths,request-9-1-4
melting of glaciers,increased freshwater inflow into the ocean,request-9-2-0
increased freshwater inflow into the ocean,changes in ocean salinity levels,request-9-2-1
changes in ocean salinity levels,alterations in water density and circulation patterns,request-9-2-2
alterations in water density and circulation patterns,changes in the strength and position of ocean currents,request-9-2-3
changes in the strength and position of ocean currents,disruption of ocean temperature at intermediate depths,request-9-2-4
melting of glaciers,increased freshwater inflow into the ocean,request-9-3-0
increased freshwater inflow into the ocean,changes in ocean salinity levels,request-9-3-1
changes in ocean salinity levels,alterations in water density and circulation patterns,request-9-3-2
alterations in water density and circulation patterns,changes in nutrient distribution and availability,request-9-3-3
changes in nutrient distribution and availability,alterations in marine ecosystems and food webs,request-9-3-4
alterations in marine ecosystems and food webs,disruption of ocean temperature at intermediate depths,request-9-3-5
melting of glaciers,increased freshwater inflow into the ocean,request-9-4-0
increased freshwater inflow into the ocean,changes in ocean salinity levels,request-9-4-1
changes in ocean salinity levels,alterations in water density and circulation patterns,request-9-4-2
alterations in water density and circulation patterns,changes in sea level rise,request-9-4-3
changes in sea level rise,changes in coastal ecosystems and oceanic processes,request-9-4-4
changes in coastal ecosystems and oceanic processes,disruption of ocean temperature at intermediate depths,request-9-4-5
climate change,increase in global temperatures,request-10-0-0
increase in global temperatures,warming of ocean waters,request-10-0-1
warming of ocean waters,heat absorption by glaciers,request-10-0-2
heat absorption by glaciers,melting of glaciers,request-10-0-3
climate change,increase in greenhouse gas emissions,request-10-1-0
increase in greenhouse gas emissions,enhanced greenhouse effect,request-10-1-1
enhanced greenhouse effect,increase in global temperatures,request-10-1-2
increase in global temperatures,warming of ocean waters,request-10-1-3
warming of ocean waters,heat absorption by glaciers,request-10-1-4
heat absorption by glaciers,melting of glaciers,request-10-1-5
climate change,increase in atmospheric temperatures,request-10-2-0
increase in atmospheric temperatures,warming of air surrounding glaciers,request-10-2-1
warming of air surrounding glaciers,heat absorption by glaciers,request-10-2-2
heat absorption by glaciers,melting of glaciers,request-10-2-3
climate change,changes in precipitation patterns,request-10-3-0
changes in precipitation patterns,decrease in snowfall on glaciers,request-10-3-1
decrease in snowfall on glaciers,reduced reflectivity of glaciers,request-10-3-2
reduced reflectivity of glaciers,increased heat absorption by glaciers,request-10-3-3
increased heat absorption by glaciers,melting of glaciers,request-10-3-4
climate change,rising sea levels,request-10-4-0
rising sea levels,increased ocean temperatures,request-10-4-1
increased ocean temperatures,heat absorption by glaciers,request-10-4-2
heat absorption by glaciers,melting of glaciers,request-10-4-3
meltwaterinduced weakening of ocean circulation,"reduced transport of cold, dense water",request-11-0-0
"reduced transport of cold, dense water",decreased mixing of surface and deep waters,request-11-0-1
decreased mixing of surface and deep waters,reduced heat transfer to the deep ocean,request-11-0-2
reduced heat transfer to the deep ocean,warming of intermediatedepth waters,request-11-0-3
meltwaterinduced weakening of ocean circulation,alteration of thermohaline circulation,request-11-1-0
alteration of thermohaline circulation,disruption of global heat transport,request-11-1-1
disruption of global heat transport,increased heat retention in upper ocean layers,request-11-1-2
increased heat retention in upper ocean layers,warming of intermediatedepth waters,request-11-1-3
meltwaterinduced weakening of ocean circulation,"reduced flow of cold, dense water into the deep ocean",request-11-2-0
"reduced flow of cold, dense water into the deep ocean",decreased vertical mixing of water masses,request-11-2-1
decreased vertical mixing of water masses,trapping of heat in the upper ocean,request-11-2-2
trapping of heat in the upper ocean,warming of intermediatedepth waters,request-11-2-3
meltwaterinduced weakening of ocean circulation,slowing of meridional overturning circulation,request-11-3-0
slowing of meridional overturning circulation,"reduced upwelling of cold, deep water",request-11-3-1
"reduced upwelling of cold, deep water",increased stratification of ocean layers,request-11-3-2
increased stratification of ocean layers,warming of intermediatedepth waters,request-11-3-3
warming of intermediatedepth waters,increased heat transfer to shallow subsurface waters,request-12-0-0
increased heat transfer to shallow subsurface waters,rising temperatures in shallow subsurface waters,request-12-0-1
rising temperatures in shallow subsurface waters,warming of shallow subsurface methane hydrates,request-12-0-2
warming of shallow subsurface methane hydrates,destabilization of shallow subsurface methane hydrates,request-12-0-3
warming of intermediatedepth waters,changes in ocean circulation patterns,request-12-1-0
changes in ocean circulation patterns,increased heat transfer to shallow subsurface waters,request-12-1-1
increased heat transfer to shallow subsurface waters,rising temperatures in shallow subsurface waters,request-12-1-2
rising temperatures in shallow subsurface waters,warming of shallow subsurface methane hydrates,request-12-1-3
warming of shallow subsurface methane hydrates,destabilization of shallow subsurface methane hydrates,request-12-1-4
warming of intermediatedepth waters,changes in ocean chemistry,request-12-2-0
changes in ocean chemistry,increased dissolution of methane hydrates,request-12-2-1
increased dissolution of methane hydrates,release of methane gas,request-12-2-2
release of methane gas,increased pressure in shallow subsurface waters,request-12-2-3
increased pressure in shallow subsurface waters,destabilization of shallow subsurface methane hydrates,request-12-2-4
warming of intermediatedepth waters,changes in ocean currents,request-12-3-0
changes in ocean currents,increased turbulence in shallow subsurface waters,request-12-3-1
increased turbulence in shallow subsurface waters,enhanced mixing of methane hydrates with surrounding water,request-12-3-2
enhanced mixing of methane hydrates with surrounding water,warming of shallow subsurface methane hydrates,request-12-3-3
warming of shallow subsurface methane hydrates,destabilization of shallow subsurface methane hydrates,request-12-3-4
warming of intermediatedepth waters,changes in ocean circulation patterns,request-12-4-0
changes in ocean circulation patterns,increased upwelling of warm water,request-12-4-1
increased upwelling of warm water,rising temperatures in shallow subsurface waters,request-12-4-2
rising temperatures in shallow subsurface waters,warming of shallow subsurface methane hydrates,request-12-4-3
warming of shallow subsurface methane hydrates,destabilization of shallow subsurface methane hydrates,request-12-4-4
warming of intermediatedepth waters,increased temperatures in ocean sediments,request-13-0-0
increased temperatures in ocean sediments,thawing of methane hydrates,request-13-0-1
thawing of methane hydrates,release of methane,request-13-0-2
warming of intermediatedepth waters,changes in ocean currents and circulation patterns,request-13-1-0
changes in ocean currents and circulation patterns,increased upwelling of nutrientrich waters,request-13-1-1
increased upwelling of nutrientrich waters,stimulation of methaneproducing microorganisms,request-13-1-2
stimulation of methaneproducing microorganisms,release of methane,request-13-1-3
warming of intermediatedepth waters,changes in ocean chemistry,request-13-2-0
changes in ocean chemistry,increased acidification of seawater,request-13-2-1
increased acidification of seawater,dissolution of carbonate rocks containing methane hydrates,request-13-2-2
dissolution of carbonate rocks containing methane hydrates,release of methane,request-13-2-3
warming of intermediatedepth waters,changes in ocean ecosystems,request-13-3-0
changes in ocean ecosystems,increased abundance of methaneproducing organisms,request-13-3-1
increased abundance of methaneproducing organisms,release of methane,request-13-3-2
warming of intermediatedepth waters,changes in ocean currents and circulation patterns,request-13-4-0
changes in ocean currents and circulation patterns,increased mixing of water layers,request-13-4-1
increased mixing of water layers,enhanced transport of methane from deep ocean reservoirs,request-13-4-2
enhanced transport of methane from deep ocean reservoirs,release of methane,request-13-4-3
shutdown of energy production,shortage of energy supply,request-14-0-0
shortage of energy supply,increase in energy prices,request-14-0-1
increase in energy prices,rise in production costs,request-14-0-2
rise in production costs,increase in consumer prices,request-14-0-3
increase in consumer prices,inflation,request-14-0-4
shutdown of energy production,shortage of energy supply,request-14-1-0
shortage of energy supply,decrease in industrial productivity,request-14-1-1
decrease in industrial productivity,rise in production costs,request-14-1-2
rise in production costs,increase in consumer prices,request-14-1-3
increase in consumer prices,inflation,request-14-1-4
shutdown of energy production,shortage of energy supply,request-14-2-0
shortage of energy supply,decrease in industrial productivity,request-14-2-1
decrease in industrial productivity,reduction in economic growth,request-14-2-2
reduction in economic growth,increase in unemployment,request-14-2-3
increase in unemployment,decrease in consumer spending,request-14-2-4
decrease in consumer spending,decrease in demand for goods and services,request-14-2-5
decrease in demand for goods and services,decrease in production,request-14-2-6
decrease in production,increase in production costs,request-14-2-7
increase in production costs,increase in consumer prices,request-14-2-8
increase in consumer prices,inflation,request-14-2-9
shutdown of energy production,shortage of energy supply,request-14-3-0
shortage of energy supply,decrease in industrial productivity,request-14-3-1
decrease in industrial productivity,reduction in economic growth,request-14-3-2
reduction in economic growth,decrease in tax revenue,request-14-3-3
decrease in tax revenue,increase in government borrowing,request-14-3-4
increase in government borrowing,increase in money supply,request-14-3-5
increase in money supply,inflation,request-14-3-6
shutdown of energy production,reduction in energy supply,request-15-0-0
reduction in energy supply,inability to meet energy demands,request-15-0-1
inability to meet energy demands,shortages,request-15-0-2
shutdown of energy production,increase in energy prices,request-15-1-0
increase in energy prices,inability of consumers to afford energy,request-15-1-1
inability of consumers to afford energy,shortages,request-15-1-2
shutdown of energy production,disruption in supply chain,request-15-2-0
disruption in supply chain,delay in delivery of goods and services,request-15-2-1
delay in delivery of goods and services,shortages,request-15-2-2
shutdown of energy production,reduction in industrial output,request-15-3-0
reduction in industrial output,decrease in availability of goods,request-15-3-1
decrease in availability of goods,shortages,request-15-3-2
shutdown of energy production,reduction in transportation capacity,request-15-4-0
reduction in transportation capacity,limited movement of goods,request-15-4-1
limited movement of goods,shortages,request-15-4-2
shutdown of energy production,reduction in agricultural productivity,request-15-5-0
reduction in agricultural productivity,decrease in food supply,request-15-5-1
decrease in food supply,shortages,request-15-5-2
shutdown of energy production,reduction in water treatment capacity,request-15-6-0
reduction in water treatment capacity,limited access to clean water,request-15-6-1
limited access to clean water,shortages,request-15-6-2
shutdown of energy production,reduction in healthcare capacity,request-15-7-0
reduction in healthcare capacity,limited access to medical services,request-15-7-1
limited access to medical services,shortages,request-15-7-2
shutdown of energy production,reduction in communication capacity,request-15-8-0
reduction in communication capacity,limited access to information,request-15-8-1
limited access to information,shortages,request-15-8-2
shutdown of energy production,reduction in public services,request-15-9-0
reduction in public services,limited access to essential services,request-15-9-1
limited access to essential services,shortages,request-15-9-2
shutdown of energy production,decrease in energy supply,request-16-0-0
decrease in energy supply,increase in energy prices,request-16-0-1
increase in energy prices,rise in production costs,request-16-0-2
rise in production costs,increase in consumer prices,request-16-0-3
increase in consumer prices,inflation,request-16-0-4
shutdown of energy production,decrease in energy supply,request-16-1-0
decrease in energy supply,increase in energy prices,request-16-1-1
increase in energy prices,reduction in consumer spending,request-16-1-2
reduction in consumer spending,decrease in demand,request-16-1-3
decrease in demand,increase in unemployment,request-16-1-4
increase in unemployment,decrease in economic growth,request-16-1-5
decrease in economic growth,inflation,request-16-1-6
shutdown of energy production,decrease in energy supply,request-16-2-0
decrease in energy supply,increase in energy prices,request-16-2-1
increase in energy prices,reduction in investment,request-16-2-2
reduction in investment,decrease in economic growth,request-16-2-3
decrease in economic growth,increase in unemployment,request-16-2-4
increase in unemployment,decrease in consumer spending,request-16-2-5
decrease in consumer spending,inflation,request-16-2-6
shutdown of energy production,decrease in energy supply,request-16-3-0
decrease in energy supply,increase in energy prices,request-16-3-1
increase in energy prices,reduction in investment,request-16-3-2
reduction in investment,decrease in economic growth,request-16-3-3
decrease in economic growth,increase in government spending,request-16-3-4
increase in government spending,increase in money supply,request-16-3-5
increase in money supply,inflation,request-16-3-6
shutdown of energy production,decrease in energy supply,request-16-4-0
decrease in energy supply,increase in energy prices,request-16-4-1
increase in energy prices,reduction in investment,request-16-4-2
reduction in investment,decrease in economic growth,request-16-4-3
decrease in economic growth,increase in government borrowing,request-16-4-4
increase in government borrowing,increase in interest rates,request-16-4-5
increase in interest rates,inflation,request-16-4-6
shutdown of energy production,decrease in energy supply,request-16-5-0
decrease in energy supply,increase in energy prices,request-16-5-1
increase in energy prices,reduction in investment,request-16-5-2
reduction in investment,decrease in economic growth,request-16-5-3
decrease in economic growth,increase in government spending,request-16-5-4
increase in government spending,increase in money supply,request-16-5-5
increase in money supply,decrease in currency value,request-16-5-6
decrease in currency value,inflation,request-16-5-7
shutdown of energy production,decrease in energy supply,request-16-6-0
decrease in energy supply,increase in energy prices,request-16-6-1
increase in energy prices,reduction in investment,request-16-6-2
reduction in investment,decrease in economic growth,request-16-6-3
decrease in economic growth,increase in government borrowing,request-16-6-4
increase in government borrowing,increase in interest rates,request-16-6-5
increase in interest rates,decrease in currency value,request-16-6-6
decrease in currency value,inflation,request-16-6-7
shutdown of energy production,decrease in energy supply,request-16-7-0
decrease in energy supply,increase in energy prices,request-16-7-1
increase in energy prices,reduction in investment,request-16-7-2
reduction in investment,decrease in economic growth,request-16-7-3
decrease in economic growth,increase in government spending,request-16-7-4
increase in government spending,increase in money supply,request-16-7-5
increase in money supply,increase in demand for goods and services,request-16-7-6
increase in demand for goods and services,inflation,request-16-7-7
shutdown of energy production,decrease in energy supply,request-16-8-0
decrease in energy supply,increase in energy prices,request-16-8-1
increase in energy prices,reduction in investment,request-16-8-2
reduction in investment,decrease in economic growth,request-16-8-3
decrease in economic growth,increase in government borrowing,request-16-8-4
increase in government borrowing,increase in interest rates,request-16-8-5
increase in interest rates,increase in demand for goods and services,request-16-8-6
increase in demand for goods and services,inflation,request-16-8-7
shutdown of energy production,reduction in energy supply,request-17-0-0
reduction in energy supply,inability to meet energy demands,request-17-0-1
inability to meet energy demands,shortages,request-17-0-2
shutdown of energy production,increase in energy prices,request-17-1-0
increase in energy prices,inability of consumers to afford energy,request-17-1-1
inability of consumers to afford energy,shortages,request-17-1-2
shutdown of energy production,disruption in supply chain,request-17-2-0
disruption in supply chain,delay in delivery of goods,request-17-2-1
delay in delivery of goods,shortages,request-17-2-2
shutdown of energy production,reduction in industrial output,request-17-3-0
reduction in industrial output,decrease in availability of goods,request-17-3-1
decrease in availability of goods,shortages,request-17-3-2
shutdown of energy production,reduction in transportation capacity,request-17-4-0
reduction in transportation capacity,delay in delivery of goods,request-17-4-1
delay in delivery of goods,shortages,request-17-4-2
shutdown of energy production,reduction in agricultural output,request-17-5-0
reduction in agricultural output,decrease in food supply,request-17-5-1
decrease in food supply,shortages,request-17-5-2
shutdown of energy production,reduction in medical services,request-17-6-0
reduction in medical services,decrease in availability of medical supplies,request-17-6-1
decrease in availability of medical supplies,shortages,request-17-6-2
shutdown of energy production,reduction in manufacturing output,request-17-7-0
reduction in manufacturing output,decrease in availability of goods,request-17-7-1
decrease in availability of goods,shortages,request-17-7-2
shutdown of energy production,reduction in construction output,request-17-8-0
reduction in construction output,delay in completion of projects,request-17-8-1
delay in completion of projects,shortages,request-17-8-2
shutdown of energy production,reduction in mining output,request-17-9-0
reduction in mining output,decrease in availability of raw materials,request-17-9-1
decrease in availability of raw materials,shortages,request-17-9-2
russia's central bank,prints more money to stimulate the economy,request-18-0-0
prints more money to stimulate the economy,increased money supply,request-18-0-1
increased money supply,decreases the value of the ruble,request-18-0-2
decreases the value of the ruble,results in inflation,request-18-0-3
russia's international sanctions,disrupts supply chains,request-18-1-0
disrupts supply chains,drives up prices,request-18-1-1
drives up prices,results in inflation,request-18-1-2
russia's increased government spending,increases the national debt,request-18-2-0
increases the national debt,causes the government to print more money,request-18-2-1
causes the government to print more money,increases the money supply,request-18-2-2
increases the money supply,decreases the value of the ruble,request-18-2-3
decreases the value of the ruble,results in inflation,request-18-2-4
russia's oil and gas exports,experience a decline in demand,request-18-3-0
experience a decline in demand,weakens the ruble,request-18-3-1
weakens the ruble,results in inflation,request-18-3-2
russia's geopolitical conflicts,create uncertainty and instability,request-18-4-0
create uncertainty and instability,discourages foreign investment,request-18-4-1
discourages foreign investment,weakens the ruble,request-18-4-2
weakens the ruble,results in inflation,request-18-4-3
russia's central bank interest rate cuts,stimulates borrowing and spending,request-18-5-0
stimulates borrowing and spending,increases demand for goods and services,request-18-5-1
increases demand for goods and services,results in inflation,request-18-5-2
russia's agricultural sector,experiences a poor harvest,request-18-6-0
experiences a poor harvest,results in inflation,request-18-6-1
russia's increased government subsidies,increases the budget deficit,request-18-7-0
increases the budget deficit,causes the government to print more money,request-18-7-1
causes the government to print more money,increases the money supply,request-18-7-2
increases the money supply,decreases the value of the ruble,request-18-7-3
decreases the value of the ruble,results in inflation,request-18-7-4
russia,russian government policies,request-19-0-0
russian government policies,economic sanctions on russia,request-19-0-1
economic sanctions on russia,reduction in imports,request-19-0-2
reduction in imports,supply chain disruptions,request-19-0-3
supply chain disruptions,shortages,request-19-0-4
russia,russian government policies,request-19-1-0
russian government policies,trade restrictions with other countries,request-19-1-1
trade restrictions with other countries,limited access to resources,request-19-1-2
limited access to resources,supply chain disruptions,request-19-1-3
supply chain disruptions,shortages,request-19-1-4
russia,russian government policies,request-19-2-0
russian government policies,export restrictions on certain goods,request-19-2-1
export restrictions on certain goods,decreased availability of goods in other countries,request-19-2-2
decreased availability of goods in other countries,supply chain disruptions,request-19-2-3
supply chain disruptions,shortages,request-19-2-4
russia,russian government policies,request-19-3-0
russian government policies,currency devaluation,request-19-3-1
currency devaluation,increased cost of imports,request-19-3-2
increased cost of imports,reduced purchasing power for imported goods,request-19-3-3
reduced purchasing power for imported goods,shortages,request-19-3-4
russia,russian government policies,request-19-4-0
russian government policies,geopolitical tensions,request-19-4-1
geopolitical tensions,disrupted international relations,request-19-4-2
disrupted international relations,trade barriers and restrictions,request-19-4-3
trade barriers and restrictions,supply chain disruptions,request-19-4-4
supply chain disruptions,shortages,request-19-4-5
russia,russian government policies,request-19-5-0
russian government policies,domestic production issues,request-19-5-1
domestic production issues,decreased supply of goods,request-19-5-2
decreased supply of goods,shortages,request-19-5-3
russia,russian government policies,request-19-6-0
russian government policies,infrastructure problems,request-19-6-1
infrastructure problems,transportation and logistics challenges,request-19-6-2
transportation and logistics challenges,supply chain disruptions,request-19-6-3
supply chain disruptions,shortages,request-19-6-4
russia,russian government policies,request-19-7-0
russian government policies,regulatory changes,request-19-7-1
regulatory changes,increased business costs,request-19-7-2
increased business costs,reduced production capacity,request-19-7-3
reduced production capacity,shortages,request-19-7-4
russia,russian government policies,request-19-8-0
russian government policies,resource nationalism,request-19-8-1
resource nationalism,limited access to resources for foreign companies,request-19-8-2
limited access to resources for foreign companies,reduced production capacity,request-19-8-3
reduced production capacity,shortages,request-19-8-4
russia,russian government policies,request-19-9-0
russian government policies,environmental regulations,request-19-9-1
environmental regulations,increased production costs,request-19-9-2
increased production costs,reduced production capacity,request-19-9-3
reduced production capacity,shortages,request-19-9-4
united states policies,economic stimulus packages,request-20-0-0
economic stimulus packages,increased money supply,request-20-0-1
increased money supply,higher demand for goods and services,request-20-0-2
higher demand for goods and services,shortages of goods and services,request-20-0-3
shortages of goods and services,rising prices,request-20-0-4
rising prices,inflation,request-20-0-5
united states policies,trade tariffs and protectionism,request-20-1-0
trade tariffs and protectionism,higher prices for imported goods,request-20-1-1
higher prices for imported goods,costpush inflation,request-20-1-2
costpush inflation,rising prices,request-20-1-3
rising prices,inflation,request-20-1-4
united states policies,fiscal deficits and public debt,request-20-2-0
fiscal deficits and public debt,increased government borrowing,request-20-2-1
increased government borrowing,higher interest rates,request-20-2-2
higher interest rates,reduced investment and consumption,request-20-2-3
reduced investment and consumption,lower economic growth,request-20-2-4
lower economic growth,inflation,request-20-2-5
united states policies,regulatory burden on businesses,request-20-3-0
regulatory burden on businesses,higher production costs,request-20-3-1
higher production costs,higher prices for goods and services,request-20-3-2
higher prices for goods and services,rising prices,request-20-3-3
rising prices,inflation,request-20-3-4
united states policies,minimum wage increases,request-20-4-0
minimum wage increases,higher labor costs,request-20-4-1
higher labor costs,higher prices for goods and services,request-20-4-2
higher prices for goods and services,rising prices,request-20-4-3
rising prices,inflation,request-20-4-4
united states policies,environmental regulations,request-20-5-0
environmental regulations,higher production costs,request-20-5-1
higher production costs,higher prices for goods and services,request-20-5-2
higher prices for goods and services,rising prices,request-20-5-3
rising prices,inflation,request-20-5-4
united states policies,healthcare regulations,request-20-6-0
healthcare regulations,higher healthcare costs,request-20-6-1
higher healthcare costs,higher labor costs,request-20-6-2
higher labor costs,higher prices for goods and services,request-20-6-3
higher prices for goods and services,rising prices,request-20-6-4
rising prices,inflation,request-20-6-5
united states policies,economic sanctions,request-21-0-0
economic sanctions,disruption of international trade,request-21-0-1
disruption of international trade,supply chain disruptions,request-21-0-2
supply chain disruptions,shortages,request-21-0-3
united states policies,trade tariffs,request-21-1-0
trade tariffs,increased cost of imports,request-21-1-1
increased cost of imports,reduced supply of goods,request-21-1-2
reduced supply of goods,shortages,request-21-1-3
united states policies,domestic regulations,request-21-2-0
domestic regulations,restrictions on production,request-21-2-1
restrictions on production,decreased supply of domestic goods,request-21-2-2
decreased supply of domestic goods,shortages,request-21-2-3
united states policies,subsidies for domestic industries,request-21-3-0
subsidies for domestic industries,increased demand for domestic goods,request-21-3-1
increased demand for domestic goods,depletion of resources,request-21-3-2
depletion of resources,shortages,request-21-3-3
united states policies,environmental regulations,request-21-4-0
environmental regulations,restrictions on mining and extraction,request-21-4-1
restrictions on mining and extraction,limited supply of raw materials,request-21-4-2
limited supply of raw materials,shortages,request-21-4-3
united states policies,immigration restrictions,request-21-5-0
immigration restrictions,labor shortages,request-21-5-1
labor shortages,decreased production capacity,request-21-5-2
decreased production capacity,shortages,request-21-5-3
united states policies,diplomatic disputes,request-21-6-0
diplomatic disputes,disrupted diplomatic relations,request-21-6-1
disrupted diplomatic relations,trade disputes,request-21-6-2
trade disputes,shortages,request-21-6-3
united states policies,military interventions,request-21-7-0
military interventions,destruction of infrastructure,request-21-7-1
destruction of infrastructure,disrupted supply chains,request-21-7-2
disrupted supply chains,shortages,request-21-7-3
united states policies,cybersecurity measures,request-21-8-0
cybersecurity measures,cyberattacks on infrastructure,request-21-8-1
cyberattacks on infrastructure,disrupted supply chains,request-21-8-2
disrupted supply chains,shortages,request-21-8-3
united states policies,intellectual property protections,request-21-9-0
intellectual property protections,limited access to technology,request-21-9-1
limited access to technology,reduced production capacity,request-21-9-2
reduced production capacity,shortages,request-21-9-3
democratic party of the united states,democratic party proposes economic policies,request-22-0-0
democratic party proposes economic policies,economic policies lead to increased government spending,request-22-0-1
economic policies lead to increased government spending,increased government spending results in larger budget deficits,request-22-0-2
increased government spending results in larger budget deficits,larger budget deficits put pressure on the federal reserve to monetize the debt,request-22-0-3
larger budget deficits put pressure on the federal reserve to monetize the debt,monetizing the debt,request-22-0-4
monetizing the debt,increase in the money supply,request-22-0-5
democratic party of the united states,democratic party proposes minimum wage increases,request-22-1-0
democratic party proposes minimum wage increases,minimum wage increases lead to higher labor costs for businesses,request-22-1-1
minimum wage increases lead to higher labor costs for businesses,higher labor costs force businesses to raise prices,request-22-1-2
higher labor costs force businesses to raise prices,rising prices lead to inflation,request-22-1-3
democratic party of the united states,democratic party implements trade policies that restrict imports,request-22-2-0
democratic party implements trade policies that restrict imports,restricted imports lead to higher prices for goods,request-22-2-1
restricted imports lead to higher prices for goods,higher prices for goods lead to inflation,request-22-2-2
democratic party of the united states,democratic party proposes environmental regulations,request-22-3-0
democratic party proposes environmental regulations,environmental regulations increase production costs for businesses,request-22-3-1
environmental regulations increase production costs for businesses,increased production costs force businesses to raise prices,request-22-3-2
increased production costs force businesses to raise prices,rising prices lead to inflation,request-22-3-3
people from balochistan,experience water scarcity due to climate change,request-23-0-0
experience water scarcity due to climate change,decreased precipitation and increased temperatures cause water scarcity,request-23-0-1
decreased precipitation and increased temperatures cause water scarcity,greenhouse gas emissions contribute to climate change,request-23-0-2
people from balochistan,suffer from heatwaves and droughts,request-23-1-0
suffer from heatwaves and droughts,changing weather patterns due to climate change cause heatwaves and droughts,request-23-1-1
changing weather patterns due to climate change cause heatwaves and droughts,greenhouse gas emissions contribute to climate change,request-23-1-2
people from balochistan,face food insecurity,request-23-2-0
face food insecurity,climate change affects agricultural productivity,request-23-2-1
climate change affects agricultural productivity,greenhouse gas emissions contribute to climate change,request-23-2-2
people from balochistan,migrate due to climate change impacts,request-23-3-0
migrate due to climate change impacts,climate change causes displacement and migration,request-23-3-1
climate change causes displacement and migration,greenhouse gas emissions contribute to climate change,request-23-3-2
people from balochistan,experience health issues,request-23-4-0
experience health issues,climate change affects human health,request-23-4-1
climate change affects human health,greenhouse gas emissions contribute to climate change,request-23-4-2
people from balochistan,lose livelihoods due to climate change,request-23-5-0
lose livelihoods due to climate change,climate change impacts local economies,request-23-5-1
climate change impacts local economies,greenhouse gas emissions contribute to climate change,request-23-5-2
people from balochistan,witness coastal erosion and flooding,request-23-6-0
witness coastal erosion and flooding,sealevel rise and extreme weather events cause coastal erosion and flooding,request-23-6-1
sealevel rise and extreme weather events cause coastal erosion and flooding,greenhouse gas emissions contribute to climate change,request-23-6-2
people from balochistan,observe changes in local ecosystems,request-23-7-0
observe changes in local ecosystems,climate change impacts biodiversity and ecosystems,request-23-7-1
climate change impacts biodiversity and ecosystems,greenhouse gas emissions contribute to climate change,request-23-7-2
rich countries,emit high levels of greenhouse gases,request-24-0-0
emit high levels of greenhouse gases,increase global warming,request-24-0-1
increase global warming,contribute to climate change,request-24-0-2
rich countries,rely heavily on fossil fuels,request-24-1-0
rely heavily on fossil fuels,emit high levels of greenhouse gases,request-24-1-1
emit high levels of greenhouse gases,increase global warming,request-24-1-2
increase global warming,contribute to climate change,request-24-1-3
rich countries,have high consumption patterns,request-24-2-0
have high consumption patterns,lead to increased production and transportation of goods,request-24-2-1
lead to increased production and transportation of goods,result in higher greenhouse gas emissions,request-24-2-2
result in higher greenhouse gas emissions,increase global warming,request-24-2-3
increase global warming,contribute to climate change,request-24-2-4
rich countries,invest in industrialization,request-24-3-0
invest in industrialization,rely on energyintensive processes,request-24-3-1
rely on energyintensive processes,emit high levels of greenhouse gases,request-24-3-2
emit high levels of greenhouse gases,increase global warming,request-24-3-3
increase global warming,contribute to climate change,request-24-3-4
rich countries,have high levels of deforestation,request-24-4-0
have high levels of deforestation,reduce the planet's ability to absorb carbon dioxide,request-24-4-1
reduce the planet's ability to absorb carbon dioxide,increase greenhouse gas concentrations,request-24-4-2
increase greenhouse gas concentrations,increase global warming,request-24-4-3
increase global warming,contribute to climate change,request-24-4-4
rich countries,promote unsustainable agriculture practices,request-24-5-0
promote unsustainable agriculture practices,emit high levels of greenhouse gases,request-24-5-1
emit high levels of greenhouse gases,increase global warming,request-24-5-2
increase global warming,contribute to climate change,request-24-5-3
rich countries,have high levels of urbanization,request-24-6-0
have high levels of urbanization,lead to increased energy consumption,request-24-6-1
lead to increased energy consumption,emit high levels of greenhouse gases,request-24-6-2
emit high levels of greenhouse gases,increase global warming,request-24-6-3
increase global warming,contribute to climate change,request-24-6-4
rich countries,have high levels of air travel,request-24-7-0
have high levels of air travel,emit high levels of greenhouse gases,request-24-7-1
emit high levels of greenhouse gases,increase global warming,request-24-7-2
increase global warming,contribute to climate change,request-24-7-3
rich countries,have high levels of meat consumption,request-24-8-0
have high levels of meat consumption,lead to increased greenhouse gas emissions from livestock farming,request-24-8-1
lead to increased greenhouse gas emissions from livestock farming,increase global warming,request-24-8-2
increase global warming,contribute to climate change,request-24-8-3
climate change,increased global temperatures,request-25-0-0
increased global temperatures,more frequent and severe heatwaves,request-25-0-1
more frequent and severe heatwaves,damage to crops and reduced agricultural productivity,request-25-0-2
damage to crops and reduced agricultural productivity,increased food prices and reduced food security,request-25-0-3
increased food prices and reduced food security,impacts on poor regions,request-25-0-4
climate change,rising sea levels,request-25-1-0
rising sea levels,coastal flooding and erosion,request-25-1-1
coastal flooding and erosion,displacement of people and damage to infrastructure,request-25-1-2
displacement of people and damage to infrastructure,loss of livelihoods and increased poverty,request-25-1-3
loss of livelihoods and increased poverty,impacts on poor regions,request-25-1-4
climate change,changes in precipitation patterns,request-25-2-0
changes in precipitation patterns,increased frequency and severity of droughts,request-25-2-1
increased frequency and severity of droughts,water scarcity and reduced water quality,request-25-2-2
water scarcity and reduced water quality,"impacts on agriculture, health, and sanitation",request-25-2-3
"impacts on agriculture, health, and sanitation",impacts on poor regions,request-25-2-4
climate change,more intense and frequent extreme weather events,request-25-3-0
more intense and frequent extreme weather events,damage to infrastructure and disruption of essential services,request-25-3-1
damage to infrastructure and disruption of essential services,increased health risks and reduced access to healthcare,request-25-3-2
increased health risks and reduced access to healthcare,impacts on poor regions,request-25-3-3
climate change,changes in vectorborne diseases,request-25-4-0
changes in vectorborne diseases,increased prevalence of diseases such as malaria and dengue fever,request-25-4-1
increased prevalence of diseases such as malaria and dengue fever,strain on healthcare systems and reduced access to healthcare,request-25-4-2
strain on healthcare systems and reduced access to healthcare,impacts on poor regions,request-25-4-3
climate change,changes in ocean temperatures and acidification,request-25-5-0
changes in ocean temperatures and acidification,impacts on marine ecosystems and fisheries,request-25-5-1
impacts on marine ecosystems and fisheries,loss of livelihoods and reduced food security for communities dependent on fishing,request-25-5-2
loss of livelihoods and reduced food security for communities dependent on fishing,impacts on poor regions,request-25-5-3
climate change,increased greenhouse gas emissions,request-26-0-0
increased greenhouse gas emissions,enhanced greenhouse effect,request-26-0-1
enhanced greenhouse effect,trapped heat in the atmosphere,request-26-0-2
trapped heat in the atmosphere,global warming,request-26-0-3
climate change,melting of polar ice caps,request-26-1-0
melting of polar ice caps,decreased albedo effect,request-26-1-1
decreased albedo effect,increased solar radiation absorption,request-26-1-2
increased solar radiation absorption,global warming,request-26-1-3
climate change,deforestation,request-26-2-0
deforestation,decreased carbon dioxide absorption,request-26-2-1
decreased carbon dioxide absorption,increased greenhouse gas concentration,request-26-2-2
increased greenhouse gas concentration,enhanced greenhouse effect,request-26-2-3
enhanced greenhouse effect,trapped heat in the atmosphere,request-26-2-4
trapped heat in the atmosphere,global warming,request-26-2-5
climate change,changes in ocean currents,request-26-3-0
changes in ocean currents,altered heat distribution,request-26-3-1
altered heat distribution,increased atmospheric temperature,request-26-3-2
increased atmospheric temperature,global warming,request-26-3-3
climate change,changes in cloud cover,request-26-4-0
changes in cloud cover,altered radiation balance,request-26-4-1
altered radiation balance,increased atmospheric temperature,request-26-4-2
increased atmospheric temperature,global warming,request-26-4-3
climate change,changes in land use,request-26-5-0
changes in land use,altered surface reflectivity,request-26-5-1
altered surface reflectivity,increased solar radiation absorption,request-26-5-2
increased solar radiation absorption,global warming,request-26-5-3
climate change,changes in aerosol concentration,request-26-6-0
changes in aerosol concentration,altered radiation balance,request-26-6-1
altered radiation balance,increased atmospheric temperature,request-26-6-2
increased atmospheric temperature,global warming,request-26-6-3
climate change,changes in methane emissions,request-26-7-0
changes in methane emissions,increased greenhouse gas concentration,request-26-7-1
increased greenhouse gas concentration,enhanced greenhouse effect,request-26-7-2
enhanced greenhouse effect,trapped heat in the atmosphere,request-26-7-3
trapped heat in the atmosphere,global warming,request-26-7-4
climate change,increased global temperatures,request-27-0-0
increased global temperatures,melting of polar ice caps and glaciers,request-27-0-1
melting of polar ice caps and glaciers,rising sea levels,request-27-0-2
rising sea levels,coastal flooding,request-27-0-3
coastal flooding,flooding,request-27-0-4
climate change,increased global temperatures,request-27-1-0
increased global temperatures,changes in precipitation patterns,request-27-1-1
changes in precipitation patterns,increased frequency and intensity of rainfall,request-27-1-2
increased frequency and intensity of rainfall,overflowing of rivers and streams,request-27-1-3
overflowing of rivers and streams,flooding,request-27-1-4
climate change,increased global temperatures,request-27-2-0
increased global temperatures,changes in evaporation rates,request-27-2-1
changes in evaporation rates,increased atmospheric moisture,request-27-2-2
increased atmospheric moisture,increased frequency and intensity of rainfall,request-27-2-3
increased frequency and intensity of rainfall,overflowing of rivers and streams,request-27-2-4
overflowing of rivers and streams,flooding,request-27-2-5
climate change,increased global temperatures,request-27-3-0
increased global temperatures,changes in atmospheric circulation patterns,request-27-3-1
changes in atmospheric circulation patterns,increased frequency and intensity of storms,request-27-3-2
increased frequency and intensity of storms,storm surges and coastal flooding,request-27-3-3
storm surges and coastal flooding,flooding,request-27-3-4
climate change,increased global temperatures,request-27-4-0
increased global temperatures,changes in ocean currents,request-27-4-1
changes in ocean currents,changes in weather patterns,request-27-4-2
changes in weather patterns,increased frequency and intensity of rainfall,request-27-4-3
increased frequency and intensity of rainfall,overflowing of rivers and streams,request-27-4-4
overflowing of rivers and streams,flooding,request-27-4-5
climate change,increased global temperatures,request-27-5-0
increased global temperatures,changes in vegetation and soil moisture,request-27-5-1
changes in vegetation and soil moisture,reduced ability of soil to absorb water,request-27-5-2
reduced ability of soil to absorb water,increased runoff and flash flooding,request-27-5-3
increased runoff and flash flooding,flooding,request-27-5-4
climate change,increased global temperatures,request-27-6-0
increased global temperatures,changes in snow and ice cover,request-27-6-1
changes in snow and ice cover,changes in water availability and timing,request-27-6-2
changes in water availability and timing,increased frequency and intensity of rainfall,request-27-6-3
increased frequency and intensity of rainfall,overflowing of rivers and streams,request-27-6-4
overflowing of rivers and streams,flooding,request-27-6-5
climate change,increased global temperatures,request-27-7-0
increased global temperatures,changes in atmospheric moisture and cloud cover,request-27-7-1
changes in atmospheric moisture and cloud cover,changes in precipitation patterns,request-27-7-2
changes in precipitation patterns,increased frequency and intensity of rainfall,request-27-7-3
increased frequency and intensity of rainfall,overflowing of rivers and streams,request-27-7-4
overflowing of rivers and streams,flooding,request-27-7-5
climate change,increased global temperatures,request-27-8-0
increased global temperatures,changes in ocean temperatures and circulation,request-27-8-1
changes in ocean temperatures and circulation,changes in storm tracks and intensity,request-27-8-2
changes in storm tracks and intensity,storm surges and coastal flooding,request-27-8-3
storm surges and coastal flooding,flooding,request-27-8-4
climate change,increased global temperatures,request-27-9-0
increased global temperatures,changes in atmospheric pressure and wind patterns,request-27-9-1
changes in atmospheric pressure and wind patterns,changes in weather patterns and storm tracks,request-27-9-2
changes in weather patterns and storm tracks,increased frequency and intensity of rainfall,request-27-9-3
increased frequency and intensity of rainfall,overflowing of rivers and streams,request-27-9-4
overflowing of rivers and streams,flooding,request-27-9-5
climate change,increased global temperatures,request-27-10-0
increased global temperatures,changes in soil moisture and vegetation cover,request-27-10-1
changes in soil moisture and vegetation cover,changes in surface water runoff and infiltration,request-27-10-2
changes in surface water runoff and infiltration,increased frequency and intensity of flash flooding,request-27-10-3
increased frequency and intensity of flash flooding,flooding,request-27-10-4
climate change,increased global temperatures,request-27-11-0
increased global temperatures,changes in atmospheric moisture and cloud cover,request-27-11-1
changes in atmospheric moisture and cloud cover,changes in precipitation patterns and intensity,request-27-11-2
changes in precipitation patterns and intensity,increased frequency and intensity of rainfall,request-27-11-3
increased frequency and intensity of rainfall,overflowing of rivers and streams,request-27-11-4
overflowing of rivers and streams,flooding,request-27-11-5
climate change,increased global temperatures,request-27-12-0
increased global temperatures,changes in atmospheric circulation and pressure,request-27-12-1
changes in atmospheric circulation and pressure,changes in weather patterns and storm tracks,request-27-12-2
changes in weather patterns and storm tracks,increased frequency and intensity of storm surges,request-27-12-3
increased frequency and intensity of storm surges,coastal flooding,request-27-12-4
coastal flooding,flooding,request-27-12-5
climate change,increased global temperatures,request-27-13-0
increased global temperatures,changes in ocean temperatures and circulation,request-27-13-1
changes in ocean temperatures and circulation,changes in storm tracks and intensity,request-27-13-2
changes in storm tracks and intensity,increased frequency and intensity of storm surges,request-27-13-3
increased frequency and intensity of storm surges,coastal flooding,request-27-13-4
coastal flooding,flooding,request-27-13-5
climate change,increased global temperatures,request-27-14-0
increased global temperatures,changes in atmospheric moisture and cloud cover,request-27-14-1
changes in atmospheric moisture and cloud cover,changes in precipitation patterns and intensity,request-27-14-2
changes in precipitation patterns and intensity,increased frequency and intensity of rainfall,request-27-14-3
increased frequency and intensity of rainfall,overflowing of rivers and streams,request-27-14-4
overflowing of rivers and streams,flash flooding,request-27-14-5
flash flooding,flooding,request-27-14-6
climate change,increased global temperatures,request-27-15-0
increased global temperatures,changes in atmospheric circulation and pressure,request-27-15-1
changes in atmospheric circulation and pressure,changes in weather patterns and storm tracks,request-27-15-2
changes in weather patterns and storm tracks,increased frequency and intensity of storm surges,request-27-15-3
increased frequency and intensity of storm surges,coastal flooding,request-27-15-4
coastal flooding,flash flooding,request-27-15-5
flash flooding,flooding,request-27-15-6
climate change,increased global temperatures,request-27-16-0
increased global temperatures,changes in ocean temperatures and circulation,request-27-16-1
changes in ocean temperatures and circulation,changes in storm tracks and intensity,request-27-16-2
changes in storm tracks and intensity,increased frequency and intensity of storm surges,request-27-16-3
increased frequency and intensity of storm surges,coastal flooding,request-27-16-4
coastal flooding,flash flooding,request-27-16-5
flash flooding,flooding,request-27-16-6
climate change,increased global temperatures,request-27-17-0
increased global temperatures,changes in atmospheric moisture and cloud cover,request-27-17-1
changes in atmospheric moisture and cloud cover,changes in precipitation patterns and intensity,request-27-17-2
changes in precipitation patterns and intensity,increased frequency and intensity of rainfall,request-27-17-3
increased frequency and intensity of rainfall,overflowing of rivers and streams,request-27-17-4
overflowing of rivers and streams,flash flooding,request-27-17-5
flash flooding,flooding,request-27-17-6
climate change,increased global temperatures,request-27-18-0
increased global temperatures,changes in atmospheric circulation and pressure,request-27-18-1
changes in atmospheric circulation and pressure,changes in weather patterns and storm tracks,request-27-18-2
changes in weather patterns and storm tracks,increased frequency and intensity of storm surges,request-27-18-3
increased frequency and intensity of storm surges,coastal flooding,request-27-18-4
coastal flooding,flash flooding,request-27-18-5
flash flooding,flooding,request-27-18-6
climate change,increased global temperatures,request-27-19-0
increased global temperatures,changes in ocean temperatures and circulation,request-27-19-1
changes in ocean temperatures and circulation,changes in storm tracks and intensity,request-27-19-2
changes in storm tracks and intensity,increased frequency and intensity of storm surges,request-27-19-3
increased frequency and intensity of storm surges,coastal flooding,request-27-19-4
coastal flooding,flash flooding,request-27-19-5
flash flooding,flooding,request-27-19-6
stoppage of natural winds,disruption of global air circulation patterns,request-28-0-0
disruption of global air circulation patterns,changes in temperature distribution,request-28-0-1
changes in temperature distribution,shifts in precipitation patterns,request-28-0-2
shifts in precipitation patterns,alteration of ecosystems and habitats,request-28-0-3
alteration of ecosystems and habitats,release of stored carbon from affected ecosystems,request-28-0-4
release of stored carbon from affected ecosystems,increased concentration of greenhouse gases in the atmosphere,request-28-0-5
increased concentration of greenhouse gases in the atmosphere,enhanced greenhouse effect,request-28-0-6
enhanced greenhouse effect,global warming,request-28-0-7
global warming,climate change,request-28-0-8
stoppage of natural winds,reduction in winddriven ocean currents,request-28-1-0
reduction in winddriven ocean currents,changes in ocean temperature and salinity distribution,request-28-1-1
changes in ocean temperature and salinity distribution,alteration of marine ecosystems,request-28-1-2
alteration of marine ecosystems,release of stored carbon from affected marine ecosystems,request-28-1-3
release of stored carbon from affected marine ecosystems,increased concentration of greenhouse gases in the atmosphere,request-28-1-4
increased concentration of greenhouse gases in the atmosphere,enhanced greenhouse effect,request-28-1-5
enhanced greenhouse effect,global warming,request-28-1-6
global warming,climate change,request-28-1-7
stoppage of natural winds,decrease in wind energy production,request-28-2-0
decrease in wind energy production,increased reliance on fossil fuels for energy production,request-28-2-1
increased reliance on fossil fuels for energy production,increased greenhouse gas emissions,request-28-2-2
increased greenhouse gas emissions,enhanced greenhouse effect,request-28-2-3
enhanced greenhouse effect,global warming,request-28-2-4
global warming,climate change,request-28-2-5
stoppage of natural winds,reduction in winddriven pollination,request-28-3-0
reduction in winddriven pollination,decreased plant growth and reproduction,request-28-3-1
decreased plant growth and reproduction,reduced carbon sequestration by plants,request-28-3-2
reduced carbon sequestration by plants,increased concentration of greenhouse gases in the atmosphere,request-28-3-3
increased concentration of greenhouse gases in the atmosphere,enhanced greenhouse effect,request-28-3-4
enhanced greenhouse effect,global warming,request-28-3-5
global warming,climate change,request-28-3-6
stoppage of natural winds,changes in atmospheric pressure distribution,request-28-4-0
changes in atmospheric pressure distribution,alteration of weather patterns,request-28-4-1
alteration of weather patterns,changes in temperature and precipitation patterns,request-28-4-2
changes in temperature and precipitation patterns,shifts in ecosystems and habitats,request-28-4-3
shifts in ecosystems and habitats,release of stored carbon from affected ecosystems,request-28-4-4
release of stored carbon from affected ecosystems,increased concentration of greenhouse gases in the atmosphere,request-28-4-5
increased concentration of greenhouse gases in the atmosphere,enhanced greenhouse effect,request-28-4-6
enhanced greenhouse effect,global warming,request-28-4-7
global warming,climate change,request-28-4-8
overheating of earth's atmosphere,increase in atmospheric temperature,request-29-0-0
increase in atmospheric temperature,expansion of air due to heat,request-29-0-1
expansion of air due to heat,decrease in air density,request-29-0-2
decrease in air density,disruption of air pressure balance,request-29-0-3
disruption of air pressure balance,changes in wind patterns,request-29-0-4
changes in wind patterns,formation of highpressure zones,request-29-0-5
formation of highpressure zones,prevention of wind circulation,request-29-0-6
prevention of wind circulation,stoppage of natural winds,request-29-0-7
overheating of earth's atmosphere,increase in atmospheric temperature,request-29-1-0
increase in atmospheric temperature,melting of polar ice caps,request-29-1-1
melting of polar ice caps,rise in sea levels,request-29-1-2
rise in sea levels,change in ocean currents,request-29-1-3
change in ocean currents,disruption of wind patterns,request-29-1-4
disruption of wind patterns,formation of highpressure zones,request-29-1-5
formation of highpressure zones,prevention of wind circulation,request-29-1-6
prevention of wind circulation,stoppage of natural winds,request-29-1-7
overheating of earth's atmosphere,increase in atmospheric temperature,request-29-2-0
increase in atmospheric temperature,formation of thermal inversions,request-29-2-1
formation of thermal inversions,trapping of pollutants and heat,request-29-2-2
trapping of pollutants and heat,disruption of wind patterns,request-29-2-3
disruption of wind patterns,formation of highpressure zones,request-29-2-4
formation of highpressure zones,prevention of wind circulation,request-29-2-5
prevention of wind circulation,stoppage of natural winds,request-29-2-6
removal of hills,destruction of natural barriers,request-30-0-0
destruction of natural barriers,disruption of wind patterns,request-30-0-1
disruption of wind patterns,reduction in wind speed,request-30-0-2
reduction in wind speed,stoppage of natural winds,request-30-0-3
removal of hills,alteration of landscape,request-30-1-0
alteration of landscape,changes in atmospheric conditions,request-30-1-1
changes in atmospheric conditions,disruption of wind flow,request-30-1-2
disruption of wind flow,stoppage of natural winds,request-30-1-3
removal of hills,loss of topographical features,request-30-2-0
loss of topographical features,changes in local climate,request-30-2-1
changes in local climate,affected wind circulation,request-30-2-2
affected wind circulation,stoppage of natural winds,request-30-2-3
removal of hills,elimination of windbreaks,request-30-3-0
elimination of windbreaks,increased exposure to elements,request-30-3-1
increased exposure to elements,interference with wind movement,request-30-3-2
interference with wind movement,stoppage of natural winds,request-30-3-3
removal of hills,modification of terrain,request-30-4-0
modification of terrain,changes in air pressure distribution,request-30-4-1
changes in air pressure distribution,affected wind behavior,request-30-4-2
affected wind behavior,stoppage of natural winds,request-30-4-3
removal of mountains,disruption of natural topography,request-31-0-0
disruption of natural topography,alteration of wind patterns,request-31-0-1
alteration of wind patterns,reduction in wind speed,request-31-0-2
reduction in wind speed,stoppage of natural winds,request-31-0-3
removal of mountains,destruction of windbreaks,request-31-1-0
destruction of windbreaks,increased wind exposure,request-31-1-1
increased wind exposure,accelerated soil erosion,request-31-1-2
accelerated soil erosion,disruption of local ecosystems,request-31-1-3
disruption of local ecosystems,alteration of wind patterns,request-31-1-4
alteration of wind patterns,reduction in wind speed,request-31-1-5
reduction in wind speed,stoppage of natural winds,request-31-1-6
removal of mountains,changes in atmospheric pressure,request-31-2-0
changes in atmospheric pressure,disruption of air currents,request-31-2-1
disruption of air currents,alteration of wind patterns,request-31-2-2
alteration of wind patterns,reduction in wind speed,request-31-2-3
reduction in wind speed,stoppage of natural winds,request-31-2-4
removal of mountains,elimination of natural barriers,request-31-3-0
elimination of natural barriers,increased wind velocity,request-31-3-1
increased wind velocity,destabilization of weather patterns,request-31-3-2
destabilization of weather patterns,disruption of air currents,request-31-3-3
disruption of air currents,alteration of wind patterns,request-31-3-4
alteration of wind patterns,reduction in wind speed,request-31-3-5
reduction in wind speed,stoppage of natural winds,request-31-3-6
removal of mountains,changes in terrain elevation,request-31-4-0
changes in terrain elevation,disruption of air flow,request-31-4-1
disruption of air flow,alteration of wind patterns,request-31-4-2
alteration of wind patterns,reduction in wind speed,request-31-4-3
reduction in wind speed,stoppage of natural winds,request-31-4-4
deforestation,loss of vegetation and trees,request-32-0-0
loss of vegetation and trees,reduction in transpiration,request-32-0-1
reduction in transpiration,decrease in atmospheric moisture,request-32-0-2
decrease in atmospheric moisture,disruption of local weather patterns,request-32-0-3
disruption of local weather patterns,changes in wind patterns,request-32-0-4
changes in wind patterns,stoppage of natural winds,request-32-0-5
deforestation,loss of vegetation and trees,request-32-1-0
loss of vegetation and trees,increased soil erosion,request-32-1-1
increased soil erosion,sediment buildup in rivers and streams,request-32-1-2
sediment buildup in rivers and streams,changes in river flow and water levels,request-32-1-3
changes in river flow and water levels,alteration of natural drainage patterns,request-32-1-4
alteration of natural drainage patterns,changes in local climate,request-32-1-5
changes in local climate,disruption of wind patterns,request-32-1-6
disruption of wind patterns,stoppage of natural winds,request-32-1-7
deforestation,loss of vegetation and trees,request-32-2-0
loss of vegetation and trees,reduction in carbon sequestration,request-32-2-1
reduction in carbon sequestration,increase in greenhouse gas emissions,request-32-2-2
increase in greenhouse gas emissions,global warming and climate change,request-32-2-3
global warming and climate change,changes in atmospheric pressure and temperature,request-32-2-4
changes in atmospheric pressure and temperature,disruption of wind patterns,request-32-2-5
disruption of wind patterns,stoppage of natural winds,request-32-2-6
deforestation,loss of vegetation and trees,request-32-3-0
loss of vegetation and trees,changes in land use and land cover,request-32-3-1
changes in land use and land cover,alteration of surface albedo,request-32-3-2
alteration of surface albedo,changes in energy balance and surface temperature,request-32-3-3
changes in energy balance and surface temperature,disruption of local climate,request-32-3-4
disruption of local climate,changes in wind patterns,request-32-3-5
changes in wind patterns,stoppage of natural winds,request-32-3-6
deforestation,loss of vegetation and trees,request-32-4-0
loss of vegetation and trees,reduction in biodiversity and ecosystem services,request-32-4-1
reduction in biodiversity and ecosystem services,loss of natural barriers and windbreaks,request-32-4-2
loss of natural barriers and windbreaks,changes in wind patterns,request-32-4-3
changes in wind patterns,stoppage of natural winds,request-32-4-4
deforestation,loss of vegetation and trees,request-32-5-0
loss of vegetation and trees,changes in soil properties and structure,request-32-5-1
changes in soil properties and structure,alteration of soil moisture and temperature,request-32-5-2
alteration of soil moisture and temperature,changes in local climate,request-32-5-3
changes in local climate,disruption of wind patterns,request-32-5-4
disruption of wind patterns,stoppage of natural winds,request-32-5-5
deforestation,loss of vegetation and trees,request-32-6-0
loss of vegetation and trees,reduction in evapotranspiration and cooling effect,request-32-6-1
reduction in evapotranspiration and cooling effect,increase in surface temperature and heat island effect,request-32-6-2
increase in surface temperature and heat island effect,changes in atmospheric pressure and circulation,request-32-6-3
changes in atmospheric pressure and circulation,disruption of wind patterns,request-32-6-4
disruption of wind patterns,stoppage of natural winds,request-32-6-5
deforestation,loss of vegetation and trees,request-32-7-0
loss of vegetation and trees,changes in water cycle and hydrology,request-32-7-1
changes in water cycle and hydrology,alteration of cloud formation and precipitation patterns,request-32-7-2
alteration of cloud formation and precipitation patterns,changes in atmospheric moisture and temperature,request-32-7-3
changes in atmospheric moisture and temperature,disruption of wind patterns,request-32-7-4
disruption of wind patterns,stoppage of natural winds,request-32-7-5
human activity,increased use of fossil fuels,request-33-0-0
increased use of fossil fuels,higher carbon dioxide emissions,request-33-0-1
higher carbon dioxide emissions,enhanced greenhouse effect,request-33-0-2
enhanced greenhouse effect,rising global temperatures,request-33-0-3
rising global temperatures,global warming,request-33-0-4
human activity,deforestation,request-33-1-0
deforestation,decreased carbon dioxide absorption,request-33-1-1
decreased carbon dioxide absorption,increased carbon dioxide in the atmosphere,request-33-1-2
increased carbon dioxide in the atmosphere,enhanced greenhouse effect,request-33-1-3
enhanced greenhouse effect,rising global temperatures,request-33-1-4
rising global temperatures,global warming,request-33-1-5
human activity,agricultural practices,request-33-2-0
agricultural practices,increased methane and nitrous oxide emissions,request-33-2-1
increased methane and nitrous oxide emissions,strengthened greenhouse effect,request-33-2-2
strengthened greenhouse effect,rising global temperatures,request-33-2-3
rising global temperatures,global warming,request-33-2-4
human activity,industrial processes,request-33-3-0
industrial processes,higher emissions of fluorinated gases,request-33-3-1
higher emissions of fluorinated gases,strengthened greenhouse effect,request-33-3-2
strengthened greenhouse effect,rising global temperatures,request-33-3-3
rising global temperatures,global warming,request-33-3-4
human activity,energy production,request-33-4-0
energy production,increased carbon dioxide and other greenhouse gas emissions,request-33-4-1
increased carbon dioxide and other greenhouse gas emissions,strengthened greenhouse effect,request-33-4-2
strengthened greenhouse effect,rising global temperatures,request-33-4-3
rising global temperatures,global warming,request-33-4-4
human activity,transportation,request-33-5-0
transportation,higher carbon dioxide and nitrous oxide emissions,request-33-5-1
higher carbon dioxide and nitrous oxide emissions,strengthened greenhouse effect,request-33-5-2
strengthened greenhouse effect,rising global temperatures,request-33-5-3
rising global temperatures,global warming,request-33-5-4
human activity,waste management,request-33-6-0
waste management,methane emissions from landfills and wastewater treatment,request-33-6-1
methane emissions from landfills and wastewater treatment,strengthened greenhouse effect,request-33-6-2
strengthened greenhouse effect,rising global temperatures,request-33-6-3
rising global temperatures,global warming,request-33-6-4
burning fossil fuels,combustion of fossil fuels,request-34-0-0
combustion of fossil fuels,release of carbon dioxide,request-34-0-1
release of carbon dioxide,release of greenhouse gases into the atmosphere,request-34-0-2
burning fossil fuels,combustion of fossil fuels,request-34-1-0
combustion of fossil fuels,production of energy,request-34-1-1
production of energy,release of carbon dioxide,request-34-1-2
release of carbon dioxide,release of greenhouse gases into the atmosphere,request-34-1-3
burning fossil fuels,combustion of fossil fuels,request-34-2-0
combustion of fossil fuels,operation of vehicles and industries,request-34-2-1
operation of vehicles and industries,release of carbon dioxide,request-34-2-2
release of carbon dioxide,release of greenhouse gases into the atmosphere,request-34-2-3
burning fossil fuels,combustion of fossil fuels,request-34-3-0
combustion of fossil fuels,power generation,request-34-3-1
power generation,release of carbon dioxide,request-34-3-2
release of carbon dioxide,release of greenhouse gases into the atmosphere,request-34-3-3
burning fossil fuels,combustion of fossil fuels,request-34-4-0
combustion of fossil fuels,heating and cooling of buildings,request-34-4-1
heating and cooling of buildings,release of carbon dioxide,request-34-4-2
release of carbon dioxide,release of greenhouse gases into the atmosphere,request-34-4-3
burning biomass,combustion of organic matter,request-35-0-0
combustion of organic matter,generation of heat and light,request-35-0-1
generation of heat and light,release of carbon dioxide and other greenhouse gases,request-35-0-2
release of carbon dioxide and other greenhouse gases,dispersion of gases into the atmosphere,request-35-0-3
dispersion of gases into the atmosphere,release of greenhouse gases into the atmosphere,request-35-0-4
burning biomass,incomplete combustion of organic matter,request-35-1-0
incomplete combustion of organic matter,generation of carbon monoxide and other pollutants,request-35-1-1
generation of carbon monoxide and other pollutants,oxidation of carbon monoxide into carbon dioxide,request-35-1-2
oxidation of carbon monoxide into carbon dioxide,release of carbon dioxide and other greenhouse gases,request-35-1-3
release of carbon dioxide and other greenhouse gases,dispersion of gases into the atmosphere,request-35-1-4
dispersion of gases into the atmosphere,release of greenhouse gases into the atmosphere,request-35-1-5
burning biomass,release of volatile organic compounds,request-35-2-0
release of volatile organic compounds,photochemical reactions of vocs with nitrogen oxides,request-35-2-1
photochemical reactions of vocs with nitrogen oxides,formation of tropospheric ozone,request-35-2-2
formation of tropospheric ozone,release of ozone and other greenhouse gases,request-35-2-3
release of ozone and other greenhouse gases,dispersion of gases into the atmosphere,request-35-2-4
dispersion of gases into the atmosphere,release of greenhouse gases into the atmosphere,request-35-2-5
burning biomass,release of particulate matter,request-35-3-0
release of particulate matter,scattering and absorption of solar radiation by pm,request-35-3-1
scattering and absorption of solar radiation by pm,warming of the atmosphere,request-35-3-2
warming of the atmosphere,release of greenhouse gases due to increased temperatures,request-35-3-3
release of greenhouse gases due to increased temperatures,dispersion of gases into the atmosphere,request-35-3-4
dispersion of gases into the atmosphere,release of greenhouse gases into the atmosphere,request-35-3-5
burning biomass,release of black carbon,request-35-4-0
release of black carbon,absorption of solar radiation by bc,request-35-4-1
absorption of solar radiation by bc,warming of the atmosphere,request-35-4-2
warming of the atmosphere,release of greenhouse gases due to increased temperatures,request-35-4-3
release of greenhouse gases due to increased temperatures,dispersion of gases into the atmosphere,request-35-4-4
dispersion of gases into the atmosphere,release of greenhouse gases into the atmosphere,request-35-4-5
increase in co2,increased global temperatures,request-36-0-0
increased global temperatures,melting of polar ice caps,request-36-0-1
melting of polar ice caps,rising sea levels,request-36-0-2
rising sea levels,flooding of coastal areas,request-36-0-3
flooding of coastal areas,destruction of infrastructure and property,request-36-0-4
destruction of infrastructure and property,economic losses,request-36-0-5
economic losses,decreased prosperity,request-36-0-6
increase in co2,increased global temperatures,request-36-1-0
increased global temperatures,changes in precipitation patterns,request-36-1-1
changes in precipitation patterns,droughts and water shortages,request-36-1-2
droughts and water shortages,reduced agricultural productivity,request-36-1-3
reduced agricultural productivity,food shortages and increased food prices,request-36-1-4
food shortages and increased food prices,economic instability,request-36-1-5
economic instability,decreased prosperity,request-36-1-6
increase in co2,increased global temperatures,request-36-2-0
increased global temperatures,changes in weather patterns,request-36-2-1
changes in weather patterns,increased frequency and severity of natural disasters,request-36-2-2
increased frequency and severity of natural disasters,damage to infrastructure and property,request-36-2-3
damage to infrastructure and property,economic losses,request-36-2-4
economic losses,decreased prosperity,request-36-2-5
increase in co2,increased global temperatures,request-36-3-0
increased global temperatures,changes in ocean temperatures and currents,request-36-3-1
changes in ocean temperatures and currents,disruption of marine ecosystems,request-36-3-2
disruption of marine ecosystems,decreased fish populations,request-36-3-3
decreased fish populations,loss of livelihoods for fishing communities,request-36-3-4
loss of livelihoods for fishing communities,economic losses,request-36-3-5
economic losses,decreased prosperity,request-36-3-6
increase in co2,increased global temperatures,request-36-4-0
increased global temperatures,changes in disease vectors and transmission patterns,request-36-4-1
changes in disease vectors and transmission patterns,increased prevalence of infectious diseases,request-36-4-2
increased prevalence of infectious diseases,increased healthcare costs and reduced productivity,request-36-4-3
increased healthcare costs and reduced productivity,economic losses,request-36-4-4
economic losses,decreased prosperity,request-36-4-5
increase in co2,increased global temperatures,request-36-5-0
increased global temperatures,changes in energy demand and supply patterns,request-36-5-1
changes in energy demand and supply patterns,increased energy costs,request-36-5-2
increased energy costs,reduced industrial productivity and competitiveness,request-36-5-3
reduced industrial productivity and competitiveness,economic losses,request-36-5-4
economic losses,decreased prosperity,request-36-5-5
co2,increase in atmospheric co2 concentration,request-37-0-0
increase in atmospheric co2 concentration,higher levels of co2 in the air,request-37-0-1
higher levels of co2 in the air,increased co2 absorption by plants through photosynthesis,request-37-0-2
increased co2 absorption by plants through photosynthesis,enhanced plant growth due to more efficient photosynthesis,request-37-0-3
enhanced plant growth due to more efficient photosynthesis,growth of plants,request-37-0-4
co2,increase in atmospheric co2 concentration,request-37-1-0
increase in atmospheric co2 concentration,global warming due to greenhouse effect,request-37-1-1
global warming due to greenhouse effect,higher temperatures and longer growing seasons,request-37-1-2
higher temperatures and longer growing seasons,more favorable conditions for plant growth,request-37-1-3
more favorable conditions for plant growth,growth of plants,request-37-1-4
co2,increase in atmospheric co2 concentration,request-37-2-0
increase in atmospheric co2 concentration,ocean acidification due to co2 absorption,request-37-2-1
ocean acidification due to co2 absorption,decreased availability of nutrients for marine life,request-37-2-2
decreased availability of nutrients for marine life,shift in marine ecosystems towards more co2tolerant species,request-37-2-3
shift in marine ecosystems towards more co2tolerant species,increased production of phytoplankton,request-37-2-4
increased production of phytoplankton,increased food availability for marine herbivores,request-37-2-5
increased food availability for marine herbivores,growth of marine plants and plantlike organisms,request-37-2-6
co2,increase in atmospheric co2 concentration,request-37-3-0
increase in atmospheric co2 concentration,higher levels of co2 in the air,request-37-3-1
higher levels of co2 in the air,increased co2 fertilization effect on plants,request-37-3-2
increased co2 fertilization effect on plants,enhanced plant growth due to more efficient photosynthesis,request-37-3-3
enhanced plant growth due to more efficient photosynthesis,increased biomass production,request-37-3-4
increased biomass production,more plant material available for herbivores,request-37-3-5
more plant material available for herbivores,growth of plants and herbivore populations,request-37-3-6
co2,increase in atmospheric co2 concentration,request-37-4-0
increase in atmospheric co2 concentration,global warming due to greenhouse effect,request-37-4-1
global warming due to greenhouse effect,changes in precipitation patterns,request-37-4-2
changes in precipitation patterns,alteration of water availability for plants,request-37-4-3
alteration of water availability for plants,changes in plant distribution and growth patterns,request-37-4-4
changes in plant distribution and growth patterns,growth of plants in new or altered environments,request-37-4-5
plants,photosynthesis,request-38-0-0
photosynthesis,chlorophyll captures sunlight,request-38-0-1
chlorophyll captures sunlight,carbon dioxide is absorbed,request-38-0-2
carbon dioxide is absorbed,water is absorbed,request-38-0-3
water is absorbed,splitting of water molecules,request-38-0-4
splitting of water molecules,release of oxygen as a byproduct,request-38-0-5
release of oxygen as a byproduct,oxygen release,request-38-0-6
plants,leaves,request-38-1-0
leaves,stomata open,request-38-1-1
stomata open,carbon dioxide enters leaves,request-38-1-2
carbon dioxide enters leaves,photosynthesis begins,request-38-1-3
photosynthesis begins,chlorophyll captures sunlight,request-38-1-4
chlorophyll captures sunlight,water is absorbed by roots,request-38-1-5
water is absorbed by roots,water travels up to leaves,request-38-1-6
water travels up to leaves,splitting of water molecules,request-38-1-7
splitting of water molecules,release of oxygen as a byproduct,request-38-1-8
release of oxygen as a byproduct,oxygen release,request-38-1-9
plants,photosynthetic cells,request-38-2-0
photosynthetic cells,chloroplasts,request-38-2-1
chloroplasts,chlorophyll captures sunlight,request-38-2-2
chlorophyll captures sunlight,carbon dioxide is absorbed,request-38-2-3
carbon dioxide is absorbed,water is absorbed,request-38-2-4
water is absorbed,splitting of water molecules,request-38-2-5
splitting of water molecules,release of oxygen as a byproduct,request-38-2-6
release of oxygen as a byproduct,oxygen release,request-38-2-7
plants,photosynthesis,request-38-3-0
photosynthesis,lightdependent reactions,request-38-3-1
lightdependent reactions,chlorophyll captures sunlight,request-38-3-2
chlorophyll captures sunlight,water is absorbed,request-38-3-3
water is absorbed,splitting of water molecules,request-38-3-4
splitting of water molecules,release of oxygen as a byproduct,request-38-3-5
release of oxygen as a byproduct,oxygen release,request-38-3-6
plants,photosynthesis,request-38-4-0
photosynthesis,lightindependent reactions,request-38-4-1
lightindependent reactions,carbon dioxide is absorbed,request-38-4-2
carbon dioxide is absorbed,calvin cycle,request-38-4-3
calvin cycle,synthesis of glucose,request-38-4-4
synthesis of glucose,release of oxygen as a byproduct,request-38-4-5
release of oxygen as a byproduct,oxygen release,request-38-4-6
fumigation,release of pesticides into the environment,request-39-0-0
release of pesticides into the environment,degradation of pesticides by microorganisms,request-39-0-1
degradation of pesticides by microorganisms,increased microbial respiration,request-39-0-2
increased microbial respiration,increase in co2 emissions,request-39-0-3
fumigation,release of pesticides into the environment,request-39-1-0
release of pesticides into the environment,degradation of pesticides by microorganisms,request-39-1-1
degradation of pesticides by microorganisms,changes in soil composition,request-39-1-2
changes in soil composition,increased soil respiration,request-39-1-3
increased soil respiration,increase in co2 emissions,request-39-1-4
fumigation,release of pesticides into the environment,request-39-2-0
release of pesticides into the environment,degradation of pesticides by microorganisms,request-39-2-1
degradation of pesticides by microorganisms,changes in plant growth and health,request-39-2-2
changes in plant growth and health,reduced photosynthesis,request-39-2-3
reduced photosynthesis,increase in co2 emissions,request-39-2-4
fumigation,release of pesticides into the environment,request-39-3-0
release of pesticides into the environment,degradation of pesticides by microorganisms,request-39-3-1
degradation of pesticides by microorganisms,changes in soil composition,request-39-3-2
changes in soil composition,altered soil microbial communities,request-39-3-3
altered soil microbial communities,increased microbial respiration,request-39-3-4
increased microbial respiration,increase in co2 emissions,request-39-3-5
fumigation,release of pesticides into the environment,request-39-4-0
release of pesticides into the environment,degradation of pesticides by microorganisms,request-39-4-1
degradation of pesticides by microorganisms,changes in plant growth and health,request-39-4-2
changes in plant growth and health,increased plant respiration,request-39-4-3
increased plant respiration,increase in co2 emissions,request-39-4-4
fumigation,release of pesticides into the environment,request-39-5-0
release of pesticides into the environment,degradation of pesticides by microorganisms,request-39-5-1
degradation of pesticides by microorganisms,changes in soil composition,request-39-5-2
changes in soil composition,altered soil microbial communities,request-39-5-3
altered soil microbial communities,changes in plant growth and health,request-39-5-4
changes in plant growth and health,reduced photosynthesis,request-39-5-5
reduced photosynthesis,increase in co2 emissions,request-39-5-6
fumigation,release of pesticides into the environment,request-39-6-0
release of pesticides into the environment,degradation of pesticides by microorganisms,request-39-6-1
degradation of pesticides by microorganisms,changes in soil composition,request-39-6-2
changes in soil composition,altered soil microbial communities,request-39-6-3
altered soil microbial communities,changes in plant growth and health,request-39-6-4
changes in plant growth and health,increased plant respiration,request-39-6-5
increased plant respiration,increase in co2 emissions,request-39-6-6
fumigation,release of pesticides into the environment,request-39-7-0
release of pesticides into the environment,degradation of pesticides by microorganisms,request-39-7-1
degradation of pesticides by microorganisms,changes in soil composition,request-39-7-2
changes in soil composition,altered soil microbial communities,request-39-7-3
altered soil microbial communities,increased microbial respiration,request-39-7-4
increased microbial respiration,changes in plant growth and health,request-39-7-5
changes in plant growth and health,reduced photosynthesis,request-39-7-6
reduced photosynthesis,increase in co2 emissions,request-39-7-7
fumigation,release of pesticides into the environment,request-39-8-0
release of pesticides into the environment,degradation of pesticides by microorganisms,request-39-8-1
degradation of pesticides by microorganisms,changes in soil composition,request-39-8-2
changes in soil composition,altered soil microbial communities,request-39-8-3
altered soil microbial communities,increased microbial respiration,request-39-8-4
increased microbial respiration,changes in plant growth and health,request-39-8-5
changes in plant growth and health,increased plant respiration,request-39-8-6
increased plant respiration,increase in co2 emissions,request-39-8-7
increase in co2,increase in atmospheric co2 concentration,request-40-0-0
increase in atmospheric co2 concentration,increase in co2 availability for plants,request-40-0-1
increase in co2 availability for plants,increase in photosynthesis,request-40-0-2
increase in co2,increase in atmospheric co2 concentration,request-40-1-0
increase in atmospheric co2 concentration,increase in greenhouse effect,request-40-1-1
increase in greenhouse effect,increase in global temperature,request-40-1-2
increase in global temperature,increase in plant growth and photosynthesis,request-40-1-3
increase in co2,increase in atmospheric co2 concentration,request-40-2-0
increase in atmospheric co2 concentration,increase in co2 availability for plants,request-40-2-1
increase in co2 availability for plants,increase in plant growth and photosynthesis,request-40-2-2
increase in plant growth and photosynthesis,increase in carbon sequestration,request-40-2-3
increase in carbon sequestration,increase in photosynthesis,request-40-2-4
increase in co2,increase in atmospheric co2 concentration,request-40-3-0
increase in atmospheric co2 concentration,increase in co2 availability for plants,request-40-3-1
increase in co2 availability for plants,increase in plant growth and photosynthesis,request-40-3-2
increase in plant growth and photosynthesis,increase in plant biomass,request-40-3-3
increase in plant biomass,increase in photosynthesis,request-40-3-4
increase in co2,increase in atmospheric co2 concentration,request-40-4-0
increase in atmospheric co2 concentration,increase in co2 availability for plants,request-40-4-1
increase in co2 availability for plants,increase in plant growth and photosynthesis,request-40-4-2
increase in plant growth and photosynthesis,increase in plant productivity,request-40-4-3
increase in plant productivity,increase in photosynthesis,request-40-4-4
increase in co2,increase in atmospheric co2 concentration,request-40-5-0
increase in atmospheric co2 concentration,increase in co2 availability for plants,request-40-5-1
increase in co2 availability for plants,increase in plant growth and photosynthesis,request-40-5-2
increase in plant growth and photosynthesis,increase in plant carbon uptake,request-40-5-3
increase in plant carbon uptake,increase in photosynthesis,request-40-5-4
increase in co2,increase in atmospheric co2 concentration,request-40-6-0
increase in atmospheric co2 concentration,increase in co2 availability for plants,request-40-6-1
increase in co2 availability for plants,increase in plant growth and photosynthesis,request-40-6-2
increase in plant growth and photosynthesis,increase in plant carbon sequestration,request-40-6-3
increase in plant carbon sequestration,increase in photosynthesis,request-40-6-4
increase in co2,increase in atmospheric co2 concentration,request-40-7-0
increase in atmospheric co2 concentration,increase in co2 availability for plants,request-40-7-1
increase in co2 availability for plants,increase in plant growth and photosynthesis,request-40-7-2
increase in plant growth and photosynthesis,increase in plant carbon storage,request-40-7-3
increase in plant carbon storage,increase in photosynthesis,request-40-7-4
increase in co2,increase in atmospheric co2 concentration,request-40-8-0
increase in atmospheric co2 concentration,increase in co2 availability for plants,request-40-8-1
increase in co2 availability for plants,increase in plant growth and photosynthesis,request-40-8-2
increase in plant growth and photosynthesis,increase in plant carbon fixation,request-40-8-3
increase in plant carbon fixation,increase in photosynthesis,request-40-8-4
increase in co2,increase in atmospheric co2 concentration,request-40-9-0
increase in atmospheric co2 concentration,increase in co2 availability for plants,request-40-9-1
increase in co2 availability for plants,increase in plant growth and photosynthesis,request-40-9-2
increase in plant growth and photosynthesis,increase in plant carbon assimilation,request-40-9-3
increase in plant carbon assimilation,increase in photosynthesis,request-40-9-4
increase in photosynthesis,increase in production of glucose,request-41-0-0
increase in production of glucose,increase in energy availability for plant growth,request-41-0-1
increase in energy availability for plant growth,increase in plant growth rate,request-41-0-2
increase in plant growth rate,increase in biomass,request-41-0-3
increase in photosynthesis,increase in production of oxygen,request-41-1-0
increase in production of oxygen,improvement in soil quality,request-41-1-1
improvement in soil quality,increase in nutrient availability,request-41-1-2
increase in nutrient availability,increase in plant growth rate,request-41-1-3
increase in plant growth rate,increase in biomass,request-41-1-4
increase in photosynthesis,increase in production of glucose,request-41-2-0
increase in production of glucose,increase in energy availability for plant growth,request-41-2-1
increase in energy availability for plant growth,increase in plant growth rate,request-41-2-2
increase in plant growth rate,increase in plant size,request-41-2-3
increase in plant size,increase in biomass,request-41-2-4
increase in photosynthesis,increase in production of glucose,request-41-3-0
increase in production of glucose,increase in energy availability for plant growth,request-41-3-1
increase in energy availability for plant growth,increase in plant growth rate,request-41-3-2
increase in plant growth rate,increase in plant density,request-41-3-3
increase in plant density,increase in biomass,request-41-3-4
increase in photosynthesis,increase in production of glucose,request-41-4-0
increase in production of glucose,increase in energy availability for plant growth,request-41-4-1
increase in energy availability for plant growth,increase in plant growth rate,request-41-4-2
increase in plant growth rate,increase in plant diversity,request-41-4-3
increase in plant diversity,increase in biomass,request-41-4-4
increase in photosynthesis,increase in production of glucose,request-41-5-0
increase in production of glucose,increase in energy availability for plant growth,request-41-5-1
increase in energy availability for plant growth,increase in plant growth rate,request-41-5-2
increase in plant growth rate,increase in plant reproduction,request-41-5-3
increase in plant reproduction,increase in biomass,request-41-5-4
increase in photosynthesis,increase in production of glucose,request-41-6-0
increase in production of glucose,increase in energy availability for plant growth,request-41-6-1
increase in energy availability for plant growth,increase in plant growth rate,request-41-6-2
increase in plant growth rate,increase in plant biomass accumulation,request-41-6-3
increase in plant biomass accumulation,increase in biomass,request-41-6-4
increase in photosynthesis,increase in production of glucose,request-41-7-0
increase in production of glucose,increase in energy availability for plant growth,request-41-7-1
increase in energy availability for plant growth,increase in plant growth rate,request-41-7-2
increase in plant growth rate,increase in plant carbon sequestration,request-41-7-3
increase in plant carbon sequestration,increase in biomass,request-41-7-4
natural greenhouse effect,traps heat in earth's atmosphere,request-42-0-0
traps heat in earth's atmosphere,increases surface temperature,request-42-0-1
increases surface temperature,causes water vapor to evaporate,request-42-0-2
causes water vapor to evaporate,forms clouds,request-42-0-3
forms clouds,reflects solar radiation back into space,request-42-0-4
natural greenhouse effect,traps heat in earth's atmosphere,request-42-1-0
traps heat in earth's atmosphere,increases surface temperature,request-42-1-1
increases surface temperature,causes polar ice to melt,request-42-1-2
causes polar ice to melt,decreases earth's albedo,request-42-1-3
decreases earth's albedo,absorbs more solar radiation,request-42-1-4
absorbs more solar radiation,increases surface temperature further,request-42-1-5
increases surface temperature further,causes water vapor to evaporate,request-42-1-6
causes water vapor to evaporate,forms clouds,request-42-1-7
forms clouds,reflects solar radiation back into space,request-42-1-8
natural greenhouse effect,traps heat in earth's atmosphere,request-42-2-0
traps heat in earth's atmosphere,increases surface temperature,request-42-2-1
increases surface temperature,causes polar ice to melt,request-42-2-2
causes polar ice to melt,decreases earth's albedo,request-42-2-3
decreases earth's albedo,absorbs more solar radiation,request-42-2-4
absorbs more solar radiation,increases surface temperature further,request-42-2-5
increases surface temperature further,causes more water vapor to evaporate,request-42-2-6
causes more water vapor to evaporate,forms more clouds,request-42-2-7
forms more clouds,reflects more solar radiation back into space,request-42-2-8
natural greenhouse effect,traps heat in earth's atmosphere,request-42-3-0
traps heat in earth's atmosphere,increases surface temperature,request-42-3-1
increases surface temperature,causes polar ice to melt,request-42-3-2
causes polar ice to melt,decreases earth's albedo,request-42-3-3
decreases earth's albedo,absorbs more solar radiation,request-42-3-4
absorbs more solar radiation,increases surface temperature further,request-42-3-5
increases surface temperature further,causes more water vapor to evaporate,request-42-3-6
causes more water vapor to evaporate,forms more clouds,request-42-3-7
forms more clouds,reflects more solar radiation back into space,request-42-3-8
reflects more solar radiation back into space,increases earth's albedo,request-42-3-9
increases earth's albedo,reflects even more solar radiation back into space,request-42-3-10
excess of co2,release of co2 into the atmosphere,request-43-0-0
release of co2 into the atmosphere,increase in atmospheric co2 levels,request-43-0-1
increase in atmospheric co2 levels,increase in co2,request-43-0-2
excess of co2,release of co2 from industrial processes,request-43-1-0
release of co2 from industrial processes,increase in co2 emissions,request-43-1-1
increase in co2 emissions,increase in co2 levels in the atmosphere,request-43-1-2
increase in co2 levels in the atmosphere,increase in co2,request-43-1-3
excess of co2,release of co2 from burning fossil fuels,request-43-2-0
release of co2 from burning fossil fuels,increase in co2 emissions from human activities,request-43-2-1
increase in co2 emissions from human activities,increase in atmospheric co2 concentrations,request-43-2-2
increase in atmospheric co2 concentrations,increase in co2,request-43-2-3
excess of co2,release of co2 from deforestation and land use changes,request-43-3-0
release of co2 from deforestation and land use changes,increase in co2 emissions from land use changes,request-43-3-1
increase in co2 emissions from land use changes,increase in atmospheric co2 levels,request-43-3-2
increase in atmospheric co2 levels,increase in co2,request-43-3-3
excess of co2,release of co2 from natural sources such as volcanoes and respiration,request-43-4-0
release of co2 from natural sources such as volcanoes and respiration,increase in co2 levels from natural sources,request-43-4-1
increase in co2 levels from natural sources,increase in atmospheric co2 concentrations,request-43-4-2
increase in atmospheric co2 concentrations,increase in co2,request-43-4-3
excess of co2,release of co2 from human activities such as transportation and electricity production,request-43-5-0
release of co2 from human activities such as transportation and electricity production,increase in co2 emissions from human activities,request-43-5-1
increase in co2 emissions from human activities,increase in atmospheric co2 levels,request-43-5-2
increase in atmospheric co2 levels,increase in co2,request-43-5-3
excess of co2,release of co2 from agricultural practices such as fertilizer use and livestock production,request-43-6-0
release of co2 from agricultural practices such as fertilizer use and livestock production,increase in co2 emissions from agriculture,request-43-6-1
increase in co2 emissions from agriculture,increase in atmospheric co2 concentrations,request-43-6-2
increase in atmospheric co2 concentrations,increase in co2,request-43-6-3
excess of co2,release of co2 from decomposition of organic matter in soil and water,request-43-7-0
release of co2 from decomposition of organic matter in soil and water,increase in co2 emissions from decomposition,request-43-7-1
increase in co2 emissions from decomposition,increase in atmospheric co2 levels,request-43-7-2
increase in atmospheric co2 levels,increase in co2,request-43-7-3
increase in co2,increased absorption of infrared radiation,request-44-0-0
increased absorption of infrared radiation,increased atmospheric temperature,request-44-0-1
increased atmospheric temperature,global warming,request-44-0-2
increase in co2,increased ocean acidification,request-44-1-0
increased ocean acidification,decreased oceanic carbon sequestration,request-44-1-1
decreased oceanic carbon sequestration,increased atmospheric co2 concentration,request-44-1-2
increased atmospheric co2 concentration,increased absorption of infrared radiation,request-44-1-3
increased absorption of infrared radiation,increased atmospheric temperature,request-44-1-4
increased atmospheric temperature,global warming,request-44-1-5
increase in co2,increased plant growth,request-44-2-0
increased plant growth,increased carbon sequestration in plants,request-44-2-1
increased carbon sequestration in plants,decreased atmospheric co2 concentration,request-44-2-2
decreased atmospheric co2 concentration,decreased absorption of infrared radiation,request-44-2-3
decreased absorption of infrared radiation,decreased atmospheric temperature,request-44-2-4
decreased atmospheric temperature,decreased global warming,request-44-2-5
increase in co2,increased plant growth,request-44-3-0
increased plant growth,increased transpiration,request-44-3-1
increased transpiration,increased water vapor in the atmosphere,request-44-3-2
increased water vapor in the atmosphere,increased absorption of infrared radiation,request-44-3-3
increased absorption of infrared radiation,increased atmospheric temperature,request-44-3-4
increased atmospheric temperature,global warming,request-44-3-5
increase in co2,increased ocean acidification,request-44-4-0
increased ocean acidification,decreased marine life and biodiversity,request-44-4-1
decreased marine life and biodiversity,decreased oceanic carbon sequestration,request-44-4-2
decreased oceanic carbon sequestration,increased atmospheric co2 concentration,request-44-4-3
increased atmospheric co2 concentration,increased absorption of infrared radiation,request-44-4-4
increased absorption of infrared radiation,increased atmospheric temperature,request-44-4-5
increased atmospheric temperature,global warming,request-44-4-6
increase in co2,increased plant growth,request-44-5-0
increased plant growth,increased carbon sequestration in plants,request-44-5-1
increased carbon sequestration in plants,increased soil carbon sequestration,request-44-5-2
increased soil carbon sequestration,decreased atmospheric co2 concentration,request-44-5-3
decreased atmospheric co2 concentration,decreased absorption of infrared radiation,request-44-5-4
decreased absorption of infrared radiation,decreased atmospheric temperature,request-44-5-5
decreased atmospheric temperature,decreased global warming,request-44-5-6
increase in co2,increased plant growth,request-44-6-0
increased plant growth,increased transpiration,request-44-6-1
increased transpiration,increased water vapor in the atmosphere,request-44-6-2
increased water vapor in the atmosphere,increased cloud cover,request-44-6-3
increased cloud cover,increased reflection of sunlight,request-44-6-4
increased reflection of sunlight,decreased atmospheric temperature,request-44-6-5
decreased atmospheric temperature,decreased global warming,request-44-6-6
increase in co2,increased atmospheric co2 levels,request-45-0-0
increased atmospheric co2 levels,increased co2 absorption by oceans,request-45-0-1
increased co2 absorption by oceans,increased carbonic acid formation,request-45-0-2
increased carbonic acid formation,increased hydrogen ion concentration,request-45-0-3
increased hydrogen ion concentration,ocean acidification,request-45-0-4
increase in co2,increased co2 emissions,request-45-1-0
increased co2 emissions,increased atmospheric co2 levels,request-45-1-1
increased atmospheric co2 levels,increased co2 absorption by oceans,request-45-1-2
increased co2 absorption by oceans,increased carbonic acid formation,request-45-1-3
increased carbonic acid formation,decreased carbonate ion concentration,request-45-1-4
decreased carbonate ion concentration,decreased ocean ph,request-45-1-5
decreased ocean ph,ocean acidification,request-45-1-6
increase in co2,increased co2 emissions,request-45-2-0
increased co2 emissions,increased atmospheric co2 levels,request-45-2-1
increased atmospheric co2 levels,increased greenhouse effect,request-45-2-2
increased greenhouse effect,increased global temperatures,request-45-2-3
increased global temperatures,increased ocean temperatures,request-45-2-4
increased ocean temperatures,increased co2 absorption by oceans,request-45-2-5
increased co2 absorption by oceans,increased carbonic acid formation,request-45-2-6
increased carbonic acid formation,increased hydrogen ion concentration,request-45-2-7
increased hydrogen ion concentration,ocean acidification,request-45-2-8
increase in co2,increased co2 emissions,request-45-3-0
increased co2 emissions,increased atmospheric co2 levels,request-45-3-1
increased atmospheric co2 levels,increased greenhouse effect,request-45-3-2
increased greenhouse effect,increased global temperatures,request-45-3-3
increased global temperatures,increased ocean temperatures,request-45-3-4
increased ocean temperatures,increased co2 absorption by oceans,request-45-3-5
increased co2 absorption by oceans,increased carbonic acid formation,request-45-3-6
increased carbonic acid formation,decreased carbonate ion concentration,request-45-3-7
decreased carbonate ion concentration,decreased ocean ph,request-45-3-8
decreased ocean ph,ocean acidification,request-45-3-9
human activity,burning of fossil fuels,request-46-0-0
burning of fossil fuels,release of carbon dioxide,request-46-0-1
release of carbon dioxide,increase in atmospheric co2,request-46-0-2
human activity,deforestation,request-46-1-0
deforestation,decrease in co2 absorption,request-46-1-1
decrease in co2 absorption,increase in atmospheric co2,request-46-1-2
human activity,industrial production,request-46-2-0
industrial production,energy consumption,request-46-2-1
energy consumption,burning of fossil fuels,request-46-2-2
burning of fossil fuels,release of carbon dioxide,request-46-2-3
release of carbon dioxide,increase in atmospheric co2,request-46-2-4
human activity,agricultural practices,request-46-3-0
agricultural practices,soil degradation,request-46-3-1
soil degradation,decrease in co2 absorption,request-46-3-2
decrease in co2 absorption,increase in atmospheric co2,request-46-3-3
human activity,transportation,request-46-4-0
transportation,burning of fossil fuels,request-46-4-1
burning of fossil fuels,release of carbon dioxide,request-46-4-2
release of carbon dioxide,increase in atmospheric co2,request-46-4-3
human activity,energy production,request-46-5-0
energy production,burning of fossil fuels,request-46-5-1
burning of fossil fuels,release of carbon dioxide,request-46-5-2
release of carbon dioxide,increase in atmospheric co2,request-46-5-3
human activity,waste management,request-46-6-0
waste management,decomposition of waste,request-46-6-1
decomposition of waste,release of carbon dioxide,request-46-6-2
release of carbon dioxide,increase in atmospheric co2,request-46-6-3
human activity,land use changes,request-46-7-0
land use changes,decrease in co2 absorption,request-46-7-1
decrease in co2 absorption,increase in atmospheric co2,request-46-7-2
increase in co2,increased atmospheric co2 levels,request-47-0-0
increased atmospheric co2 levels,enhanced greenhouse effect,request-47-0-1
enhanced greenhouse effect,global warming,request-47-0-2
global warming,warmer temperatures,request-47-0-3
warmer temperatures,longer growing seasons,request-47-0-4
longer growing seasons,increased plant growth,request-47-0-5
increased plant growth,lush forests,request-47-0-6
increase in co2,increased atmospheric co2 levels,request-47-1-0
increased atmospheric co2 levels,enhanced greenhouse effect,request-47-1-1
enhanced greenhouse effect,global warming,request-47-1-2
global warming,warmer temperatures,request-47-1-3
warmer temperatures,increased precipitation,request-47-1-4
increased precipitation,increased water availability,request-47-1-5
increased water availability,increased plant growth,request-47-1-6
increased plant growth,lush forests,request-47-1-7
increase in co2,increased atmospheric co2 levels,request-47-2-0
increased atmospheric co2 levels,enhanced greenhouse effect,request-47-2-1
enhanced greenhouse effect,global warming,request-47-2-2
global warming,warmer temperatures,request-47-2-3
warmer temperatures,increased plant productivity,request-47-2-4
increased plant productivity,increased plant growth,request-47-2-5
increased plant growth,lush forests,request-47-2-6
increase in co2,increased atmospheric co2 levels,request-47-3-0
increased atmospheric co2 levels,enhanced greenhouse effect,request-47-3-1
enhanced greenhouse effect,global warming,request-47-3-2
global warming,warmer temperatures,request-47-3-3
warmer temperatures,increased carbon dioxide fertilization,request-47-3-4
increased carbon dioxide fertilization,increased plant growth,request-47-3-5
increased plant growth,lush forests,request-47-3-6
increase in co2,increased atmospheric co2 levels,request-47-4-0
increased atmospheric co2 levels,enhanced greenhouse effect,request-47-4-1
enhanced greenhouse effect,global warming,request-47-4-2
global warming,warmer temperatures,request-47-4-3
warmer temperatures,increased plant growth,request-47-4-4
increased plant growth,increased carbon sequestration,request-47-4-5
increased carbon sequestration,lush forests,request-47-4-6
increase in co2,increased atmospheric co2 levels,request-47-5-0
increased atmospheric co2 levels,enhanced greenhouse effect,request-47-5-1
enhanced greenhouse effect,global warming,request-47-5-2
global warming,warmer temperatures,request-47-5-3
warmer temperatures,increased plant growth,request-47-5-4
increased plant growth,increased biodiversity,request-47-5-5
increased biodiversity,lush forests,request-47-5-6
modern wars,increased naval activity,request-48-0-0
increased naval activity,submarine warfare,request-48-0-1
submarine warfare,torpedo attacks,request-48-0-2
torpedo attacks,ship damage,request-48-0-3
ship damage,sinking,request-48-0-4
modern wars,aerial bombardment,request-48-1-0
aerial bombardment,targeting of naval vessels,request-48-1-1
targeting of naval vessels,ship damage,request-48-1-2
ship damage,sinking,request-48-1-3
modern wars,naval mines deployment,request-48-2-0
naval mines deployment,mine strikes,request-48-2-1
mine strikes,ship damage,request-48-2-2
ship damage,sinking,request-48-2-3
modern wars,naval blockades,request-48-3-0
naval blockades,preventing supplies and repairs,request-48-3-1
preventing supplies and repairs,vessel vulnerability,request-48-3-2
vessel vulnerability,ship damage,request-48-3-3
ship damage,sinking,request-48-3-4
modern wars,cyber warfare targeting naval systems,request-48-4-0
cyber warfare targeting naval systems,disruption of navigation and communication,request-48-4-1
disruption of navigation and communication,collisions or groundings,request-48-4-2
collisions or groundings,ship damage,request-48-4-3
ship damage,sinking,request-48-4-4
climate change,increased global temperatures,request-49-0-0
increased global temperatures,expansion of disease vector habitats,request-49-0-1
expansion of disease vector habitats,proliferation of disease vectors,request-49-0-2
proliferation of disease vectors,spread of vectorborne diseases,request-49-0-3
spread of vectorborne diseases,rise in infectious diseases,request-49-0-4
climate change,alteration of precipitation patterns,request-49-1-0
alteration of precipitation patterns,changes in water availability,request-49-1-1
changes in water availability,increased water scarcity and poor sanitation,request-49-1-2
increased water scarcity and poor sanitation,spread of waterborne diseases,request-49-1-3
spread of waterborne diseases,rise in infectious diseases,request-49-1-4
climate change,more frequent and severe weather events,request-49-2-0
more frequent and severe weather events,displacement of human populations,request-49-2-1
displacement of human populations,overcrowding in temporary shelters,request-49-2-2
overcrowding in temporary shelters,increased transmission of airborne diseases,request-49-2-3
increased transmission of airborne diseases,rise in infectious diseases,request-49-2-4
climate change,thawing of permafrost,request-49-3-0
thawing of permafrost,release of ancient pathogens,request-49-3-1
release of ancient pathogens,emergence of new infectious diseases,request-49-3-2
emergence of new infectious diseases,rise in infectious diseases,request-49-3-3
climate change,ocean warming and acidification,request-49-4-0
ocean warming and acidification,changes in marine ecosystems,request-49-4-1
changes in marine ecosystems,increased prevalence of harmful algal blooms,request-49-4-2
increased prevalence of harmful algal blooms,spread of diseases through contaminated seafood,request-49-4-3
spread of diseases through contaminated seafood,rise in infectious diseases,request-49-4-4
capitalism,industrial revolution,request-50-0-0
industrial revolution,increased fossil fuel consumption,request-50-0-1
increased fossil fuel consumption,greenhouse gas emissions,request-50-0-2
greenhouse gas emissions,global warming,request-50-0-3
global warming,climate change,request-50-0-4
capitalism,consumerism,request-50-1-0
consumerism,mass production and consumption,request-50-1-1
mass production and consumption,resource depletion,request-50-1-2
resource depletion,fossil fuel dependence,request-50-1-3
fossil fuel dependence,greenhouse gas emissions,request-50-1-4
greenhouse gas emissions,global warming,request-50-1-5
global warming,climate change,request-50-1-6
capitalism,global trade expansion,request-50-2-0
global trade expansion,increased transportation,request-50-2-1
increased transportation,fossil fuel consumption,request-50-2-2
fossil fuel consumption,greenhouse gas emissions,request-50-2-3
greenhouse gas emissions,global warming,request-50-2-4
global warming,climate change,request-50-2-5
capitalism,economic growth prioritization,request-50-3-0
economic growth prioritization,lax environmental regulations,request-50-3-1
lax environmental regulations,unrestricted industrial activity,request-50-3-2
unrestricted industrial activity,fossil fuel consumption,request-50-3-3
fossil fuel consumption,greenhouse gas emissions,request-50-3-4
greenhouse gas emissions,global warming,request-50-3-5
global warming,climate change,request-50-3-6
capitalism,shortterm profit focus,request-50-4-0
shortterm profit focus,delayed investment in renewable energy,request-50-4-1
delayed investment in renewable energy,continued fossil fuel dependence,request-50-4-2
continued fossil fuel dependence,greenhouse gas emissions,request-50-4-3
greenhouse gas emissions,global warming,request-50-4-4
global warming,climate change,request-50-4-5
capitalism,encourages globalization and international travel,request-51-0-0
encourages globalization and international travel,facilitates the spread of infectious diseases across borders,request-51-0-1
facilitates the spread of infectious diseases across borders,rise in infectious diseases,request-51-0-2
capitalism,promotes urbanization and crowded living conditions,request-51-1-0
promotes urbanization and crowded living conditions,increases the risk of infectious disease transmission,request-51-1-1
increases the risk of infectious disease transmission,rise in infectious diseases,request-51-1-2
capitalism,incentivizes deforestation and environmental degradation,request-51-2-0
incentivizes deforestation and environmental degradation,displaces wildlife and increases humananimal interaction,request-51-2-1
displaces wildlife and increases humananimal interaction,facilitates the transmission of zoonotic diseases,request-51-2-2
facilitates the transmission of zoonotic diseases,rise in infectious diseases,request-51-2-3
capitalism,prioritizes profits over public health,request-51-3-0
prioritizes profits over public health,undermines efforts to prevent and control infectious diseases,request-51-3-1
undermines efforts to prevent and control infectious diseases,rise in infectious diseases,request-51-3-2
capitalism,promotes economic inequality and poverty,request-51-4-0
promotes economic inequality and poverty,limits access to healthcare and preventative measures,request-51-4-1
limits access to healthcare and preventative measures,increases susceptibility to infectious diseases,request-51-4-2
increases susceptibility to infectious diseases,rise in infectious diseases,request-51-4-3
capitalism,encourages the use of antibiotics in agriculture,request-51-5-0
encourages the use of antibiotics in agriculture,contributes to antibiotic resistance,request-51-5-1
contributes to antibiotic resistance,increases the severity and spread of infectious diseases,request-51-5-2
increases the severity and spread of infectious diseases,rise in infectious diseases,request-51-5-3
melting of glaciers,increased sea levels,request-52-0-0
increased sea levels,coastal erosion,request-52-0-1
coastal erosion,damage to buildings and infrastructure,request-52-0-2
damage to buildings and infrastructure,risk to arctic infrastructure,request-52-0-3
melting of glaciers,changes in ocean currents,request-52-1-0
changes in ocean currents,alteration of weather patterns,request-52-1-1
alteration of weather patterns,increased frequency of extreme weather events,request-52-1-2
increased frequency of extreme weather events,damage to buildings and infrastructure,request-52-1-3
damage to buildings and infrastructure,risk to arctic infrastructure,request-52-1-4
melting of glaciers,release of methane from permafrost,request-52-2-0
release of methane from permafrost,acceleration of global warming,request-52-2-1
acceleration of global warming,increased frequency of extreme weather events,request-52-2-2
increased frequency of extreme weather events,damage to buildings and infrastructure,request-52-2-3
damage to buildings and infrastructure,risk to arctic infrastructure,request-52-2-4
melting of glaciers,changes in sea ice cover,request-52-3-0
changes in sea ice cover,alteration of animal migration patterns,request-52-3-1
alteration of animal migration patterns,disruption of traditional ways of life for indigenous communities,request-52-3-2
disruption of traditional ways of life for indigenous communities,economic and social instability,request-52-3-3
economic and social instability,risk to arctic infrastructure,request-52-3-4
melting of glaciers,increased freshwater runoff,request-52-4-0
increased freshwater runoff,changes in ocean salinity and temperature,request-52-4-1
changes in ocean salinity and temperature,alteration of marine ecosystems,request-52-4-2
alteration of marine ecosystems,loss of biodiversity and ecosystem services,request-52-4-3
loss of biodiversity and ecosystem services,risk to arctic infrastructure,request-52-4-4
release of carbon,increase in greenhouse gases,request-53-0-0
increase in greenhouse gases,enhanced greenhouse effect,request-53-0-1
enhanced greenhouse effect,trapping of heat in the atmosphere,request-53-0-2
trapping of heat in the atmosphere,rising global temperatures,request-53-0-3
rising global temperatures,global warming,request-53-0-4
release of carbon,increase in carbon dioxide levels,request-53-1-0
increase in carbon dioxide levels,absorption of infrared radiation,request-53-1-1
absorption of infrared radiation,increase in atmospheric temperature,request-53-1-2
increase in atmospheric temperature,global warming,request-53-1-3
release of carbon,increase in carbon dioxide levels,request-53-2-0
increase in carbon dioxide levels,ocean acidification,request-53-2-1
ocean acidification,decrease in ocean's capacity to absorb carbon dioxide,request-53-2-2
decrease in ocean's capacity to absorb carbon dioxide,increase in atmospheric carbon dioxide levels,request-53-2-3
increase in atmospheric carbon dioxide levels,global warming,request-53-2-4
release of carbon,deforestation,request-53-3-0
deforestation,decrease in carbon sequestration,request-53-3-1
decrease in carbon sequestration,increase in atmospheric carbon dioxide levels,request-53-3-2
increase in atmospheric carbon dioxide levels,global warming,request-53-3-3
release of carbon,fossil fuel combustion,request-53-4-0
fossil fuel combustion,increase in greenhouse gases,request-53-4-1
increase in greenhouse gases,enhanced greenhouse effect,request-53-4-2
enhanced greenhouse effect,trapping of heat in the atmosphere,request-53-4-3
trapping of heat in the atmosphere,rising global temperatures,request-53-4-4
rising global temperatures,global warming,request-53-4-5
release of carbon,industrial processes,request-53-5-0
industrial processes,increase in greenhouse gases,request-53-5-1
increase in greenhouse gases,enhanced greenhouse effect,request-53-5-2
enhanced greenhouse effect,trapping of heat in the atmosphere,request-53-5-3
trapping of heat in the atmosphere,rising global temperatures,request-53-5-4
rising global temperatures,global warming,request-53-5-5
release of carbon,agricultural practices,request-53-6-0
agricultural practices,increase in methane and nitrous oxide levels,request-53-6-1
increase in methane and nitrous oxide levels,enhanced greenhouse effect,request-53-6-2
enhanced greenhouse effect,trapping of heat in the atmosphere,request-53-6-3
trapping of heat in the atmosphere,rising global temperatures,request-53-6-4
rising global temperatures,global warming,request-53-6-5
release of carbon,waste management practices,request-53-7-0
waste management practices,increase in methane levels,request-53-7-1
increase in methane levels,enhanced greenhouse effect,request-53-7-2
enhanced greenhouse effect,trapping of heat in the atmosphere,request-53-7-3
trapping of heat in the atmosphere,rising global temperatures,request-53-7-4
rising global temperatures,global warming,request-53-7-5
release of carbon,increase in greenhouse gases,request-54-0-0
increase in greenhouse gases,enhanced greenhouse effect,request-54-0-1
enhanced greenhouse effect,trapping of heat in the atmosphere,request-54-0-2
trapping of heat in the atmosphere,rising global temperatures,request-54-0-3
rising global temperatures,global warming,request-54-0-4
release of carbon,increase in carbon dioxide levels,request-54-1-0
increase in carbon dioxide levels,absorption of infrared radiation by carbon dioxide,request-54-1-1
absorption of infrared radiation by carbon dioxide,increased atmospheric temperature,request-54-1-2
increased atmospheric temperature,global warming,request-54-1-3
release of carbon,increase in carbon dioxide levels,request-54-2-0
increase in carbon dioxide levels,reduction in earth's reflectivity,request-54-2-1
reduction in earth's reflectivity,increased absorption of solar radiation,request-54-2-2
increased absorption of solar radiation,global warming,request-54-2-3
release of carbon,increase in carbon dioxide levels,request-54-3-0
increase in carbon dioxide levels,ocean acidification,request-54-3-1
ocean acidification,decreased carbon sequestration by oceans,request-54-3-2
decreased carbon sequestration by oceans,increased atmospheric carbon dioxide levels,request-54-3-3
increased atmospheric carbon dioxide levels,global warming,request-54-3-4
release of carbon,increase in carbon dioxide levels,request-54-4-0
increase in carbon dioxide levels,melting of polar ice caps,request-54-4-1
melting of polar ice caps,decreased earth's reflectivity,request-54-4-2
decreased earth's reflectivity,increased absorption of solar radiation,request-54-4-3
increased absorption of solar radiation,global warming,request-54-4-4
release of carbon,increase in carbon dioxide levels,request-54-5-0
increase in carbon dioxide levels,deforestation,request-54-5-1
deforestation,reduced carbon sequestration by forests,request-54-5-2
reduced carbon sequestration by forests,increased atmospheric carbon dioxide levels,request-54-5-3
increased atmospheric carbon dioxide levels,global warming,request-54-5-4
release of carbon,increase in carbon dioxide levels,request-54-6-0
increase in carbon dioxide levels,changes in cloud cover,request-54-6-1
changes in cloud cover,altered earth's energy balance,request-54-6-2
altered earth's energy balance,global warming,request-54-6-3
release of carbon,increase in carbon dioxide levels,request-54-7-0
increase in carbon dioxide levels,changes in atmospheric chemistry,request-54-7-1
changes in atmospheric chemistry,altered earth's energy balance,request-54-7-2
altered earth's energy balance,global warming,request-54-7-3
release of carbon,increase in carbon dioxide levels,request-54-8-0
increase in carbon dioxide levels,changes in ocean currents,request-54-8-1
changes in ocean currents,altered earth's energy balance,request-54-8-2
altered earth's energy balance,global warming,request-54-8-3
release of carbon,increase in carbon dioxide levels,request-54-9-0
increase in carbon dioxide levels,changes in atmospheric circulation patterns,request-54-9-1
changes in atmospheric circulation patterns,altered earth's energy balance,request-54-9-2
altered earth's energy balance,global warming,request-54-9-3
climate change,increased global temperatures,request-55-0-0
increased global temperatures,melting of polar ice caps,request-55-0-1
melting of polar ice caps,opening of new shipping routes in the arctic,request-55-0-2
opening of new shipping routes in the arctic,"increased access to oil, gas, and mineral resources in the arctic",request-55-0-3
"increased access to oil, gas, and mineral resources in the arctic","economic opportunities tied to oil, gas, and mineral resources in the arctic",request-55-0-4
climate change,increased frequency and intensity of natural disasters,request-55-1-0
increased frequency and intensity of natural disasters,"disruption of existing oil, gas, and mineral extraction operations",request-55-1-1
"disruption of existing oil, gas, and mineral extraction operations",increased demand for alternative sources of energy,request-55-1-2
increased demand for alternative sources of energy,"investment in new oil, gas, and mineral extraction technologies",request-55-1-3
"investment in new oil, gas, and mineral extraction technologies","economic opportunities tied to oil, gas, and mineral resources",request-55-1-4
climate change,increased frequency and intensity of extreme weather events,request-55-2-0
increased frequency and intensity of extreme weather events,disruption of global supply chains,request-55-2-1
disruption of global supply chains,increased demand for alternative sources of energy,request-55-2-2
increased demand for alternative sources of energy,"investment in new oil, gas, and mineral extraction technologies",request-55-2-3
"investment in new oil, gas, and mineral extraction technologies","economic opportunities tied to oil, gas, and mineral resources",request-55-2-4
climate change,increased frequency and intensity of droughts and heatwaves,request-55-3-0
increased frequency and intensity of droughts and heatwaves,decreased availability of freshwater resources,request-55-3-1
decreased availability of freshwater resources,increased demand for desalination technologies,request-55-3-2
increased demand for desalination technologies,"investment in new oil, gas, and mineral extraction technologies to power desalination plants",request-55-3-3
"investment in new oil, gas, and mineral extraction technologies to power desalination plants","economic opportunities tied to oil, gas, and mineral resources",request-55-3-4
climate change,increased frequency and intensity of wildfires,request-55-4-0
increased frequency and intensity of wildfires,"disruption of existing oil, gas, and mineral extraction operations",request-55-4-1
"disruption of existing oil, gas, and mineral extraction operations",increased demand for alternative sources of energy,request-55-4-2
increased demand for alternative sources of energy,"investment in new oil, gas, and mineral extraction technologies",request-55-4-3
"investment in new oil, gas, and mineral extraction technologies","economic opportunities tied to oil, gas, and mineral resources",request-55-4-4
climate change,melting polar ice caps,request-56-0-0
melting polar ice caps,opening of new shipping routes in the arctic,request-56-0-1
opening of new shipping routes in the arctic,accessible shipping routes,request-56-0-2
climate change,rising sea levels,request-56-1-0
rising sea levels,changes in ocean currents,request-56-1-1
changes in ocean currents,alteration of traditional shipping routes,request-56-1-2
alteration of traditional shipping routes,development of new shipping routes,request-56-1-3
development of new shipping routes,accessible shipping routes,request-56-1-4
climate change,increased frequency and severity of storms,request-56-2-0
increased frequency and severity of storms,disruption of traditional shipping routes,request-56-2-1
disruption of traditional shipping routes,search for alternative shipping routes,request-56-2-2
search for alternative shipping routes,opening of new shipping routes,request-56-2-3
opening of new shipping routes,accessible shipping routes,request-56-2-4
climate change,changes in weather patterns,request-56-3-0
changes in weather patterns,impact on marine life and ecosystems,request-56-3-1
impact on marine life and ecosystems,changes in shipping regulations and practices,request-56-3-2
changes in shipping regulations and practices,creation of new shipping routes,request-56-3-3
creation of new shipping routes,accessible shipping routes,request-56-3-4
climate change,increased ocean acidification,request-56-4-0
increased ocean acidification,impact on marine life and ecosystems,request-56-4-1
impact on marine life and ecosystems,changes in shipping regulations and practices,request-56-4-2
changes in shipping regulations and practices,creation of new shipping routes,request-56-4-3
creation of new shipping routes,accessible shipping routes,request-56-4-4
cutting emissions,reducing greenhouse gas concentrations in the atmosphere,request-57-0-0
reducing greenhouse gas concentrations in the atmosphere,slowing the greenhouse effect,request-57-0-1
slowing the greenhouse effect,decreasing the rate of global warming,request-57-0-2
decreasing the rate of global warming,preventing the rise in global temperatures,request-57-0-3
cutting emissions,decreasing the use of fossil fuels,request-57-1-0
decreasing the use of fossil fuels,lowering the demand for energy,request-57-1-1
lowering the demand for energy,slowing the economic growth,request-57-1-2
slowing the economic growth,reducing the global energy consumption,request-57-1-3
reducing the global energy consumption,lowering greenhouse gas emissions,request-57-1-4
lowering greenhouse gas emissions,slowing the greenhouse effect,request-57-1-5
slowing the greenhouse effect,decreasing the rate of global warming,request-57-1-6
decreasing the rate of global warming,preventing the rise in global temperatures,request-57-1-7
cutting emissions,increasing the use of renewable energy sources,request-57-2-0
increasing the use of renewable energy sources,reducing reliance on fossil fuels,request-57-2-1
reducing reliance on fossil fuels,decreasing greenhouse gas emissions,request-57-2-2
decreasing greenhouse gas emissions,slowing the greenhouse effect,request-57-2-3
slowing the greenhouse effect,decreasing the rate of global warming,request-57-2-4
decreasing the rate of global warming,preventing the rise in global temperatures,request-57-2-5
cutting emissions,implementing carbon pricing,request-57-3-0
implementing carbon pricing,increasing the cost of emitting greenhouse gases,request-57-3-1
increasing the cost of emitting greenhouse gases,encouraging businesses to adopt cleaner technologies,request-57-3-2
encouraging businesses to adopt cleaner technologies,reducing greenhouse gas emissions,request-57-3-3
reducing greenhouse gas emissions,slowing the greenhouse effect,request-57-3-4
slowing the greenhouse effect,decreasing the rate of global warming,request-57-3-5
decreasing the rate of global warming,preventing the rise in global temperatures,request-57-3-6
cutting emissions,improving energy efficiency,request-57-4-0
improving energy efficiency,reducing energy waste,request-57-4-1
reducing energy waste,decreasing the demand for energy,request-57-4-2
decreasing the demand for energy,lowering greenhouse gas emissions,request-57-4-3
lowering greenhouse gas emissions,slowing the greenhouse effect,request-57-4-4
slowing the greenhouse effect,decreasing the rate of global warming,request-57-4-5
decreasing the rate of global warming,preventing the rise in global temperatures,request-57-4-6
cutting emissions,encouraging behavior change,request-57-5-0
encouraging behavior change,reducing individual carbon footprints,request-57-5-1
reducing individual carbon footprints,decreasing the demand for energy,request-57-5-2
decreasing the demand for energy,lowering greenhouse gas emissions,request-57-5-3
lowering greenhouse gas emissions,slowing the greenhouse effect,request-57-5-4
slowing the greenhouse effect,decreasing the rate of global warming,request-57-5-5
decreasing the rate of global warming,preventing the rise in global temperatures,request-57-5-6
cutting emissions,promoting sustainable agriculture,request-57-6-0
promoting sustainable agriculture,reducing methane emissions from livestock,request-57-6-1
reducing methane emissions from livestock,decreasing greenhouse gas emissions,request-57-6-2
decreasing greenhouse gas emissions,slowing the greenhouse effect,request-57-6-3
slowing the greenhouse effect,decreasing the rate of global warming,request-57-6-4
decreasing the rate of global warming,preventing the rise in global temperatures,request-57-6-5
cutting emissions,supporting reforestation and afforestation,request-57-7-0
supporting reforestation and afforestation,increasing carbon sequestration,request-57-7-1
increasing carbon sequestration,reducing the amount of carbon dioxide in the atmosphere,request-57-7-2
reducing the amount of carbon dioxide in the atmosphere,slowing the greenhouse effect,request-57-7-3
slowing the greenhouse effect,decreasing the rate of global warming,request-57-7-4
decreasing the rate of global warming,preventing the rise in global temperatures,request-57-7-5
human activity,increased use of fossil fuels,request-58-0-0
increased use of fossil fuels,higher greenhouse gas emissions,request-58-0-1
higher greenhouse gas emissions,enhanced greenhouse effect,request-58-0-2
enhanced greenhouse effect,rising global temperatures,request-58-0-3
rising global temperatures,climate change,request-58-0-4
human activity,deforestation,request-58-1-0
deforestation,reduced carbon dioxide absorption,request-58-1-1
reduced carbon dioxide absorption,increased atmospheric carbon dioxide,request-58-1-2
increased atmospheric carbon dioxide,enhanced greenhouse effect,request-58-1-3
enhanced greenhouse effect,rising global temperatures,request-58-1-4
rising global temperatures,climate change,request-58-1-5
human activity,industrialization,request-58-2-0
industrialization,increased production of industrial gases,request-58-2-1
increased production of industrial gases,higher greenhouse gas emissions,request-58-2-2
higher greenhouse gas emissions,enhanced greenhouse effect,request-58-2-3
enhanced greenhouse effect,rising global temperatures,request-58-2-4
rising global temperatures,climate change,request-58-2-5
human activity,agriculture and livestock farming,request-58-3-0
agriculture and livestock farming,increased methane and nitrous oxide emissions,request-58-3-1
increased methane and nitrous oxide emissions,strengthened greenhouse effect,request-58-3-2
strengthened greenhouse effect,rising global temperatures,request-58-3-3
rising global temperatures,climate change,request-58-3-4
human activity,urbanization and infrastructure development,request-58-4-0
urbanization and infrastructure development,albedo effect changes,request-58-4-1
albedo effect changes,increased heat absorption,request-58-4-2
increased heat absorption,rising global temperatures,request-58-4-3
rising global temperatures,climate change,request-58-4-4
human activity,energy production and consumption,request-58-5-0
energy production and consumption,increased black carbon emissions,request-58-5-1
increased black carbon emissions,accelerated snow and ice melting,request-58-5-2
accelerated snow and ice melting,rising sea levels,request-58-5-3
rising sea levels,climate change,request-58-5-4
human activity,waste management practices,request-58-6-0
waste management practices,methane emissions from landfills,request-58-6-1
methane emissions from landfills,strengthened greenhouse effect,request-58-6-2
strengthened greenhouse effect,rising global temperatures,request-58-6-3
rising global temperatures,climate change,request-58-6-4
human activity,transportation and travel,request-58-7-0
transportation and travel,increased fuel consumption,request-58-7-1
increased fuel consumption,higher greenhouse gas emissions,request-58-7-2
higher greenhouse gas emissions,enhanced greenhouse effect,request-58-7-3
enhanced greenhouse effect,rising global temperatures,request-58-7-4
rising global temperatures,climate change,request-58-7-5
increase in forest fires,increased destruction of trees,request-59-0-0
increased destruction of trees,decreased forest density,request-59-0-1
decreased forest density,reduced forest resilience to future fires,request-59-0-2
reduced forest resilience to future fires,increased vulnerability to future fires,request-59-0-3
increased vulnerability to future fires,loss of forests,request-59-0-4
increase in forest fires,reduction in seedling survival,request-59-1-0
reduction in seedling survival,decreased forest regeneration,request-59-1-1
decreased forest regeneration,loss of forests,request-59-1-2
increase in forest fires,release of stored carbon into the atmosphere,request-59-2-0
release of stored carbon into the atmosphere,exacerbation of climate change,request-59-2-1
exacerbation of climate change,increased frequency and intensity of future fires,request-59-2-2
increased frequency and intensity of future fires,loss of forests,request-59-2-3
increase in forest fires,disruption of wildlife habitats,request-59-3-0
disruption of wildlife habitats,decreased wildlife populations,request-59-3-1
decreased wildlife populations,reduced seed dispersal,request-59-3-2
reduced seed dispersal,decreased forest regeneration,request-59-3-3
decreased forest regeneration,loss of forests,request-59-3-4
increase in forest fires,soil erosion and degradation,request-59-4-0
soil erosion and degradation,reduced soil fertility,request-59-4-1
reduced soil fertility,decreased forest productivity,request-59-4-2
decreased forest productivity,loss of forests,request-59-4-3
increase in forest fires,degradation of forest habitat,request-60-0-0
degradation of forest habitat,displacement of wildlife,request-60-0-1
displacement of wildlife,loss of biodiversity,request-60-0-2
increase in forest fires,release of carbon dioxide and other greenhouse gases,request-60-1-0
release of carbon dioxide and other greenhouse gases,contribution to climate change,request-60-1-1
contribution to climate change,alteration of ecosystems,request-60-1-2
alteration of ecosystems,loss of biodiversity,request-60-1-3
increase in forest fires,destruction of vegetation,request-60-2-0
destruction of vegetation,disruption of food chains,request-60-2-1
disruption of food chains,loss of biodiversity,request-60-2-2
increase in forest fires,alteration of soil composition,request-60-3-0
alteration of soil composition,reduction in soil fertility,request-60-3-1
reduction in soil fertility,decrease in plant growth,request-60-3-2
decrease in plant growth,loss of biodiversity,request-60-3-3
increase in forest fires,reduction in air quality,request-60-4-0
reduction in air quality,impact on human health,request-60-4-1
impact on human health,loss of biodiversity through indirect human impact,request-60-4-2
increase in forest fires,damage to soil structure and composition,request-61-0-0
damage to soil structure and composition,reduction in organic matter and nutrients,request-61-0-1
reduction in organic matter and nutrients,decrease in soil fertility,request-61-0-2
decrease in soil fertility,weakening of soil health,request-61-0-3
increase in forest fires,release of carbon and pollutants into the soil,request-61-1-0
release of carbon and pollutants into the soil,alteration of soil ph and chemical balance,request-61-1-1
alteration of soil ph and chemical balance,disruption of soil microorganisms and their functions,request-61-1-2
disruption of soil microorganisms and their functions,weakening of soil health,request-61-1-3
increase in forest fires,removal of vegetation and root systems,request-61-2-0
removal of vegetation and root systems,loss of soil stability and erosion control,request-61-2-1
loss of soil stability and erosion control,increased soil erosion and compaction,request-61-2-2
increased soil erosion and compaction,weakening of soil health,request-61-2-3
increase in forest fires,heat damage to soil organisms and their habitats,request-61-3-0
heat damage to soil organisms and their habitats,disruption of nutrient cycling and decomposition processes,request-61-3-1
disruption of nutrient cycling and decomposition processes,reduction in soil productivity and resilience,request-61-3-2
reduction in soil productivity and resilience,weakening of soil health,request-61-3-3
increase in forest fires,release of toxic substances into the soil,request-61-4-0
release of toxic substances into the soil,contamination of soil and groundwater resources,request-61-4-1
contamination of soil and groundwater resources,reduction in soil biodiversity and ecosystem services,request-61-4-2
reduction in soil biodiversity and ecosystem services,weakening of soil health,request-61-4-3
increase in forest fires,release of large amounts of carbon dioxide,request-62-0-0
release of large amounts of carbon dioxide,contribution to global warming,request-62-0-1
contribution to global warming,rising temperatures and changing weather patterns,request-62-0-2
rising temperatures and changing weather patterns,increased frequency and severity of natural disasters,request-62-0-3
increased frequency and severity of natural disasters,environmental threats,request-62-0-4
increase in forest fires,destruction of wildlife habitats,request-62-1-0
destruction of wildlife habitats,loss of biodiversity,request-62-1-1
loss of biodiversity,disruption of ecosystems,request-62-1-2
disruption of ecosystems,environmental threats,request-62-1-3
increase in forest fires,release of smoke and particulate matter,request-62-2-0
release of smoke and particulate matter,air pollution,request-62-2-1
air pollution,health problems for humans and animals,request-62-2-2
health problems for humans and animals,environmental threats,request-62-2-3
increase in forest fires,soil erosion and degradation,request-62-3-0
soil erosion and degradation,loss of fertile land,request-62-3-1
loss of fertile land,reduction in agricultural productivity,request-62-3-2
reduction in agricultural productivity,environmental threats,request-62-3-3
increase in forest fires,damage to watersheds and water sources,request-62-4-0
damage to watersheds and water sources,water pollution,request-62-4-1
water pollution,lack of clean water for human consumption and agriculture,request-62-4-2
lack of clean water for human consumption and agriculture,environmental threats,request-62-4-3
increase in forest fires,increase in carbon emissions due to burning forests,request-63-0-0
increase in carbon emissions due to burning forests,increase in greenhouse gases in the atmosphere,request-63-0-1
increase in greenhouse gases in the atmosphere,enhanced greenhouse effect,request-63-0-2
enhanced greenhouse effect,global warming,request-63-0-3
increase in forest fires,destruction of forest ecosystems,request-63-1-0
destruction of forest ecosystems,reduction in carbon sequestration,request-63-1-1
reduction in carbon sequestration,increase in atmospheric carbon dioxide,request-63-1-2
increase in atmospheric carbon dioxide,enhanced greenhouse effect,request-63-1-3
enhanced greenhouse effect,global warming,request-63-1-4
increase in forest fires,loss of forest habitats,request-63-2-0
loss of forest habitats,decrease in biodiversity,request-63-2-1
decrease in biodiversity,disruption of ecosystem services,request-63-2-2
disruption of ecosystem services,altered climate regulation,request-63-2-3
altered climate regulation,global warming,request-63-2-4
increase in forest fires,release of black carbon into the atmosphere,request-63-3-0
release of black carbon into the atmosphere,absorption of solar radiation by black carbon,request-63-3-1
absorption of solar radiation by black carbon,increase in atmospheric temperature,request-63-3-2
increase in atmospheric temperature,global warming,request-63-3-3
overpopulation,increased resource consumption,request-64-0-0
increased resource consumption,deforestation,request-64-0-1
deforestation,decreased carbon sequestration,request-64-0-2
decreased carbon sequestration,increased greenhouse gas emissions,request-64-0-3
increased greenhouse gas emissions,global warming,request-64-0-4
global warming,climate catastrophe,request-64-0-5
overpopulation,increased urbanization,request-64-1-0
increased urbanization,increased energy consumption,request-64-1-1
increased energy consumption,increased fossil fuel use,request-64-1-2
increased fossil fuel use,increased greenhouse gas emissions,request-64-1-3
increased greenhouse gas emissions,global warming,request-64-1-4
global warming,climate catastrophe,request-64-1-5
overpopulation,increased agriculture,request-64-2-0
increased agriculture,deforestation,request-64-2-1
deforestation,decreased carbon sequestration,request-64-2-2
decreased carbon sequestration,increased greenhouse gas emissions,request-64-2-3
increased greenhouse gas emissions,global warming,request-64-2-4
global warming,climate catastrophe,request-64-2-5
overpopulation,increased transportation,request-64-3-0
increased transportation,increased fossil fuel use,request-64-3-1
increased fossil fuel use,increased greenhouse gas emissions,request-64-3-2
increased greenhouse gas emissions,global warming,request-64-3-3
global warming,climate catastrophe,request-64-3-4
overpopulation,increased industrialization,request-64-4-0
increased industrialization,increased energy consumption,request-64-4-1
increased energy consumption,increased fossil fuel use,request-64-4-2
increased fossil fuel use,increased greenhouse gas emissions,request-64-4-3
increased greenhouse gas emissions,global warming,request-64-4-4
global warming,climate catastrophe,request-64-4-5
coalfired plants,burning of coal,request-65-0-0
burning of coal,emission of co2,request-65-0-1
emission of co2,release of co2 into the atmosphere,request-65-0-2
release of co2 into the atmosphere,dispersion of co2 in the atmosphere,request-65-0-3
dispersion of co2 in the atmosphere,dissipation of co2,request-65-0-4
coalfired plants,generation of electricity,request-65-1-0
generation of electricity,emission of co2 as a byproduct,request-65-1-1
emission of co2 as a byproduct,release of co2 into the atmosphere,request-65-1-2
release of co2 into the atmosphere,dispersion of co2 in the atmosphere,request-65-1-3
dispersion of co2 in the atmosphere,dissipation of co2,request-65-1-4
coalfired plants,combustion of coal,request-65-2-0
combustion of coal,production of co2,request-65-2-1
production of co2,release of co2 into the atmosphere,request-65-2-2
release of co2 into the atmosphere,mixing of co2 with the air,request-65-2-3
mixing of co2 with the air,dissipation of co2,request-65-2-4
coalfired plants,operation of coalfired boilers,request-65-3-0
operation of coalfired boilers,emission of flue gases containing co2,request-65-3-1
emission of flue gases containing co2,release of co2 into the atmosphere,request-65-3-2
release of co2 into the atmosphere,spreading of co2 in the atmosphere,request-65-3-3
spreading of co2 in the atmosphere,dissipation of co2,request-65-3-4
coalfired plants,coal combustion process,request-65-4-0
coal combustion process,generation of co2,request-65-4-1
generation of co2,venting of co2 into the atmosphere,request-65-4-2
venting of co2 into the atmosphere,circulation of co2 in the atmosphere,request-65-4-3
circulation of co2 in the atmosphere,dissipation of co2,request-65-4-4
coalfired plants,burning of coal,request-66-0-0
burning of coal,generation of heat,request-66-0-1
generation of heat,production of steam,request-66-0-2
production of steam,spinning of turbines,request-66-0-3
spinning of turbines,generation of electricity,request-66-0-4
generation of electricity,transmission of electricity,request-66-0-5
transmission of electricity,use of electricity in devices,request-66-0-6
use of electricity in devices,release of heat from devices,request-66-0-7
release of heat from devices,dissipation of heat,request-66-0-8
coalfired plants,burning of coal,request-66-1-0
burning of coal,generation of heat,request-66-1-1
generation of heat,production of steam,request-66-1-2
production of steam,spinning of turbines,request-66-1-3
spinning of turbines,generation of electricity,request-66-1-4
generation of electricity,transmission of electricity,request-66-1-5
transmission of electricity,use of electricity in heating systems,request-66-1-6
use of electricity in heating systems,release of heat from heating systems,request-66-1-7
release of heat from heating systems,dissipation of heat,request-66-1-8
coalfired plants,burning of coal,request-66-2-0
burning of coal,generation of heat,request-66-2-1
generation of heat,production of steam,request-66-2-2
production of steam,spinning of turbines,request-66-2-3
spinning of turbines,generation of electricity,request-66-2-4
generation of electricity,transmission of electricity,request-66-2-5
transmission of electricity,use of electricity in industrial processes,request-66-2-6
use of electricity in industrial processes,release of heat from industrial processes,request-66-2-7
release of heat from industrial processes,dissipation of heat,request-66-2-8
coalfired plants,burning of coal,request-66-3-0
burning of coal,generation of heat,request-66-3-1
generation of heat,production of steam,request-66-3-2
production of steam,spinning of turbines,request-66-3-3
spinning of turbines,generation of electricity,request-66-3-4
generation of electricity,transmission of electricity,request-66-3-5
transmission of electricity,use of electricity in transportation,request-66-3-6
use of electricity in transportation,release of heat from transportation,request-66-3-7
release of heat from transportation,dissipation of heat,request-66-3-8
coalfired plants,burning of coal,request-66-4-0
burning of coal,generation of heat,request-66-4-1
generation of heat,production of steam,request-66-4-2
production of steam,spinning of turbines,request-66-4-3
spinning of turbines,generation of electricity,request-66-4-4
generation of electricity,transmission of electricity,request-66-4-5
transmission of electricity,use of electricity in lighting,request-66-4-6
use of electricity in lighting,release of heat from lighting,request-66-4-7
release of heat from lighting,dissipation of heat,request-66-4-8
coalfired plants,burning of coal,request-66-5-0
burning of coal,generation of heat,request-66-5-1
generation of heat,production of steam,request-66-5-2
production of steam,spinning of turbines,request-66-5-3
spinning of turbines,generation of electricity,request-66-5-4
generation of electricity,transmission of electricity,request-66-5-5
transmission of electricity,use of electricity in cooling systems,request-66-5-6
use of electricity in cooling systems,release of heat from cooling systems,request-66-5-7
release of heat from cooling systems,dissipation of heat,request-66-5-8
climate change,increased global temperatures,request-67-0-0
increased global temperatures,melting of polar ice caps and glaciers,request-67-0-1
melting of polar ice caps and glaciers,rising sea levels,request-67-0-2
rising sea levels,coastal flooding,request-67-0-3
coastal flooding,flooding,request-67-0-4
climate change,increased global temperatures,request-67-1-0
increased global temperatures,changes in precipitation patterns,request-67-1-1
changes in precipitation patterns,increased frequency and intensity of rainfall,request-67-1-2
increased frequency and intensity of rainfall,overflowing of rivers and streams,request-67-1-3
overflowing of rivers and streams,flooding,request-67-1-4
climate change,increased global temperatures,request-67-2-0
increased global temperatures,changes in evaporation rates,request-67-2-1
changes in evaporation rates,increased atmospheric moisture,request-67-2-2
increased atmospheric moisture,increased frequency and intensity of rainfall,request-67-2-3
increased frequency and intensity of rainfall,overflowing of rivers and streams,request-67-2-4
overflowing of rivers and streams,flooding,request-67-2-5
climate change,increased global temperatures,request-67-3-0
increased global temperatures,changes in atmospheric circulation patterns,request-67-3-1
changes in atmospheric circulation patterns,increased frequency and intensity of storms,request-67-3-2
increased frequency and intensity of storms,storm surges and coastal flooding,request-67-3-3
storm surges and coastal flooding,flooding,request-67-3-4
climate change,increased global temperatures,request-67-4-0
increased global temperatures,changes in ocean currents,request-67-4-1
changes in ocean currents,changes in weather patterns,request-67-4-2
changes in weather patterns,increased frequency and intensity of rainfall,request-67-4-3
increased frequency and intensity of rainfall,overflowing of rivers and streams,request-67-4-4
overflowing of rivers and streams,flooding,request-67-4-5
climate change,increased global temperatures,request-67-5-0
increased global temperatures,changes in vegetation and soil moisture,request-67-5-1
changes in vegetation and soil moisture,reduced ability of soil to absorb water,request-67-5-2
reduced ability of soil to absorb water,increased runoff and flash flooding,request-67-5-3
increased runoff and flash flooding,flooding,request-67-5-4
climate change,increased global temperatures,request-67-6-0
increased global temperatures,changes in snowfall patterns,request-67-6-1
changes in snowfall patterns,earlier snowmelt and reduced snowpack,request-67-6-2
earlier snowmelt and reduced snowpack,increased spring runoff and flooding,request-67-6-3
increased spring runoff and flooding,flooding,request-67-6-4
climate change,increased global temperatures,request-67-7-0
increased global temperatures,changes in ocean temperatures,request-67-7-1
changes in ocean temperatures,increased frequency and intensity of hurricanes,request-67-7-2
increased frequency and intensity of hurricanes,storm surges and coastal flooding,request-67-7-3
storm surges and coastal flooding,flooding,request-67-7-4
climate change,increased global temperatures,request-67-8-0
increased global temperatures,changes in atmospheric pressure patterns,request-67-8-1
changes in atmospheric pressure patterns,increased frequency and intensity of storms,request-67-8-2
increased frequency and intensity of storms,storm surges and coastal flooding,request-67-8-3
storm surges and coastal flooding,flooding,request-67-8-4
climate change,increased global temperatures,request-67-9-0
increased global temperatures,changes in cloud cover and precipitation patterns,request-67-9-1
changes in cloud cover and precipitation patterns,increased frequency and intensity of rainfall,request-67-9-2
increased frequency and intensity of rainfall,overflowing of rivers and streams,request-67-9-3
overflowing of rivers and streams,flooding,request-67-9-4
climate change,increased global temperatures,request-67-10-0
increased global temperatures,changes in atmospheric moisture content,request-67-10-1
changes in atmospheric moisture content,increased frequency and intensity of thunderstorms,request-67-10-2
increased frequency and intensity of thunderstorms,flash flooding and river flooding,request-67-10-3
flash flooding and river flooding,flooding,request-67-10-4
natural cycles,human activities disrupt natural cycles,request-68-0-0
human activities disrupt natural cycles,disrupted natural cycles lead to increased greenhouse gas emissions,request-68-0-1
disrupted natural cycles lead to increased greenhouse gas emissions,increased greenhouse gas emissions cause a thicker greenhouse effect,request-68-0-2
increased greenhouse gas emissions cause a thicker greenhouse effect,a thicker greenhouse effect traps more heat,request-68-0-3
a thicker greenhouse effect traps more heat,trapped heat,request-68-0-4
trapped heat,global warming results in warming <end chain>,request-68-0-5
natural cycles,human activities disrupt natural cycles,request-68-1-0
human activities disrupt natural cycles,disrupted natural cycles lead to deforestation,request-68-1-1
disrupted natural cycles lead to deforestation,deforestation reduces the earth's ability to absorb carbon dioxide,request-68-1-2
deforestation reduces the earth's ability to absorb carbon dioxide,reduced carbon dioxide absorption,request-68-1-3
reduced carbon dioxide absorption,higher levels of carbon dioxide in the atmosphere contribute to the greenhouse effect,request-68-1-4
higher levels of carbon dioxide in the atmosphere contribute to the greenhouse effect,the greenhouse effect causes global warming,request-68-1-5
the greenhouse effect causes global warming,global warming results in warming <end chain>,request-68-1-6
natural cycles,human activities disrupt natural cycles,request-68-2-0
human activities disrupt natural cycles,disrupted natural cycles lead to changes in ocean currents,request-68-2-1
disrupted natural cycles lead to changes in ocean currents,changes in ocean currents affect global climate patterns,request-68-2-2
changes in ocean currents affect global climate patterns,altered global climate patterns result in regional warming,request-68-2-3
altered global climate patterns result in regional warming,regional warming contributes to global warming,request-68-2-4
regional warming contributes to global warming,global warming results in warming <end chain>,request-68-2-5
natural cycles,human activities disrupt natural cycles,request-68-3-0
human activities disrupt natural cycles,disrupted natural cycles lead to changes in weather patterns,request-68-3-1
disrupted natural cycles lead to changes in weather patterns,changes in weather patterns cause more frequent and intense heatwaves,request-68-3-2
changes in weather patterns cause more frequent and intense heatwaves,more frequent and intense heatwaves contribute to global warming,request-68-3-3
more frequent and intense heatwaves contribute to global warming,global warming results in warming <end chain>,request-68-3-4
natural cycles,human activities disrupt natural cycles,request-68-4-0
human activities disrupt natural cycles,disrupted natural cycles lead to changes in ice cover,request-68-4-1
disrupted natural cycles lead to changes in ice cover,changes in ice cover affect earth's albedo,request-68-4-2
changes in ice cover affect earth's albedo,changes in albedo lead to more heat absorption,request-68-4-3
changes in albedo lead to more heat absorption,more heat absorption contributes to global warming,request-68-4-4
more heat absorption contributes to global warming,global warming results in warming <end chain>,request-68-4-5
co2 emissions,increased greenhouse effect,request-69-0-0
increased greenhouse effect,trapped heat energy,request-69-0-1
trapped heat energy,rising global temperatures,request-69-0-2
rising global temperatures,warming,request-69-0-3
co2 emissions,higher atmospheric co2 levels,request-69-1-0
higher atmospheric co2 levels,enhanced greenhouse effect,request-69-1-1
enhanced greenhouse effect,increased radiative forcing,request-69-1-2
increased radiative forcing,global warming,request-69-1-3
co2 emissions,carbon pollution,request-69-2-0
carbon pollution,disruption of earth's radiation balance,request-69-2-1
disruption of earth's radiation balance,energy imbalance,request-69-2-2
energy imbalance,warming,request-69-2-3
co2 emissions,anthropogenic greenhouse gas emissions,request-69-3-0
anthropogenic greenhouse gas emissions,strengthened natural greenhouse effect,request-69-3-1
strengthened natural greenhouse effect,increased longwave radiation absorption,request-69-3-2
increased longwave radiation absorption,warming,request-69-3-3
co2 emissions,increased carbon footprint,request-69-4-0
increased carbon footprint,amplified greenhouse effect,request-69-4-1
amplified greenhouse effect,enhanced atmospheric heating,request-69-4-2
enhanced atmospheric heating,warming,request-69-4-3
co2 emissions,humaninduced co2 increase,request-69-5-0
humaninduced co2 increase,augmented greenhouse effect,request-69-5-1
augmented greenhouse effect,heightened radiative heating,request-69-5-2
heightened radiative heating,warming,request-69-5-3
co2 emissions,human activities generating co2,request-69-6-0
human activities generating co2,intensified greenhouse effect,request-69-6-1
intensified greenhouse effect,amplified heat trapping,request-69-6-2
amplified heat trapping,warming,request-69-6-3
co2 emissions,industrial co2 emissions,request-69-7-0
industrial co2 emissions,fortified greenhouse effect,request-69-7-1
fortified greenhouse effect,intensified thermal energy retention,request-69-7-2
intensified thermal energy retention,warming,request-69-7-3
co2 emissions,burning fossil fuels,request-69-8-0
burning fossil fuels,elevated co2 concentrations,request-69-8-1
elevated co2 concentrations,exacerbated greenhouse effect,request-69-8-2
exacerbated greenhouse effect,warming,request-69-8-3
co2 emissions,deforestation and land use changes,request-69-9-0
deforestation and land use changes,reduced carbon sequestration,request-69-9-1
reduced carbon sequestration,aggravated greenhouse effect,request-69-9-2
aggravated greenhouse effect,warming,request-69-9-3
natural cycles,disruption of natural cycles,request-70-0-0
disruption of natural cycles,increased greenhouse gas emissions,request-70-0-1
increased greenhouse gas emissions,greenhouse effect enhancement,request-70-0-2
greenhouse effect enhancement,global warming,request-70-0-3
global warming,climate change,request-70-0-4
natural cycles,changes in natural cycles,request-70-1-0
changes in natural cycles,altered carbon cycle,request-70-1-1
altered carbon cycle,increased atmospheric carbon dioxide,request-70-1-2
increased atmospheric carbon dioxide,enhanced greenhouse effect,request-70-1-3
enhanced greenhouse effect,global warming,request-70-1-4
global warming,climate change,request-70-1-5
natural cycles,variations in natural cycles,request-70-2-0
variations in natural cycles,changes in ocean currents,request-70-2-1
changes in ocean currents,oceanatmosphere interactions alteration,request-70-2-2
oceanatmosphere interactions alteration,global temperature changes,request-70-2-3
global temperature changes,climate change,request-70-2-4
natural cycles,shifts in natural cycles,request-70-3-0
shifts in natural cycles,variations in solar radiation absorption,request-70-3-1
variations in solar radiation absorption,changes in earth's energy balance,request-70-3-2
changes in earth's energy balance,global temperature changes,request-70-3-3
global temperature changes,climate change,request-70-3-4
natural cycles,fluctuations in natural cycles,request-70-4-0
fluctuations in natural cycles,altered water cycle,request-70-4-1
altered water cycle,changes in cloud cover and precipitation patterns,request-70-4-2
changes in cloud cover and precipitation patterns,global temperature changes,request-70-4-3
global temperature changes,climate change,request-70-4-4
natural cycles,modifications in natural cycles,request-70-5-0
modifications in natural cycles,changes in vegetation patterns,request-70-5-1
changes in vegetation patterns,altered land surface reflectivity,request-70-5-2
altered land surface reflectivity,changes in earth's energy balance,request-70-5-3
changes in earth's energy balance,global temperature changes,request-70-5-4
global temperature changes,climate change,request-70-5-5
excess of co2,increased co2 levels in the atmosphere,request-71-0-0
increased co2 levels in the atmosphere,higher co2 absorption by plants,request-71-0-1
higher co2 absorption by plants,enhanced photosynthesis in plants,request-71-0-2
enhanced photosynthesis in plants,increased plant growth,request-71-0-3
increased plant growth,increase in biomass,request-71-0-4
excess of co2,increased co2 levels in the atmosphere,request-71-1-0
increased co2 levels in the atmosphere,higher co2 absorption by plants,request-71-1-1
higher co2 absorption by plants,enhanced photosynthesis in plants,request-71-1-2
enhanced photosynthesis in plants,increased production of plantbased food sources,request-71-1-3
increased production of plantbased food sources,increased food availability for herbivores,request-71-1-4
increased food availability for herbivores,increase in herbivore population,request-71-1-5
increase in herbivore population,increase in biomass,request-71-1-6
excess of co2,increased co2 levels in the atmosphere,request-71-2-0
increased co2 levels in the atmosphere,higher co2 absorption by plants,request-71-2-1
higher co2 absorption by plants,enhanced photosynthesis in plants,request-71-2-2
enhanced photosynthesis in plants,increased production of plantbased food sources,request-71-2-3
increased production of plantbased food sources,increased food availability for herbivores,request-71-2-4
increased food availability for herbivores,increase in herbivore population,request-71-2-5
increase in herbivore population,increased food availability for carnivores,request-71-2-6
increased food availability for carnivores,increase in carnivore population,request-71-2-7
increase in carnivore population,increase in biomass,request-71-2-8
excess of co2,increased co2 levels in the atmosphere,request-71-3-0
increased co2 levels in the atmosphere,higher co2 absorption by plants,request-71-3-1
higher co2 absorption by plants,enhanced photosynthesis in plants,request-71-3-2
enhanced photosynthesis in plants,increased plant growth,request-71-3-3
increased plant growth,increased plant biomass,request-71-3-4
increased plant biomass,increase in biomass,request-71-3-5
excess of co2,increased co2 levels in the atmosphere,request-71-4-0
increased co2 levels in the atmosphere,higher co2 absorption by plants,request-71-4-1
higher co2 absorption by plants,enhanced photosynthesis in plants,request-71-4-2
enhanced photosynthesis in plants,increased plant growth,request-71-4-3
increased plant growth,increased plant biomass,request-71-4-4
increased plant biomass,increased food availability for herbivores,request-71-4-5
increased food availability for herbivores,increase in herbivore population,request-71-4-6
increase in herbivore population,increase in biomass,request-71-4-7
excess of co2,increased co2 levels in the atmosphere,request-71-5-0
increased co2 levels in the atmosphere,higher co2 absorption by plants,request-71-5-1
higher co2 absorption by plants,enhanced photosynthesis in plants,request-71-5-2
enhanced photosynthesis in plants,increased plant growth,request-71-5-3
increased plant growth,increased plant biomass,request-71-5-4
increased plant biomass,increased food availability for herbivores,request-71-5-5
increased food availability for herbivores,increase in herbivore population,request-71-5-6
increase in herbivore population,increased food availability for carnivores,request-71-5-7
increased food availability for carnivores,increase in carnivore population,request-71-5-8
increase in carnivore population,increase in biomass,request-71-5-9
climate change,increased temperatures,request-72-0-0
increased temperatures,melting of ice caps,request-72-0-1
melting of ice caps,exposure of land,request-72-0-2
exposure of land,increased plant growth,request-72-0-3
increased plant growth,greening of antarctica,request-72-0-4
climate change,changes in ocean currents,request-72-1-0
changes in ocean currents,increased nutrient availability,request-72-1-1
increased nutrient availability,increased plant growth,request-72-1-2
increased plant growth,greening of antarctica,request-72-1-3
climate change,increased rainfall,request-72-2-0
increased rainfall,increased soil moisture,request-72-2-1
increased soil moisture,increased plant growth,request-72-2-2
increased plant growth,greening of antarctica,request-72-2-3
climate change,changes in wind patterns,request-72-3-0
changes in wind patterns,increased seed dispersal,request-72-3-1
increased seed dispersal,increased plant growth,request-72-3-2
increased plant growth,greening of antarctica,request-72-3-3
climate change,increased carbon dioxide levels,request-72-4-0
increased carbon dioxide levels,increased photosynthesis,request-72-4-1
increased photosynthesis,increased plant growth,request-72-4-2
increased plant growth,greening of antarctica,request-72-4-3
co2,increased atmospheric co2 concentration,request-73-0-0
increased atmospheric co2 concentration,enhanced greenhouse effect,request-73-0-1
enhanced greenhouse effect,global warming,request-73-0-2
global warming,longer growing seasons,request-73-0-3
longer growing seasons,increased plant productivity,request-73-0-4
increased plant productivity,greening of the planet,request-73-0-5
co2,increased atmospheric co2 concentration,request-73-1-0
increased atmospheric co2 concentration,enhanced greenhouse effect,request-73-1-1
enhanced greenhouse effect,global warming,request-73-1-2
global warming,higher evaporation rates,request-73-1-3
higher evaporation rates,increased cloud cover,request-73-1-4
increased cloud cover,diffusion of sunlight,request-73-1-5
diffusion of sunlight,greening of the planet,request-73-1-6
co2,increased atmospheric co2 concentration,request-73-2-0
increased atmospheric co2 concentration,enhanced greenhouse effect,request-73-2-1
enhanced greenhouse effect,global warming,request-73-2-2
global warming,changes in precipitation patterns,request-73-2-3
changes in precipitation patterns,altered soil moisture,request-73-2-4
altered soil moisture,changes in vegetation distribution,request-73-2-5
changes in vegetation distribution,greening of the planet,request-73-2-6
co2,increased atmospheric co2 concentration,request-73-3-0
increased atmospheric co2 concentration,enhanced greenhouse effect,request-73-3-1
enhanced greenhouse effect,global warming,request-73-3-2
global warming,ocean acidification,request-73-3-3
ocean acidification,decreased marine productivity,request-73-3-4
decreased marine productivity,increased nutrient availability on land,request-73-3-5
increased nutrient availability on land,greening of the planet,request-73-3-6
co2,increased atmospheric co2 concentration,request-73-4-0
increased atmospheric co2 concentration,enhanced greenhouse effect,request-73-4-1
enhanced greenhouse effect,global warming,request-73-4-2
global warming,changes in ocean currents,request-73-4-3
changes in ocean currents,altered climate patterns,request-73-4-4
altered climate patterns,shifts in vegetation zones,request-73-4-5
shifts in vegetation zones,greening of the planet,request-73-4-6
temperature changes in the ocean,increased ocean heat content,request-74-0-0
increased ocean heat content,warmer ocean waters release more co2 into the atmosphere,request-74-0-1
warmer ocean waters release more co2 into the atmosphere,increase in co2,request-74-0-2
temperature changes in the ocean,changes in ocean circulation patterns,request-74-1-0
changes in ocean circulation patterns,altered nutrient distribution in the ocean,request-74-1-1
altered nutrient distribution in the ocean,changes in marine ecosystems and productivity,request-74-1-2
changes in marine ecosystems and productivity,decreased co2 uptake by marine life,request-74-1-3
decreased co2 uptake by marine life,increase in co2,request-74-1-4
temperature changes in the ocean,melting of sea ice and ice sheets,request-74-2-0
melting of sea ice and ice sheets,changes in ocean salinity and density,request-74-2-1
changes in ocean salinity and density,altered ocean circulation patterns,request-74-2-2
altered ocean circulation patterns,changes in marine ecosystems and productivity,request-74-2-3
changes in marine ecosystems and productivity,decreased co2 uptake by marine life,request-74-2-4
decreased co2 uptake by marine life,increase in co2,request-74-2-5
temperature changes in the ocean,changes in ocean currents and upwelling,request-74-3-0
changes in ocean currents and upwelling,altered nutrient distribution in the ocean,request-74-3-1
altered nutrient distribution in the ocean,changes in marine ecosystems and productivity,request-74-3-2
changes in marine ecosystems and productivity,decreased co2 uptake by marine life,request-74-3-3
decreased co2 uptake by marine life,increase in co2,request-74-3-4
temperature changes in the ocean,changes in ocean stratification,request-74-4-0
changes in ocean stratification,decreased mixing of surface and deep waters,request-74-4-1
decreased mixing of surface and deep waters,reduced supply of nutrients to the surface ocean,request-74-4-2
reduced supply of nutrients to the surface ocean,changes in marine ecosystems and productivity,request-74-4-3
changes in marine ecosystems and productivity,decreased co2 uptake by marine life,request-74-4-4
decreased co2 uptake by marine life,increase in co2,request-74-4-5
temperature changes in the ocean,changes in ocean acidification,request-74-5-0
changes in ocean acidification,impacts on marine calcifying organisms,request-74-5-1
impacts on marine calcifying organisms,changes in marine ecosystems and productivity,request-74-5-2
changes in marine ecosystems and productivity,decreased co2 uptake by marine life,request-74-5-3
decreased co2 uptake by marine life,increase in co2,request-74-5-4
solar changes,increased solar radiation,request-75-0-0
increased solar radiation,increased heat absorption by earth's atmosphere,request-75-0-1
increased heat absorption by earth's atmosphere,increased surface temperature,request-75-0-2
increased surface temperature,increased ocean temperature,request-75-0-3
solar changes,changes in solar magnetic activity,request-75-1-0
changes in solar magnetic activity,changes in cosmic ray intensity,request-75-1-1
changes in cosmic ray intensity,changes in cloud cover,request-75-1-2
changes in cloud cover,changes in solar radiation absorption,request-75-1-3
changes in solar radiation absorption,increased ocean temperature,request-75-1-4
solar changes,solar flares and sunspots,request-75-2-0
solar flares and sunspots,increased uv radiation,request-75-2-1
increased uv radiation,increased ozone layer depletion,request-75-2-2
increased ozone layer depletion,increased uv radiation reaching earth's surface,request-75-2-3
increased uv radiation reaching earth's surface,increased ocean temperature,request-75-2-4
solar changes,changes in solar wind,request-75-3-0
changes in solar wind,changes in earth's magnetosphere,request-75-3-1
changes in earth's magnetosphere,changes in cosmic ray intensity,request-75-3-2
changes in cosmic ray intensity,changes in cloud cover,request-75-3-3
changes in cloud cover,changes in solar radiation absorption,request-75-3-4
changes in solar radiation absorption,increased ocean temperature,request-75-3-5
solar changes,changes in solar luminosity,request-75-4-0
changes in solar luminosity,changes in earth's albedo,request-75-4-1
changes in earth's albedo,changes in solar radiation absorption,request-75-4-2
changes in solar radiation absorption,increased surface temperature,request-75-4-3
increased surface temperature,increased ocean temperature,request-75-4-4
investing in uranium mining stocks,increased production of uranium,request-76-0-0
increased production of uranium,development of nuclear power plants,request-76-0-1
development of nuclear power plants,generation of electricity from nuclear power,request-76-0-2
generation of electricity from nuclear power,displacement of fossil fuel power plants,request-76-0-3
displacement of fossil fuel power plants,reduction in greenhouse gas emissions,request-76-0-4
reduction in greenhouse gas emissions,decrease in air pollution,request-76-0-5
investing in uranium mining stocks,increased production of uranium,request-76-1-0
increased production of uranium,development of nuclear power plants,request-76-1-1
development of nuclear power plants,generation of electricity from nuclear power,request-76-1-2
generation of electricity from nuclear power,decreased demand for coal and oil,request-76-1-3
decreased demand for coal and oil,reduction in greenhouse gas emissions,request-76-1-4
reduction in greenhouse gas emissions,decrease in air pollution,request-76-1-5
investing in uranium mining stocks,increased production of uranium,request-76-2-0
increased production of uranium,development of nuclear power plants,request-76-2-1
development of nuclear power plants,generation of electricity from nuclear power,request-76-2-2
generation of electricity from nuclear power,decreased reliance on fossil fuels,request-76-2-3
decreased reliance on fossil fuels,reduction in greenhouse gas emissions,request-76-2-4
reduction in greenhouse gas emissions,decrease in air pollution,request-76-2-5
investing in uranium mining stocks,increased production of uranium,request-76-3-0
increased production of uranium,development of nuclear power plants,request-76-3-1
development of nuclear power plants,generation of electricity from nuclear power,request-76-3-2
generation of electricity from nuclear power,displacement of fossil fuel power plants,request-76-3-3
displacement of fossil fuel power plants,reduction in particulate matter emissions,request-76-3-4
reduction in particulate matter emissions,decrease in air pollution,request-76-3-5
investing in uranium mining stocks,increased production of uranium,request-76-4-0
increased production of uranium,development of nuclear power plants,request-76-4-1
development of nuclear power plants,generation of electricity from nuclear power,request-76-4-2
generation of electricity from nuclear power,decreased demand for coal and oil,request-76-4-3
decreased demand for coal and oil,reduction in particulate matter emissions,request-76-4-4
reduction in particulate matter emissions,decrease in air pollution,request-76-4-5
investing in uranium mining stocks,increased production of uranium,request-76-5-0
increased production of uranium,development of nuclear power plants,request-76-5-1
development of nuclear power plants,generation of electricity from nuclear power,request-76-5-2
generation of electricity from nuclear power,decreased reliance on fossil fuels,request-76-5-3
decreased reliance on fossil fuels,reduction in particulate matter emissions,request-76-5-4
reduction in particulate matter emissions,decrease in air pollution,request-76-5-5
investing in uranium mining stocks,increased demand for uranium,request-77-0-0
increased demand for uranium,expansion of uranium mining operations,request-77-0-1
expansion of uranium mining operations,increased production of nuclear fuel,request-77-0-2
increased production of nuclear fuel,growth in nuclear power generation,request-77-0-3
growth in nuclear power generation,reduction in fossil fuel consumption,request-77-0-4
reduction in fossil fuel consumption,decreased greenhouse gas emissions,request-77-0-5
decreased greenhouse gas emissions,mitigation of climate change,request-77-0-6
investing in uranium mining stocks,increased demand for uranium,request-77-1-0
increased demand for uranium,expansion of uranium mining operations,request-77-1-1
expansion of uranium mining operations,environmental damage from mining activities,request-77-1-2
environmental damage from mining activities,release of greenhouse gases from mining operations,request-77-1-3
release of greenhouse gases from mining operations,contribution to global warming,request-77-1-4
contribution to global warming,exacerbation of climate change,request-77-1-5
investing in uranium mining stocks,increased demand for uranium,request-77-2-0
increased demand for uranium,expansion of uranium mining operations,request-77-2-1
expansion of uranium mining operations,increased production of nuclear fuel,request-77-2-2
increased production of nuclear fuel,growth in nuclear power generation,request-77-2-3
growth in nuclear power generation,nuclear accidents or incidents,request-77-2-4
nuclear accidents or incidents,release of radioactive materials,request-77-2-5
release of radioactive materials,environmental damage and public health risks,request-77-2-6
environmental damage and public health risks,reduced public support for nuclear power,request-77-2-7
reduced public support for nuclear power,slower transition away from fossil fuels,request-77-2-8
slower transition away from fossil fuels,continued greenhouse gas emissions,request-77-2-9
continued greenhouse gas emissions,exacerbation of climate change,request-77-2-10
investing in uranium mining stocks,increased demand for uranium,request-77-3-0
increased demand for uranium,expansion of uranium mining operations,request-77-3-1
expansion of uranium mining operations,increased production of nuclear fuel,request-77-3-2
increased production of nuclear fuel,growth in nuclear power generation,request-77-3-3
growth in nuclear power generation,nuclear proliferation concerns,request-77-3-4
nuclear proliferation concerns,international tensions and conflicts,request-77-3-5
international tensions and conflicts,disruption of global cooperation on climate change,request-77-3-6
disruption of global cooperation on climate change,slower progress on climate change mitigation,request-77-3-7
slower progress on climate change mitigation,continued greenhouse gas emissions,request-77-3-8
continued greenhouse gas emissions,exacerbation of climate change,request-77-3-9
investing in uranium mining stocks,companies receive funding for uranium mining operations,request-78-0-0
companies receive funding for uranium mining operations,uranium mining activities commence,request-78-0-1
uranium mining activities commence,uranium ore is extracted from the ground,request-78-0-2
uranium ore is extracted from the ground,uranium ore is processed to extract the uranium,request-78-0-3
uranium ore is processed to extract the uranium,tailings and waste products from uranium processing are generated,request-78-0-4
tailings and waste products from uranium processing are generated,tailings and waste products are stored in tailings ponds or landfills,request-78-0-5
tailings and waste products are stored in tailings ponds or landfills,tailings ponds or landfills emit toxic air pollutants,request-78-0-6
tailings ponds or landfills emit toxic air pollutants,toxic air pollution is released into the environment,request-78-0-7
investing in uranium mining stocks,companies receive funding for uranium mining operations,request-78-1-0
companies receive funding for uranium mining operations,uranium mining activities commence,request-78-1-1
uranium mining activities commence,uranium ore is extracted from the ground,request-78-1-2
uranium ore is extracted from the ground,uranium ore is processed to extract the uranium,request-78-1-3
uranium ore is processed to extract the uranium,tailings and waste products from uranium processing are generated,request-78-1-4
tailings and waste products from uranium processing are generated,"tailings and waste products are improperly disposed of, leading to leakage",request-78-1-5
"tailings and waste products are improperly disposed of, leading to leakage",leakage from tailings and waste products contaminates air and water,request-78-1-6
leakage from tailings and waste products contaminates air and water,contaminated air and water release toxic air pollutants,request-78-1-7
contaminated air and water release toxic air pollutants,toxic air pollution is released into the environment,request-78-1-8
investing in uranium mining stocks,companies receive funding for uranium mining operations,request-78-2-0
companies receive funding for uranium mining operations,uranium mining activities commence,request-78-2-1
uranium mining activities commence,uranium ore is extracted from the ground,request-78-2-2
uranium ore is extracted from the ground,uranium ore is processed to extract the uranium,request-78-2-3
uranium ore is processed to extract the uranium,tailings and waste products from uranium processing are generated,request-78-2-4
tailings and waste products from uranium processing are generated,tailings and waste products are stored in tailings ponds or landfills,request-78-2-5
tailings and waste products are stored in tailings ponds or landfills,"tailings ponds or landfills are not properly maintained, leading to leakage",request-78-2-6
"tailings ponds or landfills are not properly maintained, leading to leakage",leakage from tailings and waste products contaminates air and water,request-78-2-7
leakage from tailings and waste products contaminates air and water,contaminated air and water release toxic air pollutants,request-78-2-8
contaminated air and water release toxic air pollutants,toxic air pollution is released into the environment,request-78-2-9
investing in uranium mining stocks,companies receive funding for uranium mining operations,request-78-3-0
companies receive funding for uranium mining operations,uranium mining activities commence,request-78-3-1
uranium mining activities commence,uranium ore is extracted from the ground,request-78-3-2
uranium ore is extracted from the ground,uranium ore is processed to extract the uranium,request-78-3-3
uranium ore is processed to extract the uranium,tailings and waste products from uranium processing are generated,request-78-3-4
tailings and waste products from uranium processing are generated,"tailings and waste products are improperly transported, leading to spills",request-78-3-5
"tailings and waste products are improperly transported, leading to spills",spills from tailings and waste products contaminate air and water,request-78-3-6
spills from tailings and waste products contaminate air and water,contaminated air and water release toxic air pollutants,request-78-3-7
contaminated air and water release toxic air pollutants,toxic air pollution is released into the environment,request-78-3-8
investing in uranium mining stocks,companies receive funding for uranium mining operations,request-78-4-0
companies receive funding for uranium mining operations,uranium mining activities commence,request-78-4-1
uranium mining activities commence,uranium ore is extracted from the ground,request-78-4-2
uranium ore is extracted from the ground,uranium ore is processed to extract the uranium,request-78-4-3
uranium ore is processed to extract the uranium,tailings and waste products from uranium processing are generated,request-78-4-4
tailings and waste products from uranium processing are generated,"tailings and waste products are improperly stored, leading to leakage",request-78-4-5
"tailings and waste products are improperly stored, leading to leakage",leakage from tailings and waste products contaminates air and water,request-78-4-6
leakage from tailings and waste products contaminates air and water,contaminated air and water release toxic air pollutants,request-78-4-7
contaminated air and water release toxic air pollutants,toxic air pollution is released into the environment,request-78-4-8
safe carbonfree nuclear energy,nuclear energy production,request-79-0-0
nuclear energy production,nuclear waste generation,request-79-0-1
nuclear waste generation,nuclear waste storage and disposal,request-79-0-2
nuclear waste storage and disposal,improper waste handling,request-79-0-3
improper waste handling,radioactive leakage,request-79-0-4
radioactive leakage,environmental contamination,request-79-0-5
environmental contamination,water and soil pollution,request-79-0-6
water and soil pollution,toxic air pollution,request-79-0-7
safe carbonfree nuclear energy,nuclear energy production,request-79-1-0
nuclear energy production,nuclear waste generation,request-79-1-1
nuclear waste generation,nuclear waste storage and disposal,request-79-1-2
nuclear waste storage and disposal,improper waste handling,request-79-1-3
improper waste handling,radioactive leakage,request-79-1-4
radioactive leakage,environmental contamination,request-79-1-5
environmental contamination,spread of radioactive particles,request-79-1-6
spread of radioactive particles,inhalation of radioactive particles,request-79-1-7
inhalation of radioactive particles,toxic air pollution,request-79-1-8
safe carbonfree nuclear energy,nuclear energy production,request-79-2-0
nuclear energy production,nuclear waste generation,request-79-2-1
nuclear waste generation,nuclear waste storage and disposal,request-79-2-2
nuclear waste storage and disposal,improper waste handling,request-79-2-3
improper waste handling,radioactive leakage,request-79-2-4
radioactive leakage,environmental contamination,request-79-2-5
environmental contamination,spread of radioactive particles,request-79-2-6
spread of radioactive particles,ingestion of contaminated food and water,request-79-2-7
ingestion of contaminated food and water,toxic air pollution,request-79-2-8
safe carbonfree nuclear energy,nuclear energy production,request-79-3-0
nuclear energy production,nuclear waste generation,request-79-3-1
nuclear waste generation,nuclear waste storage and disposal,request-79-3-2
nuclear waste storage and disposal,improper waste handling,request-79-3-3
improper waste handling,radioactive leakage,request-79-3-4
radioactive leakage,environmental contamination,request-79-3-5
environmental contamination,spread of radioactive particles,request-79-3-6
spread of radioactive particles,absorption through skin,request-79-3-7
absorption through skin,toxic air pollution,request-79-3-8
safe carbonfree nuclear energy,nuclear energy production,request-79-4-0
nuclear energy production,nuclear waste generation,request-79-4-1
nuclear waste generation,nuclear waste storage and disposal,request-79-4-2
nuclear waste storage and disposal,improper waste handling,request-79-4-3
improper waste handling,radioactive leakage,request-79-4-4
radioactive leakage,environmental contamination,request-79-4-5
environmental contamination,spread of radioactive particles,request-79-4-6
spread of radioactive particles,exposure to radiation,request-79-4-7
exposure to radiation,toxic air pollution,request-79-4-8
safe carbonfree nuclear energy,nuclear energy production,request-79-5-0
nuclear energy production,nuclear waste generation,request-79-5-1
nuclear waste generation,nuclear waste storage and disposal,request-79-5-2
nuclear waste storage and disposal,improper waste handling,request-79-5-3
improper waste handling,radioactive leakage,request-79-5-4
radioactive leakage,environmental contamination,request-79-5-5
environmental contamination,spread of radioactive particles,request-79-5-6
spread of radioactive particles,health effects on humans and animals,request-79-5-7
health effects on humans and animals,toxic air pollution,request-79-5-8
safe carbonfree nuclear energy,nuclear energy production,request-79-6-0
nuclear energy production,nuclear waste generation,request-79-6-1
nuclear waste generation,nuclear waste storage and disposal,request-79-6-2
nuclear waste storage and disposal,improper waste handling,request-79-6-3
improper waste handling,radioactive leakage,request-79-6-4
radioactive leakage,environmental contamination,request-79-6-5
environmental contamination,spread of radioactive particles,request-79-6-6
spread of radioactive particles,impact on ecosystems,request-79-6-7
impact on ecosystems,toxic air pollution,request-79-6-8
safe carbonfree nuclear energy,nuclear energy production,request-79-7-0
nuclear energy production,nuclear waste generation,request-79-7-1
nuclear waste generation,nuclear waste storage and disposal,request-79-7-2
nuclear waste storage and disposal,improper waste handling,request-79-7-3
improper waste handling,radioactive leakage,request-79-7-4
radioactive leakage,environmental contamination,request-79-7-5
environmental contamination,spread of radioactive particles,request-79-7-6
spread of radioactive particles,impact on climate,request-79-7-7
impact on climate,toxic air pollution,request-79-7-8
safe carbonfree nuclear energy,nuclear energy production,request-79-8-0
nuclear energy production,nuclear waste generation,request-79-8-1
nuclear waste generation,nuclear waste storage and disposal,request-79-8-2
nuclear waste storage and disposal,improper waste handling,request-79-8-3
improper waste handling,radioactive leakage,request-79-8-4
radioactive leakage,environmental contamination,request-79-8-5
environmental contamination,spread of radioactive particles,request-79-8-6
spread of radioactive particles,impact on human activities,request-79-8-7
impact on human activities,toxic air pollution,request-79-8-8
safe carbonfree nuclear energy,nuclear energy production,request-79-9-0
nuclear energy production,nuclear waste generation,request-79-9-1
nuclear waste generation,nuclear waste storage and disposal,request-79-9-2
nuclear waste storage and disposal,improper waste handling,request-79-9-3
improper waste handling,radioactive leakage,request-79-9-4
radioactive leakage,environmental contamination,request-79-9-5
environmental contamination,spread of radioactive particles,request-79-9-6
spread of radioactive particles,impact on infrastructure,request-79-9-7
impact on infrastructure,toxic air pollution,request-79-9-8
climate change,increased temperatures and droughts,request-80-0-0
increased temperatures and droughts,dry and dead vegetation,request-80-0-1
dry and dead vegetation,increased risk of forest fires,request-80-0-2
increased risk of forest fires,loss from forest fires,request-80-0-3
climate change,changes in precipitation patterns,request-80-1-0
changes in precipitation patterns,dry and dead vegetation,request-80-1-1
dry and dead vegetation,increased risk of forest fires,request-80-1-2
increased risk of forest fires,loss from forest fires,request-80-1-3
climate change,changes in vegetation patterns,request-80-2-0
changes in vegetation patterns,increased fuel for forest fires,request-80-2-1
increased fuel for forest fires,increased risk of forest fires,request-80-2-2
increased risk of forest fires,loss from forest fires,request-80-2-3
climate change,increased frequency and intensity of extreme weather events,request-80-3-0
increased frequency and intensity of extreme weather events,increased risk of forest fires,request-80-3-1
increased risk of forest fires,loss from forest fires,request-80-3-2
climate change,increased frequency of pests and diseases,request-80-4-0
increased frequency of pests and diseases,dry and dead vegetation,request-80-4-1
dry and dead vegetation,increased risk of forest fires,request-80-4-2
increased risk of forest fires,loss from forest fires,request-80-4-3
climate change,changes in land use and land cover,request-80-5-0
changes in land use and land cover,increased risk of forest fires,request-80-5-1
increased risk of forest fires,loss from forest fires,request-80-5-2
climate change,increased frequency of lightning strikes,request-80-6-0
increased frequency of lightning strikes,increased risk of forest fires,request-80-6-1
increased risk of forest fires,loss from forest fires,request-80-6-2
climate change,changes in wind patterns,request-80-7-0
changes in wind patterns,increased risk of forest fires,request-80-7-1
increased risk of forest fires,loss from forest fires,request-80-7-2
climate change,changes in ocean currents,request-80-8-0
changes in ocean currents,changes in weather patterns,request-80-8-1
changes in weather patterns,increased risk of forest fires,request-80-8-2
increased risk of forest fires,loss from forest fires,request-80-8-3
loss from forest fires,decrease in carbon sequestration,request-81-0-0
decrease in carbon sequestration,increase in atmospheric carbon dioxide,request-81-0-1
increase in atmospheric carbon dioxide,increase in carbon emissions,request-81-0-2
loss from forest fires,destruction of vegetation and soil,request-81-1-0
destruction of vegetation and soil,release of stored carbon into the atmosphere,request-81-1-1
release of stored carbon into the atmosphere,increase in atmospheric carbon dioxide,request-81-1-2
increase in atmospheric carbon dioxide,increase in carbon emissions,request-81-1-3
loss from forest fires,reduction in forest cover,request-81-2-0
reduction in forest cover,decrease in carbon storage capacity,request-81-2-1
decrease in carbon storage capacity,increase in atmospheric carbon dioxide,request-81-2-2
increase in atmospheric carbon dioxide,increase in carbon emissions,request-81-2-3
loss from forest fires,emission of smoke and other pollutants,request-81-3-0
emission of smoke and other pollutants,disruption of ecosystem services,request-81-3-1
disruption of ecosystem services,increase in carbon emissions from other sources,request-81-3-2
increase in carbon emissions from other sources,increase in carbon emissions,request-81-3-3
loss from forest fires,reduction in forest biomass,request-81-4-0
reduction in forest biomass,decrease in carbon sequestration potential,request-81-4-1
decrease in carbon sequestration potential,increase in atmospheric carbon dioxide,request-81-4-2
increase in atmospheric carbon dioxide,increase in carbon emissions,request-81-4-3
loss from forest fires,damage to soil structure and fertility,request-81-5-0
damage to soil structure and fertility,reduction in soil carbon storage,request-81-5-1
reduction in soil carbon storage,increase in atmospheric carbon dioxide,request-81-5-2
increase in atmospheric carbon dioxide,increase in carbon emissions,request-81-5-3
loss from forest fires,release of methane and other greenhouse gases,request-81-6-0
release of methane and other greenhouse gases,increase in atmospheric greenhouse gas concentrations,request-81-6-1
increase in atmospheric greenhouse gas concentrations,increase in carbon emissions,request-81-6-2
loss from forest fires,disruption of water cycles and hydrological processes,request-81-7-0
disruption of water cycles and hydrological processes,impact on carbon storage in aquatic ecosystems,request-81-7-1
impact on carbon storage in aquatic ecosystems,increase in carbon emissions,request-81-7-2
loss from forest fires,reduction in biodiversity and ecosystem resilience,request-81-8-0
reduction in biodiversity and ecosystem resilience,decrease in carbon sequestration capacity,request-81-8-1
decrease in carbon sequestration capacity,increase in atmospheric carbon dioxide,request-81-8-2
increase in atmospheric carbon dioxide,increase in carbon emissions,request-81-8-3
loss from forest fires,emission of black carbon and other particulate matter,request-81-9-0
emission of black carbon and other particulate matter,impact on climate and atmospheric processes,request-81-9-1
impact on climate and atmospheric processes,increase in carbon emissions,request-81-9-2
methane release from soil during forest fires,increased methane concentration in the atmosphere,request-82-0-0
increased methane concentration in the atmosphere,methane combustion contributing to fire spread and intensity,request-82-0-1
methane combustion contributing to fire spread and intensity,increased fire intensity leading to more resources being deployed,request-82-0-2
increased fire intensity leading to more resources being deployed,more resources being deployed to combat the fire,request-82-0-3
more resources being deployed to combat the fire,fire extinguishment,request-82-0-4
methane release from soil during forest fires,methane contributing to the greenhouse effect,request-82-1-0
methane contributing to the greenhouse effect,global warming exacerbating drought conditions,request-82-1-1
global warming exacerbating drought conditions,drought conditions increasing the likelihood of forest fires,request-82-1-2
drought conditions increasing the likelihood of forest fires,forest fires leading to the deployment of resources,request-82-1-3
forest fires leading to the deployment of resources,resources being used to extinguish the fire,request-82-1-4
resources being used to extinguish the fire,fire extinguishment,request-82-1-5
methane release from soil during forest fires,methane contributing to smog and reduced visibility,request-82-2-0
methane contributing to smog and reduced visibility,reduced visibility hindering firefighting efforts,request-82-2-1
reduced visibility hindering firefighting efforts,firefighting efforts being delayed or less effective,request-82-2-2
firefighting efforts being delayed or less effective,fire continuing to spread and intensify,request-82-2-3
fire continuing to spread and intensify,additional resources being deployed to combat the fire,request-82-2-4
additional resources being deployed to combat the fire,fire extinguishment,request-82-2-5
methane release from soil during forest fires,methane contributing to air pollution,request-82-3-0
methane contributing to air pollution,air pollution causing health issues for firefighters,request-82-3-1
air pollution causing health issues for firefighters,health issues reducing the effectiveness of firefighting efforts,request-82-3-2
health issues reducing the effectiveness of firefighting efforts,fire continuing to spread and intensify,request-82-3-3
fire continuing to spread and intensify,additional resources being deployed to combat the fire,request-82-3-4
additional resources being deployed to combat the fire,fire extinguishment,request-82-3-5
methane release from soil during forest fires,methane contributing to climate change,request-82-4-0
methane contributing to climate change,climate change altering weather patterns,request-82-4-1
climate change altering weather patterns,altered weather patterns creating favorable conditions for forest fires,request-82-4-2
altered weather patterns creating favorable conditions for forest fires,forest fires leading to the deployment of resources,request-82-4-3
forest fires leading to the deployment of resources,resources being used to extinguish the fire,request-82-4-4
resources being used to extinguish the fire,fire extinguishment,request-82-4-5
co2 emissions,increased atmospheric co2 concentration,request-83-0-0
increased atmospheric co2 concentration,co2 absorption by seawater,request-83-0-1
co2 absorption by seawater,formation of carbonic acid in seawater,request-83-0-2
formation of carbonic acid in seawater,increased hydrogen ion concentration in seawater,request-83-0-3
increased hydrogen ion concentration in seawater,decreased ocean ph,request-83-0-4
decreased ocean ph,ocean acidification,request-83-0-5
co2 emissions,increased atmospheric co2 concentration,request-83-1-0
increased atmospheric co2 concentration,co2 absorption by seawater,request-83-1-1
co2 absorption by seawater,formation of carbonic acid in seawater,request-83-1-2
formation of carbonic acid in seawater,reduction in carbonate ion concentration,request-83-1-3
reduction in carbonate ion concentration,decreased ocean ph,request-83-1-4
decreased ocean ph,ocean acidification,request-83-1-5
co2 emissions,increased atmospheric co2 concentration,request-83-2-0
increased atmospheric co2 concentration,co2 absorption by seawater,request-83-2-1
co2 absorption by seawater,formation of carbonic acid in seawater,request-83-2-2
formation of carbonic acid in seawater,reduction in calcium carbonate saturation,request-83-2-3
reduction in calcium carbonate saturation,decreased ocean ph,request-83-2-4
decreased ocean ph,ocean acidification,request-83-2-5
co2 emissions,increased atmospheric co2 concentration,request-83-3-0
increased atmospheric co2 concentration,co2 absorption by seawater,request-83-3-1
co2 absorption by seawater,formation of carbonic acid in seawater,request-83-3-2
formation of carbonic acid in seawater,increased dissolution of calcium carbonate shells,request-83-3-3
increased dissolution of calcium carbonate shells,decreased ocean ph,request-83-3-4
decreased ocean ph,ocean acidification,request-83-3-5
co2,increase in ocean acidification,request-84-0-0
increase in ocean acidification,decrease in calcium carbonate saturation,request-84-0-1
decrease in calcium carbonate saturation,reduction in shellbuilding organisms,request-84-0-2
reduction in shellbuilding organisms,decrease in predation on phytoplankton,request-84-0-3
decrease in predation on phytoplankton,increase in phytoplankton populations,request-84-0-4
increase in phytoplankton populations,improvement in the health of ocean life,request-84-0-5
co2,increase in ocean temperatures,request-84-1-0
increase in ocean temperatures,increase in ocean stratification,request-84-1-1
increase in ocean stratification,decrease in nutrient availability,request-84-1-2
decrease in nutrient availability,decrease in phytoplankton populations,request-84-1-3
decrease in phytoplankton populations,decrease in zooplankton populations,request-84-1-4
decrease in zooplankton populations,decrease in predation on phytoplankton,request-84-1-5
decrease in predation on phytoplankton,increase in phytoplankton populations,request-84-1-6
increase in phytoplankton populations,improvement in the health of ocean life,request-84-1-7
co2,increase in ocean temperatures,request-84-2-0
increase in ocean temperatures,decrease in dissolved oxygen levels,request-84-2-1
decrease in dissolved oxygen levels,decrease in aerobic marine life,request-84-2-2
decrease in aerobic marine life,decrease in competition for resources,request-84-2-3
decrease in competition for resources,increase in anaerobic marine life,request-84-2-4
increase in anaerobic marine life,improvement in the health of ocean life,request-84-2-5
co2,increase in ocean temperatures,request-84-3-0
increase in ocean temperatures,increase in ocean stratification,request-84-3-1
increase in ocean stratification,decrease in nutrient availability,request-84-3-2
decrease in nutrient availability,decrease in phytoplankton populations,request-84-3-3
decrease in phytoplankton populations,decrease in zooplankton populations,request-84-3-4
decrease in zooplankton populations,decrease in predation on anaerobic marine life,request-84-3-5
decrease in predation on anaerobic marine life,increase in anaerobic marine life,request-84-3-6
increase in anaerobic marine life,improvement in the health of ocean life,request-84-3-7
excess of co2,increased co2 levels in the atmosphere,request-85-0-0
increased co2 levels in the atmosphere,higher co2 absorption by plants,request-85-0-1
higher co2 absorption by plants,enhanced photosynthesis in plants,request-85-0-2
enhanced photosynthesis in plants,increased plant growth,request-85-0-3
increased plant growth,increase in biomass,request-85-0-4
excess of co2,increased co2 levels in the atmosphere,request-85-1-0
increased co2 levels in the atmosphere,higher co2 absorption by aquatic plants,request-85-1-1
higher co2 absorption by aquatic plants,enhanced photosynthesis in aquatic plants,request-85-1-2
enhanced photosynthesis in aquatic plants,increased aquatic plant growth,request-85-1-3
increased aquatic plant growth,increase in biomass of aquatic ecosystems,request-85-1-4
excess of co2,increased co2 levels in the atmosphere,request-85-2-0
increased co2 levels in the atmosphere,higher co2 absorption by phytoplankton,request-85-2-1
higher co2 absorption by phytoplankton,enhanced photosynthesis in phytoplankton,request-85-2-2
enhanced photosynthesis in phytoplankton,increased phytoplankton growth,request-85-2-3
increased phytoplankton growth,increase in biomass of marine ecosystems,request-85-2-4
excess of co2,increased co2 levels in the atmosphere,request-85-3-0
increased co2 levels in the atmosphere,higher co2 absorption by soil microbes,request-85-3-1
higher co2 absorption by soil microbes,enhanced decomposition of organic matter,request-85-3-2
enhanced decomposition of organic matter,increased nutrient availability for plants,request-85-3-3
increased nutrient availability for plants,increased plant growth,request-85-3-4
increased plant growth,increase in biomass,request-85-3-5
excess of co2,increased co2 levels in the atmosphere,request-85-4-0
increased co2 levels in the atmosphere,higher co2 absorption by plants,request-85-4-1
higher co2 absorption by plants,enhanced photosynthesis in plants,request-85-4-2
enhanced photosynthesis in plants,increased plant growth,request-85-4-3
increased plant growth,increased carbon sequestration in plants,request-85-4-4
increased carbon sequestration in plants,increase in biomass and carbon storage,request-85-4-5
excess of co2,increased co2 levels in the atmosphere,request-85-5-0
increased co2 levels in the atmosphere,higher co2 absorption by plants,request-85-5-1
higher co2 absorption by plants,enhanced photosynthesis in plants,request-85-5-2
enhanced photosynthesis in plants,increased plant growth,request-85-5-3
increased plant growth,increased food availability for herbivores,request-85-5-4
increased food availability for herbivores,increased herbivore populations,request-85-5-5
increased herbivore populations,increase in biomass of herbivore populations,request-85-5-6
excess of co2,increased co2 levels in the atmosphere,request-85-6-0
increased co2 levels in the atmosphere,higher co2 absorption by plants,request-85-6-1
higher co2 absorption by plants,enhanced photosynthesis in plants,request-85-6-2
enhanced photosynthesis in plants,increased plant growth,request-85-6-3
increased plant growth,increased competition for resources,request-85-6-4
increased competition for resources,increased plant diversity,request-85-6-5
increased plant diversity,increase in biomass and biodiversity,request-85-6-6
climate change,warmer temperatures and changing weather patterns,request-86-0-0
warmer temperatures and changing weather patterns,promote the growth and survival of locusts,request-86-0-1
promote the growth and survival of locusts,increase in locust populations,request-86-0-2
increase in locust populations,locust swarms cause widespread damage to crops and vegetation,request-86-0-3
locust swarms cause widespread damage to crops and vegetation,locustus,request-86-0-4
climate change,changes in precipitation patterns,request-86-1-0
changes in precipitation patterns,lead to increased vegetation growth,request-86-1-1
lead to increased vegetation growth,provide more food for locusts,request-86-1-2
provide more food for locusts,promote the growth and survival of locusts,request-86-1-3
promote the growth and survival of locusts,increase in locust populations,request-86-1-4
increase in locust populations,locust swarms cause widespread damage to crops and vegetation,request-86-1-5
locust swarms cause widespread damage to crops and vegetation,locustus,request-86-1-6
climate change,changes in wind patterns,request-86-2-0
changes in wind patterns,enable locusts to travel further distances,request-86-2-1
enable locusts to travel further distances,spread locusts to new areas,request-86-2-2
spread locusts to new areas,increase in locust populations in new areas,request-86-2-3
increase in locust populations in new areas,locust swarms cause widespread damage to crops and vegetation in new areas,request-86-2-4
locust swarms cause widespread damage to crops and vegetation in new areas,locustus,request-86-2-5
climate change,changes in ocean currents,request-86-3-0
changes in ocean currents,affect the distribution of marine life,request-86-3-1
affect the distribution of marine life,lead to changes in the food chain,request-86-3-2
lead to changes in the food chain,impact the survival and growth of locusts,request-86-3-3
impact the survival and growth of locusts,increase in locust populations,request-86-3-4
increase in locust populations,locust swarms cause widespread damage to crops and vegetation,request-86-3-5
locust swarms cause widespread damage to crops and vegetation,locustus,request-86-3-6
climate change,rising global temperatures,request-87-0-0
rising global temperatures,increased evaporation,request-87-0-1
increased evaporation,reduced soil moisture,request-87-0-2
reduced soil moisture,droughts,request-87-0-3
climate change,altered precipitation patterns,request-87-1-0
altered precipitation patterns,decreased rainfall,request-87-1-1
decreased rainfall,reduced soil moisture,request-87-1-2
reduced soil moisture,droughts,request-87-1-3
climate change,changes in atmospheric circulation,request-87-2-0
changes in atmospheric circulation,shift in weather systems,request-87-2-1
shift in weather systems,reduced rainfall,request-87-2-2
reduced rainfall,reduced soil moisture,request-87-2-3
reduced soil moisture,droughts,request-87-2-4
climate change,melting of polar ice caps,request-87-3-0
melting of polar ice caps,rising sea levels,request-87-3-1
rising sea levels,intrusion of saltwater into freshwater aquifers,request-87-3-2
intrusion of saltwater into freshwater aquifers,decreased groundwater availability,request-87-3-3
decreased groundwater availability,reduced soil moisture,request-87-3-4
reduced soil moisture,droughts,request-87-3-5
climate change,increased frequency of heatwaves,request-87-4-0
increased frequency of heatwaves,elevated evapotranspiration,request-87-4-1
elevated evapotranspiration,reduced soil moisture,request-87-4-2
reduced soil moisture,droughts,request-87-4-3
climate change,changes in land use and land cover,request-87-5-0
changes in land use and land cover,altered surface albedo,request-87-5-1
altered surface albedo,increased surface temperatures,request-87-5-2
increased surface temperatures,increased evaporation,request-87-5-3
increased evaporation,reduced soil moisture,request-87-5-4
reduced soil moisture,droughts,request-87-5-5
climate change,ocean warming,request-87-6-0
ocean warming,changes in ocean currents,request-87-6-1
changes in ocean currents,altered atmospheric circulation,request-87-6-2
altered atmospheric circulation,shift in weather systems,request-87-6-3
shift in weather systems,reduced rainfall,request-87-6-4
reduced rainfall,reduced soil moisture,request-87-6-5
reduced soil moisture,droughts,request-87-6-6
climate change,increased global temperatures,request-88-0-0
increased global temperatures,melting of polar ice caps and glaciers,request-88-0-1
melting of polar ice caps and glaciers,rising sea levels,request-88-0-2
rising sea levels,coastal flooding,request-88-0-3
coastal flooding,flooding,request-88-0-4
climate change,increased global temperatures,request-88-1-0
increased global temperatures,changes in precipitation patterns,request-88-1-1
changes in precipitation patterns,increased frequency and intensity of rainfall,request-88-1-2
increased frequency and intensity of rainfall,overflowing of rivers and streams,request-88-1-3
overflowing of rivers and streams,flooding,request-88-1-4
climate change,increased global temperatures,request-88-2-0
increased global temperatures,changes in evaporation rates,request-88-2-1
changes in evaporation rates,increased atmospheric moisture,request-88-2-2
increased atmospheric moisture,increased frequency and intensity of rainfall,request-88-2-3
increased frequency and intensity of rainfall,overflowing of rivers and streams,request-88-2-4
overflowing of rivers and streams,flooding,request-88-2-5
climate change,increased global temperatures,request-88-3-0
increased global temperatures,changes in atmospheric circulation patterns,request-88-3-1
changes in atmospheric circulation patterns,increased frequency and intensity of storms,request-88-3-2
increased frequency and intensity of storms,storm surges and coastal flooding,request-88-3-3
storm surges and coastal flooding,flooding,request-88-3-4
climate change,increased global temperatures,request-88-4-0
increased global temperatures,changes in ocean currents,request-88-4-1
changes in ocean currents,changes in weather patterns,request-88-4-2
changes in weather patterns,increased frequency and intensity of rainfall,request-88-4-3
increased frequency and intensity of rainfall,overflowing of rivers and streams,request-88-4-4
overflowing of rivers and streams,flooding,request-88-4-5
climate change,increased global temperatures,request-88-5-0
increased global temperatures,changes in vegetation and soil moisture,request-88-5-1
changes in vegetation and soil moisture,reduced ability of soil to absorb water,request-88-5-2
reduced ability of soil to absorb water,increased runoff and flash flooding,request-88-5-3
increased runoff and flash flooding,flooding,request-88-5-4
cars are manufactured,cars are driven by people,request-89-0-0
cars are driven by people,cars emit carbon dioxide during combustion,request-89-0-1
cars emit carbon dioxide during combustion,carbon dioxide accumulates in the atmosphere,request-89-0-2
carbon dioxide accumulates in the atmosphere,accumulated carbon dioxide traps heat in the atmosphere,request-89-0-3
accumulated carbon dioxide traps heat in the atmosphere,trapped heat,request-89-0-4
trapped heat,global warming contributes to climate change,request-89-0-5
cars are manufactured,cars require fossil fuels to operate,request-89-1-0
cars require fossil fuels to operate,extraction and transportation of fossil fuels release methane,request-89-1-1
extraction and transportation of fossil fuels release methane,methane accumulates in the atmosphere,request-89-1-2
methane accumulates in the atmosphere,accumulated methane traps heat in the atmosphere,request-89-1-3
accumulated methane traps heat in the atmosphere,trapped heat,request-89-1-4
trapped heat,global warming contributes to climate change,request-89-1-5
cars are manufactured,cars are driven on roads,request-89-2-0
cars are driven on roads,road construction and maintenance releases carbon dioxide,request-89-2-1
road construction and maintenance releases carbon dioxide,carbon dioxide accumulates in the atmosphere,request-89-2-2
carbon dioxide accumulates in the atmosphere,accumulated carbon dioxide traps heat in the atmosphere,request-89-2-3
accumulated carbon dioxide traps heat in the atmosphere,trapped heat,request-89-2-4
trapped heat,global warming contributes to climate change,request-89-2-5
cars are manufactured,cars require rubber for tires,request-89-3-0
cars require rubber for tires,rubber production,request-89-3-1
rubber production,deforestation reduces the number of trees that absorb carbon dioxide,request-89-3-2
deforestation reduces the number of trees that absorb carbon dioxide,reduced carbon dioxide absorption,request-89-3-3
reduced carbon dioxide absorption,accumulated carbon dioxide traps heat in the atmosphere,request-89-3-4
accumulated carbon dioxide traps heat in the atmosphere,trapped heat,request-89-3-5
trapped heat,global warming contributes to climate change,request-89-3-6
cars are manufactured,cars require steel for construction,request-89-4-0
cars require steel for construction,steel production releases carbon dioxide,request-89-4-1
steel production releases carbon dioxide,carbon dioxide accumulates in the atmosphere,request-89-4-2
carbon dioxide accumulates in the atmosphere,accumulated carbon dioxide traps heat in the atmosphere,request-89-4-3
accumulated carbon dioxide traps heat in the atmosphere,trapped heat,request-89-4-4
trapped heat,global warming contributes to climate change,request-89-4-5
climate change,increased frequency and intensity of extreme weather events,request-90-0-0
increased frequency and intensity of extreme weather events,damage to agricultural infrastructure and loss of crops,request-90-0-1
damage to agricultural infrastructure and loss of crops,reduced agricultural productivity and supply of fresh foods,request-90-0-2
reduced agricultural productivity and supply of fresh foods,increased competition for scarce fresh food resources,request-90-0-3
increased competition for scarce fresh food resources,escalating prices for scarce fresh foods,request-90-0-4
climate change,changes in precipitation patterns and water availability,request-90-1-0
changes in precipitation patterns and water availability,reduced availability of water for irrigation,request-90-1-1
reduced availability of water for irrigation,decreased crop yields and agricultural productivity,request-90-1-2
decreased crop yields and agricultural productivity,reduced supply of fresh foods,request-90-1-3
reduced supply of fresh foods,increased competition for scarce fresh food resources,request-90-1-4
increased competition for scarce fresh food resources,escalating prices for scarce fresh foods,request-90-1-5
climate change,rising temperatures and shifting growing seasons,request-90-2-0
rising temperatures and shifting growing seasons,changes in the geographic distribution of crops,request-90-2-1
changes in the geographic distribution of crops,increased vulnerability of crops to pests and diseases,request-90-2-2
increased vulnerability of crops to pests and diseases,decreased crop yields and agricultural productivity,request-90-2-3
decreased crop yields and agricultural productivity,reduced supply of fresh foods,request-90-2-4
reduced supply of fresh foods,increased competition for scarce fresh food resources,request-90-2-5
increased competition for scarce fresh food resources,escalating prices for scarce fresh foods,request-90-2-6
climate change,ocean acidification and warming,request-90-3-0
ocean acidification and warming,reduced populations of marine species and disrupted marine ecosystems,request-90-3-1
reduced populations of marine species and disrupted marine ecosystems,decreased availability of seafood,request-90-3-2
decreased availability of seafood,increased demand for fresh foods,request-90-3-3
increased demand for fresh foods,increased competition for scarce fresh food resources,request-90-3-4
increased competition for scarce fresh food resources,escalating prices for scarce fresh foods,request-90-3-5
climate change,increased frequency and intensity of wildfires,request-90-4-0
increased frequency and intensity of wildfires,damage to agricultural infrastructure and loss of crops,request-90-4-1
damage to agricultural infrastructure and loss of crops,reduced agricultural productivity and supply of fresh foods,request-90-4-2
reduced agricultural productivity and supply of fresh foods,increased competition for scarce fresh food resources,request-90-4-3
increased competition for scarce fresh food resources,escalating prices for scarce fresh foods,request-90-4-4
climate change,changes in soil quality and nutrient availability,request-90-5-0
changes in soil quality and nutrient availability,decreased crop yields and agricultural productivity,request-90-5-1
decreased crop yields and agricultural productivity,reduced supply of fresh foods,request-90-5-2
reduced supply of fresh foods,increased competition for scarce fresh food resources,request-90-5-3
increased competition for scarce fresh food resources,escalating prices for scarce fresh foods,request-90-5-4
climate change,increased temperatures and changes in precipitation patterns,request-91-0-0
increased temperatures and changes in precipitation patterns,alteration of crop growing conditions,request-91-0-1
alteration of crop growing conditions,reduction in crop yields and nutritional quality,request-91-0-2
reduction in crop yields and nutritional quality,food insecurity and malnutrition,request-91-0-3
food insecurity and malnutrition,cascades through nutrition,request-91-0-4
climate change,more frequent and severe weather events,request-91-1-0
more frequent and severe weather events,damage to agricultural infrastructure and farmland,request-91-1-1
damage to agricultural infrastructure and farmland,reduction in crop yields and nutritional quality,request-91-1-2
reduction in crop yields and nutritional quality,food insecurity and malnutrition,request-91-1-3
food insecurity and malnutrition,cascades through nutrition,request-91-1-4
climate change,rising sea levels and coastal erosion,request-91-2-0
rising sea levels and coastal erosion,loss of arable land and displacement of farming communities,request-91-2-1
loss of arable land and displacement of farming communities,reduction in crop yields and nutritional quality,request-91-2-2
reduction in crop yields and nutritional quality,food insecurity and malnutrition,request-91-2-3
food insecurity and malnutrition,cascades through nutrition,request-91-2-4
climate change,changes in temperature and precipitation patterns,request-91-3-0
changes in temperature and precipitation patterns,shifts in pest and disease distributions,request-91-3-1
shifts in pest and disease distributions,increased crop losses due to pests and diseases,request-91-3-2
increased crop losses due to pests and diseases,reduction in crop yields and nutritional quality,request-91-3-3
reduction in crop yields and nutritional quality,food insecurity and malnutrition,request-91-3-4
food insecurity and malnutrition,cascades through nutrition,request-91-3-5
climate change,changes in temperature and precipitation patterns,request-91-4-0
changes in temperature and precipitation patterns,alteration of marine ecosystems and fish habitats,request-91-4-1
alteration of marine ecosystems and fish habitats,reduction in fish stocks and nutritional quality,request-91-4-2
reduction in fish stocks and nutritional quality,food insecurity and malnutrition,request-91-4-3
food insecurity and malnutrition,cascades through nutrition,request-91-4-4
climate change,increased frequency and intensity of heatwaves,request-91-5-0
increased frequency and intensity of heatwaves,reduced labor productivity and increased heatrelated illnesses among agricultural workers,request-91-5-1
reduced labor productivity and increased heatrelated illnesses among agricultural workers,reduction in crop yields and nutritional quality,request-91-5-2
reduction in crop yields and nutritional quality,food insecurity and malnutrition,request-91-5-3
food insecurity and malnutrition,cascades through nutrition,request-91-5-4
climate change,increased global temperatures,request-92-0-0
increased global temperatures,changes in disease vector patterns,request-92-0-1
changes in disease vector patterns,spread of vectorborne diseases,request-92-0-2
spread of vectorborne diseases,increased prevalence of diseases like malaria and dengue fever,request-92-0-3
increased prevalence of diseases like malaria and dengue fever,impact on public health infrastructure,request-92-0-4
impact on public health infrastructure,cascading effects on health systems and individual health outcomes,request-92-0-5
climate change,rising sea levels,request-92-1-0
rising sea levels,loss of habitats and displacement of communities,request-92-1-1
loss of habitats and displacement of communities,increased population density in urban areas,request-92-1-2
increased population density in urban areas,spread of airborne diseases,request-92-1-3
spread of airborne diseases,increased prevalence of respiratory illnesses,request-92-1-4
increased prevalence of respiratory illnesses,strain on healthcare systems,request-92-1-5
strain on healthcare systems,cascading effects on health systems and individual health outcomes,request-92-1-6
climate change,changes in precipitation patterns,request-92-2-0
changes in precipitation patterns,increased frequency of floods and droughts,request-92-2-1
increased frequency of floods and droughts,disruption of food and water supplies,request-92-2-2
disruption of food and water supplies,increased prevalence of malnutrition and waterborne diseases,request-92-2-3
increased prevalence of malnutrition and waterborne diseases,impact on public health infrastructure,request-92-2-4
impact on public health infrastructure,cascading effects on health systems and individual health outcomes,request-92-2-5
climate change,increased frequency of extreme weather events,request-92-3-0
increased frequency of extreme weather events,destruction of infrastructure and displacement of communities,request-92-3-1
destruction of infrastructure and displacement of communities,increased population density in temporary shelters,request-92-3-2
increased population density in temporary shelters,spread of communicable diseases,request-92-3-3
spread of communicable diseases,increased prevalence of infectious diseases,request-92-3-4
increased prevalence of infectious diseases,strain on healthcare systems,request-92-3-5
strain on healthcare systems,cascading effects on health systems and individual health outcomes,request-92-3-6
climate change,changes in temperature and precipitation patterns,request-92-4-0
changes in temperature and precipitation patterns,increased prevalence of allergens and pollutants,request-92-4-1
increased prevalence of allergens and pollutants,exacerbation of respiratory conditions like asthma,request-92-4-2
exacerbation of respiratory conditions like asthma,increased demand for healthcare services,request-92-4-3
increased demand for healthcare services,strain on healthcare systems,request-92-4-4
strain on healthcare systems,cascading effects on health systems and individual health outcomes,request-92-4-5
climate change,increased frequency and severity of natural disasters,request-93-0-0
increased frequency and severity of natural disasters,damage to infrastructure and property,request-93-0-1
damage to infrastructure and property,reduced economic activity in affected regions,request-93-0-2
reduced economic activity in affected regions,job losses and unemployment in industries reliant on those regions,request-93-0-3
job losses and unemployment in industries reliant on those regions,cascades through employment,request-93-0-4
climate change,rising global temperatures,request-93-1-0
rising global temperatures,changes in crop yields and agricultural productivity,request-93-1-1
changes in crop yields and agricultural productivity,decreased demand for farm labor,request-93-1-2
decreased demand for farm labor,job losses and unemployment in the agricultural sector,request-93-1-3
job losses and unemployment in the agricultural sector,cascades through employment,request-93-1-4
climate change,shifts in weather patterns and seasonality,request-93-2-0
shifts in weather patterns and seasonality,disruptions to tourism and recreation industries,request-93-2-1
disruptions to tourism and recreation industries,reduced demand for workers in those sectors,request-93-2-2
reduced demand for workers in those sectors,job losses and unemployment in tourism and recreation,request-93-2-3
job losses and unemployment in tourism and recreation,cascades through employment,request-93-2-4
climate change,sealevel rise and coastal flooding,request-93-3-0
sealevel rise and coastal flooding,damage to coastal infrastructure and property,request-93-3-1
damage to coastal infrastructure and property,relocation of businesses and industries away from affected areas,request-93-3-2
relocation of businesses and industries away from affected areas,job losses and unemployment in coastal communities,request-93-3-3
job losses and unemployment in coastal communities,cascades through employment,request-93-3-4
climate change,changes in precipitation patterns,request-93-4-0
changes in precipitation patterns,water scarcity and drought,request-93-4-1
water scarcity and drought,"impacts on industries reliant on water, such as manufacturing and energy production",request-93-4-2
"impacts on industries reliant on water, such as manufacturing and energy production",job losses and unemployment in affected industries,request-93-4-3
job losses and unemployment in affected industries,cascades through employment,request-93-4-4
climate change,increased frequency and severity of heatwaves,request-93-5-0
increased frequency and severity of heatwaves,reduced worker productivity and increased health risks,request-93-5-1
reduced worker productivity and increased health risks,decreased demand for labor in industries with outdoor or physically demanding work,request-93-5-2
decreased demand for labor in industries with outdoor or physically demanding work,job losses and unemployment in those sectors,request-93-5-3
job losses and unemployment in those sectors,cascades through employment,request-93-5-4
climate change,changes in the distribution and prevalence of diseases and pests,request-93-6-0
changes in the distribution and prevalence of diseases and pests,impacts on public health and healthcare systems,request-93-6-1
impacts on public health and healthcare systems,increased healthcare costs and reduced economic productivity,request-93-6-2
increased healthcare costs and reduced economic productivity,job losses and unemployment due to reduced demand for labor,request-93-6-3
job losses and unemployment due to reduced demand for labor,cascades through employment,request-93-6-4
climate change,policy responses and regulations aimed at reducing greenhouse gas emissions,request-93-7-0
policy responses and regulations aimed at reducing greenhouse gas emissions,transition to a lowcarbon economy,request-93-7-1
transition to a lowcarbon economy,job losses and unemployment in industries reliant on fossil fuels,request-93-7-2
job losses and unemployment in industries reliant on fossil fuels,cascades through employment,request-93-7-3
cascades through employment,job creation and employment opportunities in clean energy and other lowcarbon industries,request-93-7-4
job creation and employment opportunities in clean energy and other lowcarbon industries,cascades through employment,request-93-7-5
climate change,increased global temperatures,request-94-0-0
increased global temperatures,more frequent and severe weather events,request-94-0-1
more frequent and severe weather events,damage to infrastructure and property,request-94-0-2
damage to infrastructure and property,higher costs for insurance and disaster recovery,request-94-0-3
higher costs for insurance and disaster recovery,reduced economic growth and increased debt,request-94-0-4
reduced economic growth and increased debt,cascades through economy,request-94-0-5
climate change,changes in precipitation patterns,request-94-1-0
changes in precipitation patterns,decreased water availability for agriculture,request-94-1-1
decreased water availability for agriculture,reduced crop yields and higher food prices,request-94-1-2
reduced crop yields and higher food prices,increased poverty and social unrest,request-94-1-3
increased poverty and social unrest,decreased economic stability and growth,request-94-1-4
decreased economic stability and growth,cascades through economy,request-94-1-5
climate change,rising sea levels,request-94-2-0
rising sea levels,coastal flooding and erosion,request-94-2-1
coastal flooding and erosion,loss of land and property,request-94-2-2
loss of land and property,displacement of people and businesses,request-94-2-3
displacement of people and businesses,decreased economic productivity and growth,request-94-2-4
decreased economic productivity and growth,cascades through economy,request-94-2-5
climate change,changes in disease vectors and patterns,request-94-3-0
changes in disease vectors and patterns,increased prevalence of certain diseases,request-94-3-1
increased prevalence of certain diseases,higher healthcare costs and reduced worker productivity,request-94-3-2
higher healthcare costs and reduced worker productivity,decreased economic output and growth,request-94-3-3
decreased economic output and growth,cascades through economy,request-94-3-4
climate change,changes in ocean temperatures and acidity,request-94-4-0
changes in ocean temperatures and acidity,decline in fish stocks and marine biodiversity,request-94-4-1
decline in fish stocks and marine biodiversity,reduced income and employment in fishing industries,request-94-4-2
reduced income and employment in fishing industries,decreased economic activity and growth,request-94-4-3
decreased economic activity and growth,cascades through economy,request-94-4-4
mismanagement of god's work,human activities disregarding the environment,request-95-0-0
human activities disregarding the environment,increased greenhouse gas emissions,request-95-0-1
increased greenhouse gas emissions,global warming,request-95-0-2
global warming,climate change,request-95-0-3
mismanagement of god's work,destruction of natural habitats,request-95-1-0
destruction of natural habitats,loss of biodiversity,request-95-1-1
loss of biodiversity,disruption of ecosystems,request-95-1-2
disruption of ecosystems,changes in atmospheric conditions,request-95-1-3
changes in atmospheric conditions,climate change,request-95-1-4
mismanagement of god's work,overexploitation of natural resources,request-95-2-0
overexploitation of natural resources,deforestation,request-95-2-1
deforestation,reduced carbon sequestration,request-95-2-2
reduced carbon sequestration,increased greenhouse gases,request-95-2-3
increased greenhouse gases,climate change,request-95-2-4
mismanagement of god's work,pollution and contamination,request-95-3-0
pollution and contamination,"degradation of air, water, and soil quality",request-95-3-1
"degradation of air, water, and soil quality",changes in atmospheric conditions,request-95-3-2
changes in atmospheric conditions,global warming,request-95-3-3
global warming,climate change,request-95-3-4
mismanagement of god's work,disregard for sustainable practices,request-95-4-0
disregard for sustainable practices,unsustainable agriculture and livestock practices,request-95-4-1
unsustainable agriculture and livestock practices,increased methane emissions,request-95-4-2
increased methane emissions,global warming,request-95-4-3
global warming,climate change,request-95-4-4
human activity,energy production and consumption,request-96-0-0
energy production and consumption,fossil fuel combustion,request-96-0-1
fossil fuel combustion,carbon dioxide emissions,request-96-0-2
carbon dioxide emissions,greenhouse gas concentrations,request-96-0-3
human activity,agriculture and livestock farming,request-96-1-0
agriculture and livestock farming,methane and nitrous oxide emissions,request-96-1-1
methane and nitrous oxide emissions,greenhouse gas concentrations,request-96-1-2
human activity,deforestation and land use changes,request-96-2-0
deforestation and land use changes,reduced carbon sequestration,request-96-2-1
reduced carbon sequestration,greenhouse gas concentrations,request-96-2-2
human activity,industrial processes,request-96-3-0
industrial processes,industrial gases emissions,request-96-3-1
industrial gases emissions,greenhouse gas concentrations,request-96-3-2
human activity,waste management,request-96-4-0
waste management,methane emissions from landfills and wastewater,request-96-4-1
methane emissions from landfills and wastewater,greenhouse gas concentrations,request-96-4-2
foreign countries,implement policies that promote economic growth,request-97-0-0
implement policies that promote economic growth,which,request-97-0-1
which,resulting in exploitation of natural resources in foreign countries,request-97-0-2
resulting in exploitation of natural resources in foreign countries,"including deforestation for agriculture, mining, and infrastructure projects",request-97-0-3
foreign countries,receive foreign aid or investment,request-97-1-0
receive foreign aid or investment,which is used to fund development projects,request-97-1-1
which is used to fund development projects,leading to an increase in demand for resources,request-97-1-2
leading to an increase in demand for resources,"resulting in deforestation for agriculture, mining, and infrastructure projects",request-97-1-3
foreign countries,have weak environmental regulations,request-97-2-0
have weak environmental regulations,which allows for unsustainable resource extraction,request-97-2-1
which allows for unsustainable resource extraction,"leading to deforestation for agriculture, mining, and infrastructure projects",request-97-2-2
foreign countries,experience population growth,request-97-3-0
experience population growth,leading to an increase in demand for resources,request-97-3-1
leading to an increase in demand for resources,"resulting in deforestation for agriculture, mining, and infrastructure projects",request-97-3-2
foreign countries,have a high demand for certain products,request-97-4-0
have a high demand for certain products,"such as palm oil, timber, and beef",request-97-4-1
"such as palm oil, timber, and beef","leading to deforestation for agriculture, mining, and infrastructure projects",request-97-4-2
foreign countries,experience political instability,request-97-5-0
experience political instability,leading to a lack of enforcement of environmental regulations,request-97-5-1
leading to a lack of enforcement of environmental regulations,"resulting in deforestation for agriculture, mining, and infrastructure projects",request-97-5-2
foreign countries,have a high demand for energy,request-97-6-0
have a high demand for energy,leading to deforestation for the construction of hydroelectric dams and other energy projects,request-97-6-1
foreign countries,have a high demand for infrastructure development,request-97-7-0
have a high demand for infrastructure development,"leading to deforestation for the construction of roads, buildings, and other infrastructure projects",request-97-7-1
foreign countries,have a high demand for mineral resources,request-97-8-0
have a high demand for mineral resources,leading to deforestation for mining activities,request-97-8-1
heavy rainfall,increased water levels in rivers and streams,request-98-0-0
increased water levels in rivers and streams,overflow of riverbanks,request-98-0-1
overflow of riverbanks,flooding in nearby areas,request-98-0-2
flooding in nearby areas,damage to infrastructure and displacement of people,request-98-0-3
damage to infrastructure and displacement of people,flooding,request-98-0-4
melting snow and ice,increased water flow into rivers and streams,request-98-1-0
increased water flow into rivers and streams,overflow of riverbanks,request-98-1-1
overflow of riverbanks,flooding in nearby areas,request-98-1-2
flooding in nearby areas,damage to infrastructure and displacement of people,request-98-1-3
damage to infrastructure and displacement of people,flooding,request-98-1-4
blocked or overwhelmed drainage systems,increased water levels in streets and lowlying areas,request-98-2-0
increased water levels in streets and lowlying areas,overflow of water onto roads and properties,request-98-2-1
overflow of water onto roads and properties,flooding in urban areas,request-98-2-2
flooding in urban areas,damage to buildings and infrastructure,request-98-2-3
damage to buildings and infrastructure,flooding,request-98-2-4
coastal storm surges,increased water levels along the coast,request-98-3-0
increased water levels along the coast,overflow of sea walls and barriers,request-98-3-1
overflow of sea walls and barriers,flooding in coastal communities,request-98-3-2
flooding in coastal communities,damage to homes and businesses,request-98-3-3
damage to homes and businesses,flooding,request-98-3-4
burst water mains or dam failures,sudden release of large amounts of water,request-98-4-0
sudden release of large amounts of water,rapid increase in water levels in nearby areas,request-98-4-1
rapid increase in water levels in nearby areas,flooding in surrounding areas,request-98-4-2
flooding in surrounding areas,damage to buildings and infrastructure,request-98-4-3
damage to buildings and infrastructure,flooding,request-98-4-4
deforestation,soil erosion,request-99-0-0
soil erosion,land sliding,request-99-0-1
deforestation,reduced water absorption,request-99-1-0
reduced water absorption,increased surface runoff,request-99-1-1
increased surface runoff,soil erosion,request-99-1-2
soil erosion,land sliding,request-99-1-3
deforestation,loss of tree roots,request-99-2-0
loss of tree roots,reduced soil stability,request-99-2-1
reduced soil stability,soil erosion,request-99-2-2
soil erosion,land sliding,request-99-2-3
deforestation,altered water cycle,request-99-3-0
altered water cycle,increased frequency of heavy rainfall,request-99-3-1
increased frequency of heavy rainfall,soil erosion,request-99-3-2
soil erosion,land sliding,request-99-3-3
deforestation,changes in vegetation cover,request-99-4-0
changes in vegetation cover,altered microclimate,request-99-4-1
altered microclimate,increased soil moisture,request-99-4-2
increased soil moisture,soil erosion,request-99-4-3
soil erosion,land sliding,request-99-4-4
deforestation,changes in land use,request-99-5-0
changes in land use,increased human activity,request-99-5-1
increased human activity,soil compaction,request-99-5-2
soil compaction,soil erosion,request-99-5-3
soil erosion,land sliding,request-99-5-4
deforestation,loss of biodiversity,request-99-6-0
loss of biodiversity,reduced soil quality,request-99-6-1
reduced soil quality,soil erosion,request-99-6-2
soil erosion,land sliding,request-99-6-3
deforestation,changes in surface roughness,request-99-7-0
changes in surface roughness,altered wind patterns,request-99-7-1
altered wind patterns,soil erosion,request-99-7-2
soil erosion,land sliding,request-99-7-3
rise in global temperatures,melting of glaciers and polar ice caps,request-100-0-0
melting of glaciers and polar ice caps,increased water levels in oceans,request-100-0-1
increased water levels in oceans,higher sea surface temperatures,request-100-0-2
higher sea surface temperatures,more frequent and intense rainfall events,request-100-0-3
more frequent and intense rainfall events,saturated and unstable soil conditions,request-100-0-4
saturated and unstable soil conditions,land sliding,request-100-0-5
rise in global temperatures,changes in precipitation patterns,request-100-1-0
changes in precipitation patterns,increased rainfall intensity and frequency,request-100-1-1
increased rainfall intensity and frequency,saturated and unstable soil conditions,request-100-1-2
saturated and unstable soil conditions,land sliding,request-100-1-3
rise in global temperatures,changes in vegetation patterns,request-100-2-0
changes in vegetation patterns,loss of vegetation due to drought or wildfires,request-100-2-1
loss of vegetation due to drought or wildfires,reduced soil stability,request-100-2-2
reduced soil stability,land sliding,request-100-2-3
rise in global temperatures,increased frequency and intensity of heatwaves,request-100-3-0
increased frequency and intensity of heatwaves,drying of soil and increased evaporation,request-100-3-1
drying of soil and increased evaporation,soil erosion and reduced stability,request-100-3-2
soil erosion and reduced stability,land sliding,request-100-3-3
rise in global temperatures,changes in atmospheric circulation patterns,request-100-4-0
changes in atmospheric circulation patterns,increased frequency and intensity of storms and cyclones,request-100-4-1
increased frequency and intensity of storms and cyclones,high winds and heavy rainfall,request-100-4-2
high winds and heavy rainfall,soil erosion and reduced stability,request-100-4-3
soil erosion and reduced stability,land sliding,request-100-4-4
melting of glaciers,increased water flow,request-101-0-0
increased water flow,soil saturation,request-101-0-1
soil saturation,land sliding,request-101-0-2
melting of glaciers,rising sea levels,request-101-1-0
rising sea levels,coastal erosion,request-101-1-1
coastal erosion,land sliding,request-101-1-2
melting of glaciers,changing weather patterns,request-101-2-0
changing weather patterns,increased rainfall,request-101-2-1
increased rainfall,soil saturation,request-101-2-2
soil saturation,land sliding,request-101-2-3
melting of glaciers,reduced snow cover,request-101-3-0
reduced snow cover,increased ground temperature,request-101-3-1
increased ground temperature,permafrost thawing,request-101-3-2
permafrost thawing,soil instability,request-101-3-3
soil instability,land sliding,request-101-3-4
melting of glaciers,changing river courses,request-101-4-0
changing river courses,bank erosion,request-101-4-1
bank erosion,land sliding,request-101-4-2
melting of glaciers,changing ecosystems,request-101-5-0
changing ecosystems,altered vegetation patterns,request-101-5-1
altered vegetation patterns,reduced root cohesion,request-101-5-2
reduced root cohesion,soil instability,request-101-5-3
soil instability,land sliding,request-101-5-4
soil erosion,removal of topsoil and vegetation,request-102-0-0
removal of topsoil and vegetation,reduction in soil stability,request-102-0-1
reduction in soil stability,increased water infiltration and saturation,request-102-0-2
increased water infiltration and saturation,increased soil weight and pressure,request-102-0-3
increased soil weight and pressure,land sliding,request-102-0-4
soil erosion,removal of topsoil and vegetation,request-102-1-0
removal of topsoil and vegetation,reduction in soil cohesion,request-102-1-1
reduction in soil cohesion,increased soil movement and instability,request-102-1-2
increased soil movement and instability,land sliding,request-102-1-3
soil erosion,removal of topsoil and vegetation,request-102-2-0
removal of topsoil and vegetation,reduction in soil structure,request-102-2-1
reduction in soil structure,increased soil vulnerability to weathering and erosion,request-102-2-2
increased soil vulnerability to weathering and erosion,increased soil movement and instability,request-102-2-3
increased soil movement and instability,land sliding,request-102-2-4
soil erosion,removal of topsoil and vegetation,request-102-3-0
removal of topsoil and vegetation,reduction in soil strength,request-102-3-1
reduction in soil strength,increased soil vulnerability to landslides,request-102-3-2
increased soil vulnerability to landslides,land sliding,request-102-3-3
soil erosion,removal of topsoil and vegetation,request-102-4-0
removal of topsoil and vegetation,reduction in soil retention capacity,request-102-4-1
reduction in soil retention capacity,increased soil saturation and instability,request-102-4-2
increased soil saturation and instability,land sliding,request-102-4-3
soil erosion,removal of topsoil and vegetation,request-102-5-0
removal of topsoil and vegetation,reduction in soil permeability,request-102-5-1
reduction in soil permeability,increased surface runoff and erosion,request-102-5-2
increased surface runoff and erosion,increased soil movement and instability,request-102-5-3
increased soil movement and instability,land sliding,request-102-5-4
soil erosion,removal of topsoil and vegetation,request-102-6-0
removal of topsoil and vegetation,reduction in soil moisture retention,request-102-6-1
reduction in soil moisture retention,increased soil saturation and instability,request-102-6-2
increased soil saturation and instability,land sliding,request-102-6-3
soil erosion,removal of topsoil and vegetation,request-102-7-0
removal of topsoil and vegetation,reduction in soil nutrient availability,request-102-7-1
reduction in soil nutrient availability,reduction in vegetation growth and stability,request-102-7-2
reduction in vegetation growth and stability,increased soil movement and instability,request-102-7-3
increased soil movement and instability,land sliding,request-102-7-4
soil erosion,removal of topsoil and vegetation,request-102-8-0
removal of topsoil and vegetation,reduction in soil organic matter,request-102-8-1
reduction in soil organic matter,reduction in soil structure and stability,request-102-8-2
reduction in soil structure and stability,increased soil movement and instability,request-102-8-3
increased soil movement and instability,land sliding,request-102-8-4
soil erosion,removal of topsoil and vegetation,request-102-9-0
removal of topsoil and vegetation,reduction in soil biodiversity,request-102-9-1
reduction in soil biodiversity,reduction in soil stability and resilience,request-102-9-2
reduction in soil stability and resilience,increased soil movement and instability,request-102-9-3
increased soil movement and instability,land sliding,request-102-9-4
earthquakes,ground shaking,request-103-0-0
ground shaking,soil destabilization,request-103-0-1
soil destabilization,land sliding,request-103-0-2
earthquakes,ground shaking,request-103-1-0
ground shaking,rock fracturing,request-103-1-1
rock fracturing,land sliding,request-103-1-2
earthquakes,ground shaking,request-103-2-0
ground shaking,liquefaction of soil,request-103-2-1
liquefaction of soil,land sliding,request-103-2-2
earthquakes,ground shaking,request-103-3-0
ground shaking,water table rise,request-103-3-1
water table rise,soil saturation,request-103-3-2
soil saturation,land sliding,request-103-3-3
earthquakes,ground shaking,request-103-4-0
ground shaking,landslides triggering,request-103-4-1
landslides triggering,land sliding,request-103-4-2
earthquakes,ground shaking,request-103-5-0
ground shaking,slope failure,request-103-5-1
slope failure,land sliding,request-103-5-2
earthquakes,ground shaking,request-103-6-0
ground shaking,erosion of slope material,request-103-6-1
erosion of slope material,land sliding,request-103-6-2
earthquakes,ground shaking,request-103-7-0
ground shaking,changes in pore water pressure,request-103-7-1
changes in pore water pressure,soil instability,request-103-7-2
soil instability,land sliding,request-103-7-3
earthquakes,ground shaking,request-103-8-0
ground shaking,increase in shear stress,request-103-8-1
increase in shear stress,land sliding,request-103-8-2
earthquakes,ground shaking,request-103-9-0
ground shaking,changes in slope geometry,request-103-9-1
changes in slope geometry,land sliding,request-103-9-2
deforestation,soil erosion,request-104-0-0
soil erosion,sediment accumulation in rivers,request-104-0-1
sediment accumulation in rivers,rivers filled with mud,request-104-0-2
deforestation,loss of vegetation cover,request-104-1-0
loss of vegetation cover,increased surface runoff,request-104-1-1
increased surface runoff,soil erosion,request-104-1-2
soil erosion,sediment accumulation in rivers,request-104-1-3
sediment accumulation in rivers,rivers filled with mud,request-104-1-4
deforestation,destruction of habitat,request-104-2-0
destruction of habitat,displacement of wildlife,request-104-2-1
displacement of wildlife,soil erosion,request-104-2-2
soil erosion,sediment accumulation in rivers,request-104-2-3
sediment accumulation in rivers,rivers filled with mud,request-104-2-4
deforestation,changes in water cycle,request-104-3-0
changes in water cycle,increased surface runoff,request-104-3-1
increased surface runoff,soil erosion,request-104-3-2
soil erosion,sediment accumulation in rivers,request-104-3-3
sediment accumulation in rivers,rivers filled with mud,request-104-3-4
deforestation,alteration of hydrological cycle,request-104-4-0
alteration of hydrological cycle,increased frequency of flooding,request-104-4-1
increased frequency of flooding,soil erosion,request-104-4-2
soil erosion,sediment accumulation in rivers,request-104-4-3
sediment accumulation in rivers,rivers filled with mud,request-104-4-4
deforestation,changes in soil composition,request-104-5-0
changes in soil composition,decreased water infiltration,request-104-5-1
decreased water infiltration,increased surface runoff,request-104-5-2
increased surface runoff,soil erosion,request-104-5-3
soil erosion,sediment accumulation in rivers,request-104-5-4
sediment accumulation in rivers,rivers filled with mud,request-104-5-5
deforestation,loss of tree roots,request-104-6-0
loss of tree roots,decreased soil stability,request-104-6-1
decreased soil stability,soil erosion,request-104-6-2
soil erosion,sediment accumulation in rivers,request-104-6-3
sediment accumulation in rivers,rivers filled with mud,request-104-6-4
deforestation,changes in land use,request-104-7-0
changes in land use,increased agricultural activities,request-104-7-1
increased agricultural activities,soil erosion,request-104-7-2
soil erosion,sediment accumulation in rivers,request-104-7-3
sediment accumulation in rivers,rivers filled with mud,request-104-7-4
deforestation,loss of carbon sink,request-104-8-0
loss of carbon sink,climate change,request-104-8-1
climate change,changes in precipitation patterns,request-104-8-2
changes in precipitation patterns,increased surface runoff,request-104-8-3
increased surface runoff,soil erosion,request-104-8-4
soil erosion,sediment accumulation in rivers,request-104-8-5
sediment accumulation in rivers,rivers filled with mud,request-104-8-6
the rise in global temperatures,causes polar ice caps to melt,request-105-0-0
causes polar ice caps to melt,which,request-105-0-1
which,causing coastal flooding,request-105-0-2
causing coastal flooding,that erodes the land,request-105-0-3
that erodes the land,resulting in rivers filled with mud,request-105-0-4
the rise in global temperatures,causes increased evaporation,request-105-1-0
causes increased evaporation,leading to heavier rainfall,request-105-1-1
leading to heavier rainfall,causing soil erosion,request-105-1-2
causing soil erosion,resulting in rivers filled with mud,request-105-1-3
the rise in global temperatures,causes permafrost to thaw,request-105-2-0
causes permafrost to thaw,releasing organic matter,request-105-2-1
releasing organic matter,which flows into rivers,request-105-2-2
which flows into rivers,causing them to become filled with mud,request-105-2-3
the rise in global temperatures,causes more frequent and intense wildfires,request-105-3-0
causes more frequent and intense wildfires,that destroy vegetation,request-105-3-1
that destroy vegetation,leading to soil erosion,request-105-3-2
leading to soil erosion,resulting in rivers filled with mud,request-105-3-3
the rise in global temperatures,causes changes in precipitation patterns,request-105-4-0
causes changes in precipitation patterns,leading to more frequent and severe droughts,request-105-4-1
leading to more frequent and severe droughts,that cause soil erosion,request-105-4-2
that cause soil erosion,resulting in rivers filled with mud,request-105-4-3
melting of glaciers,increased water flow into rivers,request-106-0-0
increased water flow into rivers,erosion of riverbanks,request-106-0-1
erosion of riverbanks,sediment carried into rivers,request-106-0-2
sediment carried into rivers,rivers filled with mud,request-106-0-3
melting of glaciers,rising sea levels,request-106-1-0
rising sea levels,increased coastal erosion,request-106-1-1
increased coastal erosion,sediment carried into rivers,request-106-1-2
sediment carried into rivers,rivers filled with mud,request-106-1-3
melting of glaciers,changing weather patterns,request-106-2-0
changing weather patterns,increased rainfall,request-106-2-1
increased rainfall,erosion of riverbanks,request-106-2-2
erosion of riverbanks,sediment carried into rivers,request-106-2-3
sediment carried into rivers,rivers filled with mud,request-106-2-4
melting of glaciers,changing ecosystems,request-106-3-0
changing ecosystems,alteration of river habitats,request-106-3-1
alteration of river habitats,increased erosion of riverbanks,request-106-3-2
increased erosion of riverbanks,sediment carried into rivers,request-106-3-3
sediment carried into rivers,rivers filled with mud,request-106-3-4
melting of glaciers,changing ocean currents,request-106-4-0
changing ocean currents,increased coastal erosion,request-106-4-1
increased coastal erosion,sediment carried into rivers,request-106-4-2
sediment carried into rivers,rivers filled with mud,request-106-4-3
soil erosion,increased runoff,request-107-0-0
increased runoff,sediment transport into rivers,request-107-0-1
sediment transport into rivers,rivers filled with mud,request-107-0-2
soil erosion,loss of vegetation cover,request-107-1-0
loss of vegetation cover,increased surface water flow,request-107-1-1
increased surface water flow,sediment transport into rivers,request-107-1-2
sediment transport into rivers,rivers filled with mud,request-107-1-3
soil erosion,destruction of riverbanks,request-107-2-0
destruction of riverbanks,increased sediment input into rivers,request-107-2-1
increased sediment input into rivers,rivers filled with mud,request-107-2-2
soil erosion,agricultural practices,request-107-3-0
agricultural practices,loss of topsoil,request-107-3-1
loss of topsoil,sediment transport into rivers,request-107-3-2
sediment transport into rivers,rivers filled with mud,request-107-3-3
soil erosion,deforestation,request-107-4-0
deforestation,loss of soil stability,request-107-4-1
loss of soil stability,sediment transport into rivers,request-107-4-2
sediment transport into rivers,rivers filled with mud,request-107-4-3
soil erosion,urbanization,request-107-5-0
urbanization,increased impervious surfaces,request-107-5-1
increased impervious surfaces,increased runoff,request-107-5-2
increased runoff,sediment transport into rivers,request-107-5-3
sediment transport into rivers,rivers filled with mud,request-107-5-4
soil erosion,overgrazing,request-107-6-0
overgrazing,loss of vegetation cover,request-107-6-1
loss of vegetation cover,increased surface water flow,request-107-6-2
increased surface water flow,sediment transport into rivers,request-107-6-3
sediment transport into rivers,rivers filled with mud,request-107-6-4
soil erosion,climate change,request-107-7-0
climate change,increased rainfall intensity,request-107-7-1
increased rainfall intensity,increased runoff,request-107-7-2
increased runoff,sediment transport into rivers,request-107-7-3
sediment transport into rivers,rivers filled with mud,request-107-7-4
earthquakes,ground shaking,request-108-0-0
ground shaking,landslides,request-108-0-1
landslides,debris falling into rivers,request-108-0-2
debris falling into rivers,rivers filled with mud,request-108-0-3
earthquakes,ground shaking,request-108-1-0
ground shaking,soil liquefaction,request-108-1-1
soil liquefaction,release of sediment into rivers,request-108-1-2
release of sediment into rivers,rivers filled with mud,request-108-1-3
earthquakes,ground shaking,request-108-2-0
ground shaking,damage to river banks,request-108-2-1
damage to river banks,erosion and collapse of banks into rivers,request-108-2-2
erosion and collapse of banks into rivers,rivers filled with mud,request-108-2-3
earthquakes,ground shaking,request-108-3-0
ground shaking,changes in river course,request-108-3-1
changes in river course,accumulation of sediment in new course,request-108-3-2
accumulation of sediment in new course,rivers filled with mud,request-108-3-3
earthquakes,ground shaking,request-108-4-0
ground shaking,changes in water table levels,request-108-4-1
changes in water table levels,increased sediment transport into rivers,request-108-4-2
increased sediment transport into rivers,rivers filled with mud,request-108-4-3
earthquakes,ground shaking,request-108-5-0
ground shaking,changes in river gradient,request-108-5-1
changes in river gradient,slower water flow and sediment deposition,request-108-5-2
slower water flow and sediment deposition,rivers filled with mud,request-108-5-3
deforestation,soil erosion,request-109-0-0
soil erosion,sediment runoff into waterways,request-109-0-1
sediment runoff into waterways,canals filled with mud,request-109-0-2
deforestation,loss of wildlife habitat,request-109-1-0
loss of wildlife habitat,increased human activity near waterways,request-109-1-1
increased human activity near waterways,sediment runoff into canals,request-109-1-2
sediment runoff into canals,canals filled with mud,request-109-1-3
deforestation,loss of vegetation roots holding soil together,request-109-2-0
loss of vegetation roots holding soil together,soil erosion,request-109-2-1
soil erosion,sediment runoff into canals,request-109-2-2
sediment runoff into canals,canals filled with mud,request-109-2-3
deforestation,changes in water cycle,request-109-3-0
changes in water cycle,increased rainfall intensity,request-109-3-1
increased rainfall intensity,soil erosion,request-109-3-2
soil erosion,sediment runoff into canals,request-109-3-3
sediment runoff into canals,canals filled with mud,request-109-3-4
deforestation,changes in local climate,request-109-4-0
changes in local climate,increased frequency of storms,request-109-4-1
increased frequency of storms,soil erosion,request-109-4-2
soil erosion,sediment runoff into canals,request-109-4-3
sediment runoff into canals,canals filled with mud,request-109-4-4
deforestation,changes in local climate,request-109-5-0
changes in local climate,increased frequency of floods,request-109-5-1
increased frequency of floods,sediment runoff into canals,request-109-5-2
sediment runoff into canals,canals filled with mud,request-109-5-3
deforestation,changes in local climate,request-109-6-0
changes in local climate,increased frequency of droughts,request-109-6-1
increased frequency of droughts,soil erosion,request-109-6-2
soil erosion,sediment runoff into canals,request-109-6-3
sediment runoff into canals,canals filled with mud,request-109-6-4
deforestation,changes in local climate,request-109-7-0
changes in local climate,increased frequency of landslides,request-109-7-1
increased frequency of landslides,sediment runoff into canals,request-109-7-2
sediment runoff into canals,canals filled with mud,request-109-7-3
deforestation,changes in local climate,request-109-8-0
changes in local climate,changes in plant species composition,request-109-8-1
changes in plant species composition,soil erosion,request-109-8-2
soil erosion,sediment runoff into canals,request-109-8-3
sediment runoff into canals,canals filled with mud,request-109-8-4
deforestation,changes in local climate,request-109-9-0
changes in local climate,changes in animal species composition,request-109-9-1
changes in animal species composition,increased human activity near waterways,request-109-9-2
increased human activity near waterways,sediment runoff into canals,request-109-9-3
sediment runoff into canals,canals filled with mud,request-109-9-4
rise in global temperatures,increased glacier melting,request-110-0-0
increased glacier melting,increased water flow into canals,request-110-0-1
increased water flow into canals,erosion of canal banks,request-110-0-2
erosion of canal banks,sediment deposits in canals,request-110-0-3
sediment deposits in canals,canals filled with mud,request-110-0-4
rise in global temperatures,increased precipitation patterns,request-110-1-0
increased precipitation patterns,increased water flow into canals,request-110-1-1
increased water flow into canals,erosion of canal banks,request-110-1-2
erosion of canal banks,sediment deposits in canals,request-110-1-3
sediment deposits in canals,canals filled with mud,request-110-1-4
rise in global temperatures,increased sea levels,request-110-2-0
increased sea levels,saltwater intrusion into canals,request-110-2-1
saltwater intrusion into canals,changes in canal ecosystems,request-110-2-2
changes in canal ecosystems,increased growth of aquatic plants,request-110-2-3
increased growth of aquatic plants,decay of aquatic plants,request-110-2-4
decay of aquatic plants,sediment deposits in canals,request-110-2-5
sediment deposits in canals,canals filled with mud,request-110-2-6
rise in global temperatures,increased frequency of extreme weather events,request-110-3-0
increased frequency of extreme weather events,flooding of canals,request-110-3-1
flooding of canals,erosion of canal banks,request-110-3-2
erosion of canal banks,sediment deposits in canals,request-110-3-3
sediment deposits in canals,canals filled with mud,request-110-3-4
rise in global temperatures,changes in land use patterns,request-110-4-0
changes in land use patterns,increased erosion in canal catchment areas,request-110-4-1
increased erosion in canal catchment areas,sediment deposits in canals,request-110-4-2
sediment deposits in canals,canals filled with mud,request-110-4-3
melting of glaciers,increased water flow in rivers,request-111-0-0
increased water flow in rivers,erosion of riverbanks,request-111-0-1
erosion of riverbanks,sediment deposits in canals,request-111-0-2
sediment deposits in canals,canals filled with mud,request-111-0-3
melting of glaciers,rising sea levels,request-111-1-0
rising sea levels,increased water pressure on coastal canals,request-111-1-1
increased water pressure on coastal canals,erosion of canal walls,request-111-1-2
erosion of canal walls,sediment deposits in canals,request-111-1-3
sediment deposits in canals,canals filled with mud,request-111-1-4
melting of glaciers,changes in precipitation patterns,request-111-2-0
changes in precipitation patterns,increased rainfall in canal regions,request-111-2-1
increased rainfall in canal regions,runoff carrying sediment into canals,request-111-2-2
runoff carrying sediment into canals,sediment deposits in canals,request-111-2-3
sediment deposits in canals,canals filled with mud,request-111-2-4
melting of glaciers,changes in temperature,request-111-3-0
changes in temperature,increased growth of vegetation near canals,request-111-3-1
increased growth of vegetation near canals,decomposition of vegetation in canals,request-111-3-2
decomposition of vegetation in canals,sediment deposits in canals,request-111-3-3
sediment deposits in canals,canals filled with mud,request-111-3-4
melting of glaciers,changes in wildlife habitats,request-111-4-0
changes in wildlife habitats,increased animal activity near canals,request-111-4-1
increased animal activity near canals,animalinduced erosion of canal walls,request-111-4-2
animalinduced erosion of canal walls,sediment deposits in canals,request-111-4-3
sediment deposits in canals,canals filled with mud,request-111-4-4
soil erosion,increased sediment in runoff,request-112-0-0
increased sediment in runoff,sediment accumulation in canals,request-112-0-1
sediment accumulation in canals,canals filled with mud,request-112-0-2
soil erosion,loss of vegetation cover,request-112-1-0
loss of vegetation cover,increased runoff velocity,request-112-1-1
increased runoff velocity,sediment transport into canals,request-112-1-2
sediment transport into canals,canals filled with mud,request-112-1-3
soil erosion,destruction of riverbanks,request-112-2-0
destruction of riverbanks,sediment deposits in canals,request-112-2-1
sediment deposits in canals,canals filled with mud,request-112-2-2
soil erosion,reduced water infiltration,request-112-3-0
reduced water infiltration,increased surface runoff,request-112-3-1
increased surface runoff,sediment transport into canals,request-112-3-2
sediment transport into canals,canals filled with mud,request-112-3-3
soil erosion,changes in land use,request-112-4-0
changes in land use,increased sediment production,request-112-4-1
increased sediment production,sediment transport into canals,request-112-4-2
sediment transport into canals,canals filled with mud,request-112-4-3
soil erosion,loss of soil structure,request-112-5-0
loss of soil structure,increased sediment in runoff,request-112-5-1
increased sediment in runoff,sediment accumulation in canals,request-112-5-2
sediment accumulation in canals,canals filled with mud,request-112-5-3
soil erosion,changes in hydrology,request-112-6-0
changes in hydrology,increased sediment transport,request-112-6-1
increased sediment transport,sediment accumulation in canals,request-112-6-2
sediment accumulation in canals,canals filled with mud,request-112-6-3
soil erosion,increased sediment yield,request-112-7-0
increased sediment yield,sediment transport into canals,request-112-7-1
sediment transport into canals,canals filled with mud,request-112-7-2
soil erosion,changes in land cover,request-112-8-0
changes in land cover,increased runoff velocity,request-112-8-1
increased runoff velocity,sediment transport into canals,request-112-8-2
sediment transport into canals,canals filled with mud,request-112-8-3
soil erosion,changes in soil properties,request-112-9-0
changes in soil properties,increased sediment production,request-112-9-1
increased sediment production,sediment transport into canals,request-112-9-2
sediment transport into canals,canals filled with mud,request-112-9-3
soil erosion,loss of soil nutrients,request-112-10-0
loss of soil nutrients,reduced vegetation growth,request-112-10-1
reduced vegetation growth,increased runoff velocity,request-112-10-2
increased runoff velocity,sediment transport into canals,request-112-10-3
sediment transport into canals,canals filled with mud,request-112-10-4
earthquakes,ground shaking,request-113-0-0
ground shaking,landslides,request-113-0-1
landslides,debris falling into canals,request-113-0-2
debris falling into canals,canals filled with mud,request-113-0-3
earthquakes,soil liquefaction,request-113-1-0
soil liquefaction,ground failure,request-113-1-1
ground failure,landslides into canals,request-113-1-2
landslides into canals,canals filled with mud,request-113-1-3
earthquakes,changes in water table,request-113-2-0
changes in water table,soil erosion,request-113-2-1
soil erosion,sediment deposition in canals,request-113-2-2
sediment deposition in canals,canals filled with mud,request-113-2-3
earthquakes,tsunamis,request-113-3-0
tsunamis,flooding,request-113-3-1
flooding,sediment deposition in canals,request-113-3-2
sediment deposition in canals,canals filled with mud,request-113-3-3
earthquakes,changes in river course,request-113-4-0
changes in river course,sediment deposition in canals,request-113-4-1
sediment deposition in canals,canals filled with mud,request-113-4-2
earthquakes,changes in groundwater flow,request-113-5-0
changes in groundwater flow,soil erosion,request-113-5-1
soil erosion,sediment deposition in canals,request-113-5-2
sediment deposition in canals,canals filled with mud,request-113-5-3
deforestation,soil erosion,request-114-0-0
soil erosion,increased sediment in waterways,request-114-0-1
increased sediment in waterways,dams filled with mud,request-114-0-2
deforestation,loss of tree roots to hold soil,request-114-1-0
loss of tree roots to hold soil,soil erosion,request-114-1-1
soil erosion,increased sediment in waterways,request-114-1-2
increased sediment in waterways,dams filled with mud,request-114-1-3
deforestation,changes in rainfall patterns,request-114-2-0
changes in rainfall patterns,increased runoff and soil erosion,request-114-2-1
increased runoff and soil erosion,increased sediment in waterways,request-114-2-2
increased sediment in waterways,dams filled with mud,request-114-2-3
deforestation,changes in local climate,request-114-3-0
changes in local climate,increased rainfall and soil erosion,request-114-3-1
increased rainfall and soil erosion,increased sediment in waterways,request-114-3-2
increased sediment in waterways,dams filled with mud,request-114-3-3
deforestation,changes in vegetation and soil composition,request-114-4-0
changes in vegetation and soil composition,increased soil erosion,request-114-4-1
increased soil erosion,increased sediment in waterways,request-114-4-2
increased sediment in waterways,dams filled with mud,request-114-4-3
deforestation,changes in land use and development,request-114-5-0
changes in land use and development,increased soil erosion,request-114-5-1
increased soil erosion,increased sediment in waterways,request-114-5-2
increased sediment in waterways,dams filled with mud,request-114-5-3
deforestation,changes in local ecosystems,request-114-6-0
changes in local ecosystems,increased soil erosion,request-114-6-1
increased soil erosion,increased sediment in waterways,request-114-6-2
increased sediment in waterways,dams filled with mud,request-114-6-3
deforestation,changes in water cycle and hydrology,request-114-7-0
changes in water cycle and hydrology,increased soil erosion,request-114-7-1
increased soil erosion,increased sediment in waterways,request-114-7-2
increased sediment in waterways,dams filled with mud,request-114-7-3
deforestation,changes in wildlife habitat,request-114-8-0
changes in wildlife habitat,increased soil erosion,request-114-8-1
increased soil erosion,increased sediment in waterways,request-114-8-2
increased sediment in waterways,dams filled with mud,request-114-8-3
deforestation,changes in soil structure and stability,request-114-9-0
changes in soil structure and stability,increased soil erosion,request-114-9-1
increased soil erosion,increased sediment in waterways,request-114-9-2
increased sediment in waterways,dams filled with mud,request-114-9-3
deforestation,changes in local biodiversity,request-114-10-0
changes in local biodiversity,increased soil erosion,request-114-10-1
increased soil erosion,increased sediment in waterways,request-114-10-2
increased sediment in waterways,dams filled with mud,request-114-10-3
deforestation,changes in local air quality,request-114-11-0
changes in local air quality,increased soil erosion,request-114-11-1
increased soil erosion,increased sediment in waterways,request-114-11-2
increased sediment in waterways,dams filled with mud,request-114-11-3
deforestation,changes in local water quality,request-114-12-0
changes in local water quality,increased soil erosion,request-114-12-1
increased soil erosion,increased sediment in waterways,request-114-12-2
increased sediment in waterways,dams filled with mud,request-114-12-3
rise in global temperatures,increased evaporation due to warmer air,request-115-0-0
increased evaporation due to warmer air,higher levels of atmospheric water vapor,request-115-0-1
higher levels of atmospheric water vapor,"increased frequency and intensity of extreme weather events, such as heavy rainfall",request-115-0-2
"increased frequency and intensity of extreme weather events, such as heavy rainfall",intensified soil erosion in regions with heavy rainfall,request-115-0-3
intensified soil erosion in regions with heavy rainfall,increased sediment transport in rivers and streams,request-115-0-4
increased sediment transport in rivers and streams,dams filled with mud,request-115-0-5
rise in global temperatures,thawing of permafrost and glaciers,request-115-1-0
thawing of permafrost and glaciers,increased sediment load in rivers and streams,request-115-1-1
increased sediment load in rivers and streams,intensified erosion of riverbanks and riverbeds,request-115-1-2
intensified erosion of riverbanks and riverbeds,increased sediment transport in rivers and streams,request-115-1-3
increased sediment transport in rivers and streams,dams filled with mud,request-115-1-4
rise in global temperatures,increased frequency and intensity of wildfires,request-115-2-0
increased frequency and intensity of wildfires,reduced vegetation cover and increased soil erosion,request-115-2-1
reduced vegetation cover and increased soil erosion,increased sediment transport in rivers and streams,request-115-2-2
increased sediment transport in rivers and streams,dams filled with mud,request-115-2-3
rise in global temperatures,changes in precipitation patterns,request-115-3-0
changes in precipitation patterns,"increased frequency and intensity of extreme weather events, such as heavy rainfall",request-115-3-1
"increased frequency and intensity of extreme weather events, such as heavy rainfall",intensified soil erosion in regions with heavy rainfall,request-115-3-2
intensified soil erosion in regions with heavy rainfall,increased sediment transport in rivers and streams,request-115-3-3
increased sediment transport in rivers and streams,dams filled with mud,request-115-3-4
rise in global temperatures,changes in ocean currents and sea levels,request-115-4-0
changes in ocean currents and sea levels,increased coastal erosion and flooding,request-115-4-1
increased coastal erosion and flooding,increased sediment transport in rivers and streams,request-115-4-2
increased sediment transport in rivers and streams,dams filled with mud,request-115-4-3
melting of glaciers,increased water flow in rivers,request-116-0-0
increased water flow in rivers,increased sediment erosion,request-116-0-1
increased sediment erosion,sediment accumulation in dams,request-116-0-2
sediment accumulation in dams,dams filled with mud,request-116-0-3
melting of glaciers,rising sea levels,request-116-1-0
rising sea levels,increased coastal erosion,request-116-1-1
increased coastal erosion,sediment transport into rivers,request-116-1-2
sediment transport into rivers,sediment accumulation in dams,request-116-1-3
sediment accumulation in dams,dams filled with mud,request-116-1-4
melting of glaciers,changes in weather patterns,request-116-2-0
changes in weather patterns,increased rainfall intensity,request-116-2-1
increased rainfall intensity,increased sediment erosion,request-116-2-2
increased sediment erosion,sediment accumulation in dams,request-116-2-3
sediment accumulation in dams,dams filled with mud,request-116-2-4
melting of glaciers,changes in ecosystems,request-116-3-0
changes in ecosystems,increased vegetation decay,request-116-3-1
increased vegetation decay,increased sediment erosion,request-116-3-2
increased sediment erosion,sediment accumulation in dams,request-116-3-3
sediment accumulation in dams,dams filled with mud,request-116-3-4
melting of glaciers,changes in water temperature,request-116-4-0
changes in water temperature,changes in aquatic ecosystems,request-116-4-1
changes in aquatic ecosystems,increased sediment erosion,request-116-4-2
increased sediment erosion,sediment accumulation in dams,request-116-4-3
sediment accumulation in dams,dams filled with mud,request-116-4-4
melting of glaciers,changes in water chemistry,request-116-5-0
changes in water chemistry,changes in aquatic ecosystems,request-116-5-1
changes in aquatic ecosystems,increased sediment erosion,request-116-5-2
increased sediment erosion,sediment accumulation in dams,request-116-5-3
sediment accumulation in dams,dams filled with mud,request-116-5-4
melting of glaciers,changes in water flow patterns,request-116-6-0
changes in water flow patterns,changes in riverbed erosion,request-116-6-1
changes in riverbed erosion,increased sediment erosion,request-116-6-2
increased sediment erosion,sediment accumulation in dams,request-116-6-3
sediment accumulation in dams,dams filled with mud,request-116-6-4
melting of glaciers,changes in water flow patterns,request-116-7-0
changes in water flow patterns,changes in sediment transport dynamics,request-116-7-1
changes in sediment transport dynamics,increased sediment erosion,request-116-7-2
increased sediment erosion,sediment accumulation in dams,request-116-7-3
sediment accumulation in dams,dams filled with mud,request-116-7-4
melting of glaciers,changes in water flow patterns,request-116-8-0
changes in water flow patterns,changes in river morphology,request-116-8-1
changes in river morphology,increased sediment erosion,request-116-8-2
increased sediment erosion,sediment accumulation in dams,request-116-8-3
sediment accumulation in dams,dams filled with mud,request-116-8-4
melting of glaciers,changes in water flow patterns,request-116-9-0
changes in water flow patterns,changes in river hydrology,request-116-9-1
changes in river hydrology,increased sediment erosion,request-116-9-2
increased sediment erosion,sediment accumulation in dams,request-116-9-3
sediment accumulation in dams,dams filled with mud,request-116-9-4
melting of glaciers,changes in water flow patterns,request-116-10-0
changes in water flow patterns,changes in river sediment load,request-116-10-1
changes in river sediment load,increased sediment erosion,request-116-10-2
increased sediment erosion,sediment accumulation in dams,request-116-10-3
sediment accumulation in dams,dams filled with mud,request-116-10-4
melting of glaciers,changes in water flow patterns,request-116-11-0
changes in water flow patterns,changes in river sediment transport capacity,request-116-11-1
changes in river sediment transport capacity,increased sediment erosion,request-116-11-2
increased sediment erosion,sediment accumulation in dams,request-116-11-3
sediment accumulation in dams,dams filled with mud,request-116-11-4
melting of glaciers,changes in water flow patterns,request-116-12-0
changes in water flow patterns,changes in river sediment budget,request-116-12-1
changes in river sediment budget,increased sediment erosion,request-116-12-2
increased sediment erosion,sediment accumulation in dams,request-116-12-3
sediment accumulation in dams,dams filled with mud,request-116-12-4
soil erosion,loss of topsoil,request-117-0-0
loss of topsoil,sediment accumulation in rivers,request-117-0-1
sediment accumulation in rivers,dams filled with mud,request-117-0-2
soil erosion,increased runoff,request-117-1-0
increased runoff,riverbank erosion,request-117-1-1
riverbank erosion,sediment accumulation in rivers,request-117-1-2
sediment accumulation in rivers,dams filled with mud,request-117-1-3
soil erosion,loss of vegetation cover,request-117-2-0
loss of vegetation cover,increased runoff,request-117-2-1
increased runoff,riverbank erosion,request-117-2-2
riverbank erosion,sediment accumulation in rivers,request-117-2-3
sediment accumulation in rivers,dams filled with mud,request-117-2-4
soil erosion,loss of topsoil,request-117-3-0
loss of topsoil,reduced water infiltration,request-117-3-1
reduced water infiltration,increased runoff,request-117-3-2
increased runoff,riverbank erosion,request-117-3-3
riverbank erosion,sediment accumulation in rivers,request-117-3-4
sediment accumulation in rivers,dams filled with mud,request-117-3-5
soil erosion,loss of vegetation cover,request-117-4-0
loss of vegetation cover,reduced water infiltration,request-117-4-1
reduced water infiltration,increased runoff,request-117-4-2
increased runoff,riverbank erosion,request-117-4-3
riverbank erosion,sediment accumulation in rivers,request-117-4-4
sediment accumulation in rivers,dams filled with mud,request-117-4-5
soil erosion,loss of topsoil,request-117-5-0
loss of topsoil,reduced water infiltration,request-117-5-1
reduced water infiltration,increased runoff,request-117-5-2
increased runoff,riverbank erosion,request-117-5-3
riverbank erosion,sediment accumulation in rivers,request-117-5-4
sediment accumulation in rivers,increased sedimentation rates,request-117-5-5
increased sedimentation rates,dams filled with mud,request-117-5-6
soil erosion,loss of vegetation cover,request-117-6-0
loss of vegetation cover,reduced water infiltration,request-117-6-1
reduced water infiltration,increased runoff,request-117-6-2
increased runoff,riverbank erosion,request-117-6-3
riverbank erosion,sediment accumulation in rivers,request-117-6-4
sediment accumulation in rivers,increased sedimentation rates,request-117-6-5
increased sedimentation rates,dams filled with mud,request-117-6-6
earthquakes,ground shaking,request-118-0-0
ground shaking,landslides,request-118-0-1
landslides,soil erosion,request-118-0-2
soil erosion,mud flow into dams,request-118-0-3
mud flow into dams,dams filled with mud,request-118-0-4
earthquakes,ground shaking,request-118-1-0
ground shaking,landslides,request-118-1-1
landslides,debris blocking rivers,request-118-1-2
debris blocking rivers,water accumulation,request-118-1-3
water accumulation,mud formation,request-118-1-4
mud formation,dams filled with mud,request-118-1-5
earthquakes,ground shaking,request-118-2-0
ground shaking,landslides,request-118-2-1
landslides,river course changes,request-118-2-2
river course changes,water flow disruption,request-118-2-3
water flow disruption,mud formation,request-118-2-4
mud formation,dams filled with mud,request-118-2-5
earthquakes,ground shaking,request-118-3-0
ground shaking,landslides,request-118-3-1
landslides,soil liquefaction,request-118-3-2
soil liquefaction,mud formation,request-118-3-3
mud formation,mud flow into dams,request-118-3-4
mud flow into dams,dams filled with mud,request-118-3-5
earthquakes,ground shaking,request-118-4-0
ground shaking,landslides,request-118-4-1
landslides,river blockage,request-118-4-2
river blockage,water accumulation,request-118-4-3
water accumulation,mud formation,request-118-4-4
mud formation,dams filled with mud,request-118-4-5
earthquakes,ground shaking,request-118-5-0
ground shaking,landslides,request-118-5-1
landslides,soil erosion,request-118-5-2
soil erosion,sediment accumulation,request-118-5-3
sediment accumulation,mud formation,request-118-5-4
mud formation,dams filled with mud,request-118-5-5
earthquakes,ground shaking,request-118-6-0
ground shaking,landslides,request-118-6-1
landslides,river course changes,request-118-6-2
river course changes,water flow disruption,request-118-6-3
water flow disruption,sediment accumulation,request-118-6-4
sediment accumulation,mud formation,request-118-6-5
mud formation,dams filled with mud,request-118-6-6
earthquakes,ground shaking,request-118-7-0
ground shaking,landslides,request-118-7-1
landslides,river blockage,request-118-7-2
river blockage,water accumulation,request-118-7-3
water accumulation,sediment accumulation,request-118-7-4
sediment accumulation,mud formation,request-118-7-5
mud formation,dams filled with mud,request-118-7-6
unplanned urbanization and infrastructure development,which results in decreased water absorption capacity of the soil,request-119-0-0
which results in decreased water absorption capacity of the soil,causing increased surface runoff,request-119-0-1
causing increased surface runoff,leading to fast water flow,request-119-0-2
unplanned urbanization and infrastructure development,results in the construction of impervious surfaces such as roads and buildings,request-119-1-0
results in the construction of impervious surfaces such as roads and buildings,which reduces the amount of water that can infiltrate the soil,request-119-1-1
which reduces the amount of water that can infiltrate the soil,causing increased surface runoff,request-119-1-2
causing increased surface runoff,leading to fast water flow,request-119-1-3
unplanned urbanization and infrastructure development,which results in increased surface runoff,request-119-2-0
which results in increased surface runoff,causing fast water flow,request-119-2-1
unplanned urbanization and infrastructure development,results in the alteration of natural drainage patterns,request-119-3-0
results in the alteration of natural drainage patterns,which,request-119-3-1
which,causing fast water flow,request-119-3-2
unplanned urbanization and infrastructure development,which reduces the capacity of the natural environment to absorb water,request-119-4-0
which reduces the capacity of the natural environment to absorb water,causing increased surface runoff,request-119-4-1
causing increased surface runoff,leading to fast water flow,request-119-4-2
sports utility vehicle,high fuel consumption due to larger size and weight,request-120-0-0
high fuel consumption due to larger size and weight,increased greenhouse gas emissions from burning more fuel,request-120-0-1
increased greenhouse gas emissions from burning more fuel,contribution to global warming and climate change,request-120-0-2
sports utility vehicle,manufacturing process of sports utility vehicles,request-120-1-0
manufacturing process of sports utility vehicles,energyintensive production and high carbon footprint,request-120-1-1
energyintensive production and high carbon footprint,increased greenhouse gas emissions from manufacturing,request-120-1-2
increased greenhouse gas emissions from manufacturing,contribution to global warming and climate change,request-120-1-3
sports utility vehicle,popularity and increased demand for sports utility vehicles,request-120-2-0
popularity and increased demand for sports utility vehicles,higher production rates of sports utility vehicles,request-120-2-1
higher production rates of sports utility vehicles,increased greenhouse gas emissions from manufacturing and use,request-120-2-2
increased greenhouse gas emissions from manufacturing and use,contribution to global warming and climate change,request-120-2-3
sports utility vehicle,larger size and weight requiring more resources to build,request-120-3-0
larger size and weight requiring more resources to build,higher carbon footprint in the extraction and processing of raw materials,request-120-3-1
higher carbon footprint in the extraction and processing of raw materials,increased greenhouse gas emissions from manufacturing,request-120-3-2
increased greenhouse gas emissions from manufacturing,contribution to global warming and climate change,request-120-3-3
sports utility vehicle,lower fuel efficiency compared to smaller vehicles,request-120-4-0
lower fuel efficiency compared to smaller vehicles,higher greenhouse gas emissions per mile driven,request-120-4-1
higher greenhouse gas emissions per mile driven,increased overall emissions due to popularity and sales,request-120-4-2
increased overall emissions due to popularity and sales,contribution to global warming and climate change,request-120-4-3
fossil fuels are burned for energy,burning fossil fuels releases carbon dioxide into the atmosphere,request-121-0-0
burning fossil fuels releases carbon dioxide into the atmosphere,carbon dioxide traps heat in the earth's atmosphere,request-121-0-1
carbon dioxide traps heat in the earth's atmosphere,trapped heat,request-121-0-2
trapped heat,increased global temperatures cause climate change,request-121-0-3
fossil fuels are burned for energy,burning fossil fuels releases methane into the atmosphere,request-121-1-0
burning fossil fuels releases methane into the atmosphere,methane traps heat in the earth's atmosphere,request-121-1-1
methane traps heat in the earth's atmosphere,trapped heat,request-121-1-2
trapped heat,increased global temperatures cause climate change,request-121-1-3
fossil fuels are burned for energy,burning fossil fuels releases nitrous oxide into the atmosphere,request-121-2-0
burning fossil fuels releases nitrous oxide into the atmosphere,nitrous oxide traps heat in the earth's atmosphere,request-121-2-1
nitrous oxide traps heat in the earth's atmosphere,trapped heat,request-121-2-2
trapped heat,increased global temperatures cause climate change,request-121-2-3
fossil fuels are burned for energy,burning fossil fuels releases black carbon into the atmosphere,request-121-3-0
burning fossil fuels releases black carbon into the atmosphere,black carbon absorbs sunlight and warms the atmosphere,request-121-3-1
black carbon absorbs sunlight and warms the atmosphere,warmer atmosphere,request-121-3-2
warmer atmosphere,increased global temperatures cause climate change,request-121-3-3
fossil fuels are burned for energy,burning fossil fuels releases sulfur dioxide into the atmosphere,request-121-4-0
burning fossil fuels releases sulfur dioxide into the atmosphere,sulfur dioxide forms sulfate aerosols that reflect sunlight back into space,request-121-4-1
sulfur dioxide forms sulfate aerosols that reflect sunlight back into space,reflected sunlight,request-121-4-2
reflected sunlight,temporary cooling effect masks the true extent of global warming,request-121-4-3
temporary cooling effect masks the true extent of global warming,masked global warming contributes to climate change,request-121-4-4
human activity,increased use of fossil fuels,request-122-0-0
increased use of fossil fuels,higher greenhouse gas emissions,request-122-0-1
higher greenhouse gas emissions,enhanced greenhouse effect,request-122-0-2
enhanced greenhouse effect,rising global temperatures,request-122-0-3
rising global temperatures,climate change,request-122-0-4
human activity,deforestation,request-122-1-0
deforestation,reduced carbon dioxide absorption,request-122-1-1
reduced carbon dioxide absorption,increased atmospheric carbon dioxide,request-122-1-2
increased atmospheric carbon dioxide,enhanced greenhouse effect,request-122-1-3
enhanced greenhouse effect,rising global temperatures,request-122-1-4
rising global temperatures,climate change,request-122-1-5
human activity,industrialization,request-122-2-0
industrialization,increased production of industrial gases,request-122-2-1
increased production of industrial gases,higher greenhouse gas emissions,request-122-2-2
higher greenhouse gas emissions,enhanced greenhouse effect,request-122-2-3
enhanced greenhouse effect,rising global temperatures,request-122-2-4
rising global temperatures,climate change,request-122-2-5
human activity,agriculture and livestock farming,request-122-3-0
agriculture and livestock farming,increased methane and nitrous oxide emissions,request-122-3-1
increased methane and nitrous oxide emissions,strengthened greenhouse effect,request-122-3-2
strengthened greenhouse effect,rising global temperatures,request-122-3-3
rising global temperatures,climate change,request-122-3-4
human activity,urbanization and infrastructure development,request-122-4-0
urbanization and infrastructure development,albedo changes due to landuse modifications,request-122-4-1
albedo changes due to landuse modifications,changes in earth's energy balance,request-122-4-2
changes in earth's energy balance,rising global temperatures,request-122-4-3
rising global temperatures,climate change,request-122-4-4
climate change,increase in global temperatures,request-123-0-0
increase in global temperatures,melting of polar ice caps,request-123-0-1
melting of polar ice caps,rising sea levels,request-123-0-2
rising sea levels,coastal habitat loss,request-123-0-3
coastal habitat loss,reduction in available habitats for species,request-123-0-4
reduction in available habitats for species,increased competition for resources among species,request-123-0-5
increased competition for resources among species,decreased survival and reproduction rates for certain species,request-123-0-6
decreased survival and reproduction rates for certain species,species at risk of extinction,request-123-0-7
climate change,increase in global temperatures,request-123-1-0
increase in global temperatures,changes in precipitation patterns,request-123-1-1
changes in precipitation patterns,alteration of ecosystems and habitats,request-123-1-2
alteration of ecosystems and habitats,disruption of species' life cycles,request-123-1-3
disruption of species' life cycles,decreased survival and reproduction rates for certain species,request-123-1-4
decreased survival and reproduction rates for certain species,species at risk of extinction,request-123-1-5
climate change,increase in global temperatures,request-123-2-0
increase in global temperatures,increase in frequency and intensity of extreme weather events,request-123-2-1
increase in frequency and intensity of extreme weather events,destruction of habitats and ecosystems,request-123-2-2
destruction of habitats and ecosystems,loss of food sources and shelter for species,request-123-2-3
loss of food sources and shelter for species,decreased survival and reproduction rates for certain species,request-123-2-4
decreased survival and reproduction rates for certain species,species at risk of extinction,request-123-2-5
climate change,increase in global temperatures,request-123-3-0
increase in global temperatures,changes in ocean temperatures and currents,request-123-3-1
changes in ocean temperatures and currents,disruption of marine ecosystems,request-123-3-2
disruption of marine ecosystems,decrease in food availability for marine species,request-123-3-3
decrease in food availability for marine species,decreased survival and reproduction rates for certain marine species,request-123-3-4
decreased survival and reproduction rates for certain marine species,species at risk of extinction,request-123-3-5
climate change,increase in global temperatures,request-123-4-0
increase in global temperatures,changes in vegetation patterns,request-123-4-1
changes in vegetation patterns,disruption of food chains and ecosystems,request-123-4-2
disruption of food chains and ecosystems,decreased survival and reproduction rates for certain species,request-123-4-3
decreased survival and reproduction rates for certain species,species at risk of extinction,request-123-4-4
climate change,increase in global temperatures,request-123-5-0
increase in global temperatures,changes in disease vectors and patterns,request-123-5-1
changes in disease vectors and patterns,increased prevalence of diseases among species,request-123-5-2
increased prevalence of diseases among species,decreased survival and reproduction rates for certain species,request-123-5-3
decreased survival and reproduction rates for certain species,species at risk of extinction,request-123-5-4
excess of co2,increased atmospheric co2 concentration,request-124-0-0
increased atmospheric co2 concentration,increased co2 absorption by plants,request-124-0-1
increased co2 absorption by plants,enhanced photosynthesis in plants,request-124-0-2
enhanced photosynthesis in plants,increased production of plant biomass,request-124-0-3
increased production of plant biomass,thickening of plants' leaves,request-124-0-4
excess of co2,increased atmospheric co2 concentration,request-124-1-0
increased atmospheric co2 concentration,increased co2 absorption by plants,request-124-1-1
increased co2 absorption by plants,enhanced photosynthesis in plants,request-124-1-2
enhanced photosynthesis in plants,increased carbohydrate production,request-124-1-3
increased carbohydrate production,thickening of plants' leaves,request-124-1-4
excess of co2,increased atmospheric co2 concentration,request-124-2-0
increased atmospheric co2 concentration,increased co2 absorption by plants,request-124-2-1
increased co2 absorption by plants,enhanced photosynthesis in plants,request-124-2-2
enhanced photosynthesis in plants,increased water use efficiency,request-124-2-3
increased water use efficiency,thickening of plants' leaves,request-124-2-4
excess of co2,increased atmospheric co2 concentration,request-124-3-0
increased atmospheric co2 concentration,increased co2 absorption by plants,request-124-3-1
increased co2 absorption by plants,enhanced photosynthesis in plants,request-124-3-2
enhanced photosynthesis in plants,increased nitrogen uptake,request-124-3-3
increased nitrogen uptake,thickening of plants' leaves,request-124-3-4
excess of co2,increased atmospheric co2 concentration,request-124-4-0
increased atmospheric co2 concentration,increased co2 absorption by plants,request-124-4-1
increased co2 absorption by plants,enhanced photosynthesis in plants,request-124-4-2
enhanced photosynthesis in plants,increased production of plant hormones,request-124-4-3
increased production of plant hormones,thickening of plants' leaves,request-124-4-4
excess of co2,increased atmospheric co2 concentration,request-124-5-0
increased atmospheric co2 concentration,increased co2 absorption by plants,request-124-5-1
increased co2 absorption by plants,enhanced photosynthesis in plants,request-124-5-2
enhanced photosynthesis in plants,increased leaf area,request-124-5-3
increased leaf area,thickening of plants' leaves,request-124-5-4
thickening of plants' leaves,decreased light penetration to lower leaves,request-125-0-0
decreased light penetration to lower leaves,reduced photosynthesis in lower leaves,request-125-0-1
reduced photosynthesis in lower leaves,lower production of oxygen and energy,request-125-0-2
lower production of oxygen and energy,insufficient energy for plant growth and survival,request-125-0-3
insufficient energy for plant growth and survival,suffocation of the plants,request-125-0-4
thickening of plants' leaves,increased surface area for pathogen growth,request-125-1-0
increased surface area for pathogen growth,increased susceptibility to diseases,request-125-1-1
increased susceptibility to diseases,damage to plant tissue,request-125-1-2
damage to plant tissue,impaired gas exchange and nutrient uptake,request-125-1-3
impaired gas exchange and nutrient uptake,suffocation of the plants,request-125-1-4
thickening of plants' leaves,increased water retention,request-125-2-0
increased water retention,higher humidity around leaves,request-125-2-1
higher humidity around leaves,favorable conditions for fungal growth,request-125-2-2
favorable conditions for fungal growth,development of fungal diseases,request-125-2-3
development of fungal diseases,damage to plant tissue,request-125-2-4
damage to plant tissue,impaired gas exchange and nutrient uptake,request-125-2-5
impaired gas exchange and nutrient uptake,suffocation of the plants,request-125-2-6
thickening of plants' leaves,increased water retention,request-125-3-0
increased water retention,higher water loss through transpiration,request-125-3-1
higher water loss through transpiration,water stress in plants,request-125-3-2
water stress in plants,reduced water and nutrient uptake,request-125-3-3
reduced water and nutrient uptake,impaired plant growth and development,request-125-3-4
impaired plant growth and development,suffocation of the plants,request-125-3-5
thickening of plants' leaves,increased surface area for insect infestation,request-125-4-0
increased surface area for insect infestation,higher likelihood of insect damage,request-125-4-1
higher likelihood of insect damage,damage to plant tissue,request-125-4-2
damage to plant tissue,impaired gas exchange and nutrient uptake,request-125-4-3
impaired gas exchange and nutrient uptake,suffocation of the plants,request-125-4-4
thickening of plants' leaves,increased shade for lower leaves,request-125-5-0
increased shade for lower leaves,lower production of energy and oxygen,request-125-5-1
lower production of energy and oxygen,reduced plant growth and development,request-125-5-2
reduced plant growth and development,suffocation of the plants,request-125-5-3
co2 emissions,increased atmospheric co2 concentration,request-126-0-0
increased atmospheric co2 concentration,ocean co2 absorption,request-126-0-1
ocean co2 absorption,carbonic acid formation,request-126-0-2
carbonic acid formation,ocean acidification,request-126-0-3
co2 emissions,increased greenhouse effect,request-126-1-0
increased greenhouse effect,global warming,request-126-1-1
global warming,ocean warming,request-126-1-2
ocean warming,decreased co2 solubility in ocean,request-126-1-3
decreased co2 solubility in ocean,increased co2 concentration in ocean,request-126-1-4
increased co2 concentration in ocean,carbonic acid formation,request-126-1-5
carbonic acid formation,ocean acidification,request-126-1-6
co2 emissions,increased atmospheric co2 concentration,request-126-2-0
increased atmospheric co2 concentration,ocean co2 absorption,request-126-2-1
ocean co2 absorption,decreased ocean ph,request-126-2-2
decreased ocean ph,increased hydrogen ion concentration,request-126-2-3
increased hydrogen ion concentration,carbonic acid formation,request-126-2-4
carbonic acid formation,ocean acidification,request-126-2-5
co2 emissions,increased greenhouse effect,request-126-3-0
increased greenhouse effect,global warming,request-126-3-1
global warming,ocean warming,request-126-3-2
ocean warming,decreased co2 solubility in ocean,request-126-3-3
decreased co2 solubility in ocean,increased co2 concentration in ocean,request-126-3-4
increased co2 concentration in ocean,decreased ocean ph,request-126-3-5
decreased ocean ph,increased hydrogen ion concentration,request-126-3-6
increased hydrogen ion concentration,carbonic acid formation,request-126-3-7
carbonic acid formation,ocean acidification,request-126-3-8
increase in co2,increased atmospheric co2,request-127-0-0
increased atmospheric co2,higher co2 levels in the atmosphere,request-127-0-1
higher co2 levels in the atmosphere,increased absorption of co2 by seawater,request-127-0-2
increased absorption of co2 by seawater,increased concentration of carbonic acid in seawater,request-127-0-3
increased concentration of carbonic acid in seawater,decreased ph levels in seawater,request-127-0-4
decreased ph levels in seawater,ocean acidification,request-127-0-5
increase in co2,higher levels of co2 in the air,request-127-1-0
higher levels of co2 in the air,greater absorption of co2 by the ocean,request-127-1-1
greater absorption of co2 by the ocean,increased production of carbonic acid,request-127-1-2
increased production of carbonic acid,lower ph levels in the ocean,request-127-1-3
lower ph levels in the ocean,ocean acidification,request-127-1-4
increase in co2,more co2 in the atmosphere,request-127-2-0
more co2 in the atmosphere,increased uptake of co2 by seawater,request-127-2-1
increased uptake of co2 by seawater,increased formation of carbonic acid,request-127-2-2
increased formation of carbonic acid,decreased ph levels in seawater,request-127-2-3
decreased ph levels in seawater,ocean acidification,request-127-2-4
increase in co2,elevated co2 concentrations in the air,request-127-3-0
elevated co2 concentrations in the air,increased dissolution of co2 in seawater,request-127-3-1
increased dissolution of co2 in seawater,greater production of carbonic acid,request-127-3-2
greater production of carbonic acid,lowered ph levels in the ocean,request-127-3-3
lowered ph levels in the ocean,ocean acidification,request-127-3-4
increase in co2,rising co2 levels in the atmosphere,request-127-4-0
rising co2 levels in the atmosphere,increased absorption of co2 by the ocean,request-127-4-1
increased absorption of co2 by the ocean,increased carbonic acid formation,request-127-4-2
increased carbonic acid formation,decreased ocean ph levels,request-127-4-3
decreased ocean ph levels,ocean acidification,request-127-4-4
fossil fuels are burned for energy,burning fossil fuels releases carbon dioxide into the atmosphere,request-128-0-0
burning fossil fuels releases carbon dioxide into the atmosphere,carbon dioxide in the atmosphere increases the greenhouse effect,request-128-0-1
carbon dioxide in the atmosphere increases the greenhouse effect,the greenhouse effect,request-128-0-2
the greenhouse effect,global warming causes the melting of polar ice caps,request-128-0-3
global warming causes the melting of polar ice caps,melting of polar ice caps,request-128-0-4
melting of polar ice caps,rising sea levels cause coastal flooding,request-128-0-5
rising sea levels cause coastal flooding,coastal flooding,request-128-0-6
coastal flooding,displacement of carbon stored in coastal ecosystems results in the depletion of ground carbon,request-128-0-7
fossil fuels are burned for energy,burning fossil fuels releases carbon dioxide into the atmosphere,request-128-1-0
burning fossil fuels releases carbon dioxide into the atmosphere,carbon dioxide in the atmosphere increases the greenhouse effect,request-128-1-1
carbon dioxide in the atmosphere increases the greenhouse effect,the greenhouse effect,request-128-1-2
the greenhouse effect,global warming causes changes in precipitation patterns,request-128-1-3
global warming causes changes in precipitation patterns,changes in precipitation patterns lead to increased soil erosion,request-128-1-4
changes in precipitation patterns lead to increased soil erosion,increased soil erosion causes the loss of carbonrich topsoil,request-128-1-5
increased soil erosion causes the loss of carbonrich topsoil,loss of carbonrich topsoil results in the depletion of ground carbon,request-128-1-6
fossil fuels are burned for energy,burning fossil fuels releases carbon dioxide into the atmosphere,request-128-2-0
burning fossil fuels releases carbon dioxide into the atmosphere,carbon dioxide in the atmosphere increases the greenhouse effect,request-128-2-1
carbon dioxide in the atmosphere increases the greenhouse effect,the greenhouse effect,request-128-2-2
the greenhouse effect,global warming causes changes in ocean temperatures,request-128-2-3
global warming causes changes in ocean temperatures,changes in ocean temperatures lead to the death of marine life,request-128-2-4
changes in ocean temperatures lead to the death of marine life,death of marine life causes the decomposition of organic matter,request-128-2-5
death of marine life causes the decomposition of organic matter,decomposition of organic matter releases carbon into the atmosphere,request-128-2-6
decomposition of organic matter releases carbon into the atmosphere,released carbon,request-128-2-7
fossil fuels are burned for energy,burning fossil fuels releases carbon dioxide into the atmosphere,request-128-3-0
burning fossil fuels releases carbon dioxide into the atmosphere,carbon dioxide in the atmosphere increases the greenhouse effect,request-128-3-1
carbon dioxide in the atmosphere increases the greenhouse effect,the greenhouse effect,request-128-3-2
the greenhouse effect,global warming causes changes in vegetation patterns,request-128-3-3
global warming causes changes in vegetation patterns,changes in vegetation patterns lead to the loss of carbonstoring forests,request-128-3-4
changes in vegetation patterns lead to the loss of carbonstoring forests,loss of carbonstoring forests results in the depletion of ground carbon,request-128-3-5
climate change,increase in frequency and intensity of natural disasters,request-129-0-0
increase in frequency and intensity of natural disasters,higher risk of property damage,request-129-0-1
higher risk of property damage,insurance companies raise premiums to cover increased payouts,request-129-0-2
insurance companies raise premiums to cover increased payouts,homeowners face higher insurance premiums and spend more on insurance,request-129-0-3
climate change,rising sea levels and coastal flooding,request-129-1-0
rising sea levels and coastal flooding,greater risk of property damage in coastal areas,request-129-1-1
greater risk of property damage in coastal areas,insurance companies increase premiums for coastal properties,request-129-1-2
insurance companies increase premiums for coastal properties,homeowners in coastal areas see an increase in insurance premiums and spend more on insurance,request-129-1-3
climate change,more frequent and severe heatwaves,request-129-2-0
more frequent and severe heatwaves,increased risk of wildfires in certain regions,request-129-2-1
increased risk of wildfires in certain regions,higher risk of property damage due to wildfires,request-129-2-2
higher risk of property damage due to wildfires,insurance companies raise premiums for properties in wildfireprone areas,request-129-2-3
insurance companies raise premiums for properties in wildfireprone areas,homeowners in these regions face higher insurance premiums and spend more on insurance,request-129-2-4
climate change,changes in precipitation patterns,request-129-3-0
changes in precipitation patterns,increased risk of water damage and flooding in certain areas,request-129-3-1
increased risk of water damage and flooding in certain areas,higher risk of property damage due to waterrelated incidents,request-129-3-2
higher risk of property damage due to waterrelated incidents,insurance companies raise premiums for properties in floodprone areas,request-129-3-3
insurance companies raise premiums for properties in floodprone areas,homeowners in these regions see an increase in insurance premiums and spend more on insurance,request-129-3-4
climate change,more frequent and severe storms,request-129-4-0
more frequent and severe storms,"higher risk of property damage from wind, hail, and other stormrelated incidents",request-129-4-1
"higher risk of property damage from wind, hail, and other stormrelated incidents",insurance companies raise premiums to cover increased payouts,request-129-4-2
insurance companies raise premiums to cover increased payouts,homeowners face higher insurance premiums and spend more on insurance,request-129-4-3
climate change,rising temperatures and changing weather patterns,request-129-5-0
rising temperatures and changing weather patterns,increased risk of property damage from various climaterelated incidents,request-129-5-1
increased risk of property damage from various climaterelated incidents,insurance companies raise premiums to cover increased payouts,request-129-5-2
insurance companies raise premiums to cover increased payouts,homeowners face higher insurance premiums and spend more on insurance,request-129-5-3
humans waste resources,planet's natural resources deplete,request-130-0-0
planet's natural resources deplete,increased demand for new resource extraction,request-130-0-1
increased demand for new resource extraction,deforestation and habitat destruction,request-130-0-2
deforestation and habitat destruction,reduced carbon dioxide absorption,request-130-0-3
reduced carbon dioxide absorption,increased greenhouse gases in the atmosphere,request-130-0-4
increased greenhouse gases in the atmosphere,global warming and climate change,request-130-0-5
humans waste resources,increased production of goods to meet demands,request-130-1-0
increased production of goods to meet demands,increased energy consumption,request-130-1-1
increased energy consumption,higher carbon emissions from burning fossil fuels,request-130-1-2
higher carbon emissions from burning fossil fuels,increased greenhouse gases in the atmosphere,request-130-1-3
increased greenhouse gases in the atmosphere,global warming and climate change,request-130-1-4
humans waste resources,more waste generated,request-130-2-0
more waste generated,increased landfill use,request-130-2-1
increased landfill use,methane production from landfills,request-130-2-2
methane production from landfills,increased greenhouse gases in the atmosphere,request-130-2-3
increased greenhouse gases in the atmosphere,global warming and climate change,request-130-2-4
humans waste resources,inefficient use of water,request-130-3-0
inefficient use of water,decreased water availability for plants,request-130-3-1
decreased water availability for plants,reduced carbon dioxide absorption,request-130-3-2
reduced carbon dioxide absorption,increased greenhouse gases in the atmosphere,request-130-3-3
increased greenhouse gases in the atmosphere,global warming and climate change,request-130-3-4
humans waste resources,increased demand for mining and drilling,request-130-4-0
increased demand for mining and drilling,habitat destruction and soil erosion,request-130-4-1
habitat destruction and soil erosion,reduced carbon dioxide absorption,request-130-4-2
reduced carbon dioxide absorption,increased greenhouse gases in the atmosphere,request-130-4-3
increased greenhouse gases in the atmosphere,global warming and climate change,request-130-4-4
humans' waste of energy,increased greenhouse gas emissions,request-131-0-0
increased greenhouse gas emissions,enhanced greenhouse effect,request-131-0-1
enhanced greenhouse effect,rising global temperatures,request-131-0-2
rising global temperatures,climate change,request-131-0-3
humans' waste of energy,increased burning of fossil fuels,request-131-1-0
increased burning of fossil fuels,higher levels of carbon dioxide in the atmosphere,request-131-1-1
higher levels of carbon dioxide in the atmosphere,enhanced greenhouse effect,request-131-1-2
enhanced greenhouse effect,rising global temperatures,request-131-1-3
rising global temperatures,climate change,request-131-1-4
humans' waste of energy,higher energy consumption,request-131-2-0
higher energy consumption,increased demand for electricity,request-131-2-1
increased demand for electricity,more fossil fuelbased power generation,request-131-2-2
more fossil fuelbased power generation,increased greenhouse gas emissions,request-131-2-3
increased greenhouse gas emissions,enhanced greenhouse effect,request-131-2-4
enhanced greenhouse effect,rising global temperatures,request-131-2-5
rising global temperatures,climate change,request-131-2-6
humans' waste of energy,inefficient use of resources,request-131-3-0
inefficient use of resources,deforestation for energy production,request-131-3-1
deforestation for energy production,reduced carbon dioxide absorption by trees,request-131-3-2
reduced carbon dioxide absorption by trees,increased greenhouse gas concentrations,request-131-3-3
increased greenhouse gas concentrations,enhanced greenhouse effect,request-131-3-4
enhanced greenhouse effect,rising global temperatures,request-131-3-5
rising global temperatures,climate change,request-131-3-6
humans' waste of energy,increased energy demand,request-131-4-0
increased energy demand,higher fossil fuel extraction and transportation,request-131-4-1
higher fossil fuel extraction and transportation,methane leakage during extraction and transportation,request-131-4-2
methane leakage during extraction and transportation,increased atmospheric methane levels,request-131-4-3
increased atmospheric methane levels,enhanced greenhouse effect,request-131-4-4
enhanced greenhouse effect,rising global temperatures,request-131-4-5
rising global temperatures,climate change,request-131-4-6
humans' waste of energy,increased use of inefficient appliances and vehicles,request-131-5-0
increased use of inefficient appliances and vehicles,higher fuel consumption,request-131-5-1
higher fuel consumption,increased greenhouse gas emissions,request-131-5-2
increased greenhouse gas emissions,enhanced greenhouse effect,request-131-5-3
enhanced greenhouse effect,rising global temperatures,request-131-5-4
rising global temperatures,climate change,request-131-5-5
humans' waste of energy,inefficient industrial processes,request-131-6-0
inefficient industrial processes,increased industrial greenhouse gas emissions,request-131-6-1
increased industrial greenhouse gas emissions,enhanced greenhouse effect,request-131-6-2
enhanced greenhouse effect,rising global temperatures,request-131-6-3
rising global temperatures,climate change,request-131-6-4
humans' waste of energy,higher energy consumption in buildings,request-131-7-0
higher energy consumption in buildings,increased heating and cooling demands,request-131-7-1
increased heating and cooling demands,more fossil fuelbased energy generation,request-131-7-2
more fossil fuelbased energy generation,increased greenhouse gas emissions,request-131-7-3
increased greenhouse gas emissions,enhanced greenhouse effect,request-131-7-4
enhanced greenhouse effect,rising global temperatures,request-131-7-5
rising global temperatures,climate change,request-131-7-6
humans waste fossil fuels,burning fossil fuels releases carbon dioxide into the atmosphere,request-132-0-0
burning fossil fuels releases carbon dioxide into the atmosphere,increased carbon dioxide levels trap more heat in the atmosphere,request-132-0-1
increased carbon dioxide levels trap more heat in the atmosphere,trapped heat,request-132-0-2
trapped heat,rising temperatures cause climate change,request-132-0-3
humans waste fossil fuels,burning fossil fuels releases methane into the atmosphere,request-132-1-0
burning fossil fuels releases methane into the atmosphere,methane is a potent greenhouse gas that traps more heat than carbon dioxide,request-132-1-1
methane is a potent greenhouse gas that traps more heat than carbon dioxide,trapped heat,request-132-1-2
trapped heat,rising temperatures cause climate change,request-132-1-3
humans waste fossil fuels,burning fossil fuels releases particulate matter into the atmosphere,request-132-2-0
burning fossil fuels releases particulate matter into the atmosphere,"particulate matter absorbs and reflects sunlight, altering the earth's energy balance",request-132-2-1
"particulate matter absorbs and reflects sunlight, altering the earth's energy balance",changes in the earth's energy balance lead to a rise in global temperatures,request-132-2-2
changes in the earth's energy balance lead to a rise in global temperatures,rising temperatures cause climate change,request-132-2-3
humans waste fossil fuels,burning fossil fuels releases sulfur dioxide into the atmosphere,request-132-3-0
burning fossil fuels releases sulfur dioxide into the atmosphere,sulfur dioxide contributes to the formation of acid rain,request-132-3-1
sulfur dioxide contributes to the formation of acid rain,"acid rain can damage forests and crops, reducing their ability to absorb carbon dioxide",request-132-3-2
"acid rain can damage forests and crops, reducing their ability to absorb carbon dioxide",reduced carbon dioxide absorption,request-132-3-3
reduced carbon dioxide absorption,increased carbon dioxide levels trap more heat in the atmosphere,request-132-3-4
increased carbon dioxide levels trap more heat in the atmosphere,trapped heat,request-132-3-5
trapped heat,rising temperatures cause climate change,request-132-3-6
humans waste fossil fuels,burning fossil fuels releases nitrogen oxides into the atmosphere,request-132-4-0
burning fossil fuels releases nitrogen oxides into the atmosphere,nitrogen oxides contribute to the formation of groundlevel ozone,request-132-4-1
nitrogen oxides contribute to the formation of groundlevel ozone,"groundlevel ozone can damage plants, reducing their ability to absorb carbon dioxide",request-132-4-2
"groundlevel ozone can damage plants, reducing their ability to absorb carbon dioxide",reduced carbon dioxide absorption,request-132-4-3
reduced carbon dioxide absorption,increased carbon dioxide levels trap more heat in the atmosphere,request-132-4-4
increased carbon dioxide levels trap more heat in the atmosphere,trapped heat,request-132-4-5
trapped heat,rising temperatures cause climate change,request-132-4-6
humans waste resources,this,request-133-0-0
this,deforestation and habitat destruction bring humans and animals into closer contact,request-133-0-1
deforestation and habitat destruction bring humans and animals into closer contact,closer contact between humans and animals increases the risk of zoonotic diseases,request-133-0-2
closer contact between humans and animals increases the risk of zoonotic diseases,"zoonotic diseases can spread from animals to humans, causing pandemics",request-133-0-3
"zoonotic diseases can spread from animals to humans, causing pandemics","pandemics result in widespread illness and death, as well as social and economic disruption",request-133-0-4
"pandemics result in widespread illness and death, as well as social and economic disruption",pandemics can also lead to further resource depletion as resources are diverted to manage the crisis,request-133-0-5
pandemics can also lead to further resource depletion as resources are diverted to manage the crisis,"resource depletion can then lead to further waste of resources, creating a vicious cycle",request-133-0-6
"resource depletion can then lead to further waste of resources, creating a vicious cycle",pandemics,request-133-0-7
humans waste resources,this,request-133-1-0
this,overuse of antibiotics contributes to the development of antibioticresistant bacteria,request-133-1-1
overuse of antibiotics contributes to the development of antibioticresistant bacteria,antibioticresistant bacteria can cause pandemics that are difficult to treat,request-133-1-2
antibioticresistant bacteria can cause pandemics that are difficult to treat,"pandemics result in widespread illness and death, as well as social and economic disruption",request-133-1-3
"pandemics result in widespread illness and death, as well as social and economic disruption",pandemics can also lead to further resource depletion as resources are diverted to manage the crisis,request-133-1-4
pandemics can also lead to further resource depletion as resources are diverted to manage the crisis,"resource depletion can then lead to further waste of resources, creating a vicious cycle",request-133-1-5
"resource depletion can then lead to further waste of resources, creating a vicious cycle",pandemics,request-133-1-6
humans waste resources,this,request-133-2-0
this,pollution can weaken the immune system and make people more susceptible to diseases,request-133-2-1
pollution can weaken the immune system and make people more susceptible to diseases,weakened immune systems can lead to the spread of diseases and pandemics,request-133-2-2
weakened immune systems can lead to the spread of diseases and pandemics,"pandemics result in widespread illness and death, as well as social and economic disruption",request-133-2-3
"pandemics result in widespread illness and death, as well as social and economic disruption",pandemics can also lead to further resource depletion as resources are diverted to manage the crisis,request-133-2-4
pandemics can also lead to further resource depletion as resources are diverted to manage the crisis,"resource depletion can then lead to further waste of resources, creating a vicious cycle",request-133-2-5
"resource depletion can then lead to further waste of resources, creating a vicious cycle",pandemics,request-133-2-6
humans waste resources,this,request-133-3-0
this,climate change and extreme weather events can disrupt ecosystems and lead to the spread of diseases,request-133-3-1
climate change and extreme weather events can disrupt ecosystems and lead to the spread of diseases,disrupted ecosystems can lead to the emergence of new diseases and pandemics,request-133-3-2
disrupted ecosystems can lead to the emergence of new diseases and pandemics,"pandemics result in widespread illness and death, as well as social and economic disruption",request-133-3-3
"pandemics result in widespread illness and death, as well as social and economic disruption",pandemics can also lead to further resource depletion as resources are diverted to manage the crisis,request-133-3-4
pandemics can also lead to further resource depletion as resources are diverted to manage the crisis,"resource depletion can then lead to further waste of resources, creating a vicious cycle",request-133-3-5
"resource depletion can then lead to further waste of resources, creating a vicious cycle",pandemics,request-133-3-6
humans waste resources,this,request-133-4-0
this,overpopulation and urbanization can lead to overcrowding and poor sanitation,request-133-4-1
overpopulation and urbanization can lead to overcrowding and poor sanitation,overcrowding and poor sanitation can facilitate the spread of diseases and pandemics,request-133-4-2
overcrowding and poor sanitation can facilitate the spread of diseases and pandemics,"pandemics result in widespread illness and death, as well as social and economic disruption",request-133-4-3
"pandemics result in widespread illness and death, as well as social and economic disruption",pandemics can also lead to further resource depletion as resources are diverted to manage the crisis,request-133-4-4
pandemics can also lead to further resource depletion as resources are diverted to manage the crisis,"resource depletion can then lead to further waste of resources, creating a vicious cycle",request-133-4-5
"resource depletion can then lead to further waste of resources, creating a vicious cycle",pandemics,request-133-4-6
humans' waste of energy,increased greenhouse gas emissions,request-134-0-0
increased greenhouse gas emissions,climate change,request-134-0-1
climate change,changes in vector ecology,request-134-0-2
changes in vector ecology,spread of vectorborne diseases,request-134-0-3
spread of vectorborne diseases,pandemics,request-134-0-4
humans' waste of energy,deforestation for energy production,request-134-1-0
deforestation for energy production,loss of biodiversity,request-134-1-1
loss of biodiversity,increased humananimal interaction,request-134-1-2
increased humananimal interaction,zoonotic disease transmission,request-134-1-3
zoonotic disease transmission,pandemics,request-134-1-4
humans' waste of energy,increased use of fossil fuels,request-134-2-0
increased use of fossil fuels,air pollution,request-134-2-1
air pollution,respiratory diseases,request-134-2-2
respiratory diseases,weakened immune systems,request-134-2-3
weakened immune systems,increased vulnerability to pandemics,request-134-2-4
humans' waste of energy,depletion of natural resources,request-134-3-0
depletion of natural resources,economic instability,request-134-3-1
economic instability,reduced healthcare funding,request-134-3-2
reduced healthcare funding,inadequate pandemic response,request-134-3-3
inadequate pandemic response,pandemics,request-134-3-4
humans' waste of energy,increased energy consumption,request-134-4-0
increased energy consumption,higher demand for energy resources,request-134-4-1
higher demand for energy resources,resource wars,request-134-4-2
resource wars,disruption of healthcare services,request-134-4-3
disruption of healthcare services,pandemics,request-134-4-4
humans' waste of fossil fuels,increased greenhouse gas emissions,request-135-0-0
increased greenhouse gas emissions,global warming and climate change,request-135-0-1
global warming and climate change,changes in vector ecology and disease transmission dynamics,request-135-0-2
changes in vector ecology and disease transmission dynamics,increased risk of pandemics caused by emerging infectious diseases,request-135-0-3
increased risk of pandemics caused by emerging infectious diseases,pandemics,request-135-0-4
humans' waste of fossil fuels,air pollution,request-135-1-0
air pollution,respiratory illnesses and weakened immune systems,request-135-1-1
respiratory illnesses and weakened immune systems,increased susceptibility to infectious diseases,request-135-1-2
increased susceptibility to infectious diseases,pandemics,request-135-1-3
humans' waste of fossil fuels,deforestation and habitat destruction,request-135-2-0
deforestation and habitat destruction,increased contact between humans and wildlife,request-135-2-1
increased contact between humans and wildlife,zoonotic disease transmission,request-135-2-2
zoonotic disease transmission,pandemics,request-135-2-3
humans' waste of fossil fuels,industrialization and urbanization,request-135-3-0
industrialization and urbanization,overcrowding and poor sanitation,request-135-3-1
overcrowding and poor sanitation,rapid spread of infectious diseases,request-135-3-2
rapid spread of infectious diseases,pandemics,request-135-3-3
humans' waste of fossil fuels,depletion of natural resources,request-135-4-0
depletion of natural resources,economic instability and poverty,request-135-4-1
economic instability and poverty,lack of access to healthcare and vaccines,request-135-4-2
lack of access to healthcare and vaccines,increased vulnerability to pandemics,request-135-4-3
increased vulnerability to pandemics,pandemics,request-135-4-4
humans' waste of fossil fuels,ocean acidification and warming,request-135-5-0
ocean acidification and warming,changes in marine ecosystems and biodiversity,request-135-5-1
changes in marine ecosystems and biodiversity,increased risk of waterborne diseases,request-135-5-2
increased risk of waterborne diseases,pandemics,request-135-5-3
humans' waste of resources,depletion of natural resources,request-136-0-0
depletion of natural resources,increased production costs,request-136-0-1
increased production costs,higher prices for goods and services,request-136-0-2
higher prices for goods and services,inflation,request-136-0-3
humans' waste of resources,depletion of natural resources,request-136-1-0
depletion of natural resources,decreased supply of goods,request-136-1-1
decreased supply of goods,higher demand for goods,request-136-1-2
higher demand for goods,higher prices for goods and services,request-136-1-3
higher prices for goods and services,inflation,request-136-1-4
humans' waste of resources,depletion of natural resources,request-136-2-0
depletion of natural resources,increased reliance on imports,request-136-2-1
increased reliance on imports,higher costs for imports,request-136-2-2
higher costs for imports,higher prices for goods and services,request-136-2-3
higher prices for goods and services,inflation,request-136-2-4
humans' waste of resources,depletion of natural resources,request-136-3-0
depletion of natural resources,decreased economic productivity,request-136-3-1
decreased economic productivity,higher unemployment,request-136-3-2
higher unemployment,lower consumer spending,request-136-3-3
lower consumer spending,decreased demand for goods,request-136-3-4
decreased demand for goods,lower prices for goods and services,request-136-3-5
lower prices for goods and services,deflation,request-136-3-6
humans' waste of resources,depletion of natural resources,request-136-4-0
depletion of natural resources,increased environmental degradation,request-136-4-1
increased environmental degradation,higher costs for environmental cleanup and regulation,request-136-4-2
higher costs for environmental cleanup and regulation,higher production costs,request-136-4-3
higher production costs,higher prices for goods and services,request-136-4-4
higher prices for goods and services,inflation,request-136-4-5
humans' waste of resources,depletion of natural resources,request-136-5-0
depletion of natural resources,increased competition for scarce resources,request-136-5-1
increased competition for scarce resources,higher prices for resources,request-136-5-2
higher prices for resources,higher production costs,request-136-5-3
higher production costs,higher prices for goods and services,request-136-5-4
higher prices for goods and services,inflation,request-136-5-5
humans' waste of resources,depletion of natural resources,request-136-6-0
depletion of natural resources,increased scarcity of resources,request-136-6-1
increased scarcity of resources,higher prices for resources,request-136-6-2
higher prices for resources,higher production costs,request-136-6-3
higher production costs,higher prices for goods and services,request-136-6-4
higher prices for goods and services,inflation,request-136-6-5
humans' waste of resources,depletion of natural resources,request-136-7-0
depletion of natural resources,decreased availability of resources,request-136-7-1
decreased availability of resources,higher prices for resources,request-136-7-2
higher prices for resources,higher production costs,request-136-7-3
higher production costs,higher prices for goods and services,request-136-7-4
higher prices for goods and services,inflation,request-136-7-5
humans' waste of resources,depletion of natural resources,request-136-8-0
depletion of natural resources,increased reliance on fossil fuels,request-136-8-1
increased reliance on fossil fuels,higher costs for fossil fuels,request-136-8-2
higher costs for fossil fuels,higher production costs,request-136-8-3
higher production costs,higher prices for goods and services,request-136-8-4
higher prices for goods and services,inflation,request-136-8-5
humans' waste of resources,depletion of natural resources,request-136-9-0
depletion of natural resources,decreased agricultural productivity,request-136-9-1
decreased agricultural productivity,higher food prices,request-136-9-2
higher food prices,higher prices for goods and services,request-136-9-3
higher prices for goods and services,inflation,request-136-9-4
humans waste energy,increased demand for energy resources,request-137-0-0
increased demand for energy resources,depletion of nonrenewable energy sources,request-137-0-1
depletion of nonrenewable energy sources,rising costs of extracting and producing energy,request-137-0-2
rising costs of extracting and producing energy,higher energy prices,request-137-0-3
higher energy prices,increased production costs for goods and services,request-137-0-4
increased production costs for goods and services,higher prices for consumers,request-137-0-5
higher prices for consumers,reduced purchasing power,request-137-0-6
reduced purchasing power,inflation,request-137-0-7
humans waste energy,increased demand for energy resources,request-137-1-0
increased demand for energy resources,depletion of nonrenewable energy sources,request-137-1-1
depletion of nonrenewable energy sources,rising costs of extracting and producing energy,request-137-1-2
rising costs of extracting and producing energy,higher energy prices,request-137-1-3
higher energy prices,increased transportation costs,request-137-1-4
increased transportation costs,higher prices for goods and services,request-137-1-5
higher prices for goods and services,reduced purchasing power,request-137-1-6
reduced purchasing power,inflation,request-137-1-7
humans waste energy,increased demand for energy resources,request-137-2-0
increased demand for energy resources,depletion of nonrenewable energy sources,request-137-2-1
depletion of nonrenewable energy sources,rising costs of extracting and producing energy,request-137-2-2
rising costs of extracting and producing energy,higher energy prices,request-137-2-3
higher energy prices,increased operational costs for businesses,request-137-2-4
increased operational costs for businesses,higher prices for goods and services,request-137-2-5
higher prices for goods and services,reduced purchasing power,request-137-2-6
reduced purchasing power,inflation,request-137-2-7
humans waste energy,increased demand for energy resources,request-137-3-0
increased demand for energy resources,depletion of nonrenewable energy sources,request-137-3-1
depletion of nonrenewable energy sources,rising costs of extracting and producing energy,request-137-3-2
rising costs of extracting and producing energy,higher energy prices,request-137-3-3
higher energy prices,increased government spending on energy subsidies,request-137-3-4
increased government spending on energy subsidies,higher government debt,request-137-3-5
higher government debt,increased money supply,request-137-3-6
increased money supply,inflation,request-137-3-7
humans waste energy,increased demand for energy resources,request-137-4-0
increased demand for energy resources,depletion of nonrenewable energy sources,request-137-4-1
depletion of nonrenewable energy sources,rising costs of extracting and producing energy,request-137-4-2
rising costs of extracting and producing energy,higher energy prices,request-137-4-3
higher energy prices,reduced investment in productive sectors,request-137-4-4
reduced investment in productive sectors,slower economic growth,request-137-4-5
slower economic growth,reduced purchasing power,request-137-4-6
reduced purchasing power,inflation,request-137-4-7
humans' waste of fossil fuels,increased demand for fossil fuels,request-138-0-0
increased demand for fossil fuels,rising prices of fossil fuels,request-138-0-1
rising prices of fossil fuels,higher production costs for goods and services,request-138-0-2
higher production costs for goods and services,increased prices for consumers,request-138-0-3
increased prices for consumers,decreased purchasing power,request-138-0-4
decreased purchasing power,inflation,request-138-0-5
humans' waste of fossil fuels,depletion of fossil fuel reserves,request-138-1-0
depletion of fossil fuel reserves,increased costs of extracting remaining fossil fuels,request-138-1-1
increased costs of extracting remaining fossil fuels,higher production costs for goods and services,request-138-1-2
higher production costs for goods and services,increased prices for consumers,request-138-1-3
increased prices for consumers,decreased purchasing power,request-138-1-4
decreased purchasing power,inflation,request-138-1-5
humans' waste of fossil fuels,increased carbon emissions,request-138-2-0
increased carbon emissions,climate change and extreme weather events,request-138-2-1
climate change and extreme weather events,damage to infrastructure and agriculture,request-138-2-2
damage to infrastructure and agriculture,disruption of supply chains,request-138-2-3
disruption of supply chains,higher production costs for goods and services,request-138-2-4
higher production costs for goods and services,increased prices for consumers,request-138-2-5
increased prices for consumers,decreased purchasing power,request-138-2-6
decreased purchasing power,inflation,request-138-2-7
humans' waste of fossil fuels,increased carbon emissions,request-138-3-0
increased carbon emissions,implementation of carbon taxes and regulations,request-138-3-1
implementation of carbon taxes and regulations,higher costs for businesses using fossil fuels,request-138-3-2
higher costs for businesses using fossil fuels,higher production costs for goods and services,request-138-3-3
higher production costs for goods and services,increased prices for consumers,request-138-3-4
increased prices for consumers,decreased purchasing power,request-138-3-5
decreased purchasing power,inflation,request-138-3-6
humans' waste of fossil fuels,depletion of fossil fuel reserves,request-138-4-0
depletion of fossil fuel reserves,transition to alternative energy sources,request-138-4-1
transition to alternative energy sources,higher upfront costs for renewable energy infrastructure,request-138-4-2
higher upfront costs for renewable energy infrastructure,increased costs for businesses,request-138-4-3
increased costs for businesses,higher production costs for goods and services,request-138-4-4
higher production costs for goods and services,increased prices for consumers,request-138-4-5
increased prices for consumers,decreased purchasing power,request-138-4-6
decreased purchasing power,inflation,request-138-4-7
subsidising green investments,encourages companies to invest in green technologies,request-139-0-0
encourages companies to invest in green technologies,leads to the development of new green technologies,request-139-0-1
leads to the development of new green technologies,increases the availability of green technologies,request-139-0-2
increases the availability of green technologies,makes green technologies more affordable,request-139-0-3
makes green technologies more affordable,encourages more people to adopt green technologies,request-139-0-4
encourages more people to adopt green technologies,reduces reliance on fossil fuels,request-139-0-5
reduces reliance on fossil fuels,leads to a decrease in greenhouse gas emissions,request-139-0-6
leads to a decrease in greenhouse gas emissions,results in green transition,request-139-0-7
subsidising green investments,encourages companies to invest in green technologies,request-139-1-0
encourages companies to invest in green technologies,leads to the creation of new green jobs,request-139-1-1
leads to the creation of new green jobs,increases employment opportunities in the green sector,request-139-1-2
increases employment opportunities in the green sector,encourages more people to work in the green sector,request-139-1-3
encourages more people to work in the green sector,increases public awareness about green technologies,request-139-1-4
increases public awareness about green technologies,encourages more people to adopt green technologies,request-139-1-5
encourages more people to adopt green technologies,reduces reliance on fossil fuels,request-139-1-6
reduces reliance on fossil fuels,leads to a decrease in greenhouse gas emissions,request-139-1-7
leads to a decrease in greenhouse gas emissions,results in green transition,request-139-1-8
subsidising green investments,encourages companies to invest in green technologies,request-139-2-0
encourages companies to invest in green technologies,leads to the development of new green technologies,request-139-2-1
leads to the development of new green technologies,increases the availability of green technologies,request-139-2-2
increases the availability of green technologies,encourages more people to adopt green technologies,request-139-2-3
encourages more people to adopt green technologies,increases public awareness about green technologies,request-139-2-4
increases public awareness about green technologies,encourages more companies to invest in green technologies,request-139-2-5
encourages more companies to invest in green technologies,leads to a decrease in greenhouse gas emissions,request-139-2-6
leads to a decrease in greenhouse gas emissions,results in green transition,request-139-2-7
subsidising green investments,encourages companies to invest in green technologies,request-139-3-0
encourages companies to invest in green technologies,leads to the creation of new green jobs,request-139-3-1
leads to the creation of new green jobs,increases employment opportunities in the green sector,request-139-3-2
increases employment opportunities in the green sector,encourages more people to work in the green sector,request-139-3-3
encourages more people to work in the green sector,increases public awareness about green technologies,request-139-3-4
increases public awareness about green technologies,encourages more companies to invest in green technologies,request-139-3-5
encourages more companies to invest in green technologies,leads to a decrease in greenhouse gas emissions,request-139-3-6
leads to a decrease in greenhouse gas emissions,results in green transition,request-139-3-7
subsidising green investments,encourages companies to invest in green technologies,request-139-4-0
encourages companies to invest in green technologies,leads to the development of new green technologies,request-139-4-1
leads to the development of new green technologies,increases the availability of green technologies,request-139-4-2
increases the availability of green technologies,makes green technologies more affordable,request-139-4-3
makes green technologies more affordable,encourages more companies to adopt green technologies,request-139-4-4
encourages more companies to adopt green technologies,reduces reliance on fossil fuels,request-139-4-5
reduces reliance on fossil fuels,leads to a decrease in greenhouse gas emissions,request-139-4-6
leads to a decrease in greenhouse gas emissions,results in green transition,request-139-4-7
subsidising green investments,encourages companies to invest in green technologies,request-139-5-0
encourages companies to invest in green technologies,leads to the creation of new green jobs,request-139-5-1
leads to the creation of new green jobs,increases employment opportunities in the green sector,request-139-5-2
increases employment opportunities in the green sector,encourages more companies to adopt green technologies,request-139-5-3
encourages more companies to adopt green technologies,reduces reliance on fossil fuels,request-139-5-4
reduces reliance on fossil fuels,leads to a decrease in greenhouse gas emissions,request-139-5-5
leads to a decrease in greenhouse gas emissions,results in green transition,request-139-5-6
subsidising green investments,encourages companies to invest in green technologies,request-139-6-0
encourages companies to invest in green technologies,leads to the development of new green technologies,request-139-6-1
leads to the development of new green technologies,increases the availability of green technologies,request-139-6-2
increases the availability of green technologies,makes green technologies more affordable,request-139-6-3
makes green technologies more affordable,encourages more people to adopt green technologies,request-139-6-4
encourages more people to adopt green technologies,increases public awareness about green technologies,request-139-6-5
increases public awareness about green technologies,encourages more companies to invest in green technologies,request-139-6-6
encourages more companies to invest in green technologies,leads to a decrease in greenhouse gas emissions,request-139-6-7
leads to a decrease in greenhouse gas emissions,results in green transition,request-139-6-8
subsidising green investments,encourages companies to invest in green technologies,request-139-7-0
encourages companies to invest in green technologies,leads to the creation of new green jobs,request-139-7-1
leads to the creation of new green jobs,increases employment opportunities in the green sector,request-139-7-2
increases employment opportunities in the green sector,encourages more people to work in the green sector,request-139-7-3
encourages more people to work in the green sector,increases public awareness about green technologies,request-139-7-4
increases public awareness about green technologies,encourages more companies to adopt green technologies,request-139-7-5
encourages more companies to adopt green technologies,reduces reliance on fossil fuels,request-139-7-6
reduces reliance on fossil fuels,leads to a decrease in greenhouse gas emissions,request-139-7-7
leads to a decrease in greenhouse gas emissions,results in green transition,request-139-7-8
electricity generation from refuse inside greenhouses,production of carbon dioxide as a byproduct,request-140-0-0
production of carbon dioxide as a byproduct,collection of carbon dioxide from the greenhouse,request-140-0-1
collection of carbon dioxide from the greenhouse,transportation of carbon dioxide to a storage facility,request-140-0-2
transportation of carbon dioxide to a storage facility,injection of carbon dioxide into underground reservoirs,request-140-0-3
injection of carbon dioxide into underground reservoirs,gradual dissipation of carbon dioxide into the surrounding rock,request-140-0-4
gradual dissipation of carbon dioxide into the surrounding rock,dissipation of co2,request-140-0-5
electricity generation from refuse inside greenhouses,production of carbon dioxide as a byproduct,request-140-1-0
production of carbon dioxide as a byproduct,collection of carbon dioxide from the greenhouse,request-140-1-1
collection of carbon dioxide from the greenhouse,transportation of carbon dioxide to a storage facility,request-140-1-2
transportation of carbon dioxide to a storage facility,injection of carbon dioxide into depleted oil and gas reservoirs,request-140-1-3
injection of carbon dioxide into depleted oil and gas reservoirs,enhanced oil recovery using carbon dioxide injection,request-140-1-4
enhanced oil recovery using carbon dioxide injection,dissipation of co2,request-140-1-5
electricity generation from refuse inside greenhouses,production of carbon dioxide as a byproduct,request-140-2-0
production of carbon dioxide as a byproduct,collection of carbon dioxide from the greenhouse,request-140-2-1
collection of carbon dioxide from the greenhouse,transportation of carbon dioxide to a storage facility,request-140-2-2
transportation of carbon dioxide to a storage facility,injection of carbon dioxide into saline formations,request-140-2-3
injection of carbon dioxide into saline formations,gradual dissipation of carbon dioxide into the surrounding rock,request-140-2-4
gradual dissipation of carbon dioxide into the surrounding rock,dissipation of co2,request-140-2-5
electricity generation from refuse inside greenhouses,production of carbon dioxide as a byproduct,request-140-3-0
production of carbon dioxide as a byproduct,collection of carbon dioxide from the greenhouse,request-140-3-1
collection of carbon dioxide from the greenhouse,transportation of carbon dioxide to a storage facility,request-140-3-2
transportation of carbon dioxide to a storage facility,injection of carbon dioxide into the ocean,request-140-3-3
injection of carbon dioxide into the ocean,gradual dissipation of carbon dioxide into the ocean water,request-140-3-4
gradual dissipation of carbon dioxide into the ocean water,dissipation of co2,request-140-3-5
electricity generation from refuse inside greenhouses,production of carbon dioxide as a byproduct,request-140-4-0
production of carbon dioxide as a byproduct,collection of carbon dioxide from the greenhouse,request-140-4-1
collection of carbon dioxide from the greenhouse,transportation of carbon dioxide to a storage facility,request-140-4-2
transportation of carbon dioxide to a storage facility,injection of carbon dioxide into geological formations,request-140-4-3
injection of carbon dioxide into geological formations,gradual dissipation of carbon dioxide into the surrounding rock,request-140-4-4
gradual dissipation of carbon dioxide into the surrounding rock,dissipation of co2,request-140-4-5
electricity generation from refuse inside greenhouses,production of carbon dioxide as a byproduct,request-140-5-0
production of carbon dioxide as a byproduct,collection of carbon dioxide from the greenhouse,request-140-5-1
collection of carbon dioxide from the greenhouse,transportation of carbon dioxide to a storage facility,request-140-5-2
transportation of carbon dioxide to a storage facility,injection of carbon dioxide into deep coal seams,request-140-5-3
injection of carbon dioxide into deep coal seams,enhanced coal bed methane recovery using carbon dioxide injection,request-140-5-4
enhanced coal bed methane recovery using carbon dioxide injection,dissipation of co2,request-140-5-5
electricity generation from refuse inside greenhouses,production of carbon dioxide as a byproduct,request-140-6-0
production of carbon dioxide as a byproduct,collection of carbon dioxide from the greenhouse,request-140-6-1
collection of carbon dioxide from the greenhouse,transportation of carbon dioxide to a storage facility,request-140-6-2
transportation of carbon dioxide to a storage facility,injection of carbon dioxide into deep saline formations,request-140-6-3
injection of carbon dioxide into deep saline formations,gradual dissipation of carbon dioxide into the surrounding rock,request-140-6-4
gradual dissipation of carbon dioxide into the surrounding rock,dissipation of co2,request-140-6-5
electricity generation from refuse inside greenhouses,production of carbon dioxide as a byproduct,request-140-7-0
production of carbon dioxide as a byproduct,collection of carbon dioxide from the greenhouse,request-140-7-1
collection of carbon dioxide from the greenhouse,transportation of carbon dioxide to a storage facility,request-140-7-2
transportation of carbon dioxide to a storage facility,injection of carbon dioxide into deep ocean water,request-140-7-3
injection of carbon dioxide into deep ocean water,gradual dissipation of carbon dioxide into the ocean water,request-140-7-4
gradual dissipation of carbon dioxide into the ocean water,dissipation of co2,request-140-7-5
electricity generation from refuse inside greenhouses,production of carbon dioxide as a byproduct,request-140-8-0
production of carbon dioxide as a byproduct,collection of carbon dioxide from the greenhouse,request-140-8-1
collection of carbon dioxide from the greenhouse,transportation of carbon dioxide to a storage facility,request-140-8-2
transportation of carbon dioxide to a storage facility,injection of carbon dioxide into deep geological formations,request-140-8-3
injection of carbon dioxide into deep geological formations,gradual dissipation of carbon dioxide into the surrounding rock,request-140-8-4
gradual dissipation of carbon dioxide into the surrounding rock,dissipation of co2,request-140-8-5
electricity generation from refuse inside greenhouses,production of carbon dioxide as a byproduct,request-140-9-0
production of carbon dioxide as a byproduct,collection of carbon dioxide from the greenhouse,request-140-9-1
collection of carbon dioxide from the greenhouse,transportation of carbon dioxide to a storage facility,request-140-9-2
transportation of carbon dioxide to a storage facility,injection of carbon dioxide into deep coal seams,request-140-9-3
injection of carbon dioxide into deep coal seams,enhanced coal bed methane recovery using carbon dioxide injection,request-140-9-4
enhanced coal bed methane recovery using carbon dioxide injection,dissipation of co2,request-140-9-5
electricity generation from refuse inside greenhouses,production of carbon dioxide as a byproduct,request-140-10-0
production of carbon dioxide as a byproduct,collection of carbon dioxide from the greenhouse,request-140-10-1
collection of carbon dioxide from the greenhouse,transportation of carbon dioxide to a storage facility,request-140-10-2
transportation of carbon dioxide to a storage facility,injection of carbon dioxide into deep saline formations,request-140-10-3
injection of carbon dioxide into deep saline formations,gradual dissipation of carbon dioxide into the surrounding rock,request-140-10-4
gradual dissipation of carbon dioxide into the surrounding rock,dissipation of co2,request-140-10-5
electricity generation from refuse inside greenhouses,production of carbon dioxide as a byproduct,request-140-11-0
production of carbon dioxide as a byproduct,collection of carbon dioxide from the greenhouse,request-140-11-1
collection of carbon dioxide from the greenhouse,transportation of carbon dioxide to a storage facility,request-140-11-2
transportation of carbon dioxide to a storage facility,injection of carbon dioxide into deep ocean water,request-140-11-3
injection of carbon dioxide into deep ocean water,gradual dissipation of carbon dioxide into the ocean water,request-140-11-4
gradual dissipation of carbon dioxide into the ocean water,dissipation of co2,request-140-11-5
electricity generation from refuse inside greenhouses,production of carbon dioxide as a byproduct,request-140-12-0
production of carbon dioxide as a byproduct,collection of carbon dioxide from the greenhouse,request-140-12-1
collection of carbon dioxide from the greenhouse,transportation of carbon dioxide to a storage facility,request-140-12-2
transportation of carbon dioxide to a storage facility,injection of carbon dioxide into deep geological formations,request-140-12-3
injection of carbon dioxide into deep geological formations,gradual dissipation of carbon dioxide into the surrounding rock,request-140-12-4
gradual dissipation of carbon dioxide into the surrounding rock,dissipation of co2,request-140-12-5
electricity generation from refuse inside greenhouses,production of heat as a byproduct of electricity generation,request-141-0-0
production of heat as a byproduct of electricity generation,heat is used to warm the greenhouse,request-141-0-1
heat is used to warm the greenhouse,greenhouse plants absorb some heat for growth and photosynthesis,request-141-0-2
greenhouse plants absorb some heat for growth and photosynthesis,excess heat is dissipated into the environment,request-141-0-3
electricity generation from refuse inside greenhouses,production of heat as a byproduct of electricity generation,request-141-1-0
production of heat as a byproduct of electricity generation,heat is used to warm the greenhouse,request-141-1-1
heat is used to warm the greenhouse,greenhouse plants absorb some heat for growth and photosynthesis,request-141-1-2
greenhouse plants absorb some heat for growth and photosynthesis,plants release heat through transpiration,request-141-1-3
plants release heat through transpiration,excess heat is dissipated into the environment,request-141-1-4
electricity generation from refuse inside greenhouses,production of heat as a byproduct of electricity generation,request-141-2-0
production of heat as a byproduct of electricity generation,heat is used to warm the greenhouse,request-141-2-1
heat is used to warm the greenhouse,greenhouse structure and materials absorb some heat,request-141-2-2
greenhouse structure and materials absorb some heat,heat is slowly released back into the environment,request-141-2-3
heat is slowly released back into the environment,excess heat is dissipated into the environment,request-141-2-4
electricity generation from refuse inside greenhouses,production of heat as a byproduct of electricity generation,request-141-3-0
production of heat as a byproduct of electricity generation,heat is used to warm the greenhouse,request-141-3-1
heat is used to warm the greenhouse,greenhouse plants and structure absorb some heat,request-141-3-2
greenhouse plants and structure absorb some heat,heat is released through convection,request-141-3-3
heat is released through convection,excess heat is dissipated into the environment,request-141-3-4
hot nights,increased bedroom temperature,request-142-0-0
increased bedroom temperature,discomfort while sleeping,request-142-0-1
discomfort while sleeping,difficulty falling asleep,request-142-0-2
difficulty falling asleep,frequent awakenings during the night,request-142-0-3
frequent awakenings during the night,loss of sleep hours,request-142-0-4
hot nights,disruption of body's natural cooling mechanisms,request-142-1-0
disruption of body's natural cooling mechanisms,increased heart rate and blood flow to the skin,request-142-1-1
increased heart rate and blood flow to the skin,restlessness and difficulty relaxing,request-142-1-2
restlessness and difficulty relaxing,inability to maintain deep sleep,request-142-1-3
inability to maintain deep sleep,loss of sleep hours,request-142-1-4
hot nights,increased sweating and dehydration,request-142-2-0
increased sweating and dehydration,frequent need to wake up to drink water or change clothes,request-142-2-1
frequent need to wake up to drink water or change clothes,interrupted sleep patterns,request-142-2-2
interrupted sleep patterns,reduced total sleep time,request-142-2-3
reduced total sleep time,loss of sleep hours,request-142-2-4
hot nights,discomfort due to heat and humidity,request-142-3-0
discomfort due to heat and humidity,increased stress and anxiety levels,request-142-3-1
increased stress and anxiety levels,difficulty falling asleep and staying asleep,request-142-3-2
difficulty falling asleep and staying asleep,fragmented sleep,request-142-3-3
fragmented sleep,loss of sleep hours,request-142-3-4
hot nights,exacerbation of existing sleep disorders,request-142-4-0
exacerbation of existing sleep disorders,worsening of sleep quality and duration,request-142-4-1
worsening of sleep quality and duration,frequent nighttime awakenings,request-142-4-2
frequent nighttime awakenings,reduced overall sleep time,request-142-4-3
reduced overall sleep time,loss of sleep hours,request-142-4-4
foreign countries,implement policies that promote economic growth,request-143-0-0
implement policies that promote economic growth,which,request-143-0-1
which,causing increased logging and agricultural expansion,request-143-0-2
causing increased logging and agricultural expansion,resulting in deforestation,request-143-0-3
foreign countries,provide financial aid to developing nations,request-143-1-0
provide financial aid to developing nations,which is used to fund infrastructure projects,request-143-1-1
which is used to fund infrastructure projects,leading to increased demand for timber and agricultural land,request-143-1-2
leading to increased demand for timber and agricultural land,resulting in deforestation,request-143-1-3
foreign countries,engage in trade with developing nations,request-143-2-0
engage in trade with developing nations,which increases demand for export commodities such as palm oil and soybeans,request-143-2-1
which increases demand for export commodities such as palm oil and soybeans,leading to largescale deforestation for agricultural expansion,request-143-2-2
leading to largescale deforestation for agricultural expansion,resulting in deforestation,request-143-2-3
foreign countries,invest in mining operations in developing nations,request-143-3-0
invest in mining operations in developing nations,which requires clearing of forests for mining activities,request-143-3-1
which requires clearing of forests for mining activities,leading to deforestation,request-143-3-2
foreign countries,provide aid for road construction in developing nations,request-143-4-0
provide aid for road construction in developing nations,which opens up previously inaccessible forest areas,request-143-4-1
which opens up previously inaccessible forest areas,leading to increased logging and agricultural expansion,request-143-4-2
leading to increased logging and agricultural expansion,resulting in deforestation,request-143-4-3
foreign countries,promote tourism in developing nations,request-143-5-0
promote tourism in developing nations,which,request-143-5-1
which,"causing deforestation to make way for hotels, resorts, and other tourist facilities",request-143-5-2
"causing deforestation to make way for hotels, resorts, and other tourist facilities",resulting in deforestation,request-143-5-3
death of soil,decrease in soil fertility,request-144-0-0
decrease in soil fertility,reduction in plant growth,request-144-0-1
reduction in plant growth,decrease in carbon sequestration,request-144-0-2
decrease in carbon sequestration,increase in atmospheric co2 levels,request-144-0-3
increase in atmospheric co2 levels,rise in global temperatures,request-144-0-4
death of soil,reduction in soil biodiversity,request-144-1-0
reduction in soil biodiversity,decrease in soil's ability to absorb water,request-144-1-1
decrease in soil's ability to absorb water,increase in surface runoff,request-144-1-2
increase in surface runoff,alteration of water cycle,request-144-1-3
alteration of water cycle,changes in weather patterns,request-144-1-4
changes in weather patterns,rise in global temperatures,request-144-1-5
death of soil,decrease in soil's ability to retain water,request-144-2-0
decrease in soil's ability to retain water,increase in desertification,request-144-2-1
increase in desertification,changes in albedo,request-144-2-2
changes in albedo,increase in solar radiation absorption,request-144-2-3
increase in solar radiation absorption,rise in global temperatures,request-144-2-4
death of soil,decrease in soil's ability to support vegetation,request-144-3-0
decrease in soil's ability to support vegetation,increase in deforestation,request-144-3-1
increase in deforestation,decrease in carbon sequestration,request-144-3-2
decrease in carbon sequestration,increase in atmospheric co2 levels,request-144-3-3
increase in atmospheric co2 levels,rise in global temperatures,request-144-3-4
death of soil,decrease in soil's ability to support agriculture,request-144-4-0
decrease in soil's ability to support agriculture,increase in food insecurity,request-144-4-1
increase in food insecurity,changes in land use patterns,request-144-4-2
changes in land use patterns,increase in deforestation,request-144-4-3
increase in deforestation,decrease in carbon sequestration,request-144-4-4
decrease in carbon sequestration,increase in atmospheric co2 levels,request-144-4-5
increase in atmospheric co2 levels,rise in global temperatures,request-144-4-6
death of soil,decrease in soil's ability to filter pollutants,request-144-5-0
decrease in soil's ability to filter pollutants,increase in water pollution,request-144-5-1
increase in water pollution,changes in aquatic ecosystems,request-144-5-2
changes in aquatic ecosystems,changes in weather patterns,request-144-5-3
changes in weather patterns,rise in global temperatures,request-144-5-4
death of soil,decrease in soil's ability to support microbial life,request-144-6-0
decrease in soil's ability to support microbial life,changes in soil respiration rates,request-144-6-1
changes in soil respiration rates,increase in release of greenhouse gases,request-144-6-2
increase in release of greenhouse gases,rise in global temperatures,request-144-6-3
death of soil,decrease in soil's ability to support plant life,request-144-7-0
decrease in soil's ability to support plant life,changes in vegetation patterns,request-144-7-1
changes in vegetation patterns,changes in surface albedo,request-144-7-2
changes in surface albedo,increase in solar radiation absorption,request-144-7-3
increase in solar radiation absorption,rise in global temperatures,request-144-7-4
death of soil,decreased water absorption,request-145-0-0
decreased water absorption,increased surface runoff,request-145-0-1
increased surface runoff,overflow of rivers,request-145-0-2
overflow of rivers,flooding,request-145-0-3
death of soil,decreased plant growth,request-145-1-0
decreased plant growth,reduced evapotranspiration,request-145-1-1
reduced evapotranspiration,increased surface water,request-145-1-2
increased surface water,overflow of rivers,request-145-1-3
overflow of rivers,flooding,request-145-1-4
death of soil,erosion of topsoil,request-145-2-0
erosion of topsoil,sediment buildup in rivers,request-145-2-1
sediment buildup in rivers,reduced river capacity,request-145-2-2
reduced river capacity,overflow of rivers,request-145-2-3
overflow of rivers,flooding,request-145-2-4
death of soil,decreased plant root systems,request-145-3-0
decreased plant root systems,reduced soil stability,request-145-3-1
reduced soil stability,increased landslides,request-145-3-2
increased landslides,blocked waterways,request-145-3-3
blocked waterways,overflow of rivers,request-145-3-4
overflow of rivers,flooding,request-145-3-5
death of soil,decreased groundwater recharge,request-145-4-0
decreased groundwater recharge,lowered water table,request-145-4-1
lowered water table,increased surface water,request-145-4-2
increased surface water,overflow of rivers,request-145-4-3
overflow of rivers,flooding,request-145-4-4
death of soil,decreased microbial activity,request-145-5-0
decreased microbial activity,reduced nutrient cycling,request-145-5-1
reduced nutrient cycling,decreased plant growth,request-145-5-2
decreased plant growth,reduced evapotranspiration,request-145-5-3
reduced evapotranspiration,increased surface water,request-145-5-4
increased surface water,overflow of rivers,request-145-5-5
overflow of rivers,flooding,request-145-5-6
death of soil,decreased water retention capacity,request-146-0-0
decreased water retention capacity,reduced soil moisture,request-146-0-1
reduced soil moisture,insufficient water for plants,request-146-0-2
insufficient water for plants,decreased transpiration,request-146-0-3
decreased transpiration,reduced atmospheric moisture,request-146-0-4
reduced atmospheric moisture,altered weather patterns,request-146-0-5
altered weather patterns,droughts,request-146-0-6
death of soil,loss of soil fertility,request-146-1-0
loss of soil fertility,reduced plant growth,request-146-1-1
reduced plant growth,decreased transpiration,request-146-1-2
decreased transpiration,reduced atmospheric moisture,request-146-1-3
reduced atmospheric moisture,altered weather patterns,request-146-1-4
altered weather patterns,droughts,request-146-1-5
death of soil,soil erosion,request-146-2-0
soil erosion,reduced water infiltration,request-146-2-1
reduced water infiltration,decreased groundwater recharge,request-146-2-2
decreased groundwater recharge,lowered water table,request-146-2-3
lowered water table,insufficient water for plants,request-146-2-4
insufficient water for plants,decreased transpiration,request-146-2-5
decreased transpiration,reduced atmospheric moisture,request-146-2-6
reduced atmospheric moisture,altered weather patterns,request-146-2-7
altered weather patterns,droughts,request-146-2-8
death of soil,reduced soil biodiversity,request-146-3-0
reduced soil biodiversity,decreased ecosystem resilience,request-146-3-1
decreased ecosystem resilience,increased vulnerability to extreme weather events,request-146-3-2
increased vulnerability to extreme weather events,droughts,request-146-3-3
death of soil,decrease in soil fertility,request-147-0-0
decrease in soil fertility,reduction in crop yield,request-147-0-1
reduction in crop yield,food shortage,request-147-0-2
food shortage,increase in food prices,request-147-0-3
increase in food prices,economic instability,request-147-0-4
economic instability,inadequate funding for water infrastructure,request-147-0-5
inadequate funding for water infrastructure,water crises,request-147-0-6
death of soil,decrease in soil fertility,request-147-1-0
decrease in soil fertility,reduction in crop yield,request-147-1-1
reduction in crop yield,food shortage,request-147-1-2
food shortage,increase in food prices,request-147-1-3
increase in food prices,social unrest,request-147-1-4
social unrest,political instability,request-147-1-5
political instability,inadequate funding for water infrastructure,request-147-1-6
inadequate funding for water infrastructure,water crises,request-147-1-7
death of soil,decrease in soil fertility,request-147-2-0
decrease in soil fertility,reduction in crop yield,request-147-2-1
reduction in crop yield,food shortage,request-147-2-2
food shortage,increase in food prices,request-147-2-3
increase in food prices,malnutrition,request-147-2-4
malnutrition,weakened immune systems,request-147-2-5
weakened immune systems,increased susceptibility to waterborne diseases,request-147-2-6
increased susceptibility to waterborne diseases,water crises,request-147-2-7
death of soil,decrease in soil fertility,request-147-3-0
decrease in soil fertility,reduction in crop yield,request-147-3-1
reduction in crop yield,food shortage,request-147-3-2
food shortage,increase in food prices,request-147-3-3
increase in food prices,migration from rural to urban areas,request-147-3-4
migration from rural to urban areas,overpopulation in urban areas,request-147-3-5
overpopulation in urban areas,increased demand for water,request-147-3-6
increased demand for water,water crises,request-147-3-7
death of soil,decrease in soil fertility,request-147-4-0
decrease in soil fertility,reduction in crop yield,request-147-4-1
reduction in crop yield,food shortage,request-147-4-2
food shortage,increase in food prices,request-147-4-3
increase in food prices,migration from rural to urban areas,request-147-4-4
migration from rural to urban areas,overpopulation in urban areas,request-147-4-5
overpopulation in urban areas,inadequate funding for water infrastructure,request-147-4-6
inadequate funding for water infrastructure,water crises,request-147-4-7
death of soil,decrease in soil fertility,request-147-5-0
decrease in soil fertility,reduction in crop yield,request-147-5-1
reduction in crop yield,food shortage,request-147-5-2
food shortage,increase in food prices,request-147-5-3
increase in food prices,migration from rural to urban areas,request-147-5-4
migration from rural to urban areas,overpopulation in urban areas,request-147-5-5
overpopulation in urban areas,increased demand for water,request-147-5-6
increased demand for water,inadequate funding for water infrastructure,request-147-5-7
inadequate funding for water infrastructure,water crises,request-147-5-8
death of soil,decrease in soil fertility,request-147-6-0
decrease in soil fertility,reduction in crop yield,request-147-6-1
reduction in crop yield,food shortage,request-147-6-2
food shortage,increase in food prices,request-147-6-3
increase in food prices,migration from rural to urban areas,request-147-6-4
migration from rural to urban areas,overpopulation in urban areas,request-147-6-5
overpopulation in urban areas,increased demand for water,request-147-6-6
increased demand for water,overexploitation of water resources,request-147-6-7
overexploitation of water resources,water crises,request-147-6-8
death of soil,decrease in soil fertility,request-147-7-0
decrease in soil fertility,reduction in crop yield,request-147-7-1
reduction in crop yield,food shortage,request-147-7-2
food shortage,increase in food prices,request-147-7-3
increase in food prices,migration from rural to urban areas,request-147-7-4
migration from rural to urban areas,overpopulation in urban areas,request-147-7-5
overpopulation in urban areas,increased demand for water,request-147-7-6
increased demand for water,overexploitation of water resources,request-147-7-7
overexploitation of water resources,inadequate funding for water infrastructure,request-147-7-8
inadequate funding for water infrastructure,water crises,request-147-7-9
death of soil,decrease in soil fertility,request-147-8-0
decrease in soil fertility,reduction in crop yield,request-147-8-1
reduction in crop yield,food shortage,request-147-8-2
food shortage,increase in food prices,request-147-8-3
increase in food prices,migration from rural to urban areas,request-147-8-4
migration from rural to urban areas,overpopulation in urban areas,request-147-8-5
overpopulation in urban areas,increased demand for water,request-147-8-6
increased demand for water,overexploitation of water resources,request-147-8-7
overexploitation of water resources,water pollution,request-147-8-8
water pollution,water crises,request-147-8-9
death of soil,decrease in soil fertility,request-147-9-0
decrease in soil fertility,reduction in crop yield,request-147-9-1
reduction in crop yield,food shortage,request-147-9-2
food shortage,increase in food prices,request-147-9-3
increase in food prices,migration from rural to urban areas,request-147-9-4
migration from rural to urban areas,overpopulation in urban areas,request-147-9-5
overpopulation in urban areas,increased demand for water,request-147-9-6
increased demand for water,overexploitation of water resources,request-147-9-7
overexploitation of water resources,water pollution,request-147-9-8
water pollution,inadequate funding for water infrastructure,request-147-9-9
inadequate funding for water infrastructure,water crises,request-147-9-10
death of soil,decrease in agricultural productivity,request-148-0-0
decrease in agricultural productivity,shortage of crops,request-148-0-1
shortage of crops,rise in food prices,request-148-0-2
rise in food prices,food crises,request-148-0-3
death of soil,loss of soil biodiversity,request-148-1-0
loss of soil biodiversity,reduction in soil fertility,request-148-1-1
reduction in soil fertility,decrease in crop yield,request-148-1-2
decrease in crop yield,food shortages,request-148-1-3
food shortages,food crises,request-148-1-4
death of soil,soil erosion,request-148-2-0
soil erosion,land degradation,request-148-2-1
land degradation,decrease in arable land,request-148-2-2
decrease in arable land,reduction in food production,request-148-2-3
reduction in food production,food crises,request-148-2-4
death of soil,soil pollution,request-148-3-0
soil pollution,contamination of crops,request-148-3-1
contamination of crops,reduction in food quality,request-148-3-2
reduction in food quality,decrease in food availability,request-148-3-3
decrease in food availability,food crises,request-148-3-4
death of soil,soil compaction,request-148-4-0
soil compaction,reduction in soil porosity,request-148-4-1
reduction in soil porosity,decrease in water infiltration,request-148-4-2
decrease in water infiltration,drought conditions,request-148-4-3
drought conditions,crop failure,request-148-4-4
crop failure,food crises,request-148-4-5
death of soil,soil salinization,request-148-5-0
soil salinization,reduction in crop growth,request-148-5-1
reduction in crop growth,decrease in food production,request-148-5-2
decrease in food production,food crises,request-148-5-3
death of soil,soil acidification,request-148-6-0
soil acidification,reduction in nutrient availability,request-148-6-1
reduction in nutrient availability,decrease in crop yield,request-148-6-2
decrease in crop yield,food shortages,request-148-6-3
food shortages,food crises,request-148-6-4
death of soil,soil nutrient depletion,request-148-7-0
soil nutrient depletion,decrease in crop nutritional value,request-148-7-1
decrease in crop nutritional value,reduction in food quality,request-148-7-2
reduction in food quality,food crises,request-148-7-3
death of soil,soil sealing,request-148-8-0
soil sealing,loss of agricultural land,request-148-8-1
loss of agricultural land,decrease in food production,request-148-8-2
decrease in food production,food crises,request-148-8-3
death of soil,soil degradation,request-148-9-0
soil degradation,decrease in ecosystem services,request-148-9-1
decrease in ecosystem services,reduction in food security,request-148-9-2
reduction in food security,food crises,request-148-9-3
sustainable lifestyles,reduced consumption of resources,request-149-0-0
reduced consumption of resources,lower carbon emissions,request-149-0-1
lower carbon emissions,slower global warming,request-149-0-2
slower global warming,less severe climate change impacts,request-149-0-3
less severe climate change impacts,decreased burden of climate change,request-149-0-4
sustainable lifestyles,increased use of renewable energy,request-149-1-0
increased use of renewable energy,lower greenhouse gas emissions,request-149-1-1
lower greenhouse gas emissions,slower climate change,request-149-1-2
slower climate change,reduced frequency of extreme weather events,request-149-1-3
reduced frequency of extreme weather events,lower burden of climate change,request-149-1-4
sustainable lifestyles,improved waste management,request-149-2-0
improved waste management,decreased methane emissions from landfills,request-149-2-1
decreased methane emissions from landfills,slower global warming,request-149-2-2
slower global warming,less severe climate change impacts,request-149-2-3
less severe climate change impacts,decreased burden of climate change,request-149-2-4
sustainable lifestyles,greater adoption of energyefficient technologies,request-149-3-0
greater adoption of energyefficient technologies,reduced energy consumption,request-149-3-1
reduced energy consumption,lower carbon emissions,request-149-3-2
lower carbon emissions,slower global warming,request-149-3-3
slower global warming,less severe climate change impacts,request-149-3-4
less severe climate change impacts,decreased burden of climate change,request-149-3-5
sustainable lifestyles,increased tree planting and reforestation,request-149-4-0
increased tree planting and reforestation,enhanced carbon sequestration,request-149-4-1
enhanced carbon sequestration,slower climate change,request-149-4-2
slower climate change,reduced frequency of extreme weather events,request-149-4-3
reduced frequency of extreme weather events,lower burden of climate change,request-149-4-4
sustainable lifestyles,shift towards plantbased diets,request-149-5-0
shift towards plantbased diets,reduced methane emissions from livestock farming,request-149-5-1
reduced methane emissions from livestock farming,slower global warming,request-149-5-2
slower global warming,less severe climate change impacts,request-149-5-3
less severe climate change impacts,decreased burden of climate change,request-149-5-4
sustainable lifestyles,encouragement of public transportation and cycling,request-149-6-0
encouragement of public transportation and cycling,lower transportation emissions,request-149-6-1
lower transportation emissions,slower global warming,request-149-6-2
slower global warming,less severe climate change impacts,request-149-6-3
less severe climate change impacts,decreased burden of climate change,request-149-6-4
sustainable lifestyles,support for climatefriendly policies and regulations,request-149-7-0
support for climatefriendly policies and regulations,accelerated transition to a lowcarbon economy,request-149-7-1
accelerated transition to a lowcarbon economy,slower climate change,request-149-7-2
slower climate change,reduced frequency of extreme weather events,request-149-7-3
reduced frequency of extreme weather events,lower burden of climate change,request-149-7-4
melting of glaciers,decrease in earth's albedo,request-150-0-0
decrease in earth's albedo,increase in solar radiation absorption,request-150-0-1
increase in solar radiation absorption,rising global temperatures,request-150-0-2
rising global temperatures,disruption of climate patterns,request-150-0-3
disruption of climate patterns,abrupt temperature spikes,request-150-0-4
melting of glaciers,rising sea levels,request-150-1-0
rising sea levels,changes in ocean currents,request-150-1-1
changes in ocean currents,disruption of climate patterns,request-150-1-2
disruption of climate patterns,abrupt temperature spikes,request-150-1-3
melting of glaciers,release of trapped methane and co2,request-150-2-0
release of trapped methane and co2,increase in greenhouse gases,request-150-2-1
increase in greenhouse gases,enhanced greenhouse effect,request-150-2-2
enhanced greenhouse effect,rising global temperatures,request-150-2-3
rising global temperatures,disruption of climate patterns,request-150-2-4
disruption of climate patterns,abrupt temperature spikes,request-150-2-5
melting of glaciers,changes in freshwater input to oceans,request-150-3-0
changes in freshwater input to oceans,disruption of thermohaline circulation,request-150-3-1
disruption of thermohaline circulation,changes in global climate patterns,request-150-3-2
changes in global climate patterns,abrupt temperature spikes,request-150-3-3
melting of glaciers,changes in freshwater input to oceans,request-150-4-0
changes in freshwater input to oceans,alteration of marine ecosystems,request-150-4-1
alteration of marine ecosystems,release of stored carbon in marine sediments,request-150-4-2
release of stored carbon in marine sediments,increase in atmospheric co2 levels,request-150-4-3
increase in atmospheric co2 levels,enhanced greenhouse effect,request-150-4-4
enhanced greenhouse effect,rising global temperatures,request-150-4-5
rising global temperatures,disruption of climate patterns,request-150-4-6
disruption of climate patterns,abrupt temperature spikes,request-150-4-7
cows,cows produce methane,request-151-0-0
cows produce methane,methane is a potent greenhouse gas,request-151-0-1
methane is a potent greenhouse gas,greenhouse gases contribute to climate change,request-151-0-2
greenhouse gases contribute to climate change,climate change is affected by the increase in greenhouse gases,request-151-0-3
climate change is affected by the increase in greenhouse gases,climate change is exacerbated by the presence of methane from cows,request-151-0-4
climate change is exacerbated by the presence of methane from cows,climate change is influenced by the actions of cows,request-151-0-5
cows,cows consume feed,request-151-1-0
cows consume feed,feed production requires land use,request-151-1-1
feed production requires land use,land use can lead to deforestation,request-151-1-2
land use can lead to deforestation,deforestation releases stored carbon,request-151-1-3
deforestation releases stored carbon,released carbon contributes to greenhouse gases,request-151-1-4
released carbon contributes to greenhouse gases,greenhouse gases contribute to climate change,request-151-1-5
greenhouse gases contribute to climate change,climate change is affected by the actions of cows,request-151-1-6
cows,cows are part of the livestock industry,request-151-2-0
cows are part of the livestock industry,the livestock industry produces waste,request-151-2-1
the livestock industry produces waste,livestock waste can release methane and nitrous oxide,request-151-2-2
livestock waste can release methane and nitrous oxide,methane and nitrous oxide are potent greenhouse gases,request-151-2-3
methane and nitrous oxide are potent greenhouse gases,greenhouse gases contribute to climate change,request-151-2-4
greenhouse gases contribute to climate change,climate change is affected by the actions of cows,request-151-2-5
cows,cows require water for drinking and feed production,request-151-3-0
cows require water for drinking and feed production,water use for livestock contributes to water scarcity,request-151-3-1
water use for livestock contributes to water scarcity,water scarcity can lead to increased energy use for water pumping and treatment,request-151-3-2
water scarcity can lead to increased energy use for water pumping and treatment,increased energy use can lead to higher greenhouse gas emissions,request-151-3-3
increased energy use can lead to higher greenhouse gas emissions,greenhouse gas emissions contribute to climate change,request-151-3-4
greenhouse gas emissions contribute to climate change,climate change is affected by the actions of cows,request-151-3-5
building country lanes,increased accessibility to rural areas,request-152-0-0
increased accessibility to rural areas,more visitors to the countryside,request-152-0-1
more visitors to the countryside,increased demand for public spaces in rural areas,request-152-0-2
increased demand for public spaces in rural areas,development of public spaces in rural areas,request-152-0-3
building country lanes,improved transportation infrastructure,request-152-1-0
improved transportation infrastructure,better connectivity between towns and villages,request-152-1-1
better connectivity between towns and villages,increased community interaction,request-152-1-2
increased community interaction,demand for shared public spaces,request-152-1-3
demand for shared public spaces,development of public spaces,request-152-1-4
building country lanes,reduced travel time,request-152-2-0
reduced travel time,increased opportunities for leisure activities,request-152-2-1
increased opportunities for leisure activities,more people spending time outdoors,request-152-2-2
more people spending time outdoors,increased demand for public spaces for recreation,request-152-2-3
increased demand for public spaces for recreation,creation of public spaces in rural areas,request-152-2-4
building country lanes,increased property values in rural areas,request-152-3-0
increased property values in rural areas,wealthier residents moving in,request-152-3-1
wealthier residents moving in,higher demand for public amenities,request-152-3-2
higher demand for public amenities,local governments providing public spaces,request-152-3-3
building country lanes,improved emergency response times,request-152-4-0
improved emergency response times,safer rural communities,request-152-4-1
safer rural communities,increased sense of community,request-152-4-2
increased sense of community,demand for shared spaces,request-152-4-3
demand for shared spaces,creation of public spaces in rural areas,request-152-4-4
building country lanes,better access to healthcare facilities,request-152-5-0
better access to healthcare facilities,improved health outcomes for rural residents,request-152-5-1
improved health outcomes for rural residents,increased community wellbeing,request-152-5-2
increased community wellbeing,demand for public spaces for community events,request-152-5-3
demand for public spaces for community events,development of public spaces in rural areas,request-152-5-4
country lanes,heavy rainfall,request-153-0-0
heavy rainfall,blocked drains,request-153-0-1
blocked drains,overflowing water,request-153-0-2
overflowing water,flooding,request-153-0-3
country lanes,poor maintenance,request-153-1-0
poor maintenance,erosion,request-153-1-1
erosion,increased water runoff,request-153-1-2
increased water runoff,flooding,request-153-1-3
country lanes,lack of vegetation,request-153-2-0
lack of vegetation,soil erosion,request-153-2-1
soil erosion,water pooling,request-153-2-2
water pooling,flooding,request-153-2-3
country lanes,inadequate drainage systems,request-153-3-0
inadequate drainage systems,slow water absorption,request-153-3-1
slow water absorption,water accumulation,request-153-3-2
water accumulation,flooding,request-153-3-3
country lanes,narrow paths,request-153-4-0
narrow paths,limited water flow,request-153-4-1
limited water flow,water buildup,request-153-4-2
water buildup,flooding,request-153-4-3
country lanes,increased traffic,request-153-5-0
increased traffic,compaction of soil,request-153-5-1
compaction of soil,reduced water absorption,request-153-5-2
reduced water absorption,flooding,request-153-5-3
country lanes,construction activities,request-153-6-0
construction activities,deforestation,request-153-6-1
deforestation,increased surface runoff,request-153-6-2
increased surface runoff,flooding,request-153-6-3
country lanes,proximity to rivers,request-153-7-0
proximity to rivers,river overflow,request-153-7-1
river overflow,flooding in nearby areas,request-153-7-2
flooding in nearby areas,flooding in country lanes,request-153-7-3
country lanes,lack of flood defenses,request-153-8-0
lack of flood defenses,direct impact of heavy rainfall,request-153-8-1
direct impact of heavy rainfall,flooding,request-153-8-2
country lanes,poorly designed infrastructure,request-153-9-0
poorly designed infrastructure,inadequate water management,request-153-9-1
inadequate water management,flooding,request-153-9-2
country lanes,human activities,request-153-10-0
human activities,alteration of natural water flow,request-153-10-1
alteration of natural water flow,flooding in lowlying areas,request-153-10-2
flooding in lowlying areas,flooding in country lanes,request-153-10-3
country lanes,urbanization,request-153-11-0
urbanization,loss of permeable surfaces,request-153-11-1
loss of permeable surfaces,rapid water runoff,request-153-11-2
rapid water runoff,flooding,request-153-11-3
country lanes,agricultural practices,request-153-12-0
agricultural practices,soil degradation,request-153-12-1
soil degradation,reduced water infiltration,request-153-12-2
reduced water infiltration,flooding,request-153-12-3
burning fossil fuels,releases carbon dioxide into the atmosphere,request-154-0-0
releases carbon dioxide into the atmosphere,increases greenhouse gases in the atmosphere,request-154-0-1
increases greenhouse gases in the atmosphere,enhances the greenhouse effect,request-154-0-2
enhances the greenhouse effect,raises the earth's average temperature,request-154-0-3
raises the earth's average temperature,causes global warming,request-154-0-4
burning fossil fuels,releases carbon dioxide into the atmosphere,request-154-1-0
releases carbon dioxide into the atmosphere,increases atmospheric carbon dioxide concentration,request-154-1-1
increases atmospheric carbon dioxide concentration,absorbs and traps more heat in the atmosphere,request-154-1-2
absorbs and traps more heat in the atmosphere,raises the earth's average temperature,request-154-1-3
raises the earth's average temperature,causes global warming,request-154-1-4
burning fossil fuels,releases carbon dioxide into the atmosphere,request-154-2-0
releases carbon dioxide into the atmosphere,increases greenhouse gases in the atmosphere,request-154-2-1
increases greenhouse gases in the atmosphere,warms the planet's surface,request-154-2-2
warms the planet's surface,melts polar ice caps and glaciers,request-154-2-3
melts polar ice caps and glaciers,increases sea levels,request-154-2-4
increases sea levels,contributes to global warming,request-154-2-5
burning fossil fuels,releases carbon dioxide into the atmosphere,request-154-3-0
releases carbon dioxide into the atmosphere,increases atmospheric carbon dioxide concentration,request-154-3-1
increases atmospheric carbon dioxide concentration,absorbs more heat from the sun,request-154-3-2
absorbs more heat from the sun,warms the planet's surface,request-154-3-3
warms the planet's surface,melts polar ice caps and glaciers,request-154-3-4
melts polar ice caps and glaciers,increases sea levels,request-154-3-5
increases sea levels,contributes to global warming,request-154-3-6
burning fossil fuels,releases carbon dioxide into the atmosphere,request-154-4-0
releases carbon dioxide into the atmosphere,increases greenhouse gases in the atmosphere,request-154-4-1
increases greenhouse gases in the atmosphere,disrupts weather patterns,request-154-4-2
disrupts weather patterns,causes extreme weather events,request-154-4-3
causes extreme weather events,contributes to global warming,request-154-4-4
burning fossil fuels,releases carbon dioxide into the atmosphere,request-154-5-0
releases carbon dioxide into the atmosphere,increases atmospheric carbon dioxide concentration,request-154-5-1
increases atmospheric carbon dioxide concentration,disrupts climate patterns,request-154-5-2
disrupts climate patterns,causes extreme weather events,request-154-5-3
causes extreme weather events,contributes to global warming,request-154-5-4
burning biomass,releases carbon dioxide into the atmosphere,request-155-0-0
releases carbon dioxide into the atmosphere,increases the concentration of greenhouse gases,request-155-0-1
increases the concentration of greenhouse gases,enhances the greenhouse effect,request-155-0-2
enhances the greenhouse effect,raises the earth's average temperature,request-155-0-3
raises the earth's average temperature,results in global warming,request-155-0-4
burning biomass,produces black carbon particles,request-155-1-0
produces black carbon particles,absorbs sunlight and generates heat,request-155-1-1
absorbs sunlight and generates heat,warms the surrounding air,request-155-1-2
warms the surrounding air,alters atmospheric circulation patterns,request-155-1-3
alters atmospheric circulation patterns,contributes to global warming,request-155-1-4
burning biomass,"emits methane, a potent greenhouse gas",request-155-2-0
"emits methane, a potent greenhouse gas",intensifies the greenhouse effect,request-155-2-1
intensifies the greenhouse effect,accelerates the rate of global warming,request-155-2-2
accelerates the rate of global warming,results in global warming,request-155-2-3
burning biomass,leads to deforestation,request-155-3-0
leads to deforestation,reduces the earth's capacity to absorb carbon dioxide,request-155-3-1
reduces the earth's capacity to absorb carbon dioxide,increases the concentration of greenhouse gases,request-155-3-2
increases the concentration of greenhouse gases,exacerbates the greenhouse effect,request-155-3-3
exacerbates the greenhouse effect,results in global warming,request-155-3-4
human activity,increased greenhouse gas emissions,request-156-0-0
increased greenhouse gas emissions,greenhouse effect enhancement,request-156-0-1
greenhouse effect enhancement,atmospheric warming,request-156-0-2
atmospheric warming,global warming,request-156-0-3
human activity,deforestation and land use changes,request-156-1-0
deforestation and land use changes,decreased carbon dioxide absorption,request-156-1-1
decreased carbon dioxide absorption,increased greenhouse gas concentrations,request-156-1-2
increased greenhouse gas concentrations,greenhouse effect enhancement,request-156-1-3
greenhouse effect enhancement,atmospheric warming,request-156-1-4
atmospheric warming,global warming,request-156-1-5
human activity,industrialization and energy production,request-156-2-0
industrialization and energy production,increased fossil fuel consumption,request-156-2-1
increased fossil fuel consumption,increased carbon dioxide emissions,request-156-2-2
increased carbon dioxide emissions,greenhouse effect enhancement,request-156-2-3
greenhouse effect enhancement,atmospheric warming,request-156-2-4
atmospheric warming,global warming,request-156-2-5
human activity,agriculture and livestock farming,request-156-3-0
agriculture and livestock farming,increased methane and nitrous oxide emissions,request-156-3-1
increased methane and nitrous oxide emissions,greenhouse effect enhancement,request-156-3-2
greenhouse effect enhancement,atmospheric warming,request-156-3-3
atmospheric warming,global warming,request-156-3-4
human activity,waste management practices,request-156-4-0
waste management practices,methane emissions from landfills and wastewater,request-156-4-1
methane emissions from landfills and wastewater,greenhouse effect enhancement,request-156-4-2
greenhouse effect enhancement,atmospheric warming,request-156-4-3
atmospheric warming,global warming,request-156-4-4
human activity,increased use of fossil fuels,request-157-0-0
increased use of fossil fuels,higher carbon dioxide emissions,request-157-0-1
higher carbon dioxide emissions,enhanced greenhouse effect,request-157-0-2
enhanced greenhouse effect,rising global temperatures,request-157-0-3
rising global temperatures,global warming,request-157-0-4
human activity,deforestation,request-157-1-0
deforestation,decreased carbon dioxide absorption,request-157-1-1
decreased carbon dioxide absorption,increased atmospheric carbon dioxide,request-157-1-2
increased atmospheric carbon dioxide,enhanced greenhouse effect,request-157-1-3
enhanced greenhouse effect,rising global temperatures,request-157-1-4
rising global temperatures,global warming,request-157-1-5
human activity,agricultural practices,request-157-2-0
agricultural practices,methane emissions from livestock and rice cultivation,request-157-2-1
methane emissions from livestock and rice cultivation,increased greenhouse gases,request-157-2-2
increased greenhouse gases,enhanced greenhouse effect,request-157-2-3
enhanced greenhouse effect,rising global temperatures,request-157-2-4
rising global temperatures,global warming,request-157-2-5
human activity,industrial processes,request-157-3-0
industrial processes,production of fluorinated gases,request-157-3-1
production of fluorinated gases,increased greenhouse gases,request-157-3-2
increased greenhouse gases,enhanced greenhouse effect,request-157-3-3
enhanced greenhouse effect,rising global temperatures,request-157-3-4
rising global temperatures,global warming,request-157-3-5
human activity,waste management practices,request-157-4-0
waste management practices,methane emissions from landfills and wastewater treatment,request-157-4-1
methane emissions from landfills and wastewater treatment,increased greenhouse gases,request-157-4-2
increased greenhouse gases,enhanced greenhouse effect,request-157-4-3
enhanced greenhouse effect,rising global temperatures,request-157-4-4
rising global temperatures,global warming,request-157-4-5
human activity,energy production,request-157-5-0
energy production,burning of coal and natural gas,request-157-5-1
burning of coal and natural gas,higher carbon dioxide emissions,request-157-5-2
higher carbon dioxide emissions,enhanced greenhouse effect,request-157-5-3
enhanced greenhouse effect,rising global temperatures,request-157-5-4
rising global temperatures,global warming,request-157-5-5
human activity,transportation,request-157-6-0
transportation,combustion of gasoline and diesel,request-157-6-1
combustion of gasoline and diesel,higher carbon dioxide emissions,request-157-6-2
higher carbon dioxide emissions,enhanced greenhouse effect,request-157-6-3
enhanced greenhouse effect,rising global temperatures,request-157-6-4
rising global temperatures,global warming,request-157-6-5
human activity,residential and commercial energy use,request-157-7-0
residential and commercial energy use,burning of fossil fuels for heating and cooling,request-157-7-1
burning of fossil fuels for heating and cooling,higher carbon dioxide emissions,request-157-7-2
higher carbon dioxide emissions,enhanced greenhouse effect,request-157-7-3
enhanced greenhouse effect,rising global temperatures,request-157-7-4
rising global temperatures,global warming,request-157-7-5
global warming,increased global temperatures,request-158-0-0
increased global temperatures,melting of polar ice caps,request-158-0-1
melting of polar ice caps,rising sea levels,request-158-0-2
rising sea levels,coastal flooding and erosion,request-158-0-3
coastal flooding and erosion,loss of habitats for humans and wildlife,request-158-0-4
loss of habitats for humans and wildlife,decreased food and water availability,request-158-0-5
decreased food and water availability,increased conflict and instability,request-158-0-6
increased conflict and instability,collapse of societies,request-158-0-7
collapse of societies,end of life on earth,request-158-0-8
global warming,increased global temperatures,request-158-1-0
increased global temperatures,changes in precipitation patterns,request-158-1-1
changes in precipitation patterns,droughts and wildfires,request-158-1-2
droughts and wildfires,loss of forests and other ecosystems,request-158-1-3
loss of forests and other ecosystems,decreased carbon dioxide absorption,request-158-1-4
decreased carbon dioxide absorption,increased global warming,request-158-1-5
increased global warming,extreme weather events,request-158-1-6
extreme weather events,destruction of infrastructure and agriculture,request-158-1-7
destruction of infrastructure and agriculture,food and water shortages,request-158-1-8
food and water shortages,conflict and instability,request-158-1-9
conflict and instability,collapse of societies,request-158-1-10
collapse of societies,end of life on earth,request-158-1-11
global warming,increased global temperatures,request-158-2-0
increased global temperatures,changes in ocean currents,request-158-2-1
changes in ocean currents,disruption of marine ecosystems,request-158-2-2
disruption of marine ecosystems,decreased fish populations,request-158-2-3
decreased fish populations,loss of food sources for humans,request-158-2-4
loss of food sources for humans,malnutrition and disease,request-158-2-5
malnutrition and disease,decreased human populations,request-158-2-6
decreased human populations,inability to maintain infrastructure and agriculture,request-158-2-7
inability to maintain infrastructure and agriculture,collapse of societies,request-158-2-8
collapse of societies,end of life on earth,request-158-2-9
global warming,increased global temperatures,request-158-3-0
increased global temperatures,melting of permafrost,request-158-3-1
melting of permafrost,release of methane and other greenhouse gases,request-158-3-2
release of methane and other greenhouse gases,increased global warming,request-158-3-3
increased global warming,extreme weather events,request-158-3-4
extreme weather events,destruction of infrastructure and agriculture,request-158-3-5
destruction of infrastructure and agriculture,food and water shortages,request-158-3-6
food and water shortages,conflict and instability,request-158-3-7
conflict and instability,collapse of societies,request-158-3-8
collapse of societies,end of life on earth,request-158-3-9
global warming,increased global temperatures,request-158-4-0
increased global temperatures,changes in animal and plant ranges,request-158-4-1
changes in animal and plant ranges,spread of diseases and pests,request-158-4-2
spread of diseases and pests,decreased human health and productivity,request-158-4-3
decreased human health and productivity,inability to maintain infrastructure and agriculture,request-158-4-4
inability to maintain infrastructure and agriculture,collapse of societies,request-158-4-5
collapse of societies,end of life on earth,request-158-4-6
global warming,increased global temperatures,request-158-5-0
increased global temperatures,changes in ocean temperatures and chemistry,request-158-5-1
changes in ocean temperatures and chemistry,coral bleaching and loss of marine biodiversity,request-158-5-2
coral bleaching and loss of marine biodiversity,decreased fish populations,request-158-5-3
decreased fish populations,loss of food sources for humans,request-158-5-4
loss of food sources for humans,malnutrition and disease,request-158-5-5
malnutrition and disease,decreased human populations,request-158-5-6
decreased human populations,inability to maintain infrastructure and agriculture,request-158-5-7
inability to maintain infrastructure and agriculture,collapse of societies,request-158-5-8
collapse of societies,end of life on earth,request-158-5-9
global warming,increased global temperatures,request-158-6-0
increased global temperatures,changes in atmospheric circulation patterns,request-158-6-1
changes in atmospheric circulation patterns,shifts in weather patterns and climate zones,request-158-6-2
shifts in weather patterns and climate zones,disruption of agriculture and ecosystems,request-158-6-3
disruption of agriculture and ecosystems,decreased food and water availability,request-158-6-4
decreased food and water availability,increased conflict and instability,request-158-6-5
increased conflict and instability,collapse of societies,request-158-6-6
collapse of societies,end of life on earth,request-158-6-7
fuel poverty,inability to afford adequate heating,request-159-0-0
inability to afford adequate heating,cold living conditions,request-159-0-1
cold living conditions,increased vulnerability to hypothermia,request-159-0-2
increased vulnerability to hypothermia,hypothermia,request-159-0-3
hypothermia,organ failure,request-159-0-4
organ failure,death,request-159-0-5
fuel poverty,inability to afford adequate heating,request-159-1-0
inability to afford adequate heating,cold living conditions,request-159-1-1
cold living conditions,increased vulnerability to respiratory illnesses,request-159-1-2
increased vulnerability to respiratory illnesses,respiratory illnesses,request-159-1-3
respiratory illnesses,complications from respiratory illnesses,request-159-1-4
complications from respiratory illnesses,death,request-159-1-5
fuel poverty,inability to afford adequate heating,request-159-2-0
inability to afford adequate heating,cold living conditions,request-159-2-1
cold living conditions,increased vulnerability to cardiovascular diseases,request-159-2-2
increased vulnerability to cardiovascular diseases,cardiovascular diseases,request-159-2-3
cardiovascular diseases,complications from cardiovascular diseases,request-159-2-4
complications from cardiovascular diseases,death,request-159-2-5
fuel poverty,inability to afford adequate heating,request-159-3-0
inability to afford adequate heating,cold living conditions,request-159-3-1
cold living conditions,increased vulnerability to mental health issues,request-159-3-2
increased vulnerability to mental health issues,mental health issues,request-159-3-3
mental health issues,suicide,request-159-3-4
suicide,death,request-159-3-5
fuel poverty,inability to afford adequate heating,request-159-4-0
inability to afford adequate heating,cold living conditions,request-159-4-1
cold living conditions,increased vulnerability to malnutrition,request-159-4-2
increased vulnerability to malnutrition,malnutrition,request-159-4-3
malnutrition,complications from malnutrition,request-159-4-4
complications from malnutrition,death,request-159-4-5
fuel poverty,inability to afford adequate heating,request-159-5-0
inability to afford adequate heating,cold living conditions,request-159-5-1
cold living conditions,increased vulnerability to infections,request-159-5-2
increased vulnerability to infections,infections,request-159-5-3
infections,complications from infections,request-159-5-4
complications from infections,death,request-159-5-5
fuel poverty,inability to afford adequate heating,request-159-6-0
inability to afford adequate heating,cold living conditions,request-159-6-1
cold living conditions,increased vulnerability to accidents,request-159-6-2
increased vulnerability to accidents,accidents,request-159-6-3
accidents,death,request-159-6-4
climate change,increased global temperatures,request-160-0-0
increased global temperatures,melting of polar ice caps and glaciers,request-160-0-1
melting of polar ice caps and glaciers,rising sea levels,request-160-0-2
rising sea levels,coastal flooding,request-160-0-3
coastal flooding,flooding,request-160-0-4
climate change,increased global temperatures,request-160-1-0
increased global temperatures,changes in precipitation patterns,request-160-1-1
changes in precipitation patterns,increased frequency and intensity of rainfall,request-160-1-2
increased frequency and intensity of rainfall,overflowing of rivers and streams,request-160-1-3
overflowing of rivers and streams,flooding,request-160-1-4
climate change,increased global temperatures,request-160-2-0
increased global temperatures,changes in evaporation rates,request-160-2-1
changes in evaporation rates,increased atmospheric moisture,request-160-2-2
increased atmospheric moisture,increased frequency and intensity of rainfall,request-160-2-3
increased frequency and intensity of rainfall,overflowing of rivers and streams,request-160-2-4
overflowing of rivers and streams,flooding,request-160-2-5
climate change,increased global temperatures,request-160-3-0
increased global temperatures,changes in atmospheric circulation patterns,request-160-3-1
changes in atmospheric circulation patterns,increased frequency and intensity of storms,request-160-3-2
increased frequency and intensity of storms,storm surges and coastal flooding,request-160-3-3
storm surges and coastal flooding,flooding,request-160-3-4
climate change,increased global temperatures,request-160-4-0
increased global temperatures,changes in ocean currents,request-160-4-1
changes in ocean currents,changes in weather patterns,request-160-4-2
changes in weather patterns,increased frequency and intensity of rainfall,request-160-4-3
increased frequency and intensity of rainfall,overflowing of rivers and streams,request-160-4-4
overflowing of rivers and streams,flooding,request-160-4-5
climate change,increased global temperatures,request-160-5-0
increased global temperatures,changes in vegetation and soil moisture,request-160-5-1
changes in vegetation and soil moisture,reduced ability of soil to absorb water,request-160-5-2
reduced ability of soil to absorb water,increased runoff and flash flooding,request-160-5-3
increased runoff and flash flooding,flooding,request-160-5-4
climate change,increased global temperatures,request-160-6-0
increased global temperatures,changes in snow and ice cover,request-160-6-1
changes in snow and ice cover,changes in water availability and timing,request-160-6-2
changes in water availability and timing,increased frequency and intensity of rainfall,request-160-6-3
increased frequency and intensity of rainfall,overflowing of rivers and streams,request-160-6-4
overflowing of rivers and streams,flooding,request-160-6-5
climate change,increased global temperatures,request-160-7-0
increased global temperatures,changes in atmospheric moisture and cloud cover,request-160-7-1
changes in atmospheric moisture and cloud cover,changes in precipitation patterns,request-160-7-2
changes in precipitation patterns,increased frequency and intensity of rainfall,request-160-7-3
increased frequency and intensity of rainfall,overflowing of rivers and streams,request-160-7-4
overflowing of rivers and streams,flooding,request-160-7-5
climate change,increased global temperatures,request-160-8-0
increased global temperatures,changes in ocean temperatures and circulation,request-160-8-1
changes in ocean temperatures and circulation,changes in storm tracks and intensity,request-160-8-2
changes in storm tracks and intensity,storm surges and coastal flooding,request-160-8-3
storm surges and coastal flooding,flooding,request-160-8-4
climate change,increased global temperatures,request-160-9-0
increased global temperatures,changes in atmospheric pressure and wind patterns,request-160-9-1
changes in atmospheric pressure and wind patterns,changes in weather patterns and storm tracks,request-160-9-2
changes in weather patterns and storm tracks,increased frequency and intensity of rainfall,request-160-9-3
increased frequency and intensity of rainfall,overflowing of rivers and streams,request-160-9-4
overflowing of rivers and streams,flooding,request-160-9-5
climate change,increased global temperatures,request-160-10-0
increased global temperatures,changes in soil moisture and vegetation cover,request-160-10-1
changes in soil moisture and vegetation cover,changes in surface water runoff and infiltration,request-160-10-2
changes in surface water runoff and infiltration,increased frequency and intensity of flash flooding,request-160-10-3
increased frequency and intensity of flash flooding,flooding,request-160-10-4
climate change,increased global temperatures,request-160-11-0
increased global temperatures,changes in atmospheric moisture and cloud cover,request-160-11-1
changes in atmospheric moisture and cloud cover,changes in precipitation patterns and intensity,request-160-11-2
changes in precipitation patterns and intensity,increased frequency and intensity of rainfall,request-160-11-3
increased frequency and intensity of rainfall,overflowing of rivers and streams,request-160-11-4
overflowing of rivers and streams,flooding,request-160-11-5
climate change,increased global temperatures,request-160-12-0
increased global temperatures,changes in ocean temperatures and circulation,request-160-12-1
changes in ocean temperatures and circulation,changes in storm tracks and intensity,request-160-12-2
changes in storm tracks and intensity,increased frequency and intensity of storm surges,request-160-12-3
increased frequency and intensity of storm surges,coastal flooding,request-160-12-4
coastal flooding,flooding,request-160-12-5
climate change,increased global temperatures,request-160-13-0
increased global temperatures,changes in atmospheric pressure and wind patterns,request-160-13-1
changes in atmospheric pressure and wind patterns,changes in weather patterns and storm tracks,request-160-13-2
changes in weather patterns and storm tracks,increased frequency and intensity of rainfall,request-160-13-3
increased frequency and intensity of rainfall,increased runoff and flash flooding,request-160-13-4
increased runoff and flash flooding,flooding,request-160-13-5
climate change,increased global temperatures,request-160-14-0
increased global temperatures,changes in soil moisture and vegetation cover,request-160-14-1
changes in soil moisture and vegetation cover,changes in surface water runoff and infiltration,request-160-14-2
changes in surface water runoff and infiltration,increased frequency and intensity of river flooding,request-160-14-3
increased frequency and intensity of river flooding,flooding,request-160-14-4
climate change,increased global temperatures,request-160-15-0
increased global temperatures,changes in atmospheric moisture and cloud cover,request-160-15-1
changes in atmospheric moisture and cloud cover,changes in precipitation patterns and intensity,request-160-15-2
changes in precipitation patterns and intensity,increased frequency and intensity of rainfall,request-160-15-3
increased frequency and intensity of rainfall,increased runoff and flash flooding,request-160-15-4
increased runoff and flash flooding,flooding,request-160-15-5
climate change,increased global temperatures,request-160-16-0
increased global temperatures,changes in ocean temperatures and circulation,request-160-16-1
changes in ocean temperatures and circulation,changes in storm tracks and intensity,request-160-16-2
changes in storm tracks and intensity,increased frequency and intensity of coastal flooding,request-160-16-3
increased frequency and intensity of coastal flooding,flooding,request-160-16-4
climate change,increased global temperatures,request-160-17-0
increased global temperatures,changes in atmospheric pressure and wind patterns,request-160-17-1
changes in atmospheric pressure and wind patterns,changes in weather patterns and storm tracks,request-160-17-2
changes in weather patterns and storm tracks,increased frequency and intensity of river flooding,request-160-17-3
increased frequency and intensity of river flooding,flooding,request-160-17-4
climate change,increased global temperatures,request-160-18-0
increased global temperatures,changes in soil moisture and vegetation cover,request-160-18-1
changes in soil moisture and vegetation cover,changes in surface water runoff and infiltration,request-160-18-2
changes in surface water runoff and infiltration,increased frequency and intensity of coastal flooding,request-160-18-3
increased frequency and intensity of coastal flooding,flooding,request-160-18-4
climate change,increased global temperatures,request-160-19-0
increased global temperatures,changes in atmospheric moisture and cloud cover,request-160-19-1
changes in atmospheric moisture and cloud cover,changes in precipitation patterns and intensity,request-160-19-2
changes in precipitation patterns and intensity,increased frequency and intensity of river flooding,request-160-19-3
increased frequency and intensity of river flooding,flooding,request-160-19-4
climate change,increased global temperatures,request-160-20-0
increased global temperatures,changes in ocean temperatures and circulation,request-160-20-1
changes in ocean temperatures and circulation,changes in storm tracks and intensity,request-160-20-2
changes in storm tracks and intensity,increased frequency and intensity of inland flooding,request-160-20-3
increased frequency and intensity of inland flooding,flooding,request-160-20-4
climate change,increased global temperatures,request-160-21-0
increased global temperatures,changes in atmospheric pressure and wind patterns,request-160-21-1
changes in atmospheric pressure and wind patterns,changes in weather patterns and storm tracks,request-160-21-2
changes in weather patterns and storm tracks,increased frequency and intensity of inland flooding,request-160-21-3
increased frequency and intensity of inland flooding,flooding,request-160-21-4
climate change,increased global temperatures,request-160-22-0
increased global temperatures,changes in soil moisture and vegetation cover,request-160-22-1
changes in soil moisture and vegetation cover,changes in surface water runoff and infiltration,request-160-22-2
changes in surface water runoff and infiltration,increased frequency and intensity of inland flooding,request-160-22-3
increased frequency and intensity of inland flooding,flooding,request-160-22-4
climate change,increased global temperatures,request-160-23-0
increased global temperatures,changes in atmospheric moisture and cloud cover,request-160-23-1
changes in atmospheric moisture and cloud cover,changes in precipitation patterns and intensity,request-160-23-2
changes in precipitation patterns and intensity,increased frequency and intensity of inland flooding,request-160-23-3
increased frequency and intensity of inland flooding,flooding,request-160-23-4
climate change,increased global temperatures,request-160-24-0
increased global temperatures,changes in ocean temperatures and circulation,request-160-24-1
changes in ocean temperatures and circulation,changes in storm tracks and intensity,request-160-24-2
changes in storm tracks and intensity,increased frequency and intensity of flash flooding,request-160-24-3
increased frequency and intensity of flash flooding,flooding,request-160-24-4
climate change,increased global temperatures,request-160-25-0
increased global temperatures,changes in atmospheric pressure and wind patterns,request-160-25-1
changes in atmospheric pressure and wind patterns,changes in weather patterns and storm tracks,request-160-25-2
changes in weather patterns and storm tracks,increased frequency and intensity of flash flooding,request-160-25-3
increased frequency and intensity of flash flooding,flooding,request-160-25-4
climate change,increased global temperatures,request-160-26-0
increased global temperatures,changes in soil moisture and vegetation cover,request-160-26-1
changes in soil moisture and vegetation cover,changes in surface water runoff and infiltration,request-160-26-2
changes in surface water runoff and infiltration,increased frequency and intensity of flash flooding,request-160-26-3
increased frequency and intensity of flash flooding,flooding,request-160-26-4
climate change,increased global temperatures,request-160-27-0
increased global temperatures,changes in atmospheric moisture and cloud cover,request-160-27-1
changes in atmospheric moisture and cloud cover,changes in precipitation patterns and intensity,request-160-27-2
changes in precipitation patterns and intensity,increased frequency and intensity of flash flooding,request-160-27-3
increased frequency and intensity of flash flooding,flooding,request-160-27-4
climate change,increased global temperatures,request-161-0-0
increased global temperatures,altered atmospheric conditions,request-161-0-1
altered atmospheric conditions,changes in precipitation patterns,request-161-0-2
changes in precipitation patterns,decreased rainfall in certain regions,request-161-0-3
decreased rainfall in certain regions,droughts,request-161-0-4
climate change,rising ocean temperatures,request-161-1-0
rising ocean temperatures,increased evaporation rates,request-161-1-1
increased evaporation rates,changes in weather patterns,request-161-1-2
changes in weather patterns,decreased rainfall in certain regions,request-161-1-3
decreased rainfall in certain regions,droughts,request-161-1-4
climate change,melting glaciers and ice caps,request-161-2-0
melting glaciers and ice caps,reduced water supply for rivers and streams,request-161-2-1
reduced water supply for rivers and streams,decreased soil moisture,request-161-2-2
decreased soil moisture,droughts,request-161-2-3
climate change,changes in atmospheric circulation patterns,request-161-3-0
changes in atmospheric circulation patterns,shifts in weather patterns,request-161-3-1
shifts in weather patterns,decreased rainfall in certain regions,request-161-3-2
decreased rainfall in certain regions,droughts,request-161-3-3
climate change,increased frequency and intensity of heatwaves,request-161-4-0
increased frequency and intensity of heatwaves,higher rates of evaporation,request-161-4-1
higher rates of evaporation,decreased soil moisture,request-161-4-2
decreased soil moisture,droughts,request-161-4-3
climate change,changes in atmospheric pressure systems,request-161-5-0
changes in atmospheric pressure systems,alterations in wind patterns,request-161-5-1
alterations in wind patterns,changes in precipitation patterns,request-161-5-2
changes in precipitation patterns,decreased rainfall in certain regions,request-161-5-3
decreased rainfall in certain regions,droughts,request-161-5-4
climate change,increased frequency and intensity of wildfires,request-161-6-0
increased frequency and intensity of wildfires,degradation of ecosystems and soil quality,request-161-6-1
degradation of ecosystems and soil quality,reduced water retention capacity of soil,request-161-6-2
reduced water retention capacity of soil,droughts,request-161-6-3
climate change,changes in cloud cover and formation,request-161-7-0
changes in cloud cover and formation,alterations in solar radiation absorption,request-161-7-1
alterations in solar radiation absorption,changes in temperature and precipitation patterns,request-161-7-2
changes in temperature and precipitation patterns,decreased rainfall in certain regions,request-161-7-3
decreased rainfall in certain regions,droughts,request-161-7-4
rise in global temperatures,increased evaporation,request-162-0-0
increased evaporation,changes in precipitation patterns,request-162-0-1
changes in precipitation patterns,alteration of ecosystems,request-162-0-2
alteration of ecosystems,climate change,request-162-0-3
rise in global temperatures,melting of polar ice caps and glaciers,request-162-1-0
melting of polar ice caps and glaciers,rising sea levels,request-162-1-1
rising sea levels,coastal flooding and erosion,request-162-1-2
coastal flooding and erosion,climate change,request-162-1-3
rise in global temperatures,increased frequency and intensity of heatwaves,request-162-2-0
increased frequency and intensity of heatwaves,increased risk of wildfires,request-162-2-1
increased risk of wildfires,loss of biodiversity,request-162-2-2
loss of biodiversity,climate change,request-162-2-3
rise in global temperatures,changes in ocean currents,request-162-3-0
changes in ocean currents,disruption of marine ecosystems,request-162-3-1
disruption of marine ecosystems,changes in fish populations and migration patterns,request-162-3-2
changes in fish populations and migration patterns,climate change,request-162-3-3
rise in global temperatures,increased frequency and intensity of storms and hurricanes,request-162-4-0
increased frequency and intensity of storms and hurricanes,damage to infrastructure and agriculture,request-162-4-1
damage to infrastructure and agriculture,changes in land use and vegetation patterns,request-162-4-2
changes in land use and vegetation patterns,climate change,request-162-4-3
rise in global temperatures,changes in atmospheric circulation patterns,request-162-5-0
changes in atmospheric circulation patterns,alteration of jet streams and weather patterns,request-162-5-1
alteration of jet streams and weather patterns,changes in temperature and precipitation patterns,request-162-5-2
changes in temperature and precipitation patterns,climate change,request-162-5-3
rise in global temperatures,increased frequency and intensity of droughts,request-162-6-0
increased frequency and intensity of droughts,changes in water availability and quality,request-162-6-1
changes in water availability and quality,changes in agriculture and food production,request-162-6-2
changes in agriculture and food production,climate change,request-162-6-3
rise in global temperatures,increased frequency and intensity of extreme weather events,request-162-7-0
increased frequency and intensity of extreme weather events,changes in natural disaster frequency and severity,request-162-7-1
changes in natural disaster frequency and severity,changes in human migration patterns,request-162-7-2
changes in human migration patterns,climate change,request-162-7-3
human activity,increased use of fossil fuels,request-163-0-0
increased use of fossil fuels,higher greenhouse gas emissions,request-163-0-1
higher greenhouse gas emissions,enhanced greenhouse effect,request-163-0-2
enhanced greenhouse effect,rising global temperatures,request-163-0-3
rising global temperatures,climate change,request-163-0-4
human activity,deforestation,request-163-1-0
deforestation,reduced carbon dioxide absorption,request-163-1-1
reduced carbon dioxide absorption,increased atmospheric carbon dioxide,request-163-1-2
increased atmospheric carbon dioxide,enhanced greenhouse effect,request-163-1-3
enhanced greenhouse effect,rising global temperatures,request-163-1-4
rising global temperatures,climate change,request-163-1-5
human activity,industrialization,request-163-2-0
industrialization,increased production of industrial gases,request-163-2-1
increased production of industrial gases,higher greenhouse gas emissions,request-163-2-2
higher greenhouse gas emissions,enhanced greenhouse effect,request-163-2-3
enhanced greenhouse effect,rising global temperatures,request-163-2-4
rising global temperatures,climate change,request-163-2-5
human activity,agriculture and livestock farming,request-163-3-0
agriculture and livestock farming,increased methane and nitrous oxide emissions,request-163-3-1
increased methane and nitrous oxide emissions,strengthened greenhouse effect,request-163-3-2
strengthened greenhouse effect,rising global temperatures,request-163-3-3
rising global temperatures,climate change,request-163-3-4
human activity,urbanization and infrastructure development,request-163-4-0
urbanization and infrastructure development,albedo effect changes,request-163-4-1
albedo effect changes,increased heat absorption,request-163-4-2
increased heat absorption,rising global temperatures,request-163-4-3
rising global temperatures,climate change,request-163-4-4
human activity,energy production and consumption,request-163-5-0
energy production and consumption,increased black carbon emissions,request-163-5-1
increased black carbon emissions,accelerated snow and ice melting,request-163-5-2
accelerated snow and ice melting,rising sea levels,request-163-5-3
rising sea levels,climate change,request-163-5-4
human activity,waste management practices,request-163-6-0
waste management practices,methane emissions from landfills,request-163-6-1
methane emissions from landfills,strengthened greenhouse effect,request-163-6-2
strengthened greenhouse effect,rising global temperatures,request-163-6-3
rising global temperatures,climate change,request-163-6-4
human activity,transportation and travel,request-163-7-0
transportation and travel,increased fuel consumption,request-163-7-1
increased fuel consumption,higher greenhouse gas emissions,request-163-7-2
higher greenhouse gas emissions,enhanced greenhouse effect,request-163-7-3
enhanced greenhouse effect,rising global temperatures,request-163-7-4
rising global temperatures,climate change,request-163-7-5
burning fossil fuels,emission of carbon dioxide,request-164-0-0
emission of carbon dioxide,increase in greenhouse gases,request-164-0-1
increase in greenhouse gases,enhanced greenhouse effect,request-164-0-2
enhanced greenhouse effect,atmospheric warming,request-164-0-3
atmospheric warming,global warming,request-164-0-4
burning fossil fuels,emission of carbon dioxide,request-164-1-0
emission of carbon dioxide,increase in greenhouse gases,request-164-1-1
increase in greenhouse gases,enhanced greenhouse effect,request-164-1-2
enhanced greenhouse effect,oceans absorbing more heat,request-164-1-3
oceans absorbing more heat,rising ocean temperatures,request-164-1-4
rising ocean temperatures,melting ice caps and glaciers,request-164-1-5
melting ice caps and glaciers,sea level rise,request-164-1-6
sea level rise,global warming,request-164-1-7
burning fossil fuels,emission of carbon dioxide,request-164-2-0
emission of carbon dioxide,increase in greenhouse gases,request-164-2-1
increase in greenhouse gases,enhanced greenhouse effect,request-164-2-2
enhanced greenhouse effect,changes in precipitation patterns,request-164-2-3
changes in precipitation patterns,altered ecosystems and habitats,request-164-2-4
altered ecosystems and habitats,changes in plant and animal behavior,request-164-2-5
changes in plant and animal behavior,global warming,request-164-2-6
burning fossil fuels,emission of carbon dioxide,request-164-3-0
emission of carbon dioxide,increase in greenhouse gases,request-164-3-1
increase in greenhouse gases,enhanced greenhouse effect,request-164-3-2
enhanced greenhouse effect,increase in extreme weather events,request-164-3-3
increase in extreme weather events,damage to infrastructure and agriculture,request-164-3-4
damage to infrastructure and agriculture,economic and social impacts,request-164-3-5
economic and social impacts,global warming,request-164-3-6
burning biomass,releases carbon dioxide into the atmosphere,request-165-0-0
releases carbon dioxide into the atmosphere,increases the concentration of greenhouse gases,request-165-0-1
increases the concentration of greenhouse gases,enhances the greenhouse effect,request-165-0-2
enhances the greenhouse effect,raises the earth's average temperature,request-165-0-3
raises the earth's average temperature,results in global warming,request-165-0-4
burning biomass,produces black carbon particles,request-165-1-0
produces black carbon particles,absorbs sunlight and generates heat,request-165-1-1
absorbs sunlight and generates heat,warms the surrounding air,request-165-1-2
warms the surrounding air,alters weather patterns,request-165-1-3
alters weather patterns,contributes to global warming,request-165-1-4
burning biomass,releases methane gas,request-165-2-0
releases methane gas,intensifies the greenhouse effect,request-165-2-1
intensifies the greenhouse effect,raises the earth's average temperature,request-165-2-2
raises the earth's average temperature,results in global warming,request-165-2-3
burning biomass,emits nitrous oxide,request-165-3-0
emits nitrous oxide,enhances the greenhouse effect,request-165-3-1
enhances the greenhouse effect,raises the earth's average temperature,request-165-3-2
raises the earth's average temperature,results in global warming,request-165-3-3
burning biomass,destroys forests and vegetation,request-165-4-0
destroys forests and vegetation,reduces carbon dioxide absorption capacity,request-165-4-1
reduces carbon dioxide absorption capacity,increases the concentration of greenhouse gases,request-165-4-2
increases the concentration of greenhouse gases,enhances the greenhouse effect,request-165-4-3
enhances the greenhouse effect,raises the earth's average temperature,request-165-4-4
raises the earth's average temperature,results in global warming,request-165-4-5
burning biomass,produces aerosols and particulate matter,request-165-5-0
produces aerosols and particulate matter,alters cloud formation and precipitation patterns,request-165-5-1
alters cloud formation and precipitation patterns,changes the earth's reflectivity and energy balance,request-165-5-2
changes the earth's reflectivity and energy balance,contributes to global warming,request-165-5-3
heat from gas emissions absorbed by oceans,increased ocean surface temperatures,request-166-0-0
increased ocean surface temperatures,changes in ocean density and salinity,request-166-0-1
changes in ocean density and salinity,disruption of thermohaline circulation,request-166-0-2
disruption of thermohaline circulation,slowing of ocean vertical mixing,request-166-0-3
heat from gas emissions absorbed by oceans,increased ocean surface temperatures,request-166-1-0
increased ocean surface temperatures,melting of polar ice caps,request-166-1-1
melting of polar ice caps,increased freshwater input into oceans,request-166-1-2
increased freshwater input into oceans,changes in ocean density and salinity,request-166-1-3
changes in ocean density and salinity,disruption of thermohaline circulation,request-166-1-4
disruption of thermohaline circulation,slowing of ocean vertical mixing,request-166-1-5
heat from gas emissions absorbed by oceans,increased ocean surface temperatures,request-166-2-0
increased ocean surface temperatures,changes in ocean currents,request-166-2-1
changes in ocean currents,alteration of upwelling and sinking patterns,request-166-2-2
alteration of upwelling and sinking patterns,slowing of ocean vertical mixing,request-166-2-3
heat from gas emissions absorbed by oceans,increased ocean surface temperatures,request-166-3-0
increased ocean surface temperatures,changes in ocean biology and chemistry,request-166-3-1
changes in ocean biology and chemistry,alteration of nutrient availability,request-166-3-2
alteration of nutrient availability,changes in phytoplankton and zooplankton populations,request-166-3-3
changes in phytoplankton and zooplankton populations,slowing of ocean vertical mixing,request-166-3-4
heat from gas emissions absorbed by oceans,increased ocean temperature,request-167-0-0
increased ocean temperature,decreased oxygen solubility,request-167-0-1
decreased oxygen solubility,reduced oxygen concentration,request-167-0-2
reduced oxygen concentration,ocean deoxygenation,request-167-0-3
heat from gas emissions absorbed by oceans,increased ocean temperature,request-167-1-0
increased ocean temperature,changes in ocean circulation patterns,request-167-1-1
changes in ocean circulation patterns,reduced oxygen supply to ocean depths,request-167-1-2
reduced oxygen supply to ocean depths,ocean deoxygenation,request-167-1-3
heat from gas emissions absorbed by oceans,increased ocean temperature,request-167-2-0
increased ocean temperature,accelerated metabolic rates of marine organisms,request-167-2-1
accelerated metabolic rates of marine organisms,increased oxygen consumption,request-167-2-2
increased oxygen consumption,ocean deoxygenation,request-167-2-3
heat from gas emissions absorbed by oceans,increased ocean temperature,request-167-3-0
increased ocean temperature,increased water stratification,request-167-3-1
increased water stratification,reduced mixing of oxygenrich surface water with deeper layers,request-167-3-2
reduced mixing of oxygenrich surface water with deeper layers,ocean deoxygenation,request-167-3-3
heat from gas emissions absorbed by oceans,increased ocean temperature,request-167-4-0
increased ocean temperature,changes in marine ecosystems,request-167-4-1
changes in marine ecosystems,increased growth of oxygendepleting organisms,request-167-4-2
increased growth of oxygendepleting organisms,ocean deoxygenation,request-167-4-3
heat from gas emissions absorbed by oceans,increased ocean temperature,request-167-5-0
increased ocean temperature,changes in ocean chemistry,request-167-5-1
changes in ocean chemistry,increased ocean acidification,request-167-5-2
increased ocean acidification,reduced oxygen production by marine plants,request-167-5-3
reduced oxygen production by marine plants,ocean deoxygenation,request-167-5-4
fossil fuel co2 emissions,increased atmospheric co2 concentration,request-168-0-0
increased atmospheric co2 concentration,co2 absorption by seawater,request-168-0-1
co2 absorption by seawater,increased carbonic acid formation,request-168-0-2
increased carbonic acid formation,lowered ocean ph,request-168-0-3
lowered ocean ph,ocean acidification,request-168-0-4
fossil fuel co2 emissions,increased atmospheric co2 concentration,request-168-1-0
increased atmospheric co2 concentration,global warming,request-168-1-1
global warming,increased seawater temperature,request-168-1-2
increased seawater temperature,decreased ocean co2 solubility,request-168-1-3
decreased ocean co2 solubility,increased co2 absorption by seawater,request-168-1-4
increased co2 absorption by seawater,increased carbonic acid formation,request-168-1-5
increased carbonic acid formation,lowered ocean ph,request-168-1-6
lowered ocean ph,ocean acidification,request-168-1-7
fossil fuel co2 emissions,increased atmospheric co2 concentration,request-168-2-0
increased atmospheric co2 concentration,global warming,request-168-2-1
global warming,melting of polar ice caps,request-168-2-2
melting of polar ice caps,increased freshwater influx into oceans,request-168-2-3
increased freshwater influx into oceans,changes in ocean circulation and chemistry,request-168-2-4
changes in ocean circulation and chemistry,increased co2 absorption by seawater,request-168-2-5
increased co2 absorption by seawater,increased carbonic acid formation,request-168-2-6
increased carbonic acid formation,lowered ocean ph,request-168-2-7
lowered ocean ph,ocean acidification,request-168-2-8
fossil fuel co2 emissions,increased atmospheric co2 concentration,request-168-3-0
increased atmospheric co2 concentration,changes in terrestrial ecosystems,request-168-3-1
changes in terrestrial ecosystems,increased organic matter runoff into oceans,request-168-3-2
increased organic matter runoff into oceans,changes in marine ecosystems,request-168-3-3
changes in marine ecosystems,increased co2 production by marine organisms,request-168-3-4
increased co2 production by marine organisms,increased co2 absorption by seawater,request-168-3-5
increased co2 absorption by seawater,increased carbonic acid formation,request-168-3-6
increased carbonic acid formation,lowered ocean ph,request-168-3-7
lowered ocean ph,ocean acidification,request-168-3-8
fossil fuel co2 emissions,increased atmospheric co2 concentration,request-168-4-0
increased atmospheric co2 concentration,changes in ocean currents and upwelling,request-168-4-1
changes in ocean currents and upwelling,increased co2rich deep ocean water upwelling,request-168-4-2
increased co2rich deep ocean water upwelling,increased co2 absorption by seawater,request-168-4-3
increased co2 absorption by seawater,increased carbonic acid formation,request-168-4-4
increased carbonic acid formation,lowered ocean ph,request-168-4-5
lowered ocean ph,ocean acidification,request-168-4-6
heat,increases outdoor temperatures,request-169-0-0
increases outdoor temperatures,which,request-169-0-1
which,that causes heat stress,request-169-0-2
that causes heat stress,leading to dehydration,request-169-0-3
leading to dehydration,resulting in heat exhaustion,request-169-0-4
resulting in heat exhaustion,"and if not treated, can progress to heat stroke",request-169-0-5
"and if not treated, can progress to heat stroke",which may ultimately result in hot weather deaths,request-169-0-6
heat,causes outdoor activities to become more strenuous,request-169-1-0
causes outdoor activities to become more strenuous,leading to heat exhaustion,request-169-1-1
leading to heat exhaustion,"and if not treated, can progress to heat stroke",request-169-1-2
"and if not treated, can progress to heat stroke",which may ultimately result in hot weather deaths,request-169-1-3
heat,increases the evaporation of water from the soil,request-169-2-0
increases the evaporation of water from the soil,leading to drought conditions,request-169-2-1
leading to drought conditions,that can cause wildfires,request-169-2-2
that can cause wildfires,which produce smoke and air pollution,request-169-2-3
which produce smoke and air pollution,exacerbating respiratory and cardiovascular conditions,request-169-2-4
exacerbating respiratory and cardiovascular conditions,leading to hot weather deaths,request-169-2-5
heat,causes the body to lose water through sweating,request-169-3-0
causes the body to lose water through sweating,leading to dehydration,request-169-3-1
leading to dehydration,which can cause kidney damage,request-169-3-2
which can cause kidney damage,leading to kidney failure,request-169-3-3
leading to kidney failure,resulting in hot weather deaths,request-169-3-4
heat,causes the body to overheat,request-169-4-0
causes the body to overheat,leading to heat exhaustion,request-169-4-1
leading to heat exhaustion,which can cause organ damage,request-169-4-2
which can cause organ damage,leading to organ failure,request-169-4-3
leading to organ failure,resulting in hot weather deaths,request-169-4-4
lack of air conditioning,people unable to cool their homes,request-170-0-0
people unable to cool their homes,increased indoor temperatures,request-170-0-1
increased indoor temperatures,heat exhaustion in vulnerable populations,request-170-0-2
heat exhaustion in vulnerable populations,hot weather deaths,request-170-0-3
lack of air conditioning,people seek refuge in public cooling centers,request-170-1-0
people seek refuge in public cooling centers,overcrowding in cooling centers,request-170-1-1
overcrowding in cooling centers,spread of heatrelated illnesses,request-170-1-2
spread of heatrelated illnesses,hot weather deaths,request-170-1-3
lack of air conditioning,people unable to sleep comfortably,request-170-2-0
people unable to sleep comfortably,decreased sleep quality and duration,request-170-2-1
decreased sleep quality and duration,increased susceptibility to heatrelated illnesses,request-170-2-2
increased susceptibility to heatrelated illnesses,hot weather deaths,request-170-2-3
lack of air conditioning,people unable to escape extreme heat,request-170-3-0
people unable to escape extreme heat,increased physical strain on the body,request-170-3-1
increased physical strain on the body,cardiovascular and respiratory problems,request-170-3-2
cardiovascular and respiratory problems,hot weather deaths,request-170-3-3
lack of air conditioning,people unable to cool their workplaces,request-170-4-0
people unable to cool their workplaces,decreased productivity and increased errors,request-170-4-1
decreased productivity and increased errors,workplace accidents and injuries,request-170-4-2
workplace accidents and injuries,hot weather deaths,request-170-4-3
cold,decreased body temperature,request-171-0-0
decreased body temperature,hypothermia,request-171-0-1
hypothermia,impaired bodily functions,request-171-0-2
impaired bodily functions,organ failure,request-171-0-3
organ failure,cold weather deaths,request-171-0-4
cold,decreased body temperature,request-171-1-0
decreased body temperature,hypothermia,request-171-1-1
hypothermia,weakened immune system,request-171-1-2
weakened immune system,increased susceptibility to infections,request-171-1-3
increased susceptibility to infections,infections leading to complications,request-171-1-4
infections leading to complications,cold weather deaths,request-171-1-5
cold,decreased body temperature,request-171-2-0
decreased body temperature,hypothermia,request-171-2-1
hypothermia,impaired cognitive function,request-171-2-2
impaired cognitive function,poor decisionmaking,request-171-2-3
poor decisionmaking,increased risk of accidents,request-171-2-4
increased risk of accidents,cold weather deaths,request-171-2-5
cold,decreased body temperature,request-171-3-0
decreased body temperature,hypothermia,request-171-3-1
hypothermia,fatigue and exhaustion,request-171-3-2
fatigue and exhaustion,increased risk of falls and injuries,request-171-3-3
increased risk of falls and injuries,cold weather deaths,request-171-3-4
cold,decreased body temperature,request-171-4-0
decreased body temperature,hypothermia,request-171-4-1
hypothermia,reduced blood flow,request-171-4-2
reduced blood flow,frostbite,request-171-4-3
frostbite,tissue damage and infections,request-171-4-4
tissue damage and infections,cold weather deaths,request-171-4-5
cold,decreased body temperature,request-171-5-0
decreased body temperature,hypothermia,request-171-5-1
hypothermia,impaired respiratory function,request-171-5-2
impaired respiratory function,increased risk of respiratory infections,request-171-5-3
increased risk of respiratory infections,cold weather deaths,request-171-5-4
cold,decreased body temperature,request-171-6-0
decreased body temperature,hypothermia,request-171-6-1
hypothermia,impaired cardiovascular function,request-171-6-2
impaired cardiovascular function,increased risk of heart attacks and strokes,request-171-6-3
increased risk of heart attacks and strokes,cold weather deaths,request-171-6-4
weakened immune system in the winter,increased susceptibility to infections,request-172-0-0
increased susceptibility to infections,catching a common cold or flu,request-172-0-1
catching a common cold or flu,"developing complications, such as pneumonia",request-172-0-2
"developing complications, such as pneumonia",severe pneumonia,request-172-0-3
severe pneumonia,hospitalization,request-172-0-4
hospitalization,sepsis,request-172-0-5
sepsis,organ failure,request-172-0-6
organ failure,death,request-172-0-7
weakened immune system in the winter,increased susceptibility to infections,request-172-1-0
increased susceptibility to infections,catching a common cold or flu,request-172-1-1
catching a common cold or flu,"developing complications, such as pneumonia",request-172-1-2
"developing complications, such as pneumonia",severe pneumonia,request-172-1-3
severe pneumonia,hospitalization,request-172-1-4
hospitalization,worsening of preexisting conditions,request-172-1-5
worsening of preexisting conditions,multiple organ failure,request-172-1-6
multiple organ failure,death,request-172-1-7
weakened immune system in the winter,increased susceptibility to infections,request-172-2-0
increased susceptibility to infections,catching a common cold or flu,request-172-2-1
catching a common cold or flu,"developing complications, such as pneumonia",request-172-2-2
"developing complications, such as pneumonia",severe pneumonia,request-172-2-3
severe pneumonia,hospitalization,request-172-2-4
hospitalization,acquiring a hospitalacquired infection,request-172-2-5
acquiring a hospitalacquired infection,sepsis,request-172-2-6
sepsis,organ failure,request-172-2-7
organ failure,death,request-172-2-8
weakened immune system in the winter,increased susceptibility to infections,request-172-3-0
increased susceptibility to infections,catching a common cold or flu,request-172-3-1
catching a common cold or flu,"developing complications, such as pneumonia",request-172-3-2
"developing complications, such as pneumonia",severe pneumonia,request-172-3-3
severe pneumonia,hospitalization,request-172-3-4
hospitalization,acquiring a hospitalacquired infection,request-172-3-5
acquiring a hospitalacquired infection,worsening of preexisting conditions,request-172-3-6
worsening of preexisting conditions,multiple organ failure,request-172-3-7
multiple organ failure,death,request-172-3-8
weakened immune system in the winter,increased susceptibility to infections,request-172-4-0
increased susceptibility to infections,catching a common cold or flu,request-172-4-1
catching a common cold or flu,"developing complications, such as pneumonia",request-172-4-2
"developing complications, such as pneumonia",severe pneumonia,request-172-4-3
severe pneumonia,hospitalization,request-172-4-4
hospitalization,developing bedsores,request-172-4-5
developing bedsores,sepsis,request-172-4-6
sepsis,organ failure,request-172-4-7
organ failure,death,request-172-4-8
weakened immune system in the winter,increased susceptibility to infections,request-172-5-0
increased susceptibility to infections,catching a common cold or flu,request-172-5-1
catching a common cold or flu,"developing complications, such as pneumonia",request-172-5-2
"developing complications, such as pneumonia",severe pneumonia,request-172-5-3
severe pneumonia,hospitalization,request-172-5-4
hospitalization,developing bedsores,request-172-5-5
developing bedsores,worsening of preexisting conditions,request-172-5-6
worsening of preexisting conditions,multiple organ failure,request-172-5-7
multiple organ failure,death,request-172-5-8
weakened immune system in the winter,increased susceptibility to infections,request-172-6-0
increased susceptibility to infections,catching a common cold or flu,request-172-6-1
catching a common cold or flu,"developing complications, such as pneumonia",request-172-6-2
"developing complications, such as pneumonia",severe pneumonia,request-172-6-3
severe pneumonia,hospitalization,request-172-6-4
hospitalization,developing blood clots,request-172-6-5
developing blood clots,pulmonary embolism,request-172-6-6
pulmonary embolism,organ failure,request-172-6-7
organ failure,death,request-172-6-8
weakened immune system in the winter,increased susceptibility to infections,request-172-7-0
increased susceptibility to infections,catching a common cold or flu,request-172-7-1
catching a common cold or flu,"developing complications, such as pneumonia",request-172-7-2
"developing complications, such as pneumonia",severe pneumonia,request-172-7-3
severe pneumonia,hospitalization,request-172-7-4
hospitalization,developing blood clots,request-172-7-5
developing blood clots,worsening of preexisting conditions,request-172-7-6
worsening of preexisting conditions,multiple organ failure,request-172-7-7
multiple organ failure,death,request-172-7-8
weakened immune system in the winter,increased susceptibility to infections,request-172-8-0
increased susceptibility to infections,catching a common cold or flu,request-172-8-1
catching a common cold or flu,"developing complications, such as pneumonia",request-172-8-2
"developing complications, such as pneumonia",severe pneumonia,request-172-8-3
severe pneumonia,hospitalization,request-172-8-4
hospitalization,adverse reaction to medication,request-172-8-5
adverse reaction to medication,organ failure,request-172-8-6
organ failure,death,request-172-8-7
weakened immune system in the winter,increased susceptibility to infections,request-172-9-0
increased susceptibility to infections,catching a common cold or flu,request-172-9-1
catching a common cold or flu,"developing complications, such as pneumonia",request-172-9-2
"developing complications, such as pneumonia",severe pneumonia,request-172-9-3
severe pneumonia,hospitalization,request-172-9-4
hospitalization,adverse reaction to medication,request-172-9-5
adverse reaction to medication,worsening of preexisting conditions,request-172-9-6
worsening of preexisting conditions,multiple organ failure,request-172-9-7
multiple organ failure,death,request-172-9-8
cold,hypothermia,request-173-0-0
hypothermia,organ failure,request-173-0-1
organ failure,death,request-173-0-2
cold,hypothermia,request-173-1-0
hypothermia,cardiac arrest,request-173-1-1
cardiac arrest,death,request-173-1-2
cold,hypothermia,request-173-2-0
hypothermia,respiratory failure,request-173-2-1
respiratory failure,death,request-173-2-2
cold,hypothermia,request-173-3-0
hypothermia,frostbite,request-173-3-1
frostbite,infection,request-173-3-2
infection,sepsis,request-173-3-3
sepsis,organ failure,request-173-3-4
organ failure,death,request-173-3-5
cold,hypothermia,request-173-4-0
hypothermia,frostbite,request-173-4-1
frostbite,infection,request-173-4-2
infection,sepsis,request-173-4-3
sepsis,cardiac arrest,request-173-4-4
cardiac arrest,death,request-173-4-5
cold,hypothermia,request-173-5-0
hypothermia,frostbite,request-173-5-1
frostbite,infection,request-173-5-2
infection,sepsis,request-173-5-3
sepsis,respiratory failure,request-173-5-4
respiratory failure,death,request-173-5-5
cold,hypothermia,request-173-6-0
hypothermia,frostbite,request-173-6-1
frostbite,gangrene,request-173-6-2
gangrene,amputation,request-173-6-3
amputation,shock,request-173-6-4
shock,death,request-173-6-5
cold,hypothermia,request-173-7-0
hypothermia,frostbite,request-173-7-1
frostbite,gangrene,request-173-7-2
gangrene,infection,request-173-7-3
infection,sepsis,request-173-7-4
sepsis,organ failure,request-173-7-5
organ failure,death,request-173-7-6
cold,hypothermia,request-173-8-0
hypothermia,frostbite,request-173-8-1
frostbite,gangrene,request-173-8-2
gangrene,infection,request-173-8-3
infection,sepsis,request-173-8-4
sepsis,cardiac arrest,request-173-8-5
cardiac arrest,death,request-173-8-6
cold,hypothermia,request-173-9-0
hypothermia,frostbite,request-173-9-1
frostbite,gangrene,request-173-9-2
gangrene,infection,request-173-9-3
infection,sepsis,request-173-9-4
sepsis,respiratory failure,request-173-9-5
respiratory failure,death,request-173-9-6
the wholesale price of gas increases,consumers pay more for gasoline and diesel,request-174-0-0
consumers pay more for gasoline and diesel,transportation costs rise,request-174-0-1
transportation costs rise,prices of goods and services increase,request-174-0-2
prices of goods and services increase,household budgets are strained,request-174-0-3
household budgets are strained,crisis in the cost of living,request-174-0-4
the wholesale price of gas increases,energy companies' costs rise,request-174-1-0
energy companies' costs rise,utility bills increase,request-174-1-1
utility bills increase,households have less disposable income,request-174-1-2
households have less disposable income,people struggle to afford basic necessities,request-174-1-3
people struggle to afford basic necessities,crisis in the cost of living,request-174-1-4
the wholesale price of gas increases,fuel costs for businesses rise,request-174-2-0
fuel costs for businesses rise,production costs increase,request-174-2-1
production costs increase,companies raise prices of goods and services,request-174-2-2
companies raise prices of goods and services,consumers face higher costs,request-174-2-3
consumers face higher costs,crisis in the cost of living,request-174-2-4
the wholesale price of gas increases,airlines' operational costs rise,request-174-3-0
airlines' operational costs rise,airfares increase,request-174-3-1
airfares increase,travel becomes more expensive,request-174-3-2
travel becomes more expensive,consumers have less money for other expenses,request-174-3-3
consumers have less money for other expenses,crisis in the cost of living,request-174-3-4
the wholesale price of gas increases,heating costs rise for homes and businesses,request-174-4-0
heating costs rise for homes and businesses,households and companies have less disposable income,request-174-4-1
households and companies have less disposable income,spending on other goods and services decreases,request-174-4-2
spending on other goods and services decreases,economic growth slows,request-174-4-3
economic growth slows,crisis in the cost of living,request-174-4-4
human activity,increased use of fossil fuels,request-175-0-0
increased use of fossil fuels,higher levels of carbon dioxide emissions,request-175-0-1
higher levels of carbon dioxide emissions,accumulation of co2 in the atmosphere,request-175-0-2
accumulation of co2 in the atmosphere,50 billion tons of co2 per year,request-175-0-3
human activity,deforestation and land use changes,request-175-1-0
deforestation and land use changes,decreased carbon dioxide absorption by plants and soil,request-175-1-1
decreased carbon dioxide absorption by plants and soil,higher levels of carbon dioxide in the atmosphere,request-175-1-2
higher levels of carbon dioxide in the atmosphere,50 billion tons of co2 per year,request-175-1-3
human activity,industrialization and urbanization,request-175-2-0
industrialization and urbanization,increased energy consumption,request-175-2-1
increased energy consumption,higher levels of carbon dioxide emissions,request-175-2-2
higher levels of carbon dioxide emissions,accumulation of co2 in the atmosphere,request-175-2-3
accumulation of co2 in the atmosphere,50 billion tons of co2 per year,request-175-2-4
human activity,agricultural practices and livestock farming,request-175-3-0
agricultural practices and livestock farming,increased methane and nitrous oxide emissions,request-175-3-1
increased methane and nitrous oxide emissions,higher levels of greenhouse gases in the atmosphere,request-175-3-2
higher levels of greenhouse gases in the atmosphere,positive feedback loops amplifying co2 levels,request-175-3-3
positive feedback loops amplifying co2 levels,50 billion tons of co2 per year,request-175-3-4
human activity,transportation and travel,request-175-4-0
transportation and travel,increased use of vehicles and airplanes,request-175-4-1
increased use of vehicles and airplanes,higher levels of carbon dioxide emissions,request-175-4-2
higher levels of carbon dioxide emissions,accumulation of co2 in the atmosphere,request-175-4-3
accumulation of co2 in the atmosphere,50 billion tons of co2 per year,request-175-4-4
human activity,energy production and consumption,request-175-5-0
energy production and consumption,"burning of coal, oil, and natural gas",request-175-5-1
"burning of coal, oil, and natural gas",higher levels of carbon dioxide emissions,request-175-5-2
higher levels of carbon dioxide emissions,accumulation of co2 in the atmosphere,request-175-5-3
accumulation of co2 in the atmosphere,50 billion tons of co2 per year,request-175-5-4
human activity,waste management and disposal,request-175-6-0
waste management and disposal,inadequate waste treatment and disposal methods,request-175-6-1
inadequate waste treatment and disposal methods,increased methane emissions from landfills and wastewater,request-175-6-2
increased methane emissions from landfills and wastewater,higher levels of greenhouse gases in the atmosphere,request-175-6-3
higher levels of greenhouse gases in the atmosphere,positive feedback loops amplifying co2 levels,request-175-6-4
positive feedback loops amplifying co2 levels,50 billion tons of co2 per year,request-175-6-5
human activity,economic growth and development,request-175-7-0
economic growth and development,increased demand for energy and resources,request-175-7-1
increased demand for energy and resources,higher levels of carbon dioxide emissions,request-175-7-2
higher levels of carbon dioxide emissions,accumulation of co2 in the atmosphere,request-175-7-3
accumulation of co2 in the atmosphere,50 billion tons of co2 per year,request-175-7-4
human activity,population growth and urbanization,request-175-8-0
population growth and urbanization,"increased demand for housing, infrastructure, and services",request-175-8-1
"increased demand for housing, infrastructure, and services",higher levels of energy consumption and carbon dioxide emissions,request-175-8-2
higher levels of energy consumption and carbon dioxide emissions,accumulation of co2 in the atmosphere,request-175-8-3
accumulation of co2 in the atmosphere,50 billion tons of co2 per year,request-175-8-4
human activity,technological advancements and innovation,request-175-9-0
technological advancements and innovation,increased production and consumption of goods and services,request-175-9-1
increased production and consumption of goods and services,higher levels of carbon dioxide emissions,request-175-9-2
higher levels of carbon dioxide emissions,accumulation of co2 in the atmosphere,request-175-9-3
accumulation of co2 in the atmosphere,50 billion tons of co2 per year,request-175-9-4
fires,burning of trees,request-176-0-0
burning of trees,destruction of forest habitat,request-176-0-1
destruction of forest habitat,deforestation,request-176-0-2
fires,release of carbon dioxide,request-176-1-0
release of carbon dioxide,contribution to global warming,request-176-1-1
contribution to global warming,changes in climate patterns,request-176-1-2
changes in climate patterns,increased frequency of forest fires,request-176-1-3
increased frequency of forest fires,deforestation,request-176-1-4
fires,destruction of tree roots,request-176-2-0
destruction of tree roots,soil erosion,request-176-2-1
soil erosion,loss of nutrients,request-176-2-2
loss of nutrients,inability of trees to grow,request-176-2-3
inability of trees to grow,deforestation,request-176-2-4
fires,killing of wildlife,request-176-3-0
killing of wildlife,disruption of ecosystems,request-176-3-1
disruption of ecosystems,changes in plant growth patterns,request-176-3-2
changes in plant growth patterns,inability of forests to regenerate,request-176-3-3
inability of forests to regenerate,deforestation,request-176-3-4
fires,release of pollutants into the air,request-176-4-0
release of pollutants into the air,damage to air quality,request-176-4-1
damage to air quality,harm to plant and animal life,request-176-4-2
harm to plant and animal life,decreased forest health,request-176-4-3
decreased forest health,deforestation,request-176-4-4
fires,destruction of forest resources,request-176-5-0
destruction of forest resources,loss of economic value,request-176-5-1
loss of economic value,lack of incentive to preserve forests,request-176-5-2
lack of incentive to preserve forests,deforestation,request-176-5-3
fires,spread of invasive species,request-176-6-0
spread of invasive species,changes in forest composition,request-176-6-1
changes in forest composition,reduction of biodiversity,request-176-6-2
reduction of biodiversity,deforestation,request-176-6-3
fires,release of greenhouse gases,request-176-7-0
release of greenhouse gases,contribution to climate change,request-176-7-1
contribution to climate change,changes in precipitation patterns,request-176-7-2
changes in precipitation patterns,alteration of forest ecosystems,request-176-7-3
alteration of forest ecosystems,deforestation,request-176-7-4
fires,damage to forest infrastructure,request-176-8-0
damage to forest infrastructure,limited access to forests,request-176-8-1
limited access to forests,decreased ability to manage and protect forests,request-176-8-2
decreased ability to manage and protect forests,deforestation,request-176-8-3
fires,release of smoke and ash,request-176-9-0
release of smoke and ash,air pollution,request-176-9-1
air pollution,harm to human health,request-176-9-2
harm to human health,reduced interest in preserving forests,request-176-9-3
reduced interest in preserving forests,deforestation,request-176-9-4
increased foliage,more photosynthesis,request-177-0-0
more photosynthesis,higher carbon dioxide absorption,request-177-0-1
higher carbon dioxide absorption,decreased atmospheric carbon dioxide levels,request-177-0-2
decreased atmospheric carbon dioxide levels,reduced greenhouse effect,request-177-0-3
reduced greenhouse effect,lower global temperatures,request-177-0-4
lower global temperatures,increased plant growth,request-177-0-5
increased plant growth,greening of the planet,request-177-0-6
increased foliage,more photosynthesis,request-177-1-0
more photosynthesis,higher carbon dioxide absorption,request-177-1-1
higher carbon dioxide absorption,decreased atmospheric carbon dioxide levels,request-177-1-2
decreased atmospheric carbon dioxide levels,reduced greenhouse effect,request-177-1-3
reduced greenhouse effect,slower climate change,request-177-1-4
slower climate change,increased plant growth,request-177-1-5
increased plant growth,greening of the planet,request-177-1-6
increased foliage,more photosynthesis,request-177-2-0
more photosynthesis,higher carbon dioxide absorption,request-177-2-1
higher carbon dioxide absorption,decreased atmospheric carbon dioxide levels,request-177-2-2
decreased atmospheric carbon dioxide levels,reduced greenhouse effect,request-177-2-3
reduced greenhouse effect,increased global oxygen production,request-177-2-4
increased global oxygen production,healthier ecosystems,request-177-2-5
healthier ecosystems,increased plant growth,request-177-2-6
increased plant growth,greening of the planet,request-177-2-7
increased foliage,more photosynthesis,request-177-3-0
more photosynthesis,higher carbon dioxide absorption,request-177-3-1
higher carbon dioxide absorption,decreased atmospheric carbon dioxide levels,request-177-3-2
decreased atmospheric carbon dioxide levels,reduced greenhouse effect,request-177-3-3
reduced greenhouse effect,slower sea level rise,request-177-3-4
slower sea level rise,less coastal erosion,request-177-3-5
less coastal erosion,increased plant growth,request-177-3-6
increased plant growth,greening of the planet,request-177-3-7
increased foliage,more photosynthesis,request-177-4-0
more photosynthesis,higher carbon dioxide absorption,request-177-4-1
higher carbon dioxide absorption,decreased atmospheric carbon dioxide levels,request-177-4-2
decreased atmospheric carbon dioxide levels,reduced greenhouse effect,request-177-4-3
reduced greenhouse effect,improved air quality,request-177-4-4
improved air quality,less pollutionrelated plant damage,request-177-4-5
less pollutionrelated plant damage,increased plant growth,request-177-4-6
increased plant growth,greening of the planet,request-177-4-7
tree planting,growth of saplings,request-178-0-0
growth of saplings,establishment of young trees,request-178-0-1
establishment of young trees,development of forest structure,request-178-0-2
development of forest structure,increased biodiversity,request-178-0-3
increased biodiversity,restoration of ecosystem services,request-178-0-4
restoration of ecosystem services,reforestation,request-178-0-5
tree planting,soil stabilization,request-178-1-0
soil stabilization,prevention of erosion,request-178-1-1
prevention of erosion,improvement of water quality,request-178-1-2
improvement of water quality,creation of wildlife habitats,request-178-1-3
creation of wildlife habitats,enhancement of ecosystem functions,request-178-1-4
enhancement of ecosystem functions,reforestation,request-178-1-5
tree planting,carbon sequestration,request-178-2-0
carbon sequestration,reduction of greenhouse gas emissions,request-178-2-1
reduction of greenhouse gas emissions,mitigation of climate change impacts,request-178-2-2
mitigation of climate change impacts,protection of ecosystems,request-178-2-3
protection of ecosystems,maintenance of ecosystem services,request-178-2-4
maintenance of ecosystem services,reforestation,request-178-2-5
tree planting,increase in tree cover,request-178-3-0
increase in tree cover,moderation of local climate,request-178-3-1
moderation of local climate,improvement of air quality,request-178-3-2
improvement of air quality,enhancement of human health and wellbeing,request-178-3-3
enhancement of human health and wellbeing,promotion of sustainable development,request-178-3-4
promotion of sustainable development,reforestation,request-178-3-5
tree planting,creation of recreational spaces,request-178-4-0
creation of recreational spaces,promotion of tourism,request-178-4-1
promotion of tourism,economic development,request-178-4-2
economic development,improvement of local livelihoods,request-178-4-3
improvement of local livelihoods,encouragement of community engagement,request-178-4-4
encouragement of community engagement,reforestation,request-178-4-5
tree planting,growth of saplings,request-179-0-0
growth of saplings,establishment of young trees,request-179-0-1
establishment of young trees,development of forest structure,request-179-0-2
development of forest structure,increased biodiversity,request-179-0-3
increased biodiversity,restoration of ecosystem services,request-179-0-4
restoration of ecosystem services,reforestation,request-179-0-5
tree planting,soil stabilization,request-179-1-0
soil stabilization,reduction of soil erosion,request-179-1-1
reduction of soil erosion,improvement of water quality,request-179-1-2
improvement of water quality,enhancement of carbon sequestration,request-179-1-3
enhancement of carbon sequestration,restoration of ecosystem services,request-179-1-4
restoration of ecosystem services,reforestation,request-179-1-5
tree planting,creation of wildlife habitat,request-179-2-0
creation of wildlife habitat,increase in wildlife populations,request-179-2-1
increase in wildlife populations,restoration of ecosystem services,request-179-2-2
restoration of ecosystem services,reforestation,request-179-2-3
tree planting,improvement of air quality,request-179-3-0
improvement of air quality,reduction of greenhouse gas emissions,request-179-3-1
reduction of greenhouse gas emissions,mitigation of climate change impacts,request-179-3-2
mitigation of climate change impacts,restoration of ecosystem services,request-179-3-3
restoration of ecosystem services,reforestation,request-179-3-4
tree planting,increase in forest cover,request-179-4-0
increase in forest cover,enhancement of carbon storage,request-179-4-1
enhancement of carbon storage,improvement of local climate,request-179-4-2
improvement of local climate,restoration of ecosystem services,request-179-4-3
restoration of ecosystem services,reforestation,request-179-4-4
tree planting,increase in forest connectivity,request-179-5-0
increase in forest connectivity,enhancement of wildlife movement,request-179-5-1
enhancement of wildlife movement,restoration of ecosystem services,request-179-5-2
restoration of ecosystem services,reforestation,request-179-5-3
tree planting,improvement of soil fertility,request-179-6-0
improvement of soil fertility,increase in agricultural productivity,request-179-6-1
increase in agricultural productivity,restoration of ecosystem services,request-179-6-2
restoration of ecosystem services,reforestation,request-179-6-3
tree planting,reduction of noise pollution,request-179-7-0
reduction of noise pollution,improvement of human wellbeing,request-179-7-1
improvement of human wellbeing,restoration of ecosystem services,request-179-7-2
restoration of ecosystem services,reforestation,request-179-7-3
tree planting,increase in aesthetic value,request-179-8-0
increase in aesthetic value,improvement of tourism opportunities,request-179-8-1
improvement of tourism opportunities,restoration of ecosystem services,request-179-8-2
restoration of ecosystem services,reforestation,request-179-8-3
tree planting,creation of jobs,request-179-9-0
creation of jobs,improvement of local economy,request-179-9-1
improvement of local economy,restoration of ecosystem services,request-179-9-2
restoration of ecosystem services,reforestation,request-179-9-3
deforestation,removal of tree cover,request-180-0-0
removal of tree cover,loss of organic matter input from leaves and branches,request-180-0-1
loss of organic matter input from leaves and branches,decreased soil organic matter,request-180-0-2
decreased soil organic matter,reduced nutrient cycling,request-180-0-3
reduced nutrient cycling,nutrient loss in the soils,request-180-0-4
deforestation,removal of tree cover,request-180-1-0
removal of tree cover,increased soil erosion,request-180-1-1
increased soil erosion,loss of topsoil,request-180-1-2
loss of topsoil,reduced nutrient retention,request-180-1-3
reduced nutrient retention,nutrient loss in the soils,request-180-1-4
deforestation,removal of tree cover,request-180-2-0
removal of tree cover,changes in soil microclimate,request-180-2-1
changes in soil microclimate,increased decomposition of soil organic matter,request-180-2-2
increased decomposition of soil organic matter,reduced nutrient cycling,request-180-2-3
reduced nutrient cycling,nutrient loss in the soils,request-180-2-4
deforestation,removal of tree cover,request-180-3-0
removal of tree cover,alteration of water cycle,request-180-3-1
alteration of water cycle,increased leaching of nutrients,request-180-3-2
increased leaching of nutrients,nutrient loss in the soils,request-180-3-3
deforestation,removal of tree cover,request-180-4-0
removal of tree cover,changes in soil structure,request-180-4-1
changes in soil structure,reduced soil fertility,request-180-4-2
reduced soil fertility,nutrient loss in the soils,request-180-4-3
deforestation,removal of tree cover,request-180-5-0
removal of tree cover,changes in soil ph,request-180-5-1
changes in soil ph,altered nutrient availability,request-180-5-2
altered nutrient availability,nutrient loss in the soils,request-180-5-3
deforestation,removal of tree cover,request-180-6-0
removal of tree cover,changes in soil biota,request-180-6-1
changes in soil biota,disrupted nutrient cycling,request-180-6-2
disrupted nutrient cycling,nutrient loss in the soils,request-180-6-3
deforestation,removal of tree cover,request-180-7-0
removal of tree cover,increased fire risk,request-180-7-1
increased fire risk,soil nutrient depletion due to burning,request-180-7-2
soil nutrient depletion due to burning,nutrient loss in the soils,request-180-7-3
deforestation,removal of tree cover,request-180-8-0
removal of tree cover,increased wind and water erosion,request-180-8-1
increased wind and water erosion,loss of soil nutrients,request-180-8-2
loss of soil nutrients,nutrient loss in the soils,request-180-8-3
deforestation,removal of tree cover,request-180-9-0
removal of tree cover,changes in soil temperature,request-180-9-1
changes in soil temperature,altered nutrient cycling,request-180-9-2
altered nutrient cycling,nutrient loss in the soils,request-180-9-3
deforestation,removal of tree cover,request-180-10-0
removal of tree cover,changes in soil moisture,request-180-10-1
changes in soil moisture,altered nutrient availability,request-180-10-2
altered nutrient availability,nutrient loss in the soils,request-180-10-3
nutrient loss in the soils,decreased soil fertility,request-181-0-0
decreased soil fertility,reduced crop yield,request-181-0-1
reduced crop yield,greater reliance on chemical fertilizers,request-181-0-2
greater reliance on chemical fertilizers,environmental degradation,request-181-0-3
environmental degradation,adoption of monoculture for increased efficiency,request-181-0-4
adoption of monoculture for increased efficiency,monoculture,request-181-0-5
nutrient loss in the soils,decreased soil fertility,request-181-1-0
decreased soil fertility,increased erosion,request-181-1-1
increased erosion,reduced water retention,request-181-1-2
reduced water retention,drought stress on crops,request-181-1-3
drought stress on crops,greater reliance on irrigation,request-181-1-4
greater reliance on irrigation,adoption of monoculture for water efficiency,request-181-1-5
adoption of monoculture for water efficiency,monoculture,request-181-1-6
nutrient loss in the soils,decreased soil fertility,request-181-2-0
decreased soil fertility,reduced biodiversity,request-181-2-1
reduced biodiversity,increased vulnerability to pests and diseases,request-181-2-2
increased vulnerability to pests and diseases,greater reliance on pesticides,request-181-2-3
greater reliance on pesticides,environmental degradation,request-181-2-4
environmental degradation,adoption of monoculture for increased efficiency,request-181-2-5
adoption of monoculture for increased efficiency,monoculture,request-181-2-6
nutrient loss in the soils,decreased soil fertility,request-181-3-0
decreased soil fertility,reduced crop yield,request-181-3-1
reduced crop yield,economic pressure on farmers,request-181-3-2
economic pressure on farmers,adoption of monoculture for increased profitability,request-181-3-3
adoption of monoculture for increased profitability,monoculture,request-181-3-4
nutrient loss in the soils,decreased soil fertility,request-181-4-0
decreased soil fertility,reduced biodiversity,request-181-4-1
reduced biodiversity,loss of ecosystem services,request-181-4-2
loss of ecosystem services,greater reliance on external inputs,request-181-4-3
greater reliance on external inputs,adoption of monoculture for increased efficiency,request-181-4-4
adoption of monoculture for increased efficiency,monoculture,request-181-4-5
