cause,effect,custom_id
buying from companies that mess the climate,supporting companies that harm the environment,request-2-0-0
supporting companies that harm the environment,investing in companies with poor environmental practices,request-2-0-1
investing in companies with poor environmental practices,reinforcing the market presence of climatedamaging companies,request-2-0-2
reinforcing the market presence of climatedamaging companies,keeping of climatedamaging companies,request-2-0-3
buying from companies that mess the climate,purchasing products from companies with high carbon footprints,request-2-1-0
purchasing products from companies with high carbon footprints,contributing to the profitability of polluting industries,request-2-1-1
contributing to the profitability of polluting industries,encouraging continued operations of environmentally harmful companies,request-2-1-2
encouraging continued operations of environmentally harmful companies,keeping of climatedamaging companies,request-2-1-3
buying from companies that mess the climate,buying goods with unsustainable supply chains,request-2-2-0
buying goods with unsustainable supply chains,facilitating the exploitation of natural resources,request-2-2-1
facilitating the exploitation of natural resources,promoting the expansion of industries that damage the climate,request-2-2-2
promoting the expansion of industries that damage the climate,keeping of climatedamaging companies,request-2-2-3
buying from companies that mess the climate,purchasing products from companies with unsustainable practices,request-2-3-0
purchasing products from companies with unsustainable practices,funding the operations of environmentally harmful businesses,request-2-3-1
funding the operations of environmentally harmful businesses,maintaining the status quo of climatedamaging companies,request-2-3-2
maintaining the status quo of climatedamaging companies,keeping of climatedamaging companies,request-2-3-3
government implements policies to reduce carbon emissions,companies invest in renewable energy sources,request-3-0-0
companies invest in renewable energy sources,renewable energy industry grows,request-3-0-1
renewable energy industry grows,fossil fuel industry declines,request-3-0-2
fossil fuel industry declines,global greenhouse gas emissions decrease,request-3-0-3
global greenhouse gas emissions decrease,climate change slows down,request-3-0-4
climate change slows down,progress in combating climate change is observed,request-3-0-5
international agreements are signed to combat climate change,countries commit to reducing emissions,request-3-1-0
countries commit to reducing emissions,renewable energy technologies advance,request-3-1-1
renewable energy technologies advance,investment in green infrastructure increases,request-3-1-2
investment in green infrastructure increases,energy efficiency improves,request-3-1-3
energy efficiency improves,carbon footprint of nations decreases,request-3-1-4
carbon footprint of nations decreases,progress in combating climate change is observed,request-3-1-5
public awareness of climate change increases,individuals and communities adopt sustainable practices,request-3-2-0
individuals and communities adopt sustainable practices,demand for ecofriendly products rises,request-3-2-1
demand for ecofriendly products rises,businesses respond with sustainable product offerings,request-3-2-2
businesses respond with sustainable product offerings,green technologies become more prevalent,request-3-2-3
green technologies become more prevalent,reduction in carbon emissions from consumer behavior,request-3-2-4
reduction in carbon emissions from consumer behavior,progress in combating climate change is observed,request-3-2-5
education systems incorporate climate change into curricula,future generations become more informed about climate issues,request-3-3-0
future generations become more informed about climate issues,increased public support for climate action,request-3-3-1
increased public support for climate action,political leaders prioritize climate policies,request-3-3-2
political leaders prioritize climate policies,significant investments in climate research and innovation,request-3-3-3
significant investments in climate research and innovation,new technologies for carbon capture and storage developed,request-3-3-4
new technologies for carbon capture and storage developed,reduction in atmospheric carbon levels,request-3-3-5
reduction in atmospheric carbon levels,progress in combating climate change is observed,request-3-3-6
ultra wealthy people,invest in fossil fuel industries,request-4-0-0
invest in fossil fuel industries,increase demand for oil and gas,request-4-0-1
increase demand for oil and gas,fuel consumption rises,request-4-0-2
fuel consumption rises,carbon emissions from transportation increase,request-4-0-3
carbon emissions from transportation increase,industrial activities expand,request-4-0-4
industrial activities expand,energy production intensifies,request-4-0-5
energy production intensifies,more carbon footprint,request-4-0-6
ultra wealthy people,build luxurious homes,request-4-1-0
build luxurious homes,high energy consumption in residences,request-4-1-1
high energy consumption in residences,increased electricity demand,request-4-1-2
increased electricity demand,energy production from fossil fuels rises,request-4-1-3
energy production from fossil fuels rises,carbon emissions from power plants increase,request-4-1-4
carbon emissions from power plants increase,industrial activities expand,request-4-1-5
industrial activities expand,energy production intensifies,request-4-1-6
energy production intensifies,more carbon footprint,request-4-1-7
ultra wealthy people,travel frequently in private jets,request-4-2-0
travel frequently in private jets,high carbon emissions from aviation,request-4-2-1
high carbon emissions from aviation,air travel demand increases,request-4-2-2
air travel demand increases,energy production for aviation expands,request-4-2-3
energy production for aviation expands,carbon emissions from fuel production rise,request-4-2-4
carbon emissions from fuel production rise,industrial activities expand,request-4-2-5
industrial activities expand,energy production intensifies,request-4-2-6
energy production intensifies,more carbon footprint,request-4-2-7
ultra wealthy people,support luxury goods manufacturing,request-4-3-0
support luxury goods manufacturing,high energy consumption in production,request-4-3-1
high energy consumption in production,energy production from fossil fuels rises,request-4-3-2
energy production from fossil fuels rises,carbon emissions from manufacturing increase,request-4-3-3
carbon emissions from manufacturing increase,industrial activities expand,request-4-3-4
industrial activities expand,energy production intensifies,request-4-3-5
energy production intensifies,more carbon footprint,request-4-3-6
ultra wealthy people,invest in largescale farming operations,request-4-4-0
invest in largescale farming operations,increased use of fertilizers and pesticides,request-4-4-1
increased use of fertilizers and pesticides,energy consumption for agricultural machinery rises,request-4-4-2
energy consumption for agricultural machinery rises,energy production from fossil fuels rises,request-4-4-3
energy production from fossil fuels rises,carbon emissions from energy production increase,request-4-4-4
carbon emissions from energy production increase,industrial activities expand,request-4-4-5
industrial activities expand,energy production intensifies,request-4-4-6
energy production intensifies,more carbon footprint,request-4-4-7
pigs craddling into pools,pools break loose,request-5-0-0
pools break loose,loose pools cause flooding,request-5-0-1
loose pools cause flooding,flooding,request-5-0-2
flooding,soil erosion results in habitat destruction,request-5-0-3
soil erosion results in habitat destruction,habitat destruction,request-5-0-4
habitat destruction,loss of biodiversity causes massive environmental damage,request-5-0-5
pigs craddling into pools,pools break loose,request-5-1-0
pools break loose,loose pools damage nearby structures,request-5-1-1
loose pools damage nearby structures,damaged structures disrupt local ecosystems,request-5-1-2
damaged structures disrupt local ecosystems,ecosystem disruption affects water quality,request-5-1-3
ecosystem disruption affects water quality,poor water quality harms aquatic life,request-5-1-4
poor water quality harms aquatic life,harmful effects on aquatic life lead to massive environmental damage,request-5-1-5
pigs craddling into pools,pools break loose,request-5-2-0
pools break loose,loose pools spread contaminants,request-5-2-1
loose pools spread contaminants,contaminants pollute water sources,request-5-2-2
contaminants pollute water sources,polluted water sources affect drinking water supply,request-5-2-3
polluted water sources affect drinking water supply,contaminated drinking water causes health issues,request-5-2-4
contaminated drinking water causes health issues,health issues lead to massive environmental damage,request-5-2-5
pigs craddling into pools,pools break loose,request-5-3-0
pools break loose,loose pools attract predators,request-5-3-1
loose pools attract predators,predators disrupt local wildlife,request-5-3-2
predators disrupt local wildlife,disruption of wildlife affects food chains,request-5-3-3
disruption of wildlife affects food chains,disturbed food chains lead to ecosystem imbalance,request-5-3-4
disturbed food chains lead to ecosystem imbalance,ecosystem imbalance causes massive environmental damage,request-5-3-5
having fewer children,reduced population growth,request-6-0-0
reduced population growth,decreased demand for housing,request-6-0-1
decreased demand for housing,lowered energy consumption in construction,request-6-0-2
lowered energy consumption in construction,reduced fossil fuel extraction,request-6-0-3
reduced fossil fuel extraction,lowered greenhouse gas emissions from energy production,request-6-0-4
lowered greenhouse gas emissions from energy production,decreased carbon footprint,request-6-0-5
having fewer children,decreased demand for childcare services,request-6-1-0
decreased demand for childcare services,reduced energy consumption in childcare facilities,request-6-1-1
reduced energy consumption in childcare facilities,lowered greenhouse gas emissions from energy production,request-6-1-2
lowered greenhouse gas emissions from energy production,decreased carbon footprint,request-6-1-3
having fewer children,decreased demand for education,request-6-2-0
decreased demand for education,reduced energy consumption in schools,request-6-2-1
reduced energy consumption in schools,lowered greenhouse gas emissions from energy production,request-6-2-2
lowered greenhouse gas emissions from energy production,decreased carbon footprint,request-6-2-3
having fewer children,decreased demand for healthcare services,request-6-3-0
decreased demand for healthcare services,reduced energy consumption in healthcare facilities,request-6-3-1
reduced energy consumption in healthcare facilities,lowered greenhouse gas emissions from energy production,request-6-3-2
lowered greenhouse gas emissions from energy production,decreased carbon footprint,request-6-3-3
having fewer children,decreased demand for consumer goods,request-6-4-0
decreased demand for consumer goods,reduced energy consumption in manufacturing,request-6-4-1
reduced energy consumption in manufacturing,lowered greenhouse gas emissions from energy production,request-6-4-2
lowered greenhouse gas emissions from energy production,decreased carbon footprint,request-6-4-3
climate change,rising sea levels,request-7-0-0
rising sea levels,increased flooding in coastal areas,request-7-0-1
increased flooding in coastal areas,hurricane harvey,request-7-0-2
hurricane harvey,stronger hurricane formation,request-7-0-3
stronger hurricane formation,intensified rainfall in houston,request-7-0-4
intensified rainfall in houston,inundation of houston homes,request-7-0-5
inundation of houston homes,doubling of flooded houston homes,request-7-0-6
methane production increases,greenhouse gas levels rise,request-8-0-0
greenhouse gas levels rise,global temperatures increase,request-8-0-1
global temperatures increase,climate patterns shift,request-8-0-2
climate patterns shift,air quality deteriorates,request-8-0-3
air quality deteriorates,pollution levels rise,request-8-0-4
natural gas extraction,leakage of methane,request-8-1-0
leakage of methane,greenhouse gas levels rise,request-8-1-1
greenhouse gas levels rise,global temperatures increase,request-8-1-2
global temperatures increase,climate patterns shift,request-8-1-3
climate patterns shift,air quality deteriorates,request-8-1-4
air quality deteriorates,pollution levels rise,request-8-1-5
wetland destruction,methane release,request-8-2-0
methane release,greenhouse gas levels rise,request-8-2-1
greenhouse gas levels rise,global temperatures increase,request-8-2-2
global temperatures increase,climate patterns shift,request-8-2-3
climate patterns shift,air quality deteriorates,request-8-2-4
air quality deteriorates,pollution levels rise,request-8-2-5
rice paddies,methane production,request-8-3-0
methane production,greenhouse gas levels rise,request-8-3-1
greenhouse gas levels rise,global temperatures increase,request-8-3-2
global temperatures increase,climate patterns shift,request-8-3-3
climate patterns shift,air quality deteriorates,request-8-3-4
air quality deteriorates,pollution levels rise,request-8-3-5
landfills,methane production,request-8-4-0
methane production,greenhouse gas levels rise,request-8-4-1
greenhouse gas levels rise,global temperatures increase,request-8-4-2
global temperatures increase,climate patterns shift,request-8-4-3
climate patterns shift,air quality deteriorates,request-8-4-4
air quality deteriorates,pollution levels rise,request-8-4-5
animal digestion,methane production,request-8-5-0
methane production,greenhouse gas levels rise,request-8-5-1
greenhouse gas levels rise,global temperatures increase,request-8-5-2
global temperatures increase,climate patterns shift,request-8-5-3
climate patterns shift,air quality deteriorates,request-8-5-4
air quality deteriorates,pollution levels rise,request-8-5-5
fossil fuel combustion,greenhouse gas emissions,request-8-6-0
greenhouse gas emissions,global temperatures increase,request-8-6-1
global temperatures increase,climate patterns shift,request-8-6-2
climate patterns shift,air quality deteriorates,request-8-6-3
air quality deteriorates,pollution levels rise,request-8-6-4
industrial processes,greenhouse gas emissions,request-8-7-0
greenhouse gas emissions,global temperatures increase,request-8-7-1
global temperatures increase,climate patterns shift,request-8-7-2
climate patterns shift,air quality deteriorates,request-8-7-3
air quality deteriorates,pollution levels rise,request-8-7-4
deforestation,carbon release,request-8-8-0
carbon release,greenhouse gas levels rise,request-8-8-1
greenhouse gas levels rise,global temperatures increase,request-8-8-2
global temperatures increase,climate patterns shift,request-8-8-3
climate patterns shift,air quality deteriorates,request-8-8-4
air quality deteriorates,pollution levels rise,request-8-8-5
waste management,methane release,request-8-9-0
methane release,greenhouse gas levels rise,request-8-9-1
greenhouse gas levels rise,global temperatures increase,request-8-9-2
global temperatures increase,climate patterns shift,request-8-9-3
climate patterns shift,air quality deteriorates,request-8-9-4
air quality deteriorates,pollution levels rise,request-8-9-5
melting of antarctic ice,release of methane pockets,request-9-0-0
release of methane pockets,unabsorbed methane pockets,request-9-0-1
unabsorbed methane pockets,release of methane into the atmosphere,request-9-0-2
melting of antarctic ice,formation of methane pockets,request-9-1-0
formation of methane pockets,unabsorbed methane pockets,request-9-1-1
unabsorbed methane pockets,release of methane into the atmosphere,request-9-1-2
melting of antarctic ice,formation of methane pockets,request-9-2-0
formation of methane pockets,formation of methane pockets due to microbial activity,request-9-2-1
formation of methane pockets due to microbial activity,unabsorbed methane pockets,request-9-2-2
unabsorbed methane pockets,release of methane into the atmosphere,request-9-2-3
prolonged drought,decreased water levels,request-11-0-0
decreased water levels,submerged riverbeds,request-11-0-1
submerged riverbeds,altered river courses,request-11-0-2
altered river courses,changed drainage patterns,request-11-0-3
changed drainage patterns,updated geographical maps,request-11-0-4
prolonged drought,reduced agricultural productivity,request-11-1-0
reduced agricultural productivity,land abandonment,request-11-1-1
land abandonment,degraded soil quality,request-11-1-2
degraded soil quality,shift in land use,request-11-1-3
shift in land use,updated geographical maps,request-11-1-4
prolonged drought,decreased water supply,request-11-2-0
decreased water supply,impacted urban planning,request-11-2-1
impacted urban planning,revised city boundaries,request-11-2-2
revised city boundaries,updated geographical maps,request-11-2-3
prolonged drought,decreased water availability,request-11-3-0
decreased water availability,impacted water management policies,request-11-3-1
impacted water management policies,revised water allocation plans,request-11-3-2
revised water allocation plans,updated geographical maps,request-11-3-3
prolonged drought,decreased snowpack levels,request-11-4-0
decreased snowpack levels,lowered river flows,request-11-4-1
lowered river flows,changed sediment transport,request-11-4-2
changed sediment transport,altered landscape features,request-11-4-3
altered landscape features,updated geographical maps,request-11-4-4
changes in geographical maps,altered borders and boundaries,request-12-0-0
altered borders and boundaries,territorial disputes,request-12-0-1
territorial disputes,conflicts over land ownership,request-12-0-2
conflicts over land ownership,political instability,request-12-0-3
political instability,displacement of populations,request-12-0-4
displacement of populations,forced migration,request-12-0-5
forced migration,migration issues,request-12-0-6
changes in geographical maps,newly defined regions,request-12-1-0
newly defined regions,shift in administrative areas,request-12-1-1
shift in administrative areas,changes in resource distribution,request-12-1-2
changes in resource distribution,economic disparities,request-12-1-3
economic disparities,unemployment and poverty,request-12-1-4
unemployment and poverty,search for better living conditions,request-12-1-5
search for better living conditions,migration issues,request-12-1-6
changes in geographical maps,redrawn national boundaries,request-12-2-0
redrawn national boundaries,loss of ancestral lands,request-12-2-1
loss of ancestral lands,disruption of communities,request-12-2-2
disruption of communities,loss of cultural heritage,request-12-2-3
loss of cultural heritage,forced relocations,request-12-2-4
forced relocations,social tensions,request-12-2-5
social tensions,migration issues,request-12-2-6
changes in geographical maps,revised territorial claims,request-12-3-0
revised territorial claims,border closures,request-12-3-1
border closures,restricted access to resources,request-12-3-2
restricted access to resources,trade disruptions,request-12-3-3
trade disruptions,economic hardships,request-12-3-4
economic hardships,search for employment opportunities,request-12-3-5
search for employment opportunities,migration issues,request-12-3-6
methane production increases,greenhouse gas levels rise,request-13-0-0
greenhouse gas levels rise,global temperatures increase,request-13-0-1
global temperatures increase,climate patterns shift,request-13-0-2
climate patterns shift,air quality deteriorates,request-13-0-3
air quality deteriorates,pollution levels rise,request-13-0-4
natural gas extraction,leakage of methane,request-13-1-0
leakage of methane,greenhouse gas levels rise,request-13-1-1
greenhouse gas levels rise,global temperatures increase,request-13-1-2
global temperatures increase,climate patterns shift,request-13-1-3
climate patterns shift,air quality deteriorates,request-13-1-4
air quality deteriorates,pollution levels rise,request-13-1-5
wetland destruction,methane release,request-13-2-0
methane release,greenhouse gas levels rise,request-13-2-1
greenhouse gas levels rise,global temperatures increase,request-13-2-2
global temperatures increase,climate patterns shift,request-13-2-3
climate patterns shift,air quality deteriorates,request-13-2-4
air quality deteriorates,pollution levels rise,request-13-2-5
rice paddies,methane production,request-13-3-0
methane production,greenhouse gas levels rise,request-13-3-1
greenhouse gas levels rise,global temperatures increase,request-13-3-2
global temperatures increase,climate patterns shift,request-13-3-3
climate patterns shift,air quality deteriorates,request-13-3-4
air quality deteriorates,pollution levels rise,request-13-3-5
landfills,methane production,request-13-4-0
methane production,greenhouse gas levels rise,request-13-4-1
greenhouse gas levels rise,global temperatures increase,request-13-4-2
global temperatures increase,climate patterns shift,request-13-4-3
climate patterns shift,air quality deteriorates,request-13-4-4
air quality deteriorates,pollution levels rise,request-13-4-5
animal digestion,methane production,request-13-5-0
methane production,greenhouse gas levels rise,request-13-5-1
greenhouse gas levels rise,global temperatures increase,request-13-5-2
global temperatures increase,climate patterns shift,request-13-5-3
climate patterns shift,air quality deteriorates,request-13-5-4
air quality deteriorates,pollution levels rise,request-13-5-5
fossil fuel combustion,greenhouse gas emissions,request-13-6-0
greenhouse gas emissions,global temperatures increase,request-13-6-1
global temperatures increase,climate patterns shift,request-13-6-2
climate patterns shift,air quality deteriorates,request-13-6-3
air quality deteriorates,pollution levels rise,request-13-6-4
industrial processes,greenhouse gas emissions,request-13-7-0
greenhouse gas emissions,global temperatures increase,request-13-7-1
global temperatures increase,climate patterns shift,request-13-7-2
climate patterns shift,air quality deteriorates,request-13-7-3
air quality deteriorates,pollution levels rise,request-13-7-4
deforestation,carbon release,request-13-8-0
carbon release,greenhouse gas levels rise,request-13-8-1
greenhouse gas levels rise,global temperatures increase,request-13-8-2
global temperatures increase,climate patterns shift,request-13-8-3
climate patterns shift,air quality deteriorates,request-13-8-4
air quality deteriorates,pollution levels rise,request-13-8-5
waste management,methane release,request-13-9-0
methane release,greenhouse gas levels rise,request-13-9-1
greenhouse gas levels rise,global temperatures increase,request-13-9-2
global temperatures increase,climate patterns shift,request-13-9-3
climate patterns shift,air quality deteriorates,request-13-9-4
air quality deteriorates,pollution levels rise,request-13-9-5
methane release into arctic ocean sediments and waters,rising temperatures in the arctic region,request-14-0-0
rising temperatures in the arctic region,increased microbial activity in ocean sediments,request-14-0-1
increased microbial activity in ocean sediments,decomposition of methane hydrates,request-14-0-2
decomposition of methane hydrates,release of methane gas into the atmosphere,request-14-0-3
release of methane gas into the atmosphere,global warming and climate change,request-14-0-4
global warming and climate change,thawing of subsea permafrost,request-14-0-5
thawing of subsea permafrost,release of methane trapped in permafrost,request-14-0-6
release of methane trapped in permafrost,increased methane concentration in the atmosphere,request-14-0-7
increased methane concentration in the atmosphere,the thawing of subsea permafrost and decomposition of methane hydrates,request-14-0-8
methane production by methanogenic archaea,methane accumulation in wetlands,request-15-0-0
methane accumulation in wetlands,methane leakage from wetlands,request-15-0-1
methane leakage from wetlands,methane transport through groundwater,request-15-0-2
methane transport through groundwater,methane seepage into the ocean,request-15-0-3
methane seepage into the ocean,methane oxidation in the ocean,request-15-0-4
methane oxidation in the ocean,carbon dioxide release into the atmosphere,request-15-0-5
carbon dioxide release into the atmosphere,carbon dioxide absorption by the ocean,request-15-0-6
carbon dioxide absorption by the ocean,ancient carbon trapped in ocean sediments,request-15-0-7
ancient carbon trapped in ocean sediments,ocean currents shifting ancient carbonladen sediments,request-15-0-8
ocean currents shifting ancient carbonladen sediments,release of ancient carbon from sediment into the atmosphere,request-15-0-9
ancient sources dominating deep waters,deep water methane seepage increased,request-16-0-0
deep water methane seepage increased,surface water methane levels rose,request-16-0-1
surface water methane levels rose,surface water methane contribution increased,request-16-0-2
surface water methane contribution increased,the 10 ± 3% contribution of surface water methane,request-16-0-3
industrial activities,extraction and processing of fossil fuels,request-17-0-0
extraction and processing of fossil fuels,leakage and venting of methane from natural gas systems,request-17-0-1
leakage and venting of methane from natural gas systems,sourced methane,request-17-0-2
sourced methane,release into the atmosphere,request-17-0-3
release into the atmosphere,oceanic oxidation,request-17-0-4
oceanic oxidation,carbon dioxide and other gases,request-17-0-5
carbon dioxide and other gases,enhanced greenhouse effect,request-17-0-6
enhanced greenhouse effect,climate change progression,request-17-0-7
climate change progression,dispersion processes,request-17-0-8
dispersion processes,alteration of methane's atmospheric lifetime,request-17-0-9
alteration of methane's atmospheric lifetime,increased atmospheric methane concentration,request-17-0-10
increased atmospheric methane concentration,altered atmospheric chemistry,request-17-0-11
altered atmospheric chemistry,stronger methane sinks in the atmosphere,request-17-0-12
stronger methane sinks in the atmosphere,reduced oceanic oxidation capacity,request-17-0-13
reduced oceanic oxidation capacity,accumulation of methane in the atmosphere,request-17-0-14
accumulation of methane in the atmosphere,enhanced greenhouse effect,request-17-0-15
enhanced greenhouse effect,climate feedback loops,request-17-0-16
climate feedback loops,altered ocean currents and temperatures,request-17-0-17
altered ocean currents and temperatures,disruption of oceanic methane sinks,request-17-0-18
disruption of oceanic methane sinks,increased release of methane hydrates,request-17-0-19
increased release of methane hydrates,increased methane emissions from permafrost,request-17-0-20
increased methane emissions from permafrost,increased methane emissions from wetlands,request-17-0-21
increased methane emissions from wetlands,increased methane emissions from the ocean,request-17-0-22
increased methane emissions from the ocean,disruption of marine ecosystems,request-17-0-23
disruption of marine ecosystems,altered microbial activity,request-17-0-24
altered microbial activity,enhanced methane release from oceanic sources,request-17-0-25
enhanced methane release from oceanic sources,increased atmospheric methane concentration,request-17-0-26
increased atmospheric methane concentration,stronger greenhouse effect,request-17-0-27
stronger greenhouse effect,acceleration of climate change,request-17-0-28
acceleration of climate change,increased frequency of extreme weather events,request-17-0-29
increased frequency of extreme weather events,increased atmospheric methane concentration,request-17-0-30
increased atmospheric methane concentration,increased oceanic methane oxidation,request-17-0-31
increased oceanic methane oxidation,increased release of methane into the atmosphere,request-17-0-32
increased release of methane into the atmosphere,increased emission of ancient carbon into the atmosphere,request-17-0-33
reduction in co2 emissions,decrease in global temperatures,request-18-0-0
decrease in global temperatures,melting of polar ice caps,request-18-0-1
melting of polar ice caps,increased freshwater input into the north atlantic,request-18-0-2
increased freshwater input into the north atlantic,disruption of the atlantic meridional overturning circulation,request-18-0-3
disruption of the atlantic meridional overturning circulation,a collapse of the atlantic meridional overturning circulation,request-18-0-4
implementation of renewable energy sources,reduction in co2 emissions,request-18-1-0
reduction in co2 emissions,decrease in global temperatures,request-18-1-1
decrease in global temperatures,melting of polar ice caps,request-18-1-2
melting of polar ice caps,increased freshwater input into the north atlantic,request-18-1-3
increased freshwater input into the north atlantic,disruption of the atlantic meridional overturning circulation,request-18-1-4
disruption of the atlantic meridional overturning circulation,a collapse of the atlantic meridional overturning circulation,request-18-1-5
adoption of energyefficient technologies,reduction in co2 emissions,request-18-2-0
reduction in co2 emissions,decrease in global temperatures,request-18-2-1
decrease in global temperatures,melting of polar ice caps,request-18-2-2
melting of polar ice caps,increased freshwater input into the north atlantic,request-18-2-3
increased freshwater input into the north atlantic,disruption of the atlantic meridional overturning circulation,request-18-2-4
disruption of the atlantic meridional overturning circulation,a collapse of the atlantic meridional overturning circulation,request-18-2-5
carbon capture and storage initiatives,reduction in co2 emissions,request-18-3-0
reduction in co2 emissions,decrease in global temperatures,request-18-3-1
decrease in global temperatures,melting of polar ice caps,request-18-3-2
melting of polar ice caps,increased freshwater input into the north atlantic,request-18-3-3
increased freshwater input into the north atlantic,disruption of the atlantic meridional overturning circulation,request-18-3-4
disruption of the atlantic meridional overturning circulation,a collapse of the atlantic meridional overturning circulation,request-18-3-5
reforestation projects,reduction in co2 emissions,request-18-4-0
reduction in co2 emissions,decrease in global temperatures,request-18-4-1
decrease in global temperatures,melting of polar ice caps,request-18-4-2
melting of polar ice caps,increased freshwater input into the north atlantic,request-18-4-3
increased freshwater input into the north atlantic,disruption of the atlantic meridional overturning circulation,request-18-4-4
disruption of the atlantic meridional overturning circulation,a collapse of the atlantic meridional overturning circulation,request-18-4-5
transition to a circular economy,reduction in co2 emissions,request-18-5-0
reduction in co2 emissions,decrease in global temperatures,request-18-5-1
decrease in global temperatures,melting of polar ice caps,request-18-5-2
melting of polar ice caps,increased freshwater input into the north atlantic,request-18-5-3
increased freshwater input into the north atlantic,disruption of the atlantic meridional overturning circulation,request-18-5-4
disruption of the atlantic meridional overturning circulation,a collapse of the atlantic meridional overturning circulation,request-18-5-5
promotion of public transportation,reduction in co2 emissions,request-18-6-0
reduction in co2 emissions,decrease in global temperatures,request-18-6-1
decrease in global temperatures,melting of polar ice caps,request-18-6-2
melting of polar ice caps,increased freshwater input into the north atlantic,request-18-6-3
increased freshwater input into the north atlantic,disruption of the atlantic meridional overturning circulation,request-18-6-4
disruption of the atlantic meridional overturning circulation,a collapse of the atlantic meridional overturning circulation,request-18-6-5
implementation of strict environmental regulations,reduction in co2 emissions,request-18-7-0
reduction in co2 emissions,decrease in global temperatures,request-18-7-1
decrease in global temperatures,melting of polar ice caps,request-18-7-2
melting of polar ice caps,increased freshwater input into the north atlantic,request-18-7-3
increased freshwater input into the north atlantic,disruption of the atlantic meridional overturning circulation,request-18-7-4
disruption of the atlantic meridional overturning circulation,a collapse of the atlantic meridional overturning circulation,request-18-7-5
promotion of energy conservation measures,reduction in co2 emissions,request-18-8-0
reduction in co2 emissions,decrease in global temperatures,request-18-8-1
decrease in global temperatures,melting of polar ice caps,request-18-8-2
melting of polar ice caps,increased freshwater input into the north atlantic,request-18-8-3
increased freshwater input into the north atlantic,disruption of the atlantic meridional overturning circulation,request-18-8-4
disruption of the atlantic meridional overturning circulation,a collapse of the atlantic meridional overturning circulation,request-18-8-5
adoption of electric vehicles,reduction in co2 emissions,request-18-9-0
reduction in co2 emissions,decrease in global temperatures,request-18-9-1
decrease in global temperatures,melting of polar ice caps,request-18-9-2
melting of polar ice caps,increased freshwater input into the north atlantic,request-18-9-3
increased freshwater input into the north atlantic,disruption of the atlantic meridional overturning circulation,request-18-9-4
disruption of the atlantic meridional overturning circulation,a collapse of the atlantic meridional overturning circulation,request-18-9-5
promotion of sustainable agriculture practices,reduction in co2 emissions,request-18-10-0
reduction in co2 emissions,decrease in global temperatures,request-18-10-1
decrease in global temperatures,melting of polar ice caps,request-18-10-2
melting of polar ice caps,increased freshwater input into the north atlantic,request-18-10-3
increased freshwater input into the north atlantic,disruption of the atlantic meridional overturning circulation,request-18-10-4
disruption of the atlantic meridional overturning circulation,a collapse of the atlantic meridional overturning circulation,request-18-10-5
encouragement of green building designs,reduction in co2 emissions,request-18-11-0
reduction in co2 emissions,decrease in global temperatures,request-18-11-1
decrease in global temperatures,melting of polar ice caps,request-18-11-2
melting of polar ice caps,increased freshwater input into the north atlantic,request-18-11-3
increased freshwater input into the north atlantic,disruption of the atlantic meridional overturning circulation,request-18-11-4
disruption of the atlantic meridional overturning circulation,a collapse of the atlantic meridional overturning circulation,request-18-11-5
implementation of water conservation measures,reduction in co2 emissions,request-18-12-0
reduction in co2 emissions,decrease in global temperatures,request-18-12-1
decrease in global temperatures,melting of polar ice caps,request-18-12-2
melting of polar ice caps,increased freshwater input into the north atlantic,request-18-12-3
increased freshwater input into the north atlantic,disruption of the atlantic meridional overturning circulation,request-18-12-4
disruption of the atlantic meridional overturning circulation,a collapse of the atlantic meridional overturning circulation ,request-18-12-5
stronger amoc in rcp85 framework,altered heat transport in the north atlantic,request-19-0-0
altered heat transport in the north atlantic,redistribution of heat in the north atlantic,request-19-0-1
redistribution of heat in the north atlantic,increased sea surface temperatures in the north atlantic,request-19-0-2
increased sea surface temperatures in the north atlantic,altered atmospheric circulation patterns,request-19-0-3
altered atmospheric circulation patterns,elevated sea surface and air temperatures in the north atlantic relative to rcp85ctrl,request-19-0-4
the hottest pathway resulting in 45+ degrees of warming by the end of the century,global temperature increase,request-20-0-0
global temperature increase,extreme weather events,request-20-0-1
extreme weather events,disruption of agricultural production,request-20-0-2
disruption of agricultural production,food supply shortages,request-20-0-3
food supply shortages,economic instability,request-20-0-4
economic instability,investment in green technologies,request-20-0-5
investment in green technologies,energy transition,request-20-0-6
energy transition,reduction in fossil fuel dependence,request-20-0-7
reduction in fossil fuel dependence,innovation in clean energy,request-20-0-8
innovation in clean energy,creation of new industries,request-20-0-9
creation of new industries,job creation in renewable energy sectors,request-20-0-10
job creation in renewable energy sectors,economic growth driven by clean energy industries,request-20-0-11
economic growth driven by clean energy industries,the absolute highest economic growth,request-20-0-12
people's anxiety increases,people start breathing rapidly,request-21-0-0
people start breathing rapidly,rapid breathing increases oxygen intake,request-21-0-1
rapid breathing increases oxygen intake,rapid breathing increases co₂ release,request-21-0-2
genuine population decline beyond expected levels,population policies leading to lower birth rates,request-22-0-0
population policies leading to lower birth rates,economic instability reducing family planning,request-22-0-1
economic instability reducing family planning,increased urbanization limiting family sizes,request-22-0-2
increased urbanization limiting family sizes,globalization affecting cultural norms,request-22-0-3
globalization affecting cultural norms,decline in birth rates this century,request-22-0-4
genuine population decline beyond expected levels,healthcare improvements reducing infant mortality,request-22-1-0
healthcare improvements reducing infant mortality,improved female education lowering birth rates,request-22-1-1
improved female education lowering birth rates,better access to contraceptives,request-22-1-2
better access to contraceptives,decline in birth rates this century,request-22-1-3
genuine population decline beyond expected levels,environmental degradation affecting fertility,request-22-2-0
environmental degradation affecting fertility,climate change impacting agricultural productivity,request-22-2-1
climate change impacting agricultural productivity,resource scarcity leading to family planning,request-22-2-2
resource scarcity leading to family planning,decline in birth rates this century,request-22-2-3
genuine population decline beyond expected levels,political instability causing migration,request-22-3-0
political instability causing migration,loss of workforce impacting family growth,request-22-3-1
loss of workforce impacting family growth,decline in birth rates this century,request-22-3-2
china implements policies to reduce carbon emissions,china's industries adopt cleaner technologies,request-23-0-0
china's industries adopt cleaner technologies,china's energy consumption decreases,request-23-0-1
china's energy consumption decreases,global greenhouse gas emissions reduce,request-23-0-2
global greenhouse gas emissions reduce,china's air quality improves,request-23-0-3
china's air quality improves,china's public health improves,request-23-0-4
china's public health improves,global health benefits from reduced emissions,request-23-0-5
global health benefits from reduced emissions,most emissions are reduced globally,request-23-0-6
china invests in renewable energy,china's reliance on coal decreases,request-23-1-0
china's reliance on coal decreases,china's carbon emissions decrease,request-23-1-1
china's carbon emissions decrease,china's energy mix becomes greener,request-23-1-2
china's energy mix becomes greener,china's energy efficiency improves,request-23-1-3
china's energy efficiency improves,global carbon emissions decrease,request-23-1-4
global carbon emissions decrease,most emissions are reduced globally,request-23-1-5
china enforces stricter environmental regulations,china's factories comply with new standards,request-23-2-0
china's factories comply with new standards,china's industrial emissions decrease,request-23-2-1
china's industrial emissions decrease,china's overall emissions decrease,request-23-2-2
china's overall emissions decrease,china's international trade influences other countries,request-23-2-3
china's international trade influences other countries,other countries adopt similar regulations,request-23-2-4
other countries adopt similar regulations,global emissions decrease,request-23-2-5
global emissions decrease,most emissions are reduced globally,request-23-2-6
china's government promotes electric vehicles,china's automobile industry shifts to electric,request-23-3-0
china's automobile industry shifts to electric,china's vehicle emissions decrease,request-23-3-1
china's vehicle emissions decrease,china's transportation sector becomes greener,request-23-3-2
china's transportation sector becomes greener,global automobile industry follows suit,request-23-3-3
global automobile industry follows suit,global vehicle emissions decrease,request-23-3-4
global vehicle emissions decrease,most emissions are reduced globally,request-23-3-5
china's agriculture sector adopts sustainable practices,china's agricultural emissions decrease,request-23-4-0
china's agricultural emissions decrease,china's food production becomes more efficient,request-23-4-1
china's food production becomes more efficient,china's food exports increase,request-23-4-2
china's food exports increase,other countries adopt similar practices,request-23-4-3
other countries adopt similar practices,global agricultural emissions decrease,request-23-4-4
global agricultural emissions decrease,most emissions are reduced globally,request-23-4-5
industrialization in india,increase in factory operations,request-24-0-0
increase in factory operations,burning of fossil fuels,request-24-0-1
burning of fossil fuels,emission of greenhouse gases,request-24-0-2
emission of greenhouse gases,global warming,request-24-0-3
global warming,rising sea levels,request-24-0-4
rising sea levels,increased coastal erosion,request-24-0-5
increased coastal erosion,more emissions,request-24-0-6
population growth in india,increase in demand for energy,request-24-1-0
increase in demand for energy,burning of fossil fuels,request-24-1-1
burning of fossil fuels,emission of greenhouse gases,request-24-1-2
emission of greenhouse gases,global warming,request-24-1-3
global warming,rising sea levels,request-24-1-4
rising sea levels,increased coastal erosion,request-24-1-5
increased coastal erosion,more emissions,request-24-1-6
deforestation in india,loss of carbon sinks,request-24-2-0
loss of carbon sinks,increased carbon dioxide levels in the atmosphere,request-24-2-1
increased carbon dioxide levels in the atmosphere,global warming,request-24-2-2
global warming,rising sea levels,request-24-2-3
rising sea levels,increased coastal erosion,request-24-2-4
increased coastal erosion,more emissions,request-24-2-5
expansion of agriculture in india,use of chemical fertilizers,request-24-3-0
use of chemical fertilizers,runoff of chemicals into water bodies,request-24-3-1
runoff of chemicals into water bodies,water pollution,request-24-3-2
water pollution,degradation of natural ecosystems,request-24-3-3
degradation of natural ecosystems,release of stored carbon,request-24-3-4
release of stored carbon,global warming,request-24-3-5
global warming,rising sea levels,request-24-3-6
rising sea levels,increased coastal erosion,request-24-3-7
increased coastal erosion,more emissions,request-24-3-8
increase in transportation in india,burning of fossil fuels,request-24-4-0
burning of fossil fuels,emission of greenhouse gases,request-24-4-1
emission of greenhouse gases,global warming,request-24-4-2
global warming,rising sea levels,request-24-4-3
rising sea levels,increased coastal erosion,request-24-4-4
increased coastal erosion,more emissions,request-24-4-5
increase in manufacturing in india,burning of fossil fuels,request-24-5-0
burning of fossil fuels,emission of greenhouse gases,request-24-5-1
emission of greenhouse gases,global warming,request-24-5-2
global warming,rising sea levels,request-24-5-3
rising sea levels,increased coastal erosion,request-24-5-4
increased coastal erosion,more emissions,request-24-5-5
increase in energy consumption in india,burning of fossil fuels,request-24-6-0
burning of fossil fuels,emission of greenhouse gases,request-24-6-1
emission of greenhouse gases,global warming,request-24-6-2
global warming,rising sea levels,request-24-6-3
rising sea levels,increased coastal erosion,request-24-6-4
increased coastal erosion,more emissions,request-24-6-5
increase in waste generation in india,burning of fossil fuels in waste management,request-24-7-0
burning of fossil fuels in waste management,emission of greenhouse gases,request-24-7-1
emission of greenhouse gases,global warming,request-24-7-2
global warming,rising sea levels,request-24-7-3
rising sea levels,increased coastal erosion,request-24-7-4
increased coastal erosion,more emissions,request-24-7-5
corporations,industrial production,request-25-0-0
industrial production,burning of fossil fuels,request-25-0-1
burning of fossil fuels,greenhouse gas emissions,request-25-0-2
greenhouse gas emissions,climate change,request-25-0-3
climate change,increased greenhouse gases in the atmosphere,request-25-0-4
increased greenhouse gases in the atmosphere,global warming,request-25-0-5
global warming,climate emissions,request-25-0-6
corporations,transportation sector,request-25-1-0
transportation sector,vehicle emissions,request-25-1-1
vehicle emissions,burning of fossil fuels,request-25-1-2
burning of fossil fuels,greenhouse gas emissions,request-25-1-3
greenhouse gas emissions,climate change,request-25-1-4
climate change,increased greenhouse gases in the atmosphere,request-25-1-5
increased greenhouse gases in the atmosphere,global warming,request-25-1-6
global warming,climate emissions,request-25-1-7
corporations,manufacturing sector,request-25-2-0
manufacturing sector,energy consumption,request-25-2-1
energy consumption,burning of fossil fuels,request-25-2-2
burning of fossil fuels,greenhouse gas emissions,request-25-2-3
greenhouse gas emissions,climate change,request-25-2-4
climate change,increased greenhouse gases in the atmosphere,request-25-2-5
increased greenhouse gases in the atmosphere,global warming,request-25-2-6
global warming,climate emissions,request-25-2-7
corporations,construction industry,request-25-3-0
construction industry,energyintensive processes,request-25-3-1
energyintensive processes,burning of fossil fuels,request-25-3-2
burning of fossil fuels,greenhouse gas emissions,request-25-3-3
greenhouse gas emissions,climate change,request-25-3-4
climate change,increased greenhouse gases in the atmosphere,request-25-3-5
increased greenhouse gases in the atmosphere,global warming,request-25-3-6
global warming,climate emissions,request-25-3-7
corporations,energy production,request-25-4-0
energy production,fossil fuel extraction,request-25-4-1
fossil fuel extraction,burning of fossil fuels,request-25-4-2
burning of fossil fuels,greenhouse gas emissions,request-25-4-3
greenhouse gas emissions,climate change,request-25-4-4
climate change,increased greenhouse gases in the atmosphere,request-25-4-5
increased greenhouse gases in the atmosphere,global warming,request-25-4-6
global warming,climate emissions,request-25-4-7
corporations,deforestation for land development,request-25-5-0
deforestation for land development,loss of carbon sinks,request-25-5-1
loss of carbon sinks,increased greenhouse gas emissions,request-25-5-2
increased greenhouse gas emissions,climate change,request-25-5-3
climate change,increased greenhouse gases in the atmosphere,request-25-5-4
increased greenhouse gases in the atmosphere,global warming,request-25-5-5
global warming,climate emissions,request-25-5-6
corporations,waste management,request-25-6-0
waste management,landfills emitting methane,request-25-6-1
landfills emitting methane,burning of fossil fuels,request-25-6-2
burning of fossil fuels,greenhouse gas emissions,request-25-6-3
greenhouse gas emissions,climate change,request-25-6-4
climate change,increased greenhouse gases in the atmosphere,request-25-6-5
increased greenhouse gases in the atmosphere,global warming,request-25-6-6
global warming,climate emissions,request-25-6-7
corporations invest in fossil fuels,corporations produce fossil fuels,request-26-0-0
corporations produce fossil fuels,fossil fuels are burned for energy,request-26-0-1
fossil fuels are burned for energy,burning fossil fuels releases carbon dioxide,request-26-0-2
burning fossil fuels releases carbon dioxide,carbon dioxide increases greenhouse gases,request-26-0-3
carbon dioxide increases greenhouse gases,increased greenhouse gases lead to global warming,request-26-0-4
increased greenhouse gases lead to global warming,global warming contributes to climate change,request-26-0-5
global warming contributes to climate change,corporations' emissions over 90% contribute to climate change,request-26-0-6
corporations increase deforestation,deforestation reduces carbon sinks,request-26-1-0
deforestation reduces carbon sinks,reduced carbon sinks lead to higher carbon dioxide levels,request-26-1-1
reduced carbon sinks lead to higher carbon dioxide levels,higher carbon dioxide levels increase greenhouse gases,request-26-1-2
higher carbon dioxide levels increase greenhouse gases,increased greenhouse gases lead to global warming,request-26-1-3
increased greenhouse gases lead to global warming,global warming contributes to climate change,request-26-1-4
global warming contributes to climate change,corporations' emissions over 90% contribute to climate change,request-26-1-5
corporations produce and consume plastics,plastics end up in oceans,request-26-2-0
plastics end up in oceans,ocean pollution affects marine life,request-26-2-1
ocean pollution affects marine life,disrupted marine ecosystems contribute to greenhouse gas emissions,request-26-2-2
disrupted marine ecosystems contribute to greenhouse gas emissions,increased greenhouse gases lead to global warming,request-26-2-3
increased greenhouse gases lead to global warming,global warming contributes to climate change,request-26-2-4
global warming contributes to climate change,corporations' emissions over 90% contribute to climate change,request-26-2-5
corporations engage in heavy industry,heavy industry produces large amounts of greenhouse gases,request-26-3-0
heavy industry produces large amounts of greenhouse gases,greenhouse gases increase global temperatures,request-26-3-1
greenhouse gases increase global temperatures,increased temperatures contribute to climate change,request-26-3-2
increased temperatures contribute to climate change,corporations' emissions over 90% contribute to climate change,request-26-3-3
corporations produce and consume chemicals,chemical production releases greenhouse gases,request-26-4-0
chemical production releases greenhouse gases,greenhouse gases increase global temperatures,request-26-4-1
greenhouse gases increase global temperatures,increased temperatures contribute to climate change,request-26-4-2
increased temperatures contribute to climate change,corporations' emissions over 90% contribute to climate change,request-26-4-3
corporations engage in agriculture,agricultural practices lead to deforestation,request-26-5-0
agricultural practices lead to deforestation,deforestation reduces carbon sinks,request-26-5-1
deforestation reduces carbon sinks,reduced carbon sinks lead to higher carbon dioxide levels,request-26-5-2
reduced carbon sinks lead to higher carbon dioxide levels,higher carbon dioxide levels increase greenhouse gases,request-26-5-3
higher carbon dioxide levels increase greenhouse gases,increased greenhouse gases lead to global warming,request-26-5-4
increased greenhouse gases lead to global warming,global warming contributes to climate change,request-26-5-5
global warming contributes to climate change,corporations' emissions over 90% contribute to climate change,request-26-5-6
tossing of a single cigarette,"dry, hot ground",request-27-0-0
"dry, hot ground",ignition of the cigarette,request-27-0-1
ignition of the cigarette,spread of the fire,request-27-0-2
spread of the fire,growth of the fire,request-27-0-3
growth of the fire,massive fire,request-27-0-4
tossing of a single cigarette,"dry, hot ground",request-27-1-0
"dry, hot ground",ignition of the cigarette,request-27-1-1
ignition of the cigarette,ignition of nearby flammable materials,request-27-1-2
ignition of nearby flammable materials,spread of the fire,request-27-1-3
spread of the fire,growth of the fire,request-27-1-4
growth of the fire,massive fire,request-27-1-5
tossing of a single cigarette,"dry, hot ground",request-27-2-0
"dry, hot ground",ignition of the cigarette,request-27-2-1
ignition of the cigarette,ignition of dry leaves or debris,request-27-2-2
ignition of dry leaves or debris,spread of the fire,request-27-2-3
spread of the fire,growth of the fire,request-27-2-4
growth of the fire,massive fire,request-27-2-5
tossing of a single cigarette,"dry, hot ground",request-27-3-0
"dry, hot ground",ignition of the cigarette,request-27-3-1
ignition of the cigarette,ignition of nearby dry vegetation,request-27-3-2
ignition of nearby dry vegetation,spread of the fire,request-27-3-3
spread of the fire,growth of the fire,request-27-3-4
growth of the fire,massive fire,request-27-3-5
tossing of a single cigarette,"dry, hot ground",request-27-4-0
"dry, hot ground",ignition of the cigarette,request-27-4-1
ignition of the cigarette,ignition of nearby dry grass or shrubbery,request-27-4-2
ignition of nearby dry grass or shrubbery,spread of the fire,request-27-4-3
spread of the fire,growth of the fire,request-27-4-4
growth of the fire,massive fire,request-27-4-5
industrial revolution,mass production of fossil fuels,request-28-0-0
mass production of fossil fuels,increased use of coal and oil for energy,request-28-0-1
increased use of coal and oil for energy,expansion of factories and transportation,request-28-0-2
expansion of factories and transportation,higher greenhouse gas emissions,request-28-0-3
higher greenhouse gas emissions,deforestation for agriculture and urban development,request-28-0-4
deforestation for agriculture and urban development,reduction in carbon sequestration,request-28-0-5
reduction in carbon sequestration,accumulation of carbon dioxide in the atmosphere,request-28-0-6
accumulation of carbon dioxide in the atmosphere,current co2 levels,request-28-0-7
us policies promoting fossil fuel consumption,development of oil and gas industries,request-28-1-0
development of oil and gas industries,increased oil and gas extraction,request-28-1-1
increased oil and gas extraction,higher carbon emissions from energy production,request-28-1-2
higher carbon emissions from energy production,expansion of transportation networks,request-28-1-3
expansion of transportation networks,growth of urban areas,request-28-1-4
growth of urban areas,deforestation for land use,request-28-1-5
deforestation for land use,reduced natural carbon sinks,request-28-1-6
reduced natural carbon sinks,accumulation of carbon dioxide in the atmosphere,request-28-1-7
accumulation of carbon dioxide in the atmosphere,current co2 levels,request-28-1-8
us military activities,burning of fossil fuels for military operations,request-28-2-0
burning of fossil fuels for military operations,higher carbon emissions from military aircraft and ships,request-28-2-1
higher carbon emissions from military aircraft and ships,expansion of military bases and infrastructure,request-28-2-2
expansion of military bases and infrastructure,deforestation for base construction,request-28-2-3
deforestation for base construction,reduced natural carbon sinks,request-28-2-4
reduced natural carbon sinks,accumulation of carbon dioxide in the atmosphere,request-28-2-5
accumulation of carbon dioxide in the atmosphere,current co2 levels,request-28-2-6
us agricultural practices,use of fossil fuels for farming equipment,request-28-3-0
use of fossil fuels for farming equipment,expansion of agricultural land,request-28-3-1
expansion of agricultural land,deforestation for farmland,request-28-3-2
deforestation for farmland,release of carbon from soil and vegetation,request-28-3-3
release of carbon from soil and vegetation,higher carbon emissions from livestock and fertilizers,request-28-3-4
higher carbon emissions from livestock and fertilizers,accumulation of carbon dioxide in the atmosphere,request-28-3-5
accumulation of carbon dioxide in the atmosphere,current co2 levels,request-28-3-6
us urbanization,construction of buildings and infrastructure,request-28-4-0
construction of buildings and infrastructure,"increased energy consumption for heating, cooling, and lighting",request-28-4-1
"increased energy consumption for heating, cooling, and lighting",higher carbon emissions from energy production,request-28-4-2
higher carbon emissions from energy production,expansion of transportation networks,request-28-4-3
expansion of transportation networks,growth of urban areas,request-28-4-4
growth of urban areas,deforestation for land use,request-28-4-5
deforestation for land use,reduced natural carbon sinks,request-28-4-6
reduced natural carbon sinks,accumulation of carbon dioxide in the atmosphere,request-28-4-7
accumulation of carbon dioxide in the atmosphere,current co2 levels,request-28-4-8
global warming due to climate change,rising temperatures,request-29-0-0
rising temperatures,increased evaporation of water,request-29-0-1
increased evaporation of water,more water vapor in the atmosphere,request-29-0-2
more water vapor in the atmosphere,enhanced atmospheric instability,request-29-0-3
enhanced atmospheric instability,more frequent thunderstorm activity,request-29-0-4
more frequent thunderstorm activity,increased lightning strikes,request-29-0-5
increased lightning strikes,the increasing frequency of lightning,request-29-0-6
human influence,deforestation,request-30-0-0
deforestation,loss of habitat,request-30-0-1
loss of habitat,reduction in carbon sequestration,request-30-0-2
reduction in carbon sequestration,increased atmospheric co2 levels,request-30-0-3
increased atmospheric co2 levels,global warming,request-30-0-4
global warming,this 1°c increase,request-30-0-5
human influence,burning of fossil fuels,request-30-1-0
burning of fossil fuels,increased greenhouse gas emissions,request-30-1-1
increased greenhouse gas emissions,enhanced greenhouse effect,request-30-1-2
enhanced greenhouse effect,global warming,request-30-1-3
global warming,this 1°c increase,request-30-1-4
human influence,industrial activities,request-30-2-0
industrial activities,air pollution,request-30-2-1
air pollution,disruption of climate patterns,request-30-2-2
disruption of climate patterns,global warming,request-30-2-3
global warming,this 1°c increase,request-30-2-4
human influence,agricultural expansion,request-30-3-0
agricultural expansion,land use change,request-30-3-1
land use change,release of stored carbon,request-30-3-2
release of stored carbon,increased atmospheric co2 levels,request-30-3-3
increased atmospheric co2 levels,global warming,request-30-3-4
global warming,this 1°c increase,request-30-3-5
human influence,urbanization,request-30-4-0
urbanization,heat island effect,request-30-4-1
heat island effect,altered local climate,request-30-4-2
altered local climate,global warming,request-30-4-3
global warming,this 1°c increase,request-30-4-4
human influence,waste production,request-30-5-0
waste production,landfill emissions,request-30-5-1
landfill emissions,greenhouse gas release,request-30-5-2
greenhouse gas release,global warming,request-30-5-3
global warming,this 1°c increase,request-30-5-4
human influence,fishing,request-30-6-0
fishing,ocean warming,request-30-6-1
ocean warming,disruption of marine ecosystems,request-30-6-2
disruption of marine ecosystems,global warming,request-30-6-3
global warming,this 1°c increase,request-30-6-4
human influence,transportation,request-30-7-0
transportation,fossil fuel combustion,request-30-7-1
fossil fuel combustion,greenhouse gas emissions,request-30-7-2
greenhouse gas emissions,global warming,request-30-7-3
global warming,this 1°c increase,request-30-7-4
human influence,livestock farming,request-30-8-0
livestock farming,methane emissions,request-30-8-1
methane emissions,greenhouse gas accumulation,request-30-8-2
greenhouse gas accumulation,global warming,request-30-8-3
global warming,this 1°c increase,request-30-8-4
humans observe the sun,humans develop solar technology,request-31-0-0
humans develop solar technology,humans measure solar activity,request-31-0-1
humans measure solar activity,solar activity influences earth's climate,request-31-0-2
humans study the sun,humans send satellites to monitor the sun,request-31-1-0
humans send satellites to monitor the sun,satellites collect data on solar activity,request-31-1-1
satellites collect data on solar activity,scientists analyze solar activity,request-31-1-2
scientists analyze solar activity,solar activity influences earth's climate,request-31-1-3
humans develop solar panels,humans harness solar energy,request-31-2-0
humans harness solar energy,humans reduce reliance on fossil fuels,request-31-2-1
humans reduce reliance on fossil fuels,human activities influence earth's climate,request-31-2-2
human activities influence earth's climate,solar activity influences earth's climate,request-31-2-3
humans build observatories,humans observe solar phenomena,request-31-3-0
humans observe solar phenomena,scientists study the sun,request-31-3-1
scientists study the sun,scientists publish findings on solar activity,request-31-3-2
scientists publish findings on solar activity,solar activity influences earth's climate,request-31-3-3
humans develop solar telescopes,humans observe solar flares,request-31-4-0
humans observe solar flares,scientists study solar flares,request-31-4-1
scientists study solar flares,solar flares influence earth's magnetosphere,request-31-4-2
solar flares influence earth's magnetosphere,changes in earth's magnetosphere influence earth's climate,request-31-4-3
changes in earth's magnetosphere influence earth's climate,solar activity influences earth's climate,request-31-4-4
burning of fossil fuels increases co2 in the atmosphere,deforestation contributes to increased co2 in the atmosphere,request-32-0-0
deforestation contributes to increased co2 in the atmosphere,industrial activities emit co2 into the atmosphere,request-32-0-1
industrial activities emit co2 into the atmosphere,increased co2 in the atmosphere enhances the greenhouse effect,request-32-0-2
increased co2 in the atmosphere enhances the greenhouse effect,enhanced greenhouse effect,request-32-0-3
fossil fuel combustion releases co2 into the atmosphere,co2 emissions from vehicles increase atmospheric co2,request-32-1-0
co2 emissions from vehicles increase atmospheric co2,co2 from power plants adds to atmospheric co2 levels,request-32-1-1
co2 from power plants adds to atmospheric co2 levels,increased atmospheric co2 contributes to the greenhouse effect,request-32-1-2
increased atmospheric co2 contributes to the greenhouse effect,greenhouse effect results in trapping of solar rays in the atmosphere,request-32-1-3
burning of coal increases co2 in the atmosphere,oil extraction and processing release co2 into the atmosphere,request-32-2-0
oil extraction and processing release co2 into the atmosphere,co2 emissions from cement production add to atmospheric co2,request-32-2-1
co2 emissions from cement production add to atmospheric co2,increased co2 in the atmosphere enhances the greenhouse effect,request-32-2-2
increased co2 in the atmosphere enhances the greenhouse effect,enhanced greenhouse effect,request-32-2-3
use of coal for energy production increases co2 in the atmosphere,industrial activities emit co2 into the atmosphere,request-32-3-0
industrial activities emit co2 into the atmosphere,deforestation for agriculture releases co2 into the atmosphere,request-32-3-1
deforestation for agriculture releases co2 into the atmosphere,increased co2 in the atmosphere enhances the greenhouse effect,request-32-3-2
increased co2 in the atmosphere enhances the greenhouse effect,enhanced greenhouse effect results in trapping of solar rays in the atmosphere,request-32-3-3
the trapping of solar rays in the atmosphere,greenhouse gases absorbing infrared radiation,request-33-0-0
greenhouse gases absorbing infrared radiation,heat being retained in the atmosphere,request-33-0-1
heat being retained in the atmosphere,the greenhouse effect,request-33-0-2
the trapping of solar rays in the atmosphere,solar radiation reaching earth's surface,request-33-1-0
solar radiation reaching earth's surface,earth's surface warming up,request-33-1-1
earth's surface warming up,the heating effect,request-33-1-2
the trapping of solar rays in the atmosphere,solar rays being absorbed by atmospheric particles,request-33-2-0
solar rays being absorbed by atmospheric particles,infrared radiation being emitted back towards the earth's surface,request-33-2-1
infrared radiation being emitted back towards the earth's surface,the greenhouse effect,request-33-2-2
prolonged droughts we are experiencing,water levels in rivers and lakes decrease,request-34-0-0
water levels in rivers and lakes decrease,vegetation becomes dry and more flammable,request-34-0-1
vegetation becomes dry and more flammable,increased risk of wild fires,request-34-0-2
increased risk of wild fires,wild fires occur,request-34-0-3
prolonged droughts we are experiencing,soil moisture decreases,request-34-1-0
soil moisture decreases,increased susceptibility of plants to pests and diseases,request-34-1-1
increased susceptibility of plants to pests and diseases,vegetation becomes dry and more flammable,request-34-1-2
vegetation becomes dry and more flammable,increased risk of wild fires,request-34-1-3
increased risk of wild fires,wild fires occur,request-34-1-4
prolonged droughts we are experiencing,groundwater levels decrease,request-34-2-0
groundwater levels decrease,reduced water availability for firefighting efforts,request-34-2-1
reduced water availability for firefighting efforts,vegetation becomes dry and more flammable,request-34-2-2
vegetation becomes dry and more flammable,increased risk of wild fires,request-34-2-3
increased risk of wild fires,wild fires occur,request-34-2-4
prolonged droughts we are experiencing,decreased rainfall,request-34-3-0
decreased rainfall,accumulation of dry vegetation,request-34-3-1
accumulation of dry vegetation,vegetation becomes dry and more flammable,request-34-3-2
vegetation becomes dry and more flammable,increased risk of wild fires,request-34-3-3
increased risk of wild fires,wild fires occur,request-34-3-4
prolonged droughts we are experiencing,higher temperatures,request-34-4-0
higher temperatures,increased evaporation rates,request-34-4-1
increased evaporation rates,accumulation of dry vegetation,request-34-4-2
accumulation of dry vegetation,vegetation becomes dry and more flammable,request-34-4-3
vegetation becomes dry and more flammable,increased risk of wild fires,request-34-4-4
increased risk of wild fires,wild fires occur,request-34-4-5
microplastics are ingested by marine life,marine life accumulate microplastics in their bodies,request-35-0-0
marine life accumulate microplastics in their bodies,microplastics enter the food chain,request-35-0-1
microplastics enter the food chain,microplastics reach the surface waters,request-35-0-2
microplastics reach the surface waters,microplastics are transported by currents,request-35-0-3
microplastics are transported by currents,microplastics are carried to the ocean floor,request-35-0-4
microplastics are carried to the ocean floor,microplastics settle in deepsea sediments,request-35-0-5
microplastics settle in deepsea sediments,microplastics are buried in sediments,request-35-0-6
microplastics are buried in sediments,microplastics are gradually released from sediments,request-35-0-7
microplastics are gradually released from sediments,microplastics are transported to other ocean regions,request-35-0-8
microplastics are transported to other ocean regions,microplastics enter the atmosphere,request-35-0-9
microplastics enter the atmosphere,microplastics are transported by atmospheric currents,request-35-0-10
microplastics are transported by atmospheric currents,microplastics reach extraterrestrial bodies,request-35-0-11
microplastics reach extraterrestrial bodies,microplastics are ejected from earth,request-35-0-12
microplastics are ejected from earth,microplastics are captured by a passing asteroid,request-35-0-13
microplastics are captured by a passing asteroid,asteroid with microplastics collides with another celestial body,request-35-0-14
asteroid with microplastics collides with another celestial body,microplastics are incorporated into the debris of the collision,request-35-0-15
microplastics are incorporated into the debris of the collision,debris with microplastics forms a new celestial body,request-35-0-16
debris with microplastics forms a new celestial body,new celestial body with microplastics becomes an alien world,request-35-0-17
the significant greening of the planet,increased plant growth,request-36-0-0
increased plant growth,higher carbon absorption by forests,request-36-0-1
higher carbon absorption by forests,reduction in atmospheric co₂ levels,request-36-0-2
reduction in atmospheric co₂ levels,industrial activities seek alternative energy sources,request-36-0-3
industrial activities seek alternative energy sources,shift from trees to fossil fuels,request-36-0-4
shift from trees to fossil fuels,increased co₂ emissions,request-36-0-5
land clearance,construction,request-37-0-0
construction,deforestation,request-37-0-1
land clearance,agriculture,request-37-1-0
agriculture,deforestation,request-37-1-1
the burning of carbon,release of energy,request-38-0-0
release of energy,generation of steam,request-38-0-1
generation of steam,operation of a steam turbine,request-38-0-2
operation of a steam turbine,creation of mechanical energy,request-38-0-3
creation of mechanical energy,operation of a generator,request-38-0-4
operation of a generator,production of electricity,request-38-0-5
production of electricity,transmission of electricity,request-38-0-6
transmission of electricity,use of electricity in labs,request-38-0-7
the high carbon footprint of labgrown wood,production of labgrown wood,request-39-0-0
production of labgrown wood,energy consumption for production,request-39-0-1
energy consumption for production,emissions from energy sources,request-39-0-2
emissions from energy sources,release of greenhouse gases,request-39-0-3
release of greenhouse gases,increase in atmospheric carbon dioxide,request-39-0-4
increase in atmospheric carbon dioxide,enhanced greenhouse effect,request-39-0-5
enhanced greenhouse effect,global warming,request-39-0-6
proposed bill passed by congress,legislation signed into law by the president,request-41-0-0
legislation signed into law by the president,government implements new policies,request-41-0-1
government implements new policies,businesses adapt to new regulations,request-41-0-2
businesses adapt to new regulations,increased business activities,request-41-0-3
increased business activities,new industries and sectors emerge,request-41-0-4
new industries and sectors emerge,new job opportunities created,request-41-0-5
new job opportunities created,millions of americans find employment,request-41-0-6
millions of americans find employment,million of jobs for americans,request-41-0-7
proposed bill passed by congress,legislation signed into law by the president,request-41-1-0
legislation signed into law by the president,government allocates funding,request-41-1-1
government allocates funding,infrastructure projects initiated,request-41-1-2
infrastructure projects initiated,construction projects commence,request-41-1-3
construction projects commence,construction workers employed,request-41-1-4
construction workers employed,construction industry expands,request-41-1-5
construction industry expands,new businesses and services arise,request-41-1-6
new businesses and services arise,new job opportunities created,request-41-1-7
new job opportunities created,millions of americans find employment,request-41-1-8
millions of americans find employment,million of jobs for americans,request-41-1-9
proposed bill passed by congress,legislation signed into law by the president,request-41-2-0
legislation signed into law by the president,government incentivizes renewable energy,request-41-2-1
government incentivizes renewable energy,renewable energy projects start,request-41-2-2
renewable energy projects start,renewable energy companies established,request-41-2-3
renewable energy companies established,renewable energy sector grows,request-41-2-4
renewable energy sector grows,new jobs in renewable energy created,request-41-2-5
new jobs in renewable energy created,millions of americans find employment in renewable energy,request-41-2-6
millions of americans find employment in renewable energy,million of jobs for americans,request-41-2-7
proposed bill passed by congress,legislation signed into law by the president,request-41-3-0
legislation signed into law by the president,government increases funding for education,request-41-3-1
government increases funding for education,higher education institutions expand,request-41-3-2
higher education institutions expand,more educational programs introduced,request-41-3-3
more educational programs introduced,increased enrollment in educational programs,request-41-3-4
increased enrollment in educational programs,more graduates enter the workforce,request-41-3-5
more graduates enter the workforce,new job opportunities created,request-41-3-6
new job opportunities created,millions of americans find employment,request-41-3-7
millions of americans find employment,million of jobs for americans,request-41-3-8
avoidance of products from companies with poor environmental practices,public awareness of environmental issues,request-42-0-0
public awareness of environmental issues,increased consumer demand for sustainable products,request-42-0-1
increased consumer demand for sustainable products,companies adopting more sustainable practices,request-42-0-2
companies adopting more sustainable practices,reduced carbon footprint of companies,request-42-0-3
reduced carbon footprint of companies,positive impact on the environment,request-42-0-4
positive impact on the environment,global reduction in greenhouse gas emissions,request-42-0-5
global reduction in greenhouse gas emissions,mitigation of climate change,request-42-0-6
mitigation of climate change,action against climate change,request-42-0-7
industrialization,increased greenhouse gas emissions,request-43-0-0
increased greenhouse gas emissions,higher concentration of co2 in the atmosphere,request-43-0-1
higher concentration of co2 in the atmosphere,enhanced greenhouse effect,request-43-0-2
enhanced greenhouse effect,global warming,request-43-0-3
global warming,melting of polar ice caps,request-43-0-4
melting of polar ice caps,sea level rise,request-43-0-5
sea level rise,more extreme weather events,request-43-0-6
more extreme weather events,human migration due to climate impacts,request-43-0-7
human migration due to climate impacts,government policy changes,request-43-0-8
government policy changes,international agreements on emissions reduction,request-43-0-9
international agreements on emissions reduction,investment in renewable energy,request-43-0-10
investment in renewable energy,decreased reliance on fossil fuels,request-43-0-11
decreased reliance on fossil fuels,reduced greenhouse gas emissions,request-43-0-12
reduced greenhouse gas emissions,mitigation of climate change,request-43-0-13
mitigation of climate change,climate not changing this year,request-43-0-14
deforestation,loss of trees that absorb co2,request-43-1-0
loss of trees that absorb co2,increased co2 levels in the atmosphere,request-43-1-1
increased co2 levels in the atmosphere,enhanced greenhouse effect,request-43-1-2
enhanced greenhouse effect,global warming,request-43-1-3
global warming,melting of polar ice caps,request-43-1-4
melting of polar ice caps,sea level rise,request-43-1-5
sea level rise,more extreme weather events,request-43-1-6
more extreme weather events,human migration due to climate impacts,request-43-1-7
human migration due to climate impacts,government policy changes,request-43-1-8
government policy changes,international agreements on emissions reduction,request-43-1-9
international agreements on emissions reduction,investment in renewable energy,request-43-1-10
investment in renewable energy,decreased reliance on fossil fuels,request-43-1-11
decreased reliance on fossil fuels,reduced greenhouse gas emissions,request-43-1-12
reduced greenhouse gas emissions,mitigation of climate change,request-43-1-13
mitigation of climate change,climate not changing this year,request-43-1-14
urbanization,increased energy consumption,request-43-2-0
increased energy consumption,higher greenhouse gas emissions,request-43-2-1
higher greenhouse gas emissions,increased co2 levels in the atmosphere,request-43-2-2
increased co2 levels in the atmosphere,enhanced greenhouse effect,request-43-2-3
enhanced greenhouse effect,global warming,request-43-2-4
global warming,melting of polar ice caps,request-43-2-5
melting of polar ice caps,sea level rise,request-43-2-6
sea level rise,more extreme weather events,request-43-2-7
more extreme weather events,human migration due to climate impacts,request-43-2-8
human migration due to climate impacts,government policy changes,request-43-2-9
government policy changes,international agreements on emissions reduction,request-43-2-10
international agreements on emissions reduction,investment in renewable energy,request-43-2-11
investment in renewable energy,decreased reliance on fossil fuels,request-43-2-12
decreased reliance on fossil fuels,reduced greenhouse gas emissions,request-43-2-13
reduced greenhouse gas emissions,mitigation of climate change,request-43-2-14
mitigation of climate change,climate not changing this year,request-43-2-15
population growth,increased energy demand,request-43-3-0
increased energy demand,higher greenhouse gas emissions,request-43-3-1
higher greenhouse gas emissions,increased co2 levels in the atmosphere,request-43-3-2
increased co2 levels in the atmosphere,enhanced greenhouse effect,request-43-3-3
enhanced greenhouse effect,global warming,request-43-3-4
global warming,melting of polar ice caps,request-43-3-5
melting of polar ice caps,sea level rise,request-43-3-6
sea level rise,more extreme weather events,request-43-3-7
more extreme weather events,human migration due to climate impacts,request-43-3-8
human migration due to climate impacts,government policy changes,request-43-3-9
government policy changes,international agreements on emissions reduction,request-43-3-10
international agreements on emissions reduction,investment in renewable energy,request-43-3-11
investment in renewable energy,decreased reliance on fossil fuels,request-43-3-12
decreased reliance on fossil fuels,reduced greenhouse gas emissions,request-43-3-13
reduced greenhouse gas emissions,mitigation of climate change,request-43-3-14
mitigation of climate change,climate not changing this year,request-43-3-15
transportation,increased vehicle emissions,request-43-4-0
increased vehicle emissions,higher greenhouse gas emissions,request-43-4-1
higher greenhouse gas emissions,increased co2 levels in the atmosphere,request-43-4-2
increased co2 levels in the atmosphere,enhanced greenhouse effect,request-43-4-3
enhanced greenhouse effect,global warming,request-43-4-4
global warming,melting of polar ice caps,request-43-4-5
melting of polar ice caps,sea level rise,request-43-4-6
sea level rise,more extreme weather events,request-43-4-7
more extreme weather events,human migration due to climate impacts,request-43-4-8
human migration due to climate impacts,government policy changes,request-43-4-9
government policy changes,international agreements on emissions reduction,request-43-4-10
international agreements on emissions reduction,investment in renewable energy,request-43-4-11
investment in renewable energy,decreased reliance on fossil fuels,request-43-4-12
decreased reliance on fossil fuels,reduced greenhouse gas emissions,request-43-4-13
reduced greenhouse gas emissions,mitigation of climate change,request-43-4-14
mitigation of climate change,climate not changing this year,request-43-4-15
agriculture,deforestation for farmland,request-43-5-0
deforestation for farmland,loss of trees that absorb co2,request-43-5-1
loss of trees that absorb co2,increased co2 levels in the atmosphere,request-43-5-2
increased co2 levels in the atmosphere,enhanced greenhouse effect,request-43-5-3
enhanced greenhouse effect,global warming,request-43-5-4
global warming,melting of polar ice caps,request-43-5-5
melting of polar ice caps,sea level rise,request-43-5-6
sea level rise,more extreme weather events,request-43-5-7
more extreme weather events,human migration due to climate impacts,request-43-5-8
human migration due to climate impacts,government policy changes,request-43-5-9
government policy changes,international agreements on emissions reduction,request-43-5-10
international agreements on emissions reduction,investment in renewable energy,request-43-5-11
investment in renewable energy,decreased reliance on fossil fuels,request-43-5-12
decreased reliance on fossil fuels,reduced greenhouse gas emissions,request-43-5-13
reduced greenhouse gas emissions,mitigation of climate change,request-43-5-14
mitigation of climate change,climate not changing this year,request-43-5-15
desert sand blowing,desert sand carried by wind,request-45-0-0
desert sand carried by wind,desert sand transported across land,request-45-0-1
desert sand transported across land,desert sand reaching coastal areas,request-45-0-2
desert sand reaching coastal areas,desert sand deposited on beaches,request-45-0-3
desert sand deposited on beaches,desert sand mixing with seawater,request-45-0-4
desert sand mixing with seawater,deserts contributing to nutrient levels in ocean,request-45-0-5
deserts contributing to nutrient levels in ocean,ocean receiving nutrients from multiple sources,request-45-0-6
ocean receiving nutrients from multiple sources,ocean experiencing nutrient enrichment,request-45-0-7
ocean experiencing nutrient enrichment,ocean undergoing fertilization,request-45-0-8
climate change increases global temperatures,global temperatures rise,request-46-0-0
global temperatures rise,ice caps melt,request-46-0-1
ice caps melt,sea levels rise,request-46-0-2
sea levels rise,coastal regions flood,request-46-0-3
coastal regions flood,habitats are destroyed,request-46-0-4
habitats are destroyed,species lose their homes,request-46-0-5
species lose their homes,human populations migrate,request-46-0-6
human populations migrate,resources become scarce,request-46-0-7
resources become scarce,conflicts over resources increase,request-46-0-8
conflicts over resources increase,human societies collapse,request-46-0-9
human societies collapse,extinction of humans,request-46-0-10
highlatitude glacier melt,increased freshwater influx into oceans,request-47-0-0
increased freshwater influx into oceans,disruption of oceanic thermohaline circulation,request-47-0-1
disruption of oceanic thermohaline circulation,altered global climate patterns,request-47-0-2
altered global climate patterns,accelerated ice melt in polar regions,request-47-0-3
accelerated ice melt in polar regions,sea level rise,request-47-0-4
every minor setback,increases stress levels,request-48-0-0
increases stress levels,stress levels lead to decreased productivity,request-48-0-1
stress levels lead to decreased productivity,decreased productivity causes delays,request-48-0-2
decreased productivity causes delays,delays result in missed deadlines,request-48-0-3
delays result in missed deadlines,missed deadlines cause client dissatisfaction,request-48-0-4
missed deadlines cause client dissatisfaction,client dissatisfaction,request-48-0-5
client dissatisfaction,loss of business results in financial strain,request-48-0-6
loss of business results in financial strain,financial strain,request-48-0-7
financial strain,budget cuts cause understaffing,request-48-0-8
budget cuts cause understaffing,understaffing,request-48-0-9
understaffing,increased workload per employee causes errors,request-48-0-10
increased workload per employee causes errors,errors lead to rework and inefficiencies,request-48-0-11
errors lead to rework and inefficiencies,rework and inefficiencies result in project overruns,request-48-0-12
rework and inefficiencies result in project overruns,project overruns cause missed milestones,request-48-0-13
project overruns cause missed milestones,missed milestones lead to project delays,request-48-0-14
missed milestones lead to project delays,project delays cause missed deadlines,request-48-0-15
project delays cause missed deadlines,missed deadlines cause client dissatisfaction,request-48-0-16
missed deadlines cause client dissatisfaction,client dissatisfaction,request-48-0-17
client dissatisfaction,loss of business results in reduced revenue,request-48-0-18
loss of business results in reduced revenue,reduced revenue causes financial strain,request-48-0-19
reduced revenue causes financial strain,financial strain,request-48-0-20
financial strain,budget cuts cause understaffing,request-48-0-21
budget cuts cause understaffing,understaffing,request-48-0-22
understaffing,increased workload per employee causes errors,request-48-0-23
increased workload per employee causes errors,errors lead to rework and inefficiencies,request-48-0-24
errors lead to rework and inefficiencies,rework and inefficiencies result in project overruns,request-48-0-25
rework and inefficiencies result in project overruns,project overruns cause missed milestones,request-48-0-26
project overruns cause missed milestones,missed milestones lead to project delays,request-48-0-27
missed milestones lead to project delays,project delays cause missed deadlines,request-48-0-28
project delays cause missed deadlines,missed deadlines cause client dissatisfaction,request-48-0-29
missed deadlines cause client dissatisfaction,client dissatisfaction,request-48-0-30
client dissatisfaction,loss of business results in reduced revenue,request-48-0-31
loss of business results in reduced revenue,reduced revenue causes financial strain,request-48-0-32
reduced revenue causes financial strain,financial strain,request-48-0-33
financial strain,budget cuts cause understaffing,request-48-0-34
budget cuts cause understaffing,understaffing,request-48-0-35
understaffing,increased workload per employee causes errors,request-48-0-36
increased workload per employee causes errors,errors lead to rework and inefficiencies,request-48-0-37
errors lead to rework and inefficiencies,rework and inefficiencies result in project overruns,request-48-0-38
rework and inefficiencies result in project overruns,project overruns cause missed milestones,request-48-0-39
project overruns cause missed milestones,missed milestones lead to project delays,request-48-0-40
missed milestones lead to project delays,project delays cause missed deadlines,request-48-0-41
project delays cause missed deadlines,missed deadlines cause client dissatisfaction,request-48-0-42
missed deadlines cause client dissatisfaction,client dissatisfaction,request-48-0-43
client dissatisfaction,loss of business results in reduced revenue,request-48-0-44
loss of business results in reduced revenue,reduced revenue causes financial strain,request-48-0-45
reduced revenue causes financial strain,financial strain,request-48-0-46
financial strain,budget cuts cause understaffing,request-48-0-47
budget cuts cause understaffing,understaffing,request-48-0-48
understaffing,increased workload per employee causes errors,request-48-0-49
increased workload per employee causes errors,errors lead to rework and inefficiencies,request-48-0-50
errors lead to rework and inefficiencies,rework and inefficiencies result in project overruns,request-48-0-51
rework and inefficiencies result in project overruns,project overruns cause missed milestones,request-48-0-52
project overruns cause missed milestones,missed milestones lead to project delays,request-48-0-53
missed milestones lead to project delays,project delays cause missed deadlines,request-48-0-54
project delays cause missed deadlines,missed deadlines cause client dissatisfaction,request-48-0-55
missed deadlines cause client dissatisfaction,client dissatisfaction,request-48-0-56
client dissatisfaction,loss of business results in reduced revenue,request-48-0-57
loss of business results in reduced revenue,reduced revenue causes financial strain,request-48-0-58
reduced revenue causes financial strain,financial strain,request-48-0-59
financial strain,budget cuts cause understaffing,request-48-0-60
budget cuts cause understaffing,understaffing,request-48-0-61
understaffing,increased workload per employee causes errors,request-48-0-62
increased workload per employee causes errors,errors lead to rework and inefficiencies,request-48-0-63
errors lead to rework and inefficiencies,rework and inefficiencies result in project overruns,request-48-0-64
rework and inefficiencies result in project overruns,project overruns cause missed milestones,request-48-0-65
project overruns cause missed milestones,missed milestones lead to project delays,request-48-0-66
missed milestones lead to project delays,project delays cause missed deadlines,request-48-0-67
project delays cause missed deadlines,missed deadlines cause client dissatisfaction,request-48-0-68
missed deadlines cause client dissatisfaction,client dissatisfaction,request-48-0-69
client dissatisfaction,loss of business results in reduced revenue,request-48-0-70
loss of business results in reduced revenue,reduced revenue causes financial strain,request-48-0-71
reduced revenue causes financial strain,financial strain,request-48-0-72
financial strain,budget cuts cause understaffing,request-48-0-73
budget cuts cause understaffing,understaffing,request-48-0-74
understaffing,increased workload per employee causes errors,request-48-0-75
increased workload per employee causes errors,errors lead to rework and inefficiencies,request-48-0-76
errors lead to rework and inefficiencies,rework and inefficiencies result in project overruns,request-48-0-77
rework and inefficiencies result in project overruns,project overruns cause missed milestones,request-48-0-78
project overruns cause missed milestones,missed milestones lead to project delays,request-48-0-79
missed milestones lead to project delays,project delays cause missed deadlines,request-48-0-80
project delays cause missed deadlines,missed deadlines cause client dissatisfaction,request-48-0-81
missed deadlines cause client dissatisfaction,client dissatisfaction,request-48-0-82
client dissatisfaction,loss of business results in reduced revenue,request-48-0-83
loss of business results in reduced revenue,reduced revenue causes financial strain,request-48-0-84
reduced revenue causes financial strain,financial strain,request-48-0-85
financial strain,budget cuts cause understaffing,request-48-0-86
budget cuts cause understaffing,understaffing,request-48-0-87
understaffing,increased workload per employee causes errors,request-48-0-88
increased workload per employee causes errors,errors lead to rework and inefficiencies,request-48-0-89
errors lead to rework and inefficiencies,rework and inefficiencies result in project overruns,request-48-0-90
rework and inefficiencies result in project overruns,project overruns cause missed milestones,request-48-0-91
project overruns cause missed milestones,missed milestones lead to project delays,request-48-0-92
missed milestones lead to project delays,project delays cause missed deadlines,request-48-0-93
project delays cause missed deadlines,missed deadlines cause client dissatisfaction,request-48-0-94
missed deadlines cause client dissatisfaction,client dissatisfaction,request-48-0-95
client dissatisfaction,loss of business results in reduced revenue,request-48-0-96
loss of business results in reduced revenue,reduced revenue causes financial strain,request-48-0-97
reduced revenue causes financial strain,financial strain,request-48-0-98
financial strain,budget cuts cause understaffing,request-48-0-99
budget cuts cause understaffing,understaffing,request-48-0-100
understaffing,increased workload per employee causes errors,request-48-0-101
increased workload per employee causes errors,errors lead to rework and inefficiencies,request-48-0-102
errors lead to rework and inefficiencies,rework and inefficiencies result in project overruns,request-48-0-103
rework and inefficiencies result in project overruns,project overruns cause missed milestones,request-48-0-104
project overruns cause missed milestones,missed milestones lead to project delays,request-48-0-105
missed milestones lead to project delays,project delays cause missed deadlines,request-48-0-106
project delays cause missed deadlines,missed deadlines cause client dissatisfaction,request-48-0-107
missed deadlines cause client dissatisfaction,client dissatisfaction,request-48-0-108
client dissatisfaction,loss of business results in reduced revenue,request-48-0-109
loss of business results in reduced revenue,reduced revenue causes financial strain,request-48-0-110
reduced revenue causes financial strain,financial strain,request-48-0-111
financial strain,budget cuts cause understaffing,request-48-0-112
budget cuts cause understaffing,understaffing,request-48-0-113
understaffing,increased workload per employee causes errors,request-48-0-114
increased workload per employee causes errors,errors lead to rework and inefficiencies,request-48-0-115
errors lead to rework and inefficiencies,rework and inefficiencies result in project overruns,request-48-0-116
rework and inefficiencies result in project overruns,project overruns cause missed milestones,request-48-0-117
project overruns cause missed milestones,missed milestones lead to project delays,request-48-0-118
missed milestones lead to project delays,project delays cause missed deadlines,request-48-0-119
project delays cause missed deadlines,missed deadlines cause client dissatisfaction,request-48-0-120
missed deadlines cause client dissatisfaction,client dissatisfaction,request-48-0-121
client dissatisfaction,loss of business results in reduced revenue,request-48-0-122
loss of business results in reduced revenue,reduced revenue causes financial strain,request-48-0-123
reduced revenue causes financial strain,financial strain,request-48-0-124
financial strain,budget cuts cause understaffing,request-48-0-125
budget cuts cause understaffing,understaffing,request-48-0-126
understaffing,increased workload per employee causes errors,request-48-0-127
increased workload per employee causes errors,errors lead to rework and inefficiencies,request-48-0-128
errors lead to rework and inefficiencies,rework and inefficiencies result in project overruns,request-48-0-129
rework and inefficiencies result in project overruns,project overruns cause missed milestones,request-48-0-130
project overruns cause missed milestones,missed milestones lead to project delays,request-48-0-131
missed milestones lead to project delays,project delays cause missed deadlines,request-48-0-132
project delays cause missed deadlines,missed deadlines cause client dissatisfaction,request-48-0-133
missed deadlines cause client dissatisfaction,client dissatisfaction,request-48-0-134
client dissatisfaction,loss of business results in reduced revenue,request-48-0-135
loss of business results in reduced revenue,reduced revenue causes financial strain,request-48-0-136
reduced revenue causes financial strain,financial strain,request-48-0-137
financial strain,budget cuts cause understaffing,request-48-0-138
budget cuts cause understaffing,understaffing,request-48-0-139
understaffing,increased workload per employee causes errors,request-48-0-140
increased workload per employee causes errors,errors lead to rework and inefficiencies,request-48-0-141
errors lead to rework and inefficiencies,rework and inefficiencies result in project overruns,request-48-0-142
rework and inefficiencies result in project overruns,project overruns cause missed milestones,request-48-0-143
project overruns cause missed milestones,missed milestones lead to project delays,request-48-0-144
missed milestones lead to project delays,project delays cause missed deadlines,request-48-0-145
project delays cause missed deadlines,missed deadlines cause client dissatisfaction,request-48-0-146
missed deadlines cause client dissatisfaction,client dissatisfaction,request-48-0-147
client dissatisfaction,loss of business results in reduced revenue,request-48-0-148
loss of business results in reduced revenue,reduced revenue causes financial strain,request-48-0-149
reduced revenue causes financial strain,financial strain,request-48-0-150
financial strain,budget cuts cause understaffing,request-48-0-151
budget cuts cause understaffing,understaffing,request-48-0-152
understaffing,increased workload per employee causes errors,request-48-0-153
increased workload per employee causes errors,errors lead to rework and inefficiencies,request-48-0-154
errors lead to rework and inefficiencies,rework and inefficiencies result in project overruns,request-48-0-155
rework and inefficiencies result in project overruns,project overruns cause missed milestones,request-48-0-156
project overruns cause missed milestones,missed milestones lead to project delays,request-48-0-157
missed milestones lead to project delays,project delays cause missed deadlines,request-48-0-158
project delays cause missed deadlines,missed deadlines cause client dissatisfaction,request-48-0-159
missed deadlines cause client dissatisfaction,client dissatisfaction,request-48-0-160
client dissatisfaction,loss of business results in reduced revenue,request-48-0-161
loss of business results in reduced revenue,reduced revenue causes financial strain,request-48-0-162
reduced revenue causes financial strain,financial strain,request-48-0-163
financial strain,budget cuts cause understaffing,request-48-0-164
budget cuts cause understaffing,understaffing,request-48-0-165
understaffing,increased workload per employee causes errors,request-48-0-166
increased workload per employee causes errors,errors lead to rework and inefficiencies,request-48-0-167
errors lead to rework and inefficiencies,rework and inefficiencies result in project overruns,request-48-0-168
rework and inefficiencies result in project overruns,project overruns cause missed milestones,request-48-0-169
project overruns cause missed milestones,missed milestones lead to project delays,request-48-0-170
missed milestones lead to project delays,project delays cause missed deadlines,request-48-0-171
project delays cause missed deadlines,missed deadlines cause client dissatisfaction,request-48-0-172
missed deadlines cause client dissatisfaction,client dissatisfaction,request-48-0-173
client dissatisfaction,loss of business results in reduced revenue,request-48-0-174
loss of business results in reduced revenue,reduced revenue causes financial strain,request-48-0-175
reduced revenue causes financial strain,financial strain,request-48-0-176
financial strain,budget cuts cause understaffing,request-48-0-177
budget cuts cause understaffing,understaffing,request-48-0-178
understaffing,increased workload per employee causes errors,request-48-0-179
increased workload per employee causes errors,errors lead to rework and inefficiencies,request-48-0-180
errors lead to rework and inefficiencies,rework and inefficiencies result in project overruns,request-48-0-181
rework and inefficiencies result in project overruns,project overruns cause missed milestones,request-48-0-182
project overruns cause missed milestones,missed milestones lead to project delays,request-48-0-183
missed milestones lead to project delays,project delays cause missed deadlines,request-48-0-184
project delays cause missed deadlines,missed deadlines cause client dissatisfaction,request-48-0-185
missed deadlines cause client dissatisfaction,client dissatisfaction,request-48-0-186
client dissatisfaction,loss of business results in reduced revenue,request-48-0-187
loss of business results in reduced revenue,reduced revenue causes financial strain,request-48-0-188
reduced revenue causes financial strain,financial strain,request-48-0-189
financial strain,budget cuts cause understaffing,request-48-0-190
budget cuts cause understaffing,understaffing,request-48-0-191
understaffing,increased workload per employee causes errors,request-48-0-192
increased workload per employee causes errors,errors lead to rework and inefficiencies,request-48-0-193
errors lead to rework and inefficiencies,rework and inefficiencies result in project overruns,request-48-0-194
rework and inefficiencies result in project overruns,project overruns cause missed milestones,request-48-0-195
project overruns cause missed milestones,missed milestones lead to project delays,request-48-0-196
missed milestones lead to project delays,project delays cause missed deadlines,request-48-0-197
project delays cause missed deadlines,missed deadlines cause client dissatisfaction,request-48-0-198
missed deadlines cause client dissatisfaction,client dissatisfaction,request-48-0-199
client dissatisfaction,loss of business results in reduced revenue,request-48-0-200
loss of business results in reduced revenue,reduced revenue causes financial strain,request-48-0-201
reduced revenue causes financial strain,financial strain,request-48-0-202
financial strain,budget cuts cause understaffing,request-48-0-203
budget cuts cause understaffing,understaffing,request-48-0-204
understaffing,increased workload per employee causes errors,request-48-0-205
increased workload per employee causes errors,errors lead to rework and inefficiencies,request-48-0-206
errors lead to rework and inefficiencies,rework and inefficiencies result in project overruns,request-48-0-207
rework and inefficiencies result in project overruns,project overruns cause missed milestones,request-48-0-208
project overruns cause missed milestones,missed milestones lead to project delays,request-48-0-209
missed milestones lead to project delays,project delays cause missed deadlines,request-48-0-210
project delays cause missed deadlines,missed deadlines cause client dissatisfaction,request-48-0-211
missed deadlines cause client dissatisfaction,client dissatisfaction,request-48-0-212
client dissatisfaction,loss of business results in reduced revenue,request-48-0-213
loss of business results in reduced revenue,reduced revenue causes financial strain,request-48-0-214
reduced revenue causes financial strain,financial strain,request-48-0-215
financial strain,budget cuts cause understaffing,request-48-0-216
budget cuts cause understaffing,understaffing,request-48-0-217
understaffing,increased workload per employee causes errors,request-48-0-218
increased workload per employee causes errors,errors lead to rework and inefficiencies,request-48-0-219
errors lead to rework and inefficiencies,rework and inefficiencies result in project overruns,request-48-0-220
rework and inefficiencies result in project overruns,project overruns cause missed milestones,request-48-0-221
project overruns cause missed milestones,missed milestones lead to project delays,request-48-0-222
missed milestones lead to project delays,project delays cause missed deadlines,request-48-0-223
project delays cause missed deadlines,missed deadlines cause client dissatisfaction,request-48-0-224
missed deadlines cause client dissatisfaction,client dissatisfaction,request-48-0-225
client dissatisfaction,loss of business results in reduced revenue,request-48-0-226
loss of business results in reduced revenue,reduced revenue causes financial strain,request-48-0-227
reduced revenue causes financial strain,financial strain,request-48-0-228
financial strain,budget cuts cause understaffing,request-48-0-229
budget cuts cause understaffing,understaffing,request-48-0-230
understaffing,increased workload per employee causes errors,request-48-0-231
increased workload per employee causes errors,errors lead to rework and inefficiencies,request-48-0-232
errors lead to rework and inefficiencies,rework and inefficiencies result in project overruns,request-48-0-233
rework and inefficiencies result in project overruns,project overruns cause missed milestones,request-48-0-234
project overruns cause missed milestones,missed milestones lead to project delays,request-48-0-235
missed milestones lead to project delays,project delays cause missed deadlines,request-48-0-236
project delays cause missed deadlines,missed deadlines cause client dissatisfaction,request-48-0-237
missed deadlines cause client dissatisfaction,client dissatisfaction,request-48-0-238
client dissatisfaction,loss of business results in reduced revenue,request-48-0-239
loss of business results in reduced revenue,reduced revenue causes financial strain,request-48-0-240
reduced revenue causes financial strain,financial strain,request-48-0-241
financial strain,budget cuts cause understaffing,request-48-0-242
budget cuts cause understaffing,understaffing,request-48-0-243
understaffing,increased workload per employee causes errors,request-48-0-244
increased workload per employee causes errors,errors lead to rework and inefficiencies,request-48-0-245
errors lead to rework and inefficiencies,rework and inefficiencies result in project overruns,request-48-0-246
rework and inefficiencies result in project overruns,project overruns cause missed milestones,request-48-0-247
project overruns cause missed milestones,missed milestones lead to project delays,request-48-0-248
missed milestones lead to project delays,project delays cause missed deadlines,request-48-0-249
project delays cause missed deadlines,missed deadlines cause client dissatisfaction,request-48-0-250
missed deadlines cause client dissatisfaction,client dissatisfaction,request-48-0-251
client dissatisfaction,loss of business results in reduced revenue,request-48-0-252
loss of business results in reduced revenue,reduced revenue causes financial strain,request-48-0-253
reduced revenue causes financial strain,financial strain,request-48-0-254
financial strain,budget cuts cause understaffing,request-48-0-255
budget cuts cause understaffing,understaffing,request-48-0-256
understaffing,increased workload per employee causes errors,request-48-0-257
increased workload per employee causes errors,errors lead to rework and inefficiencies,request-48-0-258
errors lead to rework and inefficiencies,rework and inefficiencies result in project overruns,request-48-0-259
rework and inefficiencies result in project overruns,project overruns cause missed milestones,request-48-0-260
project overruns cause missed milestones,missed milestones lead to project delays,request-48-0-261
missed milestones lead to project delays,project delays cause missed deadlines,request-48-0-262
project delays cause missed deadlines,missed deadlines cause client dissatisfaction,request-48-0-263
missed deadlines cause client dissatisfaction,client dissatisfaction,request-48-0-264
client dissatisfaction,loss of business results in reduced revenue,request-48-0-265
loss of business results in reduced revenue,reduced revenue causes financial strain,request-48-0-266
reduced revenue causes financial strain,financial strain,request-48-0-267
financial strain,budget cuts cause understaffing,request-48-0-268
budget cuts cause understaffing,understaffing,request-48-0-269
understaffing,increased workload per employee causes errors,request-48-0-270
increased workload per employee causes errors,errors lead to rework and inefficiencies,request-48-0-271
errors lead to rework and inefficiencies,rework and inefficiencies result in project overruns,request-48-0-272
rework and inefficiencies result in project overruns,project overruns cause missed milestones,request-48-0-273
project overruns cause missed milestones,missed milestones lead to project delays,request-48-0-274
missed milestones lead to project delays,project delays cause missed deadlines,request-48-0-275
project delays cause missed deadlines,missed deadlines cause client dissatisfaction,request-48-0-276
missed deadlines cause client dissatisfaction,client dissatisfaction,request-48-0-277
client dissatisfaction,loss of business results in reduced revenue,request-48-0-278
loss of business results in reduced revenue,reduced revenue causes financial strain,request-48-0-279
reduced revenue causes financial strain,financial strain,request-48-0-280
financial strain,budget cuts cause understaffing,request-48-0-281
budget cuts cause understaffing,understaffing,request-48-0-282
understaffing,increased workload per employee causes errors,request-48-0-283
increased workload per employee causes errors,errors lead to rework and inefficiencies,request-48-0-284
errors lead to rework and inefficiencies,rework and inefficiencies result in project overruns,request-48-0-285
rework and inefficiencies result in project overruns,project overruns cause missed milestones,request-48-0-286
project overruns cause missed milestones,missed milestones lead to project delays,request-48-0-287
missed milestones lead to project delays,project delays cause missed deadlines,request-48-0-288
project delays cause missed deadlines,missed deadlines cause client dissatisfaction,request-48-0-289
missed deadlines cause client dissatisfaction,client dissatisfaction,request-48-0-290
client dissatisfaction,loss of business results in reduced revenue,request-48-0-291
loss of business results in reduced revenue,reduced revenue causes financial strain,request-48-0-292
reduced revenue causes financial strain,financial strain,request-48-0-293
financial strain,budget cuts cause understaffing,request-48-0-294
budget cuts cause understaffing,understaffing,request-48-0-295
understaffing,increased workload per employee causes errors,request-48-0-296
increased workload per employee causes errors,errors lead to rework and inefficiencies,request-48-0-297
errors lead to rework and inefficiencies,rework and inefficiencies result in project overruns,request-48-0-298
rework and inefficiencies result in project overruns,project overruns cause missed milestones,request-48-0-299
project overruns cause missed milestones,missed milestones lead to project delays,request-48-0-300
missed milestones lead to project delays,project delays cause missed deadlines,request-48-0-301
project delays cause missed deadlines,missed deadlines cause client dissatisfaction,request-48-0-302
missed deadlines cause client dissatisfaction,client dissatisfaction,request-48-0-303
client dissatisfaction,loss of business results in reduced revenue,request-48-0-304
loss of business results in reduced revenue,reduced revenue causes financial strain,request-48-0-305
reduced revenue causes financial strain,financial strain,request-48-0-306
financial strain,budget cuts cause understaffing,request-48-0-307
budget cuts cause understaffing,understaffing,request-48-0-308
understaffing,increased workload per employee causes errors,request-48-0-309
increased workload per employee causes errors,errors lead to rework and inefficiencies,request-48-0-310
errors lead to rework and inefficiencies,rework and inefficiencies result in project overruns,request-48-0-311
rework and inefficiencies result in project overruns,project overruns cause missed milestones,request-48-0-312
project overruns cause missed milestones,missed milestones lead to project delays,request-48-0-313
missed milestones lead to project delays,project delays cause missed deadlines,request-48-0-314
project delays cause missed deadlines,missed deadlines cause client dissatisfaction,request-48-0-315
missed deadlines cause client dissatisfaction,client dissatisfaction,request-48-0-316
client dissatisfaction,loss of business results in reduced revenue,request-48-0-317
loss of business results in reduced revenue,reduced revenue causes financial strain,request-48-0-318
reduced revenue causes financial strain,financial strain,request-48-0-319
financial strain,budget cuts cause understaffing,request-48-0-320
budget cuts cause understaffing,understaffing,request-48-0-321
understaffing,increased workload per employee causes errors,request-48-0-322
increased workload per employee causes errors,errors lead to rework and inefficiencies,request-48-0-323
errors lead to rework and inefficiencies,rework and inefficiencies result in project overruns,request-48-0-324
rework and inefficiencies result in project overruns,project overruns cause missed milestones,request-48-0-325
project overruns cause missed milestones,missed milestones lead to project delays,request-48-0-326
missed milestones lead to project delays,project delays cause missed deadlines,request-48-0-327
project delays cause missed deadlines,missed deadlines cause client dissatisfaction,request-48-0-328
missed deadlines cause client dissatisfaction,client dissatisfaction,request-48-0-329
client dissatisfaction,loss of business results in reduced revenue,request-48-0-330
loss of business results in reduced revenue,reduced revenue causes financial strain,request-48-0-331
reduced revenue causes financial strain,financial strain,request-48-0-332
financial strain,budget cuts cause understaffing,request-48-0-333
budget cuts cause understaffing,understaffing,request-48-0-334
understaffing,increased workload per employee causes errors,request-48-0-335
increased workload per employee causes errors,errors lead to rework and inefficiencies,request-48-0-336
errors lead to rework and inefficiencies,rework and inefficiencies result in project overruns,request-48-0-337
rework and inefficiencies result in project overruns,project overruns cause missed milestones,request-48-0-338
project overruns cause missed milestones,missed milestones lead to project delays,request-48-0-339
missed milestones lead to project delays,project delays cause missed deadlines,request-48-0-340
project delays cause missed deadlines,missed deadlines cause client dissatisfaction,request-48-0-341
missed deadlines cause client dissatisfaction,client dissatisfaction,request-48-0-342
client dissatisfaction,loss of business results in reduced revenue,request-48-0-343
loss of business results in reduced revenue,reduced revenue causes financial strain,request-48-0-344
reduced revenue causes financial strain,financial strain,request-48-0-345
financial strain,budget cuts cause understaffing,request-48-0-346
budget cuts cause understaffing,understaffing,request-48-0-347
understaffing,increased workload per employee causes errors,request-48-0-348
increased workload per employee causes errors,errors lead to rework and inefficiencies,request-48-0-349
errors lead to rework and inefficiencies,rework and inefficiencies result in project overruns,request-48-0-350
rework and inefficiencies result in project overruns,project overruns cause missed milestones,request-48-0-351
project overruns cause missed milestones,missed milestones lead to project delays,request-48-0-352
missed milestones lead to project delays,project delays cause missed deadlines,request-48-0-353
project delays cause missed deadlines,missed deadlines cause client dissatisfaction,request-48-0-354
missed deadlines cause client dissatisfaction,client dissatisfaction,request-48-0-355
client dissatisfaction,loss of business results in reduced revenue,request-48-0-356
loss of business results in reduced revenue,reduced revenue causes financial strain,request-48-0-357
reduced revenue causes financial strain,financial strain,request-48-0-358
financial strain,budget cuts cause understaffing,request-48-0-359
budget cuts cause understaffing,understaffing,request-48-0-360
understaffing,increased workload per employee causes errors,request-48-0-361
increased workload per employee causes errors,errors lead to rework and inefficiencies,request-48-0-362
errors lead to rework and inefficiencies,rework and inefficiencies result in project overruns,request-48-0-363
rework and inefficiencies result in project overruns,project overruns cause missed milestones,request-48-0-364
project overruns cause missed milestones,to to to to to and and,request-48-0-365
tree planting,carbon sequestration,request-49-0-0
carbon sequestration,reduction in greenhouse gas emissions,request-49-0-1
reduction in greenhouse gas emissions,decrease in global warming,request-49-0-2
decrease in global warming,climate stabilization,request-49-0-3
climate stabilization,climate change mitigation,request-49-0-4
climate change mitigation,climate change,request-49-0-5
tree planting,soil stabilization,request-49-1-0
soil stabilization,prevention of soil erosion,request-49-1-1
prevention of soil erosion,improved water retention,request-49-1-2
improved water retention,reduced flooding,request-49-1-3
reduced flooding,enhanced agricultural productivity,request-49-1-4
enhanced agricultural productivity,food security,request-49-1-5
food security,economic stability,request-49-1-6
economic stability,social stability,request-49-1-7
social stability,climate change,request-49-1-8
tree planting,habitat creation,request-49-2-0
habitat creation,increase in biodiversity,request-49-2-1
increase in biodiversity,support for pollinators,request-49-2-2
support for pollinators,improved ecosystem services,request-49-2-3
improved ecosystem services,resilience to climate impacts,request-49-2-4
resilience to climate impacts,climate change adaptation,request-49-2-5
climate change adaptation,climate change,request-49-2-6
tree planting,urban heat island reduction,request-49-3-0
urban heat island reduction,lower city temperatures,request-49-3-1
lower city temperatures,reduced energy consumption for cooling,request-49-3-2
reduced energy consumption for cooling,decreased air pollution,request-49-3-3
decreased air pollution,improved public health,request-49-3-4
improved public health,economic savings,request-49-3-5
economic savings,climate change mitigation,request-49-3-6
climate change mitigation,climate change,request-49-3-7
tree planting,carbon storage,request-49-4-0
carbon storage,reduction in atmospheric co2,request-49-4-1
reduction in atmospheric co2,slower global warming,request-49-4-2
slower global warming,changes in weather patterns,request-49-4-3
changes in weather patterns,extreme weather events,request-49-4-4
extreme weather events,disruption of ecosystems,request-49-4-5
disruption of ecosystems,loss of biodiversity,request-49-4-6
loss of biodiversity,climate change,request-49-4-7
air temperature rises,vegetation dries out,request-51-0-0
vegetation dries out,underbrush becomes highly flammable,request-51-0-1
underbrush becomes highly flammable,lightning strikes,request-51-0-2
lightning strikes,wildfires ignite,request-51-0-3
wildfires ignite,wildfires spread,request-51-0-4
wildfires spread,the fires consume forests,request-51-0-5
the fires consume forests,the fires threaten homes,request-51-0-6
the fires threaten homes,the fires lead to evacuations,request-51-0-7
the fires lead to evacuations,the fires result in the fires,request-51-0-8
air temperature increases,plants lose moisture,request-51-1-0
plants lose moisture,dry conditions persist,request-51-1-1
dry conditions persist,human activities ignite a campfire,request-51-1-2
human activities ignite a campfire,campfire spreads uncontrollably,request-51-1-3
campfire spreads uncontrollably,wildfires are set,request-51-1-4
wildfires are set,wildfires spread rapidly,request-51-1-5
wildfires spread rapidly,wildfires cause destruction,request-51-1-6
wildfires cause destruction,the fires consume forests,request-51-1-7
the fires consume forests,the fires threaten homes,request-51-1-8
the fires threaten homes,the fires result in the fires,request-51-1-9
air temperature soars,dry air conditions,request-51-2-0
dry air conditions,lightning ignites a tree,request-51-2-1
lightning ignites a tree,tree ignites into a fire,request-51-2-2
tree ignites into a fire,fire spreads to nearby vegetation,request-51-2-3
fire spreads to nearby vegetation,fire spreads to nearby forests,request-51-2-4
fire spreads to nearby forests,fire spreads to nearby homes,request-51-2-5
fire spreads to nearby homes,the fires consume forests,request-51-2-6
the fires consume forests,the fires threaten homes,request-51-2-7
the fires threaten homes,the fires result in the fires,request-51-2-8
air temperature rises,moisture evaporates from soil,request-51-3-0
moisture evaporates from soil,underbrush dries out,request-51-3-1
underbrush dries out,lightning strikes a dry tree,request-51-3-2
lightning strikes a dry tree,tree ignites into a fire,request-51-3-3
tree ignites into a fire,fire spreads to nearby vegetation,request-51-3-4
fire spreads to nearby vegetation,fire spreads to nearby forests,request-51-3-5
fire spreads to nearby forests,fire spreads to nearby homes,request-51-3-6
fire spreads to nearby homes,the fires consume forests,request-51-3-7
the fires consume forests,the fires threaten homes,request-51-3-8
the fires threaten homes,the fires result in the fires,request-51-3-9
air temperature increases,wetlands dry up,request-51-4-0
wetlands dry up,vegetation becomes highly flammable,request-51-4-1
vegetation becomes highly flammable,lightning ignites a dry area,request-51-4-2
lightning ignites a dry area,area ignites into a fire,request-51-4-3
area ignites into a fire,fire spreads to nearby vegetation,request-51-4-4
fire spreads to nearby vegetation,fire spreads to nearby forests,request-51-4-5
fire spreads to nearby forests,fire spreads to nearby homes,request-51-4-6
fire spreads to nearby homes,the fires consume forests,request-51-4-7
the fires consume forests,the fires threaten homes,request-51-4-8
the fires threaten homes,the fires result in the fires,request-51-4-9
air temperature rises,plants lose moisture,request-51-5-0
plants lose moisture,underbrush becomes highly flammable,request-51-5-1
underbrush becomes highly flammable,human activities ignite a campfire,request-51-5-2
human activities ignite a campfire,campfire spreads to nearby vegetation,request-51-5-3
campfire spreads to nearby vegetation,vegetation ignites into a fire,request-51-5-4
vegetation ignites into a fire,fire spreads to nearby forests,request-51-5-5
fire spreads to nearby forests,fire spreads to nearby homes,request-51-5-6
fire spreads to nearby homes,the fires consume forests,request-51-5-7
the fires consume forests,the fires threaten homes,request-51-5-8
the fires threaten homes,the fires result in the fires,request-51-5-9
the heating of substances,increases temperature,request-52-0-0
increases temperature,vaporization of liquids,request-52-0-1
vaporization of liquids,expansion of gases,request-52-0-2
expansion of gases,release of pressure,request-52-0-3
release of pressure,ignition of combustible materials,request-52-0-4
ignition of combustible materials,fires,request-52-0-5
the heating of substances,increase in kinetic energy of molecules,request-52-1-0
increase in kinetic energy of molecules,transition from liquid to gas,request-52-1-1
transition from liquid to gas,formation of flammable vapors,request-52-1-2
formation of flammable vapors,accumulation of flammable gases,request-52-1-3
accumulation of flammable gases,ignition of the accumulated gases,request-52-1-4
ignition of the accumulated gases,fires,request-52-1-5
the heating of substances,increase in temperature,request-52-2-0
increase in temperature,decomposition of materials,request-52-2-1
decomposition of materials,release of flammable gases,request-52-2-2
release of flammable gases,ignition of these gases,request-52-2-3
ignition of these gases,fires,request-52-2-4
the heating of substances,increase in temperature,request-52-3-0
increase in temperature,evaporation of liquids,request-52-3-1
evaporation of liquids,formation of combustible vapor clouds,request-52-3-2
formation of combustible vapor clouds,ignition of these vapors,request-52-3-3
ignition of these vapors,fires,request-52-3-4
the heating of substances,increase in temperature,request-52-4-0
increase in temperature,conversion of solids to gases,request-52-4-1
conversion of solids to gases,release of flammable gases,request-52-4-2
release of flammable gases,ignition of these gases,request-52-4-3
ignition of these gases,fires,request-52-4-4
the heating of substances,increase in temperature,request-52-5-0
increase in temperature,release of pressure in pressurized containers,request-52-5-1
release of pressure in pressurized containers,explosive release of energy,request-52-5-2
explosive release of energy,ignition of surrounding materials,request-52-5-3
ignition of surrounding materials,fires,request-52-5-4
the heating of substances,increase in temperature,request-52-6-0
increase in temperature,change in physical state to gas,request-52-6-1
change in physical state to gas,accumulation of flammable gases,request-52-6-2
accumulation of flammable gases,ignition of these gases,request-52-6-3
ignition of these gases,fires,request-52-6-4
40 degrees,heat increases,request-53-0-0
heat increases,flammable materials ignite,request-53-0-1
flammable materials ignite,fires,request-53-0-2
40 degrees,materials expand,request-53-1-0
materials expand,structural damage occurs,request-53-1-1
structural damage occurs,fire hazards increase,request-53-1-2
fire hazards increase,fires,request-53-1-3
40 degrees,heat intensifies,request-53-2-0
heat intensifies,electrical systems malfunction,request-53-2-1
electrical systems malfunction,fire hazards increase,request-53-2-2
fire hazards increase,fires,request-53-2-3
40 degrees,heat causes dehydration,request-53-3-0
heat causes dehydration,human fatigue increases,request-53-3-1
human fatigue increases,accidents occur,request-53-3-2
accidents occur,fire hazards increase,request-53-3-3
fire hazards increase,fires,request-53-3-4
40 degrees,heat causes melting,request-53-4-0
heat causes melting,water damage occurs,request-53-4-1
water damage occurs,electrical systems short circuit,request-53-4-2
electrical systems short circuit,fire hazards increase,request-53-4-3
fire hazards increase,fires,request-53-4-4
a cigarette butt,ignites,request-54-0-0
ignites,spark,request-54-0-1
spark,spark ignites,request-54-0-2
spark ignites,flammable material,request-54-0-3
flammable material,fires,request-54-0-4
lightning,strikes,request-54-1-0
strikes,trees,request-54-1-1
trees,trees ignite,request-54-1-2
trees ignite,flammable material,request-54-1-3
flammable material,fires,request-54-1-4
a cigarette butt,ignites,request-54-2-0
ignites,flammable material,request-54-2-1
flammable material,fires,request-54-2-2
lightning,strikes,request-54-3-0
strikes,flammable material,request-54-3-1
flammable material,fires,request-54-3-2
heavy rainfall in kentucky,floodwaters rising in rivers and streams,request-55-0-0
floodwaters rising in rivers and streams,floodwaters reaching residential areas,request-55-0-1
floodwaters reaching residential areas,homes and buildings being damaged,request-55-0-2
homes and buildings being damaged,roads becoming impassable,request-55-0-3
roads becoming impassable,emergency services being overwhelmed,request-55-0-4
emergency services being overwhelmed,disruption of transportation and communication,request-55-0-5
disruption of transportation and communication,economic losses due to property damage and business interruptions,request-55-0-6
economic losses due to property damage and business interruptions,public safety concerns and displacement of residents,request-55-0-7
public safety concerns and displacement of residents,chaos due to the combined effects of the flood and its aftermath,request-55-0-8
snowfall in texas,accumulation of snow on the ground,request-55-1-0
accumulation of snow on the ground,snowstorms causing power outages,request-55-1-1
snowstorms causing power outages,power outages affecting heating and cooling systems,request-55-1-2
power outages affecting heating and cooling systems,homes and businesses becoming uninhabitable,request-55-1-3
homes and businesses becoming uninhabitable,increased risk of hypothermia and other coldrelated health issues,request-55-1-4
increased risk of hypothermia and other coldrelated health issues,strain on emergency services due to weatherrelated emergencies,request-55-1-5
strain on emergency services due to weatherrelated emergencies,disruption of transportation and communication,request-55-1-6
disruption of transportation and communication,economic losses due to property damage and business interruptions,request-55-1-7
economic losses due to property damage and business interruptions,public safety concerns and displacement of residents,request-55-1-8
public safety concerns and displacement of residents,chaos due to the combined effects of the snowstorm and its aftermath,request-55-1-9
john started a campfire,john forgot to extinguish the campfire,request-56-0-0
john forgot to extinguish the campfire,wind spread the flames to nearby trees,request-56-0-1
wind spread the flames to nearby trees,fire spread to a residential area,request-56-0-2
fire spread to a residential area,fire destroyed several homes,request-56-0-3
fire destroyed several homes,firefighters arrived at the scene,request-56-0-4
firefighters arrived at the scene,firefighters extinguished the fire,request-56-0-5
firefighters extinguished the fire,firefighters saved lives,request-56-0-6
firefighters saved lives,firefighters suffered minor injuries,request-56-0-7
firefighters suffered minor injuries,firefighters received commendations,request-56-0-8
firefighters received commendations,news of the fire spread,request-56-0-9
news of the fire spread,community members organized a fundraising event,request-56-0-10
community members organized a fundraising event,fundraising event collected donations,request-56-0-11
fundraising event collected donations,donations were used to rebuild homes,request-56-0-12
donations were used to rebuild homes,community members felt grateful,request-56-0-13
tom left a barbecue grill unattended,tom fell asleep near the grill,request-56-1-0
tom fell asleep near the grill,tom woke up and noticed the grill was still on,request-56-1-1
tom woke up and noticed the grill was still on,tom tried to move the grill,request-56-1-2
tom tried to move the grill,tom accidentally knocked over the grill,request-56-1-3
tom accidentally knocked over the grill,gas leaked from the grill,request-56-1-4
gas leaked from the grill,gas ignited in the open air,request-56-1-5
gas ignited in the open air,fire started to spread,request-56-1-6
fire started to spread,fire reached nearby bushes,request-56-1-7
fire reached nearby bushes,bushes caught fire,request-56-1-8
bushes caught fire,fire spread to a nearby house,request-56-1-9
fire spread to a nearby house,firefighters arrived at the scene,request-56-1-10
firefighters arrived at the scene,firefighters extinguished the fire,request-56-1-11
firefighters extinguished the fire,firefighters saved the house,request-56-1-12
firefighters saved the house,firefighters received commendations,request-56-1-13
firefighters received commendations,news of the fire spread,request-56-1-14
news of the fire spread,community members organized a fundraising event,request-56-1-15
community members organized a fundraising event,fundraising event collected donations,request-56-1-16
fundraising event collected donations,donations were used to rebuild the house,request-56-1-17
donations were used to rebuild the house,community members felt grateful,request-56-1-18
alicia lit candles in her home,alicia left candles unattended,request-56-2-0
alicia left candles unattended,flames from the candles spread,request-56-2-1
flames from the candles spread,flames ignited curtains,request-56-2-2
flames ignited curtains,fire spread to the living room,request-56-2-3
fire spread to the living room,fire spread to the hallway,request-56-2-4
fire spread to the hallway,fire spread to the kitchen,request-56-2-5
fire spread to the kitchen,fire spread to the dining room,request-56-2-6
fire spread to the dining room,fire spread to the bedrooms,request-56-2-7
fire spread to the bedrooms,fire reached the basement,request-56-2-8
fire reached the basement,firefighters arrived at the scene,request-56-2-9
firefighters arrived at the scene,firefighters extinguished the fire,request-56-2-10
firefighters extinguished the fire,firefighters saved lives,request-56-2-11
firefighters saved lives,firefighters suffered minor injuries,request-56-2-12
firefighters suffered minor injuries,firefighters received commendations,request-56-2-13
firefighters received commendations,news of the fire spread,request-56-2-14
news of the fire spread,community members organized a fundraising event,request-56-2-15
community members organized a fundraising event,fundraising event collected donations,request-56-2-16
fundraising event collected donations,donations were used to rebuild homes,request-56-2-17
donations were used to rebuild homes,community members felt grateful,request-56-2-18
high water content in plants,increased transpiration rates,request-57-0-0
increased transpiration rates,higher humidity levels in the air,request-57-0-1
higher humidity levels in the air,lowered ignition temperature of vegetation,request-57-0-2
lowered ignition temperature of vegetation,more frequent dry lightning storms,request-57-0-3
more frequent dry lightning storms,accumulation of dry plant material,request-57-0-4
accumulation of dry plant material,increased likelihood of spontaneous combustion,request-57-0-5
increased likelihood of spontaneous combustion,ignition of vegetation,request-57-0-6
ignition of vegetation,spread of fire,request-57-0-7
spread of fire,wildfires,request-57-0-8
wildfires,fires,request-57-0-9
humans started a campfire,campfire ignited dry leaves,request-58-0-0
campfire ignited dry leaves,ignited dry leaves caused a forest fire,request-58-0-1
humans lit a match,lit match caused a fire in a building,request-58-1-0
lit match caused a fire in a building,fire in a building caused a fire department response,request-58-1-1
fire in a building caused a fire department response,fire department response caused a controlled burn,request-58-1-2
fire department response caused a controlled burn,controlled burn caused a forest fire,request-58-1-3
humans cooked on an open fire,open fire spread to nearby brush,request-58-2-0
open fire spread to nearby brush,spread to nearby brush caused a brush fire,request-58-2-1
spread to nearby brush caused a brush fire,brush fire caused a wildfire,request-58-2-2
humans discarded cigarette butts,cigarette butts caused a fire in a trash can,request-58-3-0
cigarette butts caused a fire in a trash can,fire in a trash can spread to a dry area,request-58-3-1
fire in a trash can spread to a dry area,spread to a dry area caused a wildfire,request-58-3-2
humans used a faulty electrical appliance,faulty electrical appliance caused a short circuit,request-58-4-0
faulty electrical appliance caused a short circuit,short circuit caused a fire in a building,request-58-4-1
short circuit caused a fire in a building,fire in a building caused a fire department response,request-58-4-2
fire in a building caused a fire department response,fire department response caused a controlled burn,request-58-4-3
fire department response caused a controlled burn,controlled burn caused a forest fire,request-58-4-4
40 degrees,heat increases,request-59-0-0
heat increases,flammable materials ignite,request-59-0-1
flammable materials ignite,fires,request-59-0-2
40 degrees,materials expand,request-59-1-0
materials expand,structural damage occurs,request-59-1-1
structural damage occurs,fire hazards increase,request-59-1-2
fire hazards increase,fires,request-59-1-3
40 degrees,heat intensifies,request-59-2-0
heat intensifies,electrical systems malfunction,request-59-2-1
electrical systems malfunction,fire hazards increase,request-59-2-2
fire hazards increase,fires,request-59-2-3
40 degrees,heat causes dehydration,request-59-3-0
heat causes dehydration,human fatigue increases,request-59-3-1
human fatigue increases,accidents occur,request-59-3-2
accidents occur,fire hazards increase,request-59-3-3
fire hazards increase,fires,request-59-3-4
40 degrees,heat causes melting,request-59-4-0
heat causes melting,water damage occurs,request-59-4-1
water damage occurs,electrical systems short circuit,request-59-4-2
electrical systems short circuit,fire hazards increase,request-59-4-3
fire hazards increase,fires,request-59-4-4
forest fires,burning of dead plant material,request-60-0-0
burning of dead plant material,release of nutrients from ash,request-60-0-1
release of nutrients from ash,improved soil nutrient content,request-60-0-2
improved soil nutrient content,enhanced plant growth,request-60-0-3
enhanced plant growth,rapid regrowth of vegetation,request-60-0-4
plant nutrients returning to the soil,soil fertility increases,request-61-0-0
soil fertility increases,plants receive more nutrients,request-61-0-1
plants receive more nutrients,plants grow healthier,request-61-0-2
plants grow healthier,plants experience faster regrowth,request-61-0-3
plants experience faster regrowth,the relatively fast regrowth of plants,request-61-0-4
plant nutrients returning to the soil,soil microorganisms benefit,request-61-1-0
soil microorganisms benefit,microorganisms help in nutrient cycling,request-61-1-1
microorganisms help in nutrient cycling,plants receive more nutrients,request-61-1-2
plants receive more nutrients,plants grow healthier,request-61-1-3
plants grow healthier,plants experience faster regrowth,request-61-1-4
plants experience faster regrowth,the relatively fast regrowth of plants,request-61-1-5
plant nutrients returning to the soil,soil structure improves,request-61-2-0
soil structure improves,better water retention in soil,request-61-2-1
better water retention in soil,plants receive more water and nutrients,request-61-2-2
plants receive more water and nutrients,plants grow healthier,request-61-2-3
plants grow healthier,plants experience faster regrowth,request-61-2-4
plants experience faster regrowth,the relatively fast regrowth of plants,request-61-2-5
plant nutrients returning to the soil,soil ph stabilizes,request-61-3-0
soil ph stabilizes,optimal nutrient availability for plants,request-61-3-1
optimal nutrient availability for plants,plants receive more nutrients,request-61-3-2
plants receive more nutrients,plants grow healthier,request-61-3-3
plants grow healthier,plants experience faster regrowth,request-61-3-4
plants experience faster regrowth,the relatively fast regrowth of plants,request-61-3-5
plant nutrients returning to the soil,organic matter increases,request-61-4-0
organic matter increases,improved soil texture,request-61-4-1
improved soil texture,plants receive more nutrients,request-61-4-2
plants receive more nutrients,plants grow healthier,request-61-4-3
plants grow healthier,plants experience faster regrowth,request-61-4-4
plants experience faster regrowth,the relatively fast regrowth of plants,request-61-4-5
discarding rubbish like glass,carelessly discarding cigarettes,request-62-0-0
carelessly discarding cigarettes,carelessly using barbecues or campfires,request-62-0-1
carelessly using barbecues or campfires,discarding rubbish like glass,request-62-0-2
discarding rubbish like glass,causing glass to focus sunlight,request-62-0-3
causing glass to focus sunlight,focusing sunlight,request-62-0-4
focusing sunlight,igniting a fire,request-62-0-5
igniting a fire,igniting a fire,request-62-0-6
igniting a fire,causing wildfires,request-62-0-7
causing wildfires,causing wildfires,request-62-0-8
causing wildfires,wildfires in europe,request-62-0-9
global warming,increased temperatures,request-63-0-0
increased temperatures,rising sea levels,request-63-0-1
rising sea levels,forest dieoff,request-63-0-2
forest dieoff,increased forest fires,request-63-0-3
increased forest fires,wildfires,request-63-0-4
wildfires,fires,request-63-0-5
global warming,thawing permafrost,request-63-1-0
thawing permafrost,release of greenhouse gases,request-63-1-1
release of greenhouse gases,further climate change,request-63-1-2
further climate change,extreme weather events,request-63-1-3
extreme weather events,increased forest fires,request-63-1-4
increased forest fires,wildfires,request-63-1-5
wildfires,fires,request-63-1-6
global warming,higher temperatures,request-63-2-0
higher temperatures,longer droughts,request-63-2-1
longer droughts,drying of vegetation,request-63-2-2
drying of vegetation,increased forest fires,request-63-2-3
increased forest fires,wildfires,request-63-2-4
wildfires,fires,request-63-2-5
global warming,melting glaciers,request-63-3-0
melting glaciers,rising sea levels,request-63-3-1
rising sea levels,flooding of coastal areas,request-63-3-2
flooding of coastal areas,destruction of habitats,request-63-3-3
destruction of habitats,increased forest fires,request-63-3-4
increased forest fires,wildfires,request-63-3-5
wildfires,fires,request-63-3-6
global warming,increased temperatures,request-63-4-0
increased temperatures,heatwaves,request-63-4-1
heatwaves,stress on ecosystems,request-63-4-2
stress on ecosystems,increased forest fires,request-63-4-3
increased forest fires,wildfires,request-63-4-4
wildfires,fires,request-63-4-5
global warming,increased temperatures,request-63-5-0
increased temperatures,heat stress on animals,request-63-5-1
heat stress on animals,displacement of wildlife,request-63-5-2
displacement of wildlife,increased forest fires,request-63-5-3
increased forest fires,wildfires,request-63-5-4
wildfires,fires,request-63-5-5
global warming,increased temperatures,request-63-6-0
increased temperatures,changes in precipitation patterns,request-63-6-1
changes in precipitation patterns,increased droughts,request-63-6-2
increased droughts,increased forest fires,request-63-6-3
increased forest fires,wildfires,request-63-6-4
wildfires,fires,request-63-6-5
40 degrees,heat increases,request-64-0-0
heat increases,flammable materials ignite,request-64-0-1
flammable materials ignite,fire starts,request-64-0-2
40 degrees,materials expand,request-64-1-0
materials expand,structural damage occurs,request-64-1-1
structural damage occurs,fire breaks out,request-64-1-2
40 degrees,heat affects electronics,request-64-2-0
heat affects electronics,electronics malfunction,request-64-2-1
electronics malfunction,fire hazard created,request-64-2-2
fire hazard created,fire starts,request-64-2-3
40 degrees,human discomfort,request-64-3-0
human discomfort,evacuation initiated,request-64-3-1
evacuation initiated,fire extinguisher used,request-64-3-2
fire extinguisher used,fire extinguished,request-64-3-3
40 degrees,outdoor equipment affected,request-64-4-0
outdoor equipment affected,equipment malfunctions,request-64-4-1
equipment malfunctions,fire hazard created,request-64-4-2
fire hazard created,fire starts,request-64-4-3
fungiculture,permaculture,request-65-0-0
permaculture,soil health improvement,request-65-0-1
soil health improvement,increased biodiversity,request-65-0-2
increased biodiversity,enhanced ecosystem services,request-65-0-3
enhanced ecosystem services,ecosystem remediation,request-65-0-4
fungiculture,permaculture,request-65-1-0
permaculture,enhanced soil structure,request-65-1-1
enhanced soil structure,improved water retention,request-65-1-2
improved water retention,reduced erosion,request-65-1-3
reduced erosion,increased ecosystem resilience,request-65-1-4
increased ecosystem resilience,ecosystem remediation,request-65-1-5
fungiculture,permaculture,request-65-2-0
permaculture,carbon sequestration,request-65-2-1
carbon sequestration,reduced greenhouse gas emissions,request-65-2-2
reduced greenhouse gas emissions,climate regulation,request-65-2-3
climate regulation,ecosystem remediation,request-65-2-4
fungiculture,permaculture,request-65-3-0
permaculture,waste recycling,request-65-3-1
waste recycling,reduced landfill usage,request-65-3-2
reduced landfill usage,pollution prevention,request-65-3-3
pollution prevention,ecosystem remediation,request-65-3-4
drought,water shortage,request-66-0-0
water shortage,crop failure,request-66-0-1
crop failure,food scarcity,request-66-0-2
food scarcity,hunger,request-66-0-3
hunger,starvation,request-66-0-4
starvation,migration,request-66-0-5
migration,conflict over resources,request-66-0-6
conflict over resources,wars,request-66-0-7
wars,millions of deaths,request-66-0-8
drought,water shortage,request-66-1-0
water shortage,crop failure,request-66-1-1
crop failure,food scarcity,request-66-1-2
food scarcity,hunger,request-66-1-3
hunger,thirst,request-66-1-4
thirst,desperation,request-66-1-5
desperation,migration,request-66-1-6
migration,conflict over resources,request-66-1-7
conflict over resources,wars,request-66-1-8
wars,millions of deaths,request-66-1-9
drought,water shortage,request-66-2-0
water shortage,crop failure,request-66-2-1
crop failure,food scarcity,request-66-2-2
food scarcity,hunger,request-66-2-3
hunger,thirst,request-66-2-4
thirst,migration,request-66-2-5
migration,conflict over resources,request-66-2-6
conflict over resources,wars,request-66-2-7
wars,millions of deaths,request-66-2-8
drought,water shortage,request-66-3-0
water shortage,crop failure,request-66-3-1
crop failure,food scarcity,request-66-3-2
food scarcity,hunger,request-66-3-3
hunger,thirst,request-66-3-4
thirst,migration,request-66-3-5
migration,conflict over resources,request-66-3-6
conflict over resources,wars,request-66-3-7
wars,millions of deaths,request-66-3-8
refining crude oil,burning fossil fuels,request-67-0-0
burning fossil fuels,exhaust from engines,request-67-0-1
exhaust from engines,emissions into atmosphere,request-67-0-2
drilling for oil,transporting oil,request-67-1-0
transporting oil,processing oil into gasoline,request-67-1-1
processing oil into gasoline,burning gasoline in vehicles,request-67-1-2
burning gasoline in vehicles,emissions into atmosphere,request-67-1-3
coal mining,burning coal for energy,request-67-2-0
burning coal for energy,exhaust from power plants,request-67-2-1
exhaust from power plants,emissions into atmosphere,request-67-2-2
fishing with diesel engines,burning diesel fuel,request-67-3-0
burning diesel fuel,exhaust from fishing vessels,request-67-3-1
exhaust from fishing vessels,emissions into atmosphere,request-67-3-2
farming equipment powered by diesel,burning diesel fuel,request-67-4-0
burning diesel fuel,exhaust from farming machinery,request-67-4-1
exhaust from farming machinery,emissions into atmosphere,request-67-4-2
canada implements carbon pricing policies,industries in canada reduce greenhouse gas emissions,request-68-0-0
industries in canada reduce greenhouse gas emissions,canada's total emissions decrease,request-68-0-1
canada's total emissions decrease,canada's contribution to global emissions reduces,request-68-0-2
canada's contribution to global emissions reduces,global emissions from canada become 1% of the total,request-68-0-3
canada invests in renewable energy,renewable energy adoption in canada increases,request-68-1-0
renewable energy adoption in canada increases,canada's reliance on fossil fuels decreases,request-68-1-1
canada's reliance on fossil fuels decreases,canada's carbon footprint reduces,request-68-1-2
canada's carbon footprint reduces,canada's contribution to global emissions decreases,request-68-1-3
canada's contribution to global emissions decreases,global emissions from canada become 1% of the total,request-68-1-4
canada enforces strict vehicle emissions standards,vehicle emissions in canada decrease,request-68-2-0
vehicle emissions in canada decrease,canada's transportation sector reduces its carbon footprint,request-68-2-1
canada's transportation sector reduces its carbon footprint,canada's total emissions decrease,request-68-2-2
canada's total emissions decrease,canada's contribution to global emissions reduces,request-68-2-3
canada's contribution to global emissions reduces,global emissions from canada become 1% of the total,request-68-2-4
canada expands its forest conservation efforts,deforestation rates in canada decrease,request-68-3-0
deforestation rates in canada decrease,canada's carbon sequestration increases,request-68-3-1
canada's carbon sequestration increases,canada's net emissions decrease,request-68-3-2
canada's net emissions decrease,canada's contribution to global emissions reduces,request-68-3-3
canada's contribution to global emissions reduces,global emissions from canada become 1% of the total,request-68-3-4
burning of fossil fuels,release of greenhouse gases,request-69-0-0
release of greenhouse gases,global warming,request-69-0-1
global warming,extreme weather events,request-69-0-2
extreme weather events,increased mortality rates,request-69-0-3
increased mortality rates,1/5 of all worldwide deaths,request-69-0-4
burning of fossil fuels,air pollution,request-69-1-0
air pollution,respiratory diseases,request-69-1-1
respiratory diseases,increased mortality rates,request-69-1-2
increased mortality rates,1/5 of all worldwide deaths,request-69-1-3
burning of fossil fuels,water pollution,request-69-2-0
water pollution,contaminated drinking water,request-69-2-1
contaminated drinking water,waterborne diseases,request-69-2-2
waterborne diseases,increased mortality rates,request-69-2-3
increased mortality rates,1/5 of all worldwide deaths,request-69-2-4
burning of fossil fuels,deforestation,request-69-3-0
deforestation,loss of biodiversity,request-69-3-1
loss of biodiversity,disruption of ecosystems,request-69-3-2
disruption of ecosystems,food insecurity,request-69-3-3
food insecurity,malnutrition,request-69-3-4
malnutrition,increased mortality rates,request-69-3-5
increased mortality rates,1/5 of all worldwide deaths,request-69-3-6
burning of fossil fuels,occupational hazards,request-69-4-0
occupational hazards,workplace accidents,request-69-4-1
workplace accidents,increased mortality rates,request-69-4-2
increased mortality rates,1/5 of all worldwide deaths,request-69-4-3
burning of fossil fuels,climate change,request-69-5-0
climate change,sea level rise,request-69-5-1
sea level rise,flooding,request-69-5-2
flooding,displacement of populations,request-69-5-3
displacement of populations,health risks,request-69-5-4
health risks,increased mortality rates,request-69-5-5
increased mortality rates,1/5 of all worldwide deaths,request-69-5-6
loss of land in farms,construction of turbines,request-70-0-0
construction of turbines,displacement of farming activities,request-70-0-1
displacement of farming activities,reduction in arable land,request-70-0-2
reduction in arable land,decrease in crop yield,request-70-0-3
decrease in crop yield,loss of production,request-70-0-4
loss of land in farms,environmental regulations,request-70-1-0
environmental regulations,restrictions on farming practices,request-70-1-1
restrictions on farming practices,imposed limitations on farm operations,request-70-1-2
imposed limitations on farm operations,reduction in farm output,request-70-1-3
reduction in farm output,loss of production,request-70-1-4
loss of land in farms,increased property taxes,request-70-2-0
increased property taxes,financial burden on farmers,request-70-2-1
financial burden on farmers,reduced investment in farming,request-70-2-2
reduced investment in farming,decline in farming efficiency,request-70-2-3
decline in farming efficiency,loss of production,request-70-2-4
loss of land in farms,land acquisition by energy companies,request-70-3-0
land acquisition by energy companies,development of wind farms,request-70-3-1
development of wind farms,installation of turbines,request-70-3-2
installation of turbines,disruption of farming activities,request-70-3-3
disruption of farming activities,loss of production,request-70-3-4
loss of land in farms,urban expansion,request-70-4-0
urban expansion,development of residential areas,request-70-4-1
development of residential areas,construction of turbines,request-70-4-2
construction of turbines,loss of arable land,request-70-4-3
loss of arable land,loss of production,request-70-4-4
industrialization,burning of fossil fuels,request-71-0-0
burning of fossil fuels,increase in greenhouse gas emissions,request-71-0-1
increase in greenhouse gas emissions,global warming,request-71-0-2
global warming,climate change,request-71-0-3
deforestation,loss of carbon sinks,request-71-1-0
loss of carbon sinks,increase in greenhouse gas emissions,request-71-1-1
increase in greenhouse gas emissions,global warming,request-71-1-2
global warming,climate change,request-71-1-3
population growth,increased resource consumption,request-71-2-0
increased resource consumption,deforestation,request-71-2-1
deforestation,loss of carbon sinks,request-71-2-2
loss of carbon sinks,increase in greenhouse gas emissions,request-71-2-3
increase in greenhouse gas emissions,global warming,request-71-2-4
global warming,climate change,request-71-2-5
urbanization,increased energy consumption,request-71-3-0
increased energy consumption,burning of fossil fuels,request-71-3-1
burning of fossil fuels,increase in greenhouse gas emissions,request-71-3-2
increase in greenhouse gas emissions,global warming,request-71-3-3
global warming,climate change,request-71-3-4
technological advancements,increased energy demand,request-71-4-0
increased energy demand,burning of fossil fuels,request-71-4-1
burning of fossil fuels,increase in greenhouse gas emissions,request-71-4-2
increase in greenhouse gas emissions,global warming,request-71-4-3
global warming,climate change,request-71-4-4
agricultural expansion,deforestation,request-71-5-0
deforestation,loss of carbon sinks,request-71-5-1
loss of carbon sinks,increase in greenhouse gas emissions,request-71-5-2
increase in greenhouse gas emissions,global warming,request-71-5-3
global warming,climate change,request-71-5-4
waste generation,increased methane emissions,request-71-6-0
increased methane emissions,global warming,request-71-6-1
global warming,climate change,request-71-6-2
transportation,burning of fossil fuels,request-71-7-0
burning of fossil fuels,increase in greenhouse gas emissions,request-71-7-1
increase in greenhouse gas emissions,global warming,request-71-7-2
global warming,climate change,request-71-7-3
energy production,burning of fossil fuels,request-71-8-0
burning of fossil fuels,increase in greenhouse gas emissions,request-71-8-1
increase in greenhouse gas emissions,global warming,request-71-8-2
global warming,climate change,request-71-8-3
consumption of products,waste generation,request-71-9-0
waste generation,increased methane emissions,request-71-9-1
increased methane emissions,global warming,request-71-9-2
global warming,climate change,request-71-9-3
tourism,increased energy consumption,request-71-10-0
increased energy consumption,burning of fossil fuels,request-71-10-1
burning of fossil fuels,increase in greenhouse gas emissions,request-71-10-2
increase in greenhouse gas emissions,global warming,request-71-10-3
global warming,climate change,request-71-10-4
manufacturing,burning of fossil fuels,request-71-11-0
burning of fossil fuels,increase in greenhouse gas emissions,request-71-11-1
increase in greenhouse gas emissions,global warming,request-71-11-2
global warming,climate change,request-71-11-3
commercial activities,increased energy consumption,request-71-12-0
increased energy consumption,burning of fossil fuels,request-71-12-1
burning of fossil fuels,increase in greenhouse gas emissions,request-71-12-2
increase in greenhouse gas emissions,global warming,request-71-12-3
global warming,climate change,request-71-12-4
construction,burning of fossil fuels,request-71-13-0
burning of fossil fuels,increase in greenhouse gas emissions,request-71-13-1
increase in greenhouse gas emissions,global warming,request-71-13-2
global warming,climate change,request-71-13-3
government policies,industrialization,request-71-14-0
industrialization,burning of fossil fuels,request-71-14-1
burning of fossil fuels,increase in greenhouse gas emissions,request-71-14-2
increase in greenhouse gas emissions,global warming,request-71-14-3
global warming,climate change,request-71-14-4
economic development,industrialization,request-71-15-0
industrialization,burning of fossil fuels,request-71-15-1
burning of fossil fuels,increase in greenhouse gas emissions,request-71-15-2
increase in greenhouse gas emissions,global warming,request-71-15-3
global warming,climate change,request-71-15-4
research and development,technological advancements,request-71-16-0
technological advancements,increased energy demand,request-71-16-1
increased energy demand,burning of fossil fuels,request-71-16-2
burning of fossil fuels,increase in greenhouse gas emissions,request-71-16-3
increase in greenhouse gas emissions,global warming,request-71-16-4
global warming,climate change,request-71-16-5
education,awareness and action,request-71-17-0
awareness and action,reduction in fossil fuel consumption,request-71-17-1
reduction in fossil fuel consumption,decrease in greenhouse gas emissions,request-71-17-2
decrease in greenhouse gas emissions,global warming,request-71-17-3
global warming,climate change,request-71-17-4
social behavior,increased energy demand,request-71-18-0
increased energy demand,burning of fossil fuels,request-71-18-1
burning of fossil fuels,increase in greenhouse gas emissions,request-71-18-2
increase in greenhouse gas emissions,global warming,request-71-18-3
global warming,climate change,request-71-18-4
co2 dumping increases atmospheric co2 levels,increased atmospheric co2 traps more heat,request-72-0-0
increased atmospheric co2 traps more heat,more heat trapped in the atmosphere,request-72-0-1
more heat trapped in the atmosphere,atmospheric warming increases global temperatures,request-72-0-2
atmospheric warming increases global temperatures,"global temperatures rise, leading to warmth",request-72-0-3
co2 dumping,industrial activities release co2 into the atmosphere,request-72-1-0
industrial activities release co2 into the atmosphere,atmospheric co2 levels rise due to industrial emissions,request-72-1-1
atmospheric co2 levels rise due to industrial emissions,higher co2 levels cause the greenhouse effect,request-72-1-2
higher co2 levels cause the greenhouse effect,the greenhouse effect results in increased atmospheric temperatures,request-72-1-3
the greenhouse effect results in increased atmospheric temperatures,increased atmospheric temperatures cause global warming,request-72-1-4
increased atmospheric temperatures cause global warming,global warming,request-72-1-5
co2 dumping increases greenhouse gases,greenhouse gases trap heat in the earth's atmosphere,request-72-2-0
greenhouse gases trap heat in the earth's atmosphere,heat trapped in the atmosphere causes an increase in temperature,request-72-2-1
heat trapped in the atmosphere causes an increase in temperature,increased temperature results in atmospheric warming,request-72-2-2
increased temperature results in atmospheric warming,atmospheric warming,request-72-2-3
atmospheric warming,global temperature rise causes warmth,request-72-2-4
co2 dumping from fossil fuel combustion,fossil fuel combustion releases co2,request-72-3-0
fossil fuel combustion releases co2,co2 released into the atmosphere,request-72-3-1
co2 released into the atmosphere,atmospheric co2 levels rise,request-72-3-2
atmospheric co2 levels rise,rising co2 levels enhance the greenhouse effect,request-72-3-3
rising co2 levels enhance the greenhouse effect,the greenhouse effect causes earth's temperature to increase,request-72-3-4
the greenhouse effect causes earth's temperature to increase,increased earth's temperature,request-72-3-5
increased earth's temperature,atmospheric warming results in global warmth,request-72-3-6
higher concentrations of co2,increased photosynthesis in plants,request-73-0-0
increased photosynthesis in plants,more biomass production,request-73-0-1
more biomass production,enhanced cooling due to transpiration,request-73-0-2
enhanced cooling due to transpiration,surface greening as a convective refrigerant,request-73-0-3
industrialization,burning of fossil fuels,request-74-0-0
burning of fossil fuels,increase in greenhouse gas emissions,request-74-0-1
increase in greenhouse gas emissions,global warming,request-74-0-2
global warming,climate change,request-74-0-3
deforestation,loss of carbon sinks,request-74-1-0
loss of carbon sinks,increase in greenhouse gas emissions,request-74-1-1
increase in greenhouse gas emissions,global warming,request-74-1-2
global warming,climate change,request-74-1-3
population growth,increased resource consumption,request-74-2-0
increased resource consumption,deforestation,request-74-2-1
deforestation,loss of carbon sinks,request-74-2-2
loss of carbon sinks,increase in greenhouse gas emissions,request-74-2-3
increase in greenhouse gas emissions,global warming,request-74-2-4
global warming,climate change,request-74-2-5
urbanization,increased energy consumption,request-74-3-0
increased energy consumption,burning of fossil fuels,request-74-3-1
burning of fossil fuels,increase in greenhouse gas emissions,request-74-3-2
increase in greenhouse gas emissions,global warming,request-74-3-3
global warming,climate change,request-74-3-4
technological advancements,increased energy demand,request-74-4-0
increased energy demand,burning of fossil fuels,request-74-4-1
burning of fossil fuels,increase in greenhouse gas emissions,request-74-4-2
increase in greenhouse gas emissions,global warming,request-74-4-3
global warming,climate change,request-74-4-4
agricultural expansion,deforestation,request-74-5-0
deforestation,loss of carbon sinks,request-74-5-1
loss of carbon sinks,increase in greenhouse gas emissions,request-74-5-2
increase in greenhouse gas emissions,global warming,request-74-5-3
global warming,climate change,request-74-5-4
waste generation,increased methane emissions,request-74-6-0
increased methane emissions,global warming,request-74-6-1
global warming,climate change,request-74-6-2
transportation,burning of fossil fuels,request-74-7-0
burning of fossil fuels,increase in greenhouse gas emissions,request-74-7-1
increase in greenhouse gas emissions,global warming,request-74-7-2
global warming,climate change,request-74-7-3
energy production,burning of fossil fuels,request-74-8-0
burning of fossil fuels,increase in greenhouse gas emissions,request-74-8-1
increase in greenhouse gas emissions,global warming,request-74-8-2
global warming,climate change,request-74-8-3
consumption of products,waste generation,request-74-9-0
waste generation,increased methane emissions,request-74-9-1
increased methane emissions,global warming,request-74-9-2
global warming,climate change,request-74-9-3
tourism,increased energy consumption,request-74-10-0
increased energy consumption,burning of fossil fuels,request-74-10-1
burning of fossil fuels,increase in greenhouse gas emissions,request-74-10-2
increase in greenhouse gas emissions,global warming,request-74-10-3
global warming,climate change,request-74-10-4
manufacturing,burning of fossil fuels,request-74-11-0
burning of fossil fuels,increase in greenhouse gas emissions,request-74-11-1
increase in greenhouse gas emissions,global warming,request-74-11-2
global warming,climate change,request-74-11-3
commercial activities,increased energy consumption,request-74-12-0
increased energy consumption,burning of fossil fuels,request-74-12-1
burning of fossil fuels,increase in greenhouse gas emissions,request-74-12-2
increase in greenhouse gas emissions,global warming,request-74-12-3
global warming,climate change,request-74-12-4
construction,burning of fossil fuels,request-74-13-0
burning of fossil fuels,increase in greenhouse gas emissions,request-74-13-1
increase in greenhouse gas emissions,global warming,request-74-13-2
global warming,climate change,request-74-13-3
government policies,industrialization,request-74-14-0
industrialization,burning of fossil fuels,request-74-14-1
burning of fossil fuels,increase in greenhouse gas emissions,request-74-14-2
increase in greenhouse gas emissions,global warming,request-74-14-3
global warming,climate change,request-74-14-4
economic development,industrialization,request-74-15-0
industrialization,burning of fossil fuels,request-74-15-1
burning of fossil fuels,increase in greenhouse gas emissions,request-74-15-2
increase in greenhouse gas emissions,global warming,request-74-15-3
global warming,climate change,request-74-15-4
research and development,technological advancements,request-74-16-0
technological advancements,increased energy demand,request-74-16-1
increased energy demand,burning of fossil fuels,request-74-16-2
burning of fossil fuels,increase in greenhouse gas emissions,request-74-16-3
increase in greenhouse gas emissions,global warming,request-74-16-4
global warming,climate change,request-74-16-5
education,awareness and action,request-74-17-0
awareness and action,reduction in fossil fuel consumption,request-74-17-1
reduction in fossil fuel consumption,decrease in greenhouse gas emissions,request-74-17-2
decrease in greenhouse gas emissions,global warming,request-74-17-3
global warming,climate change,request-74-17-4
social behavior,increased energy demand,request-74-18-0
increased energy demand,burning of fossil fuels,request-74-18-1
burning of fossil fuels,increase in greenhouse gas emissions,request-74-18-2
increase in greenhouse gas emissions,global warming,request-74-18-3
global warming,climate change,request-74-18-4
humans' greenhouse gas contributions,greenhouse gases accumulate in the atmosphere,request-75-0-0
greenhouse gases accumulate in the atmosphere,greenhouse gases trap heat from the sun,request-75-0-1
greenhouse gases trap heat from the sun,heat trapped by greenhouse gases increases earth's temperature,request-75-0-2
heat trapped by greenhouse gases increases earth's temperature,increased earth's temperature enhances heat retention,request-75-0-3
humans' greenhouse gas contributions,greenhouse gases released into the atmosphere,request-75-1-0
greenhouse gases released into the atmosphere,greenhouse gases reflect solar radiation,request-75-1-1
greenhouse gases reflect solar radiation,increased solar radiation absorption by earth,request-75-1-2
increased solar radiation absorption by earth,increased solar radiation absorption enhances heat retention,request-75-1-3
humans' greenhouse gas contributions,greenhouse gases emitted from industrial activities,request-75-2-0
greenhouse gases emitted from industrial activities,greenhouse gases contribute to the greenhouse effect,request-75-2-1
greenhouse gases contribute to the greenhouse effect,greenhouse effect,request-75-2-2
greenhouse effect,higher global temperatures increase earth's heat retention,request-75-2-3
humans' greenhouse gas contributions,greenhouse gases released from vehicles and factories,request-75-3-0
greenhouse gases released from vehicles and factories,greenhouse gases increase atmospheric concentration,request-75-3-1
greenhouse gases increase atmospheric concentration,increased atmospheric concentration,request-75-3-2
increased atmospheric concentration,more heat absorption results in enhanced heat retention,request-75-3-3
individual carbon footprint reduction,use of renewable energy sources,request-76-0-0
use of renewable energy sources,decrease in greenhouse gas emissions,request-76-0-1
decrease in greenhouse gas emissions,slower rate of global warming,request-76-0-2
slower rate of global warming,mitigation of climate change impacts,request-76-0-3
mitigation of climate change impacts,help for climate change,request-76-0-4
individual carbon footprint reduction,adoption of public transportation,request-76-1-0
adoption of public transportation,reduction in vehicle emissions,request-76-1-1
reduction in vehicle emissions,improvement in air quality,request-76-1-2
improvement in air quality,health benefits for the population,request-76-1-3
health benefits for the population,help for climate change,request-76-1-4
individual carbon footprint reduction,reduction in meat consumption,request-76-2-0
reduction in meat consumption,decrease in livestock emissions,request-76-2-1
decrease in livestock emissions,conservation of water resources,request-76-2-2
conservation of water resources,promotion of sustainable agriculture,request-76-2-3
promotion of sustainable agriculture,help for climate change,request-76-2-4
individual carbon footprint reduction,energyefficient appliances,request-76-3-0
energyefficient appliances,lower electricity consumption,request-76-3-1
lower electricity consumption,reduction in energy demand,request-76-3-2
reduction in energy demand,decreased fossil fuel extraction,request-76-3-3
decreased fossil fuel extraction,help for climate change,request-76-3-4
burning of fossil fuels increases co2 emissions,deforestation reduces co2 absorption by trees,request-78-0-0
deforestation reduces co2 absorption by trees,co2 accumulates in the atmosphere,request-78-0-1
co2 accumulates in the atmosphere,greenhouse effect intensifies,request-78-0-2
greenhouse effect intensifies,global temperatures rise,request-78-0-3
global temperatures rise,polar ice melts,request-78-0-4
polar ice melts,sea levels rise,request-78-0-5
sea levels rise,runaway global warming accelerates,request-78-0-6
burning of fossil fuels increases co2 emissions,industrial activities emit co2,request-78-1-0
industrial activities emit co2,co2 levels rise in the atmosphere,request-78-1-1
co2 levels rise in the atmosphere,greenhouse gases trap more heat,request-78-1-2
greenhouse gases trap more heat,global temperatures increase,request-78-1-3
global temperatures increase,climate patterns shift,request-78-1-4
climate patterns shift,extreme weather events occur,request-78-1-5
extreme weather events occur,runaway global warming accelerates,request-78-1-6
burning of fossil fuels increases co2 emissions,co2 emissions rise from transportation,request-78-2-0
co2 emissions rise from transportation,co2 levels increase in the atmosphere,request-78-2-1
co2 levels increase in the atmosphere,greenhouse effect strengthens,request-78-2-2
greenhouse effect strengthens,global temperatures rise,request-78-2-3
global temperatures rise,ice caps begin to melt,request-78-2-4
ice caps begin to melt,runaway global warming accelerates,request-78-2-5
burning of fossil fuels increases co2 emissions,co2 emissions rise from power plants,request-78-3-0
co2 emissions rise from power plants,co2 levels increase in the atmosphere,request-78-3-1
co2 levels increase in the atmosphere,greenhouse effect intensifies,request-78-3-2
greenhouse effect intensifies,global temperatures rise,request-78-3-3
global temperatures rise,permafrost thaws,request-78-3-4
permafrost thaws,methane released into the atmosphere,request-78-3-5
methane released into the atmosphere,runaway global warming accelerates,request-78-3-6
burning of fossil fuels increases co2 emissions,co2 emissions rise from agriculture,request-78-4-0
co2 emissions rise from agriculture,co2 levels increase in the atmosphere,request-78-4-1
co2 levels increase in the atmosphere,greenhouse effect strengthens,request-78-4-2
greenhouse effect strengthens,global temperatures rise,request-78-4-3
global temperatures rise,heatwaves become more frequent,request-78-4-4
heatwaves become more frequent,runaway global warming accelerates,request-78-4-5
global warming,rising global temperatures,request-79-0-0
rising global temperatures,melting polar ice caps,request-79-0-1
melting polar ice caps,rising sea levels,request-79-0-2
rising sea levels,flooding of coastal areas,request-79-0-3
flooding of coastal areas,destruction of agricultural land,request-79-0-4
destruction of agricultural land,reduced agricultural productivity,request-79-0-5
reduced agricultural productivity,decreased crop yields,request-79-0-6
decreased crop yields,food shortages,request-79-0-7
global warming,increased frequency of extreme weather events,request-79-1-0
increased frequency of extreme weather events,hurricanes and typhoons,request-79-1-1
hurricanes and typhoons,damage to infrastructure,request-79-1-2
damage to infrastructure,disruption of transportation and supply chains,request-79-1-3
disruption of transportation and supply chains,inability to transport food,request-79-1-4
inability to transport food,food shortages,request-79-1-5
global warming,changes in precipitation patterns,request-79-2-0
changes in precipitation patterns,altered rainfall distribution,request-79-2-1
altered rainfall distribution,reduced water availability for irrigation,request-79-2-2
reduced water availability for irrigation,decreased crop yields,request-79-2-3
decreased crop yields,food shortages,request-79-2-4
global warming,ocean acidification,request-79-3-0
ocean acidification,impact on marine ecosystems,request-79-3-1
impact on marine ecosystems,reduction in fish populations,request-79-3-2
reduction in fish populations,dependence on fish as a food source for certain populations,request-79-3-3
dependence on fish as a food source for certain populations,food shortages in affected regions,request-79-3-4
global warming,shifts in plant blooming times,request-79-4-0
shifts in plant blooming times,mismatch between pollinators and plants,request-79-4-1
mismatch between pollinators and plants,reduced crop yields,request-79-4-2
reduced crop yields,food shortages,request-79-4-3
global warming,increased temperatures,request-79-5-0
increased temperatures,stress on livestock,request-79-5-1
stress on livestock,reduced meat and dairy production,request-79-5-2
reduced meat and dairy production,food shortages,request-79-5-3
global warming,loss of biodiversity,request-79-6-0
loss of biodiversity,reduced availability of diverse food sources,request-79-6-1
reduced availability of diverse food sources,food shortages,request-79-6-2
minor fluctuations in ambient temperature,altered migratory patterns of certain species,request-80-0-0
altered migratory patterns of certain species,disruption of local ecosystems,request-80-0-1
disruption of local ecosystems,increased competition for resources,request-80-0-2
increased competition for resources,forced migration of certain animal populations,request-80-0-3
forced migration of certain animal populations,spread of diseases to new areas,request-80-0-4
spread of diseases to new areas,human encroachment on wildlife habitats,request-80-0-5
human encroachment on wildlife habitats,destruction of natural habitats,request-80-0-6
destruction of natural habitats,forced migration of billions of people due to environmental degradation,request-80-0-7
environmental degradation due to mining activities,contamination of water sources from mining runoff,request-81-0-0
contamination of water sources from mining runoff,reduction of water quality and availability,request-81-0-1
reduction of water quality and availability,exacerbation of drought conditions,request-81-0-2
exacerbation of drought conditions,increased competition for dwindling water resources,request-81-0-3
increased competition for dwindling water resources,jeopardized access to water for affected communities,request-81-0-4
approximately 22 million litres of water  is extracted from underground aquifers,the extracted water is pumped to a nearby processing facility,request-82-0-0
the extracted water is pumped to a nearby processing facility,"at the processing facility, the water is treated to remove impurities",request-82-0-1
"at the processing facility, the water is treated to remove impurities",the purified water is then used in a series of chemical reactions to extract lithium,request-82-0-2
the purified water is then used in a series of chemical reactions to extract lithium,the lithium extracted from the water is purified and concentrated,request-82-0-3
the lithium extracted from the water is purified and concentrated,the purified and concentrated lithium is then processed into lithium carbonate,request-82-0-4
the purified and concentrated lithium is then processed into lithium carbonate,"the lithium carbonate is then converted into a solid form, such as lithium hydroxide or lithium carbonate",request-82-0-5
"the lithium carbonate is then converted into a solid form, such as lithium hydroxide or lithium carbonate",the solid form of lithium is then further processed and refined to produce a ton of extracted lithium ,request-82-0-6
lithium extraction,water pollution,request-83-0-0
water pollution,reduction in water quality,request-83-0-1
reduction in water quality,water scarcity,request-83-0-2
water scarcity,water related conflicts,request-83-0-3
lithium extraction,increased energy consumption,request-83-1-0
increased energy consumption,air pollution,request-83-1-1
air pollution,climate change,request-83-1-2
climate change,altered precipitation patterns,request-83-1-3
altered precipitation patterns,water scarcity,request-83-1-4
water scarcity,water related conflicts,request-83-1-5
lithium extraction,waste disposal,request-83-2-0
waste disposal,contamination of water sources,request-83-2-1
contamination of water sources,water pollution,request-83-2-2
water pollution,reduction in water quality,request-83-2-3
reduction in water quality,water scarcity,request-83-2-4
water scarcity,water related conflicts,request-83-2-5
lithium extraction,land disruption,request-83-3-0
land disruption,loss of vegetation,request-83-3-1
loss of vegetation,increased soil erosion,request-83-3-2
increased soil erosion,sedimentation in rivers,request-83-3-3
sedimentation in rivers,water pollution,request-83-3-4
water pollution,reduction in water quality,request-83-3-5
reduction in water quality,water scarcity,request-83-3-6
water scarcity,water related conflicts,request-83-3-7
lithium extraction,mining operations,request-83-4-0
mining operations,displacement of communities,request-83-4-1
displacement of communities,conflicts over land use,request-83-4-2
conflicts over land use,environmental degradation,request-83-4-3
environmental degradation,water pollution,request-83-4-4
water pollution,reduction in water quality,request-83-4-5
reduction in water quality,water scarcity,request-83-4-6
water scarcity,water related conflicts,request-83-4-7
lithium extraction,soil damage,request-85-0-0
soil damage,contaminated water,request-85-0-1
contaminated water,water pollution,request-85-0-2
water pollution,air contamination,request-85-0-3
industrial activities,burning of fossil fuels,request-86-0-0
burning of fossil fuels,greenhouse gas emissions,request-86-0-1
greenhouse gas emissions,increased atmospheric co2,request-86-0-2
increased atmospheric co2,green co2,request-86-0-3
green co2,enhanced greenhouse effect,request-86-0-4
enhanced greenhouse effect,global warming,request-86-0-5
deforestation,loss of trees,request-86-1-0
loss of trees,reduced co2 absorption,request-86-1-1
reduced co2 absorption,increased atmospheric co2,request-86-1-2
increased atmospheric co2,green co2,request-86-1-3
green co2,enhanced greenhouse effect,request-86-1-4
enhanced greenhouse effect,global warming,request-86-1-5
fossil fuel extraction,emissions from extraction,request-86-2-0
emissions from extraction,greenhouse gas emissions,request-86-2-1
greenhouse gas emissions,increased atmospheric co2,request-86-2-2
increased atmospheric co2,green co2,request-86-2-3
green co2,enhanced greenhouse effect,request-86-2-4
enhanced greenhouse effect,global warming,request-86-2-5
use of coal for electricity,emission of co2,request-86-3-0
emission of co2,greenhouse gas emissions,request-86-3-1
greenhouse gas emissions,increased atmospheric co2,request-86-3-2
increased atmospheric co2,green co2,request-86-3-3
green co2,enhanced greenhouse effect,request-86-3-4
enhanced greenhouse effect,global warming,request-86-3-5
transportation using gasoline,emission of co2,request-86-4-0
emission of co2,greenhouse gas emissions,request-86-4-1
greenhouse gas emissions,increased atmospheric co2,request-86-4-2
increased atmospheric co2,green co2,request-86-4-3
green co2,enhanced greenhouse effect,request-86-4-4
enhanced greenhouse effect,global warming,request-86-4-5
manufacturing processes,emission of co2,request-86-5-0
emission of co2,greenhouse gas emissions,request-86-5-1
greenhouse gas emissions,increased atmospheric co2,request-86-5-2
increased atmospheric co2,green co2,request-86-5-3
green co2,enhanced greenhouse effect,request-86-5-4
enhanced greenhouse effect,global warming,request-86-5-5
livestock farming,methane emissions,request-86-6-0
methane emissions,greenhouse gas emissions,request-86-6-1
greenhouse gas emissions,increased atmospheric co2,request-86-6-2
increased atmospheric co2,green co2,request-86-6-3
green co2,enhanced greenhouse effect,request-86-6-4
enhanced greenhouse effect,global warming,request-86-6-5
waste management,methane emissions,request-86-7-0
methane emissions,greenhouse gas emissions,request-86-7-1
greenhouse gas emissions,increased atmospheric co2,request-86-7-2
increased atmospheric co2,green co2,request-86-7-3
green co2,enhanced greenhouse effect,request-86-7-4
enhanced greenhouse effect,global warming,request-86-7-5
use of refrigerants,release of cfcs and hcfcs,request-86-8-0
release of cfcs and hcfcs,greenhouse gas emissions,request-86-8-1
greenhouse gas emissions,increased atmospheric co2,request-86-8-2
increased atmospheric co2,green co2,request-86-8-3
green co2,enhanced greenhouse effect,request-86-8-4
enhanced greenhouse effect,global warming,request-86-8-5
high humidity levels,slippery surfaces,request-90-0-0
slippery surfaces,increased risk of falls,request-90-0-1
increased risk of falls,injuries from falls,request-90-0-2
injuries from falls,compromised swimming abilities,request-90-0-3
compromised swimming abilities,waterrelated accidents,request-90-0-4
waterrelated accidents,injuries from waterrelated accidents,request-90-0-5
injuries from waterrelated accidents,inability to swim,request-90-0-6
inability to swim,potential drowning incidents,request-90-0-7
potential drowning incidents,increase from 25% to 80% humidity,request-90-0-8
increase from 25% to 80% humidity,drowning,request-90-0-9
lower heat capacity of land temperatures,less heat stored in land temperatures,request-92-0-0
less heat stored in land temperatures,land temperatures warm up more quickly,request-92-0-1
land temperatures warm up more quickly,faster warming of land temperatures compared to sea temperatures,request-92-0-2
climate change,rising global temperatures,request-93-0-0
rising global temperatures,increased frequency of extreme weather events,request-93-0-1
increased frequency of extreme weather events,disruption of agricultural productivity,request-93-0-2
disruption of agricultural productivity,economic instability and food shortages,request-93-0-3
economic instability and food shortages,stress and anxiety among populations,request-93-0-4
stress and anxiety among populations,rise in mental health issues,request-93-0-5
rise in mental health issues,decreased attention to parenting responsibilities,request-93-0-6
decreased attention to parenting responsibilities,lazy parenting,request-93-0-7
lazy parenting,climate change,request-93-0-8
climate change,melting polar ice caps,request-93-0-9
melting polar ice caps,rise in sea levels,request-93-0-10
rise in sea levels,inundation of coastal areas,request-93-0-11
inundation of coastal areas,displacement of populations,request-93-0-12
displacement of populations,loss of livelihoods,request-93-0-13
loss of livelihoods,economic hardship,request-93-0-14
economic hardship,strain on family structures,request-93-0-15
strain on family structures,increased reliance on convenience and technology,request-93-0-16
increased reliance on convenience and technology,decrease in active parenting,request-93-0-17
decrease in active parenting,lazy parenting,request-93-0-18
lazy parenting,climate change,request-93-0-19
climate change,increased frequency of natural disasters,request-93-0-20
increased frequency of natural disasters,destruction of homes and communities,request-93-0-21
destruction of homes and communities,displacement and migration,request-93-0-22
displacement and migration,strain on social services,request-93-0-23
strain on social services,increased stress and mental health issues,request-93-0-24
increased stress and mental health issues,decreased focus on parenting,request-93-0-25
decreased focus on parenting,lazy parenting,request-93-0-26
lazy parenting,climate change,request-93-0-27
climate change,depletion of natural resources,request-93-0-28
depletion of natural resources,increased competition for resources,request-93-0-29
increased competition for resources,social unrest and conflict,request-93-0-30
social unrest and conflict,disruption of family life,request-93-0-31
disruption of family life,increased reliance on technology for entertainment,request-93-0-32
increased reliance on technology for entertainment,decrease in active parenting,request-93-0-33
decrease in active parenting,lazy parenting,request-93-0-34
lazy parenting,climate change,request-93-0-35
climate change,health impacts from pollution,request-93-0-36
health impacts from pollution,increased incidence of respiratory and cardiovascular diseases,request-93-0-37
increased incidence of respiratory and cardiovascular diseases,strain on healthcare systems,request-93-0-38
strain on healthcare systems,increased stress and burnout among caregivers,request-93-0-39
increased stress and burnout among caregivers,decreased attention to parenting responsibilities,request-93-0-40
decreased attention to parenting responsibilities,lazy parenting,request-93-0-41
lazy parenting,climate change,request-93-0-42
climate change,loss of biodiversity,request-93-0-43
loss of biodiversity,disruption of ecosystems,request-93-0-44
disruption of ecosystems,impact on food supply chains,request-93-0-45
impact on food supply chains,economic instability and food shortages,request-93-0-46
economic instability and food shortages,stress and anxiety among populations,request-93-0-47
stress and anxiety among populations,rise in mental health issues,request-93-0-48
rise in mental health issues,decreased attention to parenting responsibilities,request-93-0-49
decreased attention to parenting responsibilities,lazy parenting,request-93-0-50
lazy parenting,climate change,request-93-0-51
climate change,extreme weather events,request-93-0-52
extreme weather events,infrastructure damage,request-93-0-53
infrastructure damage,disruption of daily routines,request-93-0-54
disruption of daily routines,increased stress and anxiety among populations,request-93-0-55
increased stress and anxiety among populations,strain on family structures,request-93-0-56
strain on family structures,increased reliance on convenience and technology,request-93-0-57
increased reliance on convenience and technology,decrease in active parenting,request-93-0-58
decrease in active parenting,lazy parenting,request-93-0-59
lazy parenting,climate change,request-93-0-60
climate change,increased frequency of droughts,request-93-0-61
increased frequency of droughts,water scarcity,request-93-0-62
water scarcity,economic hardship and food shortages,request-93-0-63
economic hardship and food shortages,strain on family structures,request-93-0-64
strain on family structures,increased reliance on technology for entertainment,request-93-0-65
increased reliance on technology for entertainment,decrease in active parenting,request-93-0-66
decrease in active parenting,lazy parenting,request-93-0-67
lazy parenting,climate change,request-93-0-68
climate change,increased frequency of heatwaves,request-93-0-69
increased frequency of heatwaves,health impacts from heat stress,request-93-0-70
health impacts from heat stress,increased incidence of heatrelated illnesses,request-93-0-71
increased incidence of heatrelated illnesses,strain on healthcare systems,request-93-0-72
strain on healthcare systems,increased stress and burnout among caregivers,request-93-0-73
increased stress and burnout among caregivers,decreased attention to parenting responsibilities,request-93-0-74
decreased attention to parenting responsibilities,lazy parenting,request-93-0-75
lazy parenting,climate change,request-93-0-76
climate change,increased frequency of wildfires,request-93-0-77
increased frequency of wildfires,air pollution,request-93-0-78
air pollution,health impacts from smoke inhalation,request-93-0-79
health impacts from smoke inhalation,increased incidence of respiratory diseases,request-93-0-80
increased incidence of respiratory diseases,strain on healthcare systems,request-93-0-81
strain on healthcare systems,increased stress and burnout among caregivers,request-93-0-82
increased stress and burnout among caregivers,decreased attention to parenting responsibilities,request-93-0-83
decreased attention to parenting responsibilities,lazy parenting,request-93-0-84
lazy parenting,climate change,request-93-0-85
climate change,increased frequency of floods,request-93-0-86
increased frequency of floods,damage to infrastructure,request-93-0-87
damage to infrastructure,disruption of daily routines,request-93-0-88
disruption of daily routines,increased stress and anxiety among populations,request-93-0-89
increased stress and anxiety among populations,strain on family structures,request-93-0-90
strain on family structures,increased reliance on convenience and technology,request-93-0-91
increased reliance on convenience and technology,decrease in active parenting,request-93-0-92
decrease in active parenting,lazy parenting,request-93-0-93
lazy parenting,climate change,request-93-0-94
climate change,increased frequency of storms,request-93-0-95
increased frequency of storms,damage to homes and communities,request-93-0-96
damage to homes and communities,displacement and migration,request-93-0-97
displacement and migration,strain on social services,request-93-0-98
strain on social services,increased stress and mental health issues,request-93-0-99
increased stress and mental health issues,decreased focus on parenting,request-93-0-100
decreased focus on parenting,lazy parenting,request-93-0-101
co2 emissions increase,greenhouse gases trap more heat in the atmosphere,request-94-0-0
greenhouse gases trap more heat in the atmosphere,global temperatures rise,request-94-0-1
global temperatures rise,ice caps and glaciers melt,request-94-0-2
ice caps and glaciers melt,sea levels rise,request-94-0-3
sea levels rise,coastal areas flood,request-94-0-4
coastal areas flood,displacement of human populations,request-94-0-5
displacement of human populations,catastrophe: flooding and displacement of populations,request-94-0-6
co2 emissions increase,deforestation occurs,request-94-1-0
deforestation occurs,carbon storage in forests is reduced,request-94-1-1
carbon storage in forests is reduced,more co2 remains in the atmosphere,request-94-1-2
more co2 remains in the atmosphere,global temperatures rise,request-94-1-3
global temperatures rise,extreme weather events become more frequent,request-94-1-4
extreme weather events become more frequent,damage to infrastructure,request-94-1-5
damage to infrastructure,catastrophe: infrastructure damage and extreme weather events,request-94-1-6
co2 emissions increase,ocean acidification intensifies,request-94-2-0
ocean acidification intensifies,marine life suffers,request-94-2-1
marine life suffers,coral reefs bleach,request-94-2-2
coral reefs bleach,fish populations decline,request-94-2-3
fish populations decline,disruption of food supply for coastal communities,request-94-2-4
disruption of food supply for coastal communities,economic impact on fishing industries,request-94-2-5
economic impact on fishing industries,catastrophe: economic impact and food supply disruption,request-94-2-6
co2 emissions increase,air quality deteriorates,request-94-3-0
air quality deteriorates,health issues rise,request-94-3-1
health issues rise,healthcare systems become overwhelmed,request-94-3-2
healthcare systems become overwhelmed,economic burden increases,request-94-3-3
economic burden increases,reduced workforce productivity,request-94-3-4
reduced workforce productivity,catastrophe: economic burden and reduced productivity,request-94-3-5
solar radiation decreases,atmospheric greenhouse gas levels rise,request-95-0-0
atmospheric greenhouse gas levels rise,earth's surface temperature increases,request-95-0-1
earth's surface temperature increases,ice caps and glaciers melt,request-95-0-2
ice caps and glaciers melt,sea levels rise,request-95-0-3
sea levels rise,ocean currents slow down,request-95-0-4
ocean currents slow down,heat distribution across the planet becomes uneven,request-95-0-5
heat distribution across the planet becomes uneven,regional climates change,request-95-0-6
regional climates change,plant and animal migration patterns alter,request-95-0-7
plant and animal migration patterns alter,weather patterns become more extreme,request-95-0-8
weather patterns become more extreme,atmospheric composition changes,request-95-0-9
atmospheric composition changes,cloud formation patterns shift,request-95-0-10
cloud formation patterns shift,albedo effect changes,request-95-0-11
albedo effect changes,solar radiation absorption decreases,request-95-0-12
solar radiation absorption decreases,planetary temperature drops,request-95-0-13
volcanic activity increases,volcanic ash and aerosols released into the atmosphere,request-95-1-0
volcanic ash and aerosols released into the atmosphere,atmospheric opacity increases,request-95-1-1
atmospheric opacity increases,solar radiation is blocked,request-95-1-2
solar radiation is blocked,earth's surface temperature decreases,request-95-1-3
earth's surface temperature decreases,greenhouse gas levels remain stable,request-95-1-4
greenhouse gas levels remain stable,atmospheric greenhouse gas levels remain stable,request-95-1-5
atmospheric greenhouse gas levels remain stable,greenhouse gas levels remain stable,request-95-1-6
greenhouse gas levels remain stable,greenhouse gas levels remain stable,request-95-1-7
greenhouse gas levels remain stable,greenhouse gas levels remain stable,request-95-1-8
greenhouse gas levels remain stable,greenhouse gas levels remain stable,request-95-1-9
greenhouse gas levels remain stable,greenhouse gas levels remain stable,request-95-1-10
greenhouse gas levels remain stable,greenhouse gas levels remain stable,request-95-1-11
greenhouse gas levels remain stable,a drop in planetary temperature occurs,request-95-1-12
human activities increase,greenhouse gas emissions increase,request-95-2-0
greenhouse gas emissions increase,atmospheric greenhouse gas levels rise,request-95-2-1
atmospheric greenhouse gas levels rise,atmospheric greenhouse gas levels rise,request-95-2-2
atmospheric greenhouse gas levels rise,atmospheric greenhouse gas levels rise,request-95-2-3
atmospheric greenhouse gas levels rise,atmospheric greenhouse gas levels rise,request-95-2-4
atmospheric greenhouse gas levels rise,atmospheric greenhouse gas levels rise,request-95-2-5
atmospheric greenhouse gas levels rise,atmospheric greenhouse gas levels rise,request-95-2-6
atmospheric greenhouse gas levels rise,atmospheric greenhouse gas levels rise,request-95-2-7
atmospheric greenhouse gas levels rise,atmospheric greenhouse gas levels rise,request-95-2-8
atmospheric greenhouse gas levels rise,atmospheric greenhouse gas levels rise,request-95-2-9
atmospheric greenhouse gas levels rise,a drop in planetary temperature occurs,request-95-2-10
solar activity decreases,solar radiation decreases,request-95-3-0
solar radiation decreases,atmospheric greenhouse gas levels rise,request-95-3-1
atmospheric greenhouse gas levels rise,earth's surface temperature increases,request-95-3-2
earth's surface temperature increases,ice caps and glaciers melt,request-95-3-3
ice caps and glaciers melt,sea levels rise,request-95-3-4
sea levels rise,ocean currents slow down,request-95-3-5
ocean currents slow down,heat distribution across the planet becomes uneven,request-95-3-6
heat distribution across the planet becomes uneven,regional climates change,request-95-3-7
regional climates change,plant and animal migration patterns alter,request-95-3-8
plant and animal migration patterns alter,weather patterns become more extreme,request-95-3-9
weather patterns become more extreme,atmospheric composition changes,request-95-3-10
atmospheric composition changes,cloud formation patterns shift,request-95-3-11
cloud formation patterns shift,albedo effect changes,request-95-3-12
albedo effect changes,solar radiation absorption decreases,request-95-3-13
solar radiation absorption decreases,planetary temperature drops,request-95-3-14
asteroid impact occurs,dust and particles released into the atmosphere,request-95-4-0
dust and particles released into the atmosphere,solar radiation decreases,request-95-4-1
solar radiation decreases,atmospheric greenhouse gas levels rise,request-95-4-2
atmospheric greenhouse gas levels rise,earth's surface temperature increases,request-95-4-3
earth's surface temperature increases,ice caps and glaciers melt,request-95-4-4
ice caps and glaciers melt,sea levels rise,request-95-4-5
sea levels rise,ocean currents slow down,request-95-4-6
ocean currents slow down,heat distribution across the planet becomes uneven,request-95-4-7
heat distribution across the planet becomes uneven,regional climates change,request-95-4-8
regional climates change,plant and animal migration patterns alter,request-95-4-9
plant and animal migration patterns alter,weather patterns become more extreme,request-95-4-10
weather patterns become more extreme,atmospheric composition changes,request-95-4-11
atmospheric composition changes,cloud formation patterns shift,request-95-4-12
cloud formation patterns shift,albedo effect changes,request-95-4-13
albedo effect changes,solar radiation absorption decreases,request-95-4-14
solar radiation absorption decreases,planetary temperature drops,request-95-4-15
