cause,effect,custom_id
companies and corporations,greenhouse gas emissions,request-1-0-0
greenhouse gas emissions,climate change,request-1-0-1
companies and corporations,deforestation,request-1-1-0
deforestation,loss of carbon sinks,request-1-1-1
loss of carbon sinks,climate change,request-1-1-2
companies and corporations,industrial agriculture,request-1-2-0
industrial agriculture,methane emissions,request-1-2-1
methane emissions,climate change,request-1-2-2
companies and corporations,singleuse plastic production,request-1-3-0
singleuse plastic production,fossil fuel extraction,request-1-3-1
fossil fuel extraction,co₂ emissions,request-1-3-2
co₂ emissions,climate change,request-1-3-3
companies and corporations,global shipping,request-1-4-0
global shipping,fossil fuel combustion,request-1-4-1
fossil fuel combustion,atmospheric co₂ increase,request-1-4-2
atmospheric co₂ increase,climate change,request-1-4-3
companies and corporations,lobbying against climate policies,request-1-5-0
lobbying against climate policies,delayed renewable energy transition,request-1-5-1
delayed renewable energy transition,continued fossil fuel dependence,request-1-5-2
continued fossil fuel dependence,climate change,request-1-5-3
companies and corporations,fast fashion industry,request-1-6-0
fast fashion industry,increased resource extraction,request-1-6-1
increased resource extraction,higher emissions,request-1-6-2
higher emissions,climate change,request-1-6-3
companies and corporations,fossil fuel investments,request-1-7-0
fossil fuel investments,fracking and drilling,request-1-7-1
fracking and drilling,methane leaks,request-1-7-2
methane leaks,climate change,request-1-7-3
companies and corporations,nonbiodegradable waste,request-1-8-0
nonbiodegradable waste,landfill expansion,request-1-8-1
landfill expansion,methane emissions,request-1-8-2
methane emissions,climate change,request-1-8-3
companies and corporations,promotion of highenergy lifestyles,request-1-9-0
promotion of highenergy lifestyles,increased energy demand,request-1-9-1
increased energy demand,fossil fuel power generation,request-1-9-2
fossil fuel power generation,climate change,request-1-9-3
buying from companies that mess the climate,financial support to climatedamaging companies,request-2-0-0
financial support to climatedamaging companies,continued operation of climateharmful businesses,request-2-0-1
continued operation of climateharmful businesses,market dominance of unsustainable practices,request-2-0-2
market dominance of unsustainable practices,lack of transition to renewable energy sources,request-2-0-3
lack of transition to renewable energy sources,keeping of climatedamaging companies,request-2-0-4
buying from companies that mess the climate,consumer validation of unsustainable products,request-2-1-0
consumer validation of unsustainable products,legitimization of harmful industrial activities,request-2-1-1
legitimization of harmful industrial activities,absence of divestment pressure,request-2-1-2
absence of divestment pressure,corporate perpetuation of emissionsintensive practices,request-2-1-3
corporate perpetuation of emissionsintensive practices,keeping of climatedamaging companies,request-2-1-4
buying from companies that mess the climate,profitdriven corporate lobbying,request-2-2-0
profitdriven corporate lobbying,weak or absent environmental regulations,request-2-2-1
weak or absent environmental regulations,unchecked carbon emissions,request-2-2-2
unchecked carbon emissions,industry reliance on fossil fuel infrastructure,request-2-2-3
industry reliance on fossil fuel infrastructure,keeping of climatedamaging companies,request-2-2-4
buying from companies that mess the climate,economic dependence on fossil fuel industries,request-2-3-0
economic dependence on fossil fuel industries,delayed investment in green technologies,request-2-3-1
delayed investment in green technologies,competitive advantage of polluting firms,request-2-3-2
competitive advantage of polluting firms,market entrenchment of highemission actors,request-2-3-3
market entrenchment of highemission actors,keeping of climatedamaging companies,request-2-3-4
buying from companies that mess the climate,enhanced reputation of unsustainable companies,request-2-4-0
enhanced reputation of unsustainable companies,undermined efforts to stigmatize fossil fuel industries,request-2-4-1
undermined efforts to stigmatize fossil fuel industries,normalization of environmental harm,request-2-4-2
normalization of environmental harm,societal tolerance for climate inaction,request-2-4-3
societal tolerance for climate inaction,keeping of climatedamaging companies,request-2-4-4
buying from companies that mess the climate,shareholder prioritization of shortterm profits,request-2-5-0
shareholder prioritization of shortterm profits,resistance to sustainable business model transitions,request-2-5-1
resistance to sustainable business model transitions,continued resource extraction,request-2-5-2
continued resource extraction,infrastructure lockin to carbonintensive systems,request-2-5-3
infrastructure lockin to carbonintensive systems,keeping of climatedamaging companies,request-2-5-4
systemic change,policy reform,request-3-0-0
policy reform,carbon pricing implementation,request-3-0-1
carbon pricing implementation,emission reduction,request-3-0-2
emission reduction,atmospheric co2 decline,request-3-0-3
atmospheric co2 decline,global warming slowdown,request-3-0-4
global warming slowdown,progress in climate change,request-3-0-5
systemic change,economic restructuring,request-3-1-0
economic restructuring,renewable energy investment,request-3-1-1
renewable energy investment,clean energy transition,request-3-1-2
clean energy transition,fossil fuel displacement,request-3-1-3
fossil fuel displacement,emission reduction,request-3-1-4
emission reduction,climate stabilization,request-3-1-5
climate stabilization,progress in climate change,request-3-1-6
systemic change,technological innovation,request-3-2-0
technological innovation,clean technology development,request-3-2-1
clean technology development,widespread adoption,request-3-2-2
widespread adoption,energy decarbonization,request-3-2-3
energy decarbonization,emission reduction,request-3-2-4
emission reduction,temperature rise mitigation,request-3-2-5
temperature rise mitigation,progress in climate change,request-3-2-6
systemic change,public awareness growth,request-3-3-0
public awareness growth,behavioral shifts,request-3-3-1
behavioral shifts,sustainable practices adoption,request-3-3-2
sustainable practices adoption,resource consumption decline,request-3-3-3
resource consumption decline,emission reduction,request-3-3-4
emission reduction,environmental impact decrease,request-3-3-5
environmental impact decrease,progress in climate change,request-3-3-6
systemic change,corporate governance overhaul,request-3-4-0
corporate governance overhaul,sustainability commitments,request-3-4-1
sustainability commitments,supply chain decarbonization,request-3-4-2
supply chain decarbonization,operational emission cuts,request-3-4-3
operational emission cuts,sectorwide reductions,request-3-4-4
sectorwide reductions,economywide impact,request-3-4-5
economywide impact,progress in climate change,request-3-4-6
systemic change,international cooperation,request-3-5-0
international cooperation,global climate agreements,request-3-5-1
global climate agreements,national policy alignment,request-3-5-2
national policy alignment,emission target enforcement,request-3-5-3
emission target enforcement,collective action scaling,request-3-5-4
collective action scaling,global emission peak,request-3-5-5
global emission peak,progress in climate change,request-3-5-6
systemic change,ecological conservation,request-3-6-0
ecological conservation,ecosystem restoration,request-3-6-1
ecosystem restoration,carbon sequestration enhancement,request-3-6-2
carbon sequestration enhancement,atmospheric co2 removal,request-3-6-3
atmospheric co2 removal,climate system recovery,request-3-6-4
climate system recovery,biodiversity resilience boost,request-3-6-5
biodiversity resilience boost,progress in climate change,request-3-6-6
systemic change,educational system integration,request-3-7-0
educational system integration,climate literacy expansion,request-3-7-1
climate literacy expansion,societal value shift,request-3-7-2
societal value shift,proenvironmental advocacy,request-3-7-3
proenvironmental advocacy,policy maker pressure,request-3-7-4
policy maker pressure,legislative action acceleration,request-3-7-5
legislative action acceleration,progress in climate change,request-3-7-6
systemic change,financial system reform,request-3-8-0
financial system reform,green financing mechanisms,request-3-8-1
green financing mechanisms,lowcarbon project funding,request-3-8-2
lowcarbon project funding,clean infrastructure development,request-3-8-3
clean infrastructure development,emissionintensive sector phaseout,request-3-8-4
emissionintensive sector phaseout,netzero trajectory achievement,request-3-8-5
netzero trajectory achievement,progress in climate change,request-3-8-6
systemic change,urban planning transformation,request-3-9-0
urban planning transformation,sustainable city design,request-3-9-1
sustainable city design,energyefficient infrastructure,request-3-9-2
energyefficient infrastructure,urban emission decrease,request-3-9-3
urban emission decrease,quality of life improvement,request-3-9-4
quality of life improvement,replicable model creation,request-3-9-5
replicable model creation,progress in climate change,request-3-9-6
<ultra wealthy people>,ownership of multiple properties,request-4-0-0
ownership of multiple properties,high energy consumption,request-4-0-1
high energy consumption,more carbon footprint,request-4-0-2
ultra wealthy people>,private jet usage,request-4-1-0
private jet usage,increased aviation emissions,request-4-1-1
increased aviation emissions,more carbon footprint,request-4-1-2
ultra wealthy people>,luxury goods consumption,request-4-2-0
luxury goods consumption,resourceintensive production,request-4-2-1
resourceintensive production,higher emissions,request-4-2-2
higher emissions,more carbon footprint,request-4-2-3
ultra wealthy people>,investments in polluting industries,request-4-3-0
investments in polluting industries,increased industrial emissions,request-4-3-1
increased industrial emissions,more carbon footprint,request-4-3-2
ultra wealthy people>,social influence on consumption patterns,request-4-4-0
social influence on consumption patterns,widespread highemission behaviors,request-4-4-1
widespread highemission behaviors,more carbon footprint,request-4-4-2
ultra wealthy people>,political lobbying against environmental policies,request-4-5-0
political lobbying against environmental policies,lax emissions regulations,request-4-5-1
lax emissions regulations,increased industrial emissions,request-4-5-2
increased industrial emissions,more carbon footprint,request-4-5-3
ultra wealthy people>,frequent longdistance travel,request-4-6-0
frequent longdistance travel,aviation fuel consumption,request-4-6-1
aviation fuel consumption,increased emissions,request-4-6-2
increased emissions,more carbon footprint,request-4-6-3
ultra wealthy people>,ownership of energyintensive assets,request-4-7-0
ownership of energyintensive assets,high fossil fuel dependency,request-4-7-1
high fossil fuel dependency,increased emissions,request-4-7-2
increased emissions,more carbon footprint,request-4-7-3
ultra wealthy people>,demand for 24/7 services,request-4-8-0
demand for 24/7 services,energyintensive service operations,request-4-8-1
energyintensive service operations,higher emissions,request-4-8-2
higher emissions,more carbon footprint,request-4-8-3
ultra wealthy people>,real estate development investments,request-4-9-0
real estate development investments,deforestation and habitat destruction,request-4-9-1
deforestation and habitat destruction,reduced carbon sequestration,request-4-9-2
reduced carbon sequestration,more carbon footprint,request-4-9-3
porks craddling into pools that often break loose,uncontained pigs escape into natural habitats,request-5-0-0
uncontained pigs escape into natural habitats,escaped pigs overgraze vegetation,request-5-0-1
escaped pigs overgraze vegetation,vegetation loss destabilizes soil,request-5-0-2
vegetation loss destabilizes soil,soil erosion increases sedimentation in waterways,request-5-0-3
soil erosion increases sedimentation in waterways,sedimentation smothers aquatic ecosystems,request-5-0-4
sedimentation smothers aquatic ecosystems,ecosystem collapse causes massive environmental damage,request-5-0-5
porks craddling into pools that often break loose,manure from ruptured pools contaminates groundwater,request-5-1-0
manure from ruptured pools contaminates groundwater,nutrientrich runoff triggers algal blooms,request-5-1-1
nutrientrich runoff triggers algal blooms,algal blooms deplete oxygen in water,request-5-1-2
algal blooms deplete oxygen in water,hypoxic zones kill aquatic life,request-5-1-3
hypoxic zones kill aquatic life,biodiversity loss disrupts food chains,request-5-1-4
biodiversity loss disrupts food chains,cascading extinctions result in massive environmental damage,request-5-1-5
porks craddling into pools that often break loose,feral pig populations expand uncontrollably,request-5-2-0
feral pig populations expand uncontrollably,pigs uproot soil in search of food,request-5-2-1
pigs uproot soil in search of food,widespread root destruction weakens landscapes,request-5-2-2
widespread root destruction weakens landscapes,landslides and erosion degrade habitats,request-5-2-3
landslides and erosion degrade habitats,habitat fragmentation isolates wildlife,request-5-2-4
habitat fragmentation isolates wildlife,ecosystem degradation culminates in massive environmental damage,request-5-2-5
having fewer children,slower population growth,request-6-0-0
slower population growth,lower resource consumption,request-6-0-1
lower resource consumption,reduced carbon footprint,request-6-0-2
having fewer children,smaller family size,request-6-1-0
smaller family size,reduced household energy consumption,request-6-1-1
reduced household energy consumption,reduced carbon footprint,request-6-1-2
having fewer children,increased investment in education,request-6-2-0
increased investment in education,higher environmental awareness,request-6-2-1
higher environmental awareness,adoption of sustainable practices,request-6-2-2
adoption of sustainable practices,reduced carbon footprint,request-6-2-3
having fewer children,reduced demand for housing and infrastructure,request-6-3-0
reduced demand for housing and infrastructure,decreased industrial activity,request-6-3-1
decreased industrial activity,lower emissions,request-6-3-2
lower emissions,reduced carbon footprint,request-6-3-3
having fewer children,reduced future population,request-6-4-0
reduced future population,decreased cumulative emissions,request-6-4-1
decreased cumulative emissions,reduced carbon footprint,request-6-4-2
having fewer children,direct reduction in descendants' carbon emissions,request-6-5-0
direct reduction in descendants' carbon emissions,reduced carbon footprint,request-6-5-1
having fewer children,aging population,request-6-6-0
aging population,policy focus on sustainability,request-6-6-1
policy focus on sustainability,renewable energy adoption,request-6-6-2
renewable energy adoption,reduced carbon footprint,request-6-6-3
having fewer children,changes in consumption patterns,request-6-7-0
changes in consumption patterns,reduced waste and emissions,request-6-7-1
reduced waste and emissions,reduced carbon footprint,request-6-7-2
having fewer children,lower food demand,request-6-8-0
lower food demand,reduced agricultural activity,request-6-8-1
reduced agricultural activity,lower methane emissions,request-6-8-2
lower methane emissions,reduced carbon footprint,request-6-8-3
having fewer children,reduced family transportation needs,request-6-9-0
reduced family transportation needs,lower vehicle emissions,request-6-9-1
lower vehicle emissions,reduced carbon footprint,request-6-9-2
having fewer children,smaller housing needs,request-6-10-0
smaller housing needs,reduced energy consumption,request-6-10-1
reduced energy consumption,reduced carbon footprint,request-6-10-2
climate change,warmer oceans,request-7-0-0
warmer oceans,stronger hurricanes,request-7-0-1
stronger hurricanes,more rainfall,request-7-0-2
more rainfall,flooding,request-7-0-3
flooding,doubling of flooded homes,request-7-0-4
climate change,warmer atmosphere,request-7-1-0
warmer atmosphere,higher atmospheric moisture,request-7-1-1
higher atmospheric moisture,more intense rainfall,request-7-1-2
more intense rainfall,flooding,request-7-1-3
flooding,doubling of flooded homes,request-7-1-4
climate change,arctic warming,request-7-2-0
arctic warming,weaker jet stream,request-7-2-1
weaker jet stream,slowermoving hurricane,request-7-2-2
slowermoving hurricane,prolonged rainfall,request-7-2-3
prolonged rainfall,flooding,request-7-2-4
flooding,doubling of flooded homes,request-7-2-5
climate change,warmer oceans,request-7-3-0
warmer oceans,rapid hurricane intensification,request-7-3-1
rapid hurricane intensification,stronger hurricane,request-7-3-2
stronger hurricane,more rainfall,request-7-3-3
more rainfall,flooding,request-7-3-4
flooding,doubling of flooded homes,request-7-3-5
climate change,sea level rise,request-7-4-0
sea level rise,higher storm surges,request-7-4-1
higher storm surges,coastal flooding,request-7-4-2
coastal flooding,doubling of flooded homes,request-7-4-3
climate change,increased extreme precipitation events,request-7-5-0
increased extreme precipitation events,recordbreaking rainfall,request-7-5-1
recordbreaking rainfall,overwhelming drainage systems,request-7-5-2
overwhelming drainage systems,flooding,request-7-5-3
flooding,doubling of flooded homes,request-7-5-4
methane,methane emissions,request-8-0-0
methane emissions,air pollution,request-8-0-1
methane,methane emissions,request-8-1-0
methane emissions,ozone formation,request-8-1-1
ozone formation,air pollution,request-8-1-2
methane,methane emissions,request-8-2-0
methane emissions,greenhouse effect,request-8-2-1
greenhouse effect,global warming,request-8-2-2
global warming,climate change,request-8-2-3
climate change,environmental degradation,request-8-2-4
environmental degradation,pollution,request-8-2-5
methane,methane emissions,request-8-3-0
methane emissions,greenhouse effect,request-8-3-1
greenhouse effect,global warming,request-8-3-2
global warming,extreme weather events,request-8-3-3
extreme weather events,natural disasters,request-8-3-4
natural disasters,pollution,request-8-3-5
methane,methane emissions,request-8-4-0
methane emissions,greenhouse effect,request-8-4-1
greenhouse effect,global warming,request-8-4-2
global warming,forest fires,request-8-4-3
forest fires,pollution,request-8-4-4
methane,methane leaks,request-8-5-0
methane leaks,atmospheric contamination,request-8-5-1
atmospheric contamination,pollution,request-8-5-2
methane,methane emissions,request-8-6-0
methane emissions,smog formation,request-8-6-1
smog formation,pollution,request-8-6-2
melting of antarctic ice and methane pockets unabsorbed by microorganisms,thawing of ice sheets containing methane hydrates,request-9-0-0
thawing of ice sheets containing methane hydrates,destabilization of methane hydrate structures,request-9-0-1
destabilization of methane hydrate structures,release of methane from hydrates into water,request-9-0-2
release of methane from hydrates into water,methane buoyancydriven ascent through ocean layers,request-9-0-3
methane buoyancydriven ascent through ocean layers,release of methane into the atmosphere,request-9-0-4
melting of antarctic ice and methane pockets unabsorbed by microorganisms,freshwater influx from melting ice altering ocean salinity,request-9-1-0
freshwater influx from melting ice altering ocean salinity,disruption of microbial methaneoxidizing communities,request-9-1-1
disruption of microbial methaneoxidizing communities,reduced methane consumption in marine environments,request-9-1-2
reduced methane consumption in marine environments,methane accumulation in surface waters,request-9-1-3
methane accumulation in surface waters,release of methane into the atmosphere,request-9-1-4
melting of antarctic ice and methane pockets unabsorbed by microorganisms,exposure of subglacial methane reservoirs,request-9-2-0
exposure of subglacial methane reservoirs,fracturing of ice barriers trapping methane,request-9-2-1
fracturing of ice barriers trapping methane,rapid methane efflux through ice crevasses,request-9-2-2
rapid methane efflux through ice crevasses,direct venting of methane into air,request-9-2-3
direct venting of methane into air,release of methane into the atmosphere,request-9-2-4
melting of antarctic ice and methane pockets unabsorbed by microorganisms,warming of permafrost beneath ice sheets,request-9-3-0
warming of permafrost beneath ice sheets,activation of anaerobic methaneproducing archaea,request-9-3-1
activation of anaerobic methaneproducing archaea,unchecked methane generation in thawed sediments,request-9-3-2
unchecked methane generation in thawed sediments,methane diffusion through porous ice,request-9-3-3
methane diffusion through porous ice,release of methane into the atmosphere,request-9-3-4
melting of antarctic ice and methane pockets unabsorbed by microorganisms,collapse of ice shelves reducing pressure on seabed,request-9-4-0
collapse of ice shelves reducing pressure on seabed,seafloor methane seepage intensification,request-9-4-1
seafloor methane seepage intensification,methane bubble formation bypassing water column absorption,request-9-4-2
methane bubble formation bypassing water column absorption,emission of methaneladen bubbles into air,request-9-4-3
emission of methaneladen bubbles into air,release of methane into the atmosphere,request-9-4-4
<lunar wobble>,enhanced tidal variability,request-10-0-0
enhanced tidal variability,higher hightide levels,request-10-0-1
higher hightide levels,increased coastal flooding events,request-10-0-2
increased coastal flooding events,accelerated coastal erosion and inundation,request-10-0-3
accelerated coastal erosion and inundation,changes in coastline by the 2030s,request-10-0-4
<lunar wobble>,amplified tidal resonance in specific regions,request-10-1-0
amplified tidal resonance in specific regions,extreme tidal fluctuations,request-10-1-1
extreme tidal fluctuations,more frequent inundation of lowlying areas,request-10-1-2
more frequent inundation of lowlying areas,saltwater intrusion and soil destabilization,request-10-1-3
saltwater intrusion and soil destabilization,coastline alteration by 2030,request-10-1-4
<lunar wobble>,shift in tidal patterns,request-10-2-0
shift in tidal patterns,overlapping with storm surge events,request-10-2-1
overlapping with storm surge events,compound flooding,request-10-2-2
compound flooding,infrastructure damage and habitat loss,request-10-2-3
infrastructure damage and habitat loss,permanent changes to coastal geography by 2030s,request-10-2-4
<lunar wobble>,increased energy in tidal currents,request-10-3-0
increased energy in tidal currents,erosion of coastal sediment deposits,request-10-3-1
erosion of coastal sediment deposits,loss of natural barriers,request-10-3-2
loss of natural barriers,unmitigated wave action during storms,request-10-3-3
unmitigated wave action during storms,coastline retreat and flooding by 2030,request-10-3-4
<lunar wobble>,prolonged hightide durations,request-10-4-0
prolonged hightide durations,reduced intertidal zone recovery time,request-10-4-1
reduced intertidal zone recovery time,degradation of coastal ecosystems,request-10-4-2
degradation of coastal ecosystems,reduced natural flood protection,request-10-4-3
reduced natural flood protection,increased vulnerability to flooding and coastline changes,request-10-4-4
drought,water scarcity,request-11-0-0
water scarcity,crop failure,request-11-0-1
crop failure,economic decline,request-11-0-2
economic decline,human migration,request-11-0-3
human migration,abandoned settlements,request-11-0-4
abandoned settlements,cartographic updates,request-11-0-5
drought,soil erosion,request-11-1-0
soil erosion,landscape degradation,request-11-1-1
landscape degradation,river course alteration,request-11-1-2
river course alteration,topographic revisions,request-11-1-3
drought,wildfire proliferation,request-11-2-0
wildfire proliferation,vegetation loss,request-11-2-1
vegetation loss,increased runoff,request-11-2-2
increased runoff,gully formation,request-11-2-3
gully formation,map feature modifications,request-11-2-4
drought,groundwater depletion,request-11-3-0
groundwater depletion,land subsidence,request-11-3-1
land subsidence,elevation changes,request-11-3-2
elevation changes,contour line adjustments,request-11-3-3
drought,reservoir construction,request-11-4-0
reservoir construction,infrastructure development,request-11-4-1
infrastructure development,hydrographic feature updates,request-11-4-2
drought,desertification,request-11-5-0
desertification,habitat loss,request-11-5-1
habitat loss,ecological boundary shifts,request-11-5-2
ecological boundary shifts,thematic map revisions,request-11-5-3
drought,river desiccation,request-11-6-0
river desiccation,wetland disappearance,request-11-6-1
wetland disappearance,hydrological feature removal,request-11-6-2
drought,agricultural abandonment,request-11-7-0
agricultural abandonment,soil salinization,request-11-7-1
soil salinization,land use changes,request-11-7-2
land use changes,zoning map updates,request-11-7-3
drought,glacier retreat,request-11-8-0
glacier retreat,water source reduction,request-11-8-1
water source reduction,watershed boundary changes,request-11-8-2
watershed boundary changes,hydrological chart modifications,request-11-8-3
drought,dust storms,request-11-9-0
dust storms,sediment deposition,request-11-9-1
sediment deposition,coastal morphology shifts,request-11-9-2
coastal morphology shifts,shoreline redraws,request-11-9-3
changes in geographical maps,border disputes,request-12-0-0
border disputes,political instability,request-12-0-1
political instability,armed conflict,request-12-0-2
armed conflict,forced displacement,request-12-0-3
forced displacement,migration issues,request-12-0-4
changes in geographical maps,environmental degradation,request-12-1-0
environmental degradation,resource scarcity,request-12-1-1
resource scarcity,economic hardship,request-12-1-2
economic hardship,economic migration,request-12-1-3
economic migration,migration issues,request-12-1-4
changes in geographical maps,natural disasters,request-12-2-0
natural disasters,destruction of habitats,request-12-2-1
destruction of habitats,loss of livelihoods,request-12-2-2
loss of livelihoods,survival migration,request-12-2-3
survival migration,migration issues,request-12-2-4
changes in geographical maps,urbanization expansion,request-12-3-0
urbanization expansion,land dispossession,request-12-3-1
land dispossession,social inequality,request-12-3-2
social inequality,internal migration,request-12-3-3
internal migration,migration issues,request-12-3-4
changes in geographical maps,colonial redrawing of borders,request-12-4-0
colonial redrawing of borders,ethnic tensions,request-12-4-1
ethnic tensions,persecution,request-12-4-2
persecution,refugee crises,request-12-4-3
refugee crises,migration issues,request-12-4-4
changes in geographical maps,infrastructure development,request-12-5-0
infrastructure development,displacement of communities,request-12-5-1
displacement of communities,forced migration,request-12-5-2
forced migration,migration issues,request-12-5-3
changes in geographical maps,rising sea levels,request-12-6-0
rising sea levels,coastal flooding,request-12-6-1
coastal flooding,habitat destruction,request-12-6-2
habitat destruction,climate migration,request-12-6-3
climate migration,migration issues,request-12-6-4
methane,ozone formation,request-13-0-0
ozone formation,air pollution,request-13-0-1
methane,global warming,request-13-1-0
global warming,wildfires,request-13-1-1
wildfires,air pollution,request-13-1-2
methane,landfill gas emissions,request-13-2-0
landfill gas emissions,air quality deterioration,request-13-2-1
air quality deterioration,air pollution,request-13-2-2
methane,natural gas combustion,request-13-3-0
natural gas combustion,carbon dioxide emissions,request-13-3-1
carbon dioxide emissions,air pollution,request-13-3-2
methane release into arctic ocean sediments and waters,increases local water temperature through microbial activity or chemical reactions,request-14-0-0
increases local water temperature through microbial activity or chemical reactions,warmer temperatures destabilize subsea permafrost,request-14-0-1
warmer temperatures destabilize subsea permafrost,thawing of subsea permafrost and decomposition of methane hydrates,request-14-0-2
methane release into arctic ocean sediments and waters,reduces sediment stability or pressure,request-14-1-0
reduces sediment stability or pressure,triggers landslides or sediment displacement,request-14-1-1
triggers landslides or sediment displacement,exposes deeper permafrost to warmer ocean layers,request-14-1-2
exposes deeper permafrost to warmer ocean layers,thawing of subsea permafrost and decomposition of methane hydrates,request-14-1-3
methane release into arctic ocean sediments and waters,diffuses into the atmosphere,request-14-2-0
diffuses into the atmosphere,enhances greenhouse effect and arctic warming,request-14-2-1
enhances greenhouse effect and arctic warming,warmer ocean temperatures accelerate subsea permafrost thaw,request-14-2-2
warmer ocean temperatures accelerate subsea permafrost thaw,thawing of subsea permafrost and decomposition of methane hydrates,request-14-2-3
methane release into arctic ocean sediments and waters,alters ocean chemistry,request-14-3-0
alters ocean chemistry,reduces hydrate stability,request-14-3-1
reduces hydrate stability,triggers feedback of further hydrate decomposition,request-14-3-2
triggers feedback of further hydrate decomposition,thawing of subsea permafrost and decomposition of methane hydrates,request-14-3-3
methane,greenhouse gas effect intensification,request-15-0-0
greenhouse gas effect intensification,global temperature rise,request-15-0-1
global temperature rise,permafrost degradation,request-15-0-2
permafrost degradation,ancient carbon release,request-15-0-3
methane,atmospheric warming,request-15-1-0
atmospheric warming,polar ice melt,request-15-1-1
polar ice melt,coastal sediment exposure,request-15-1-2
coastal sediment exposure,carbonrich sediment oxidation,request-15-1-3
methane,chemical oxidation,request-15-2-0
chemical oxidation,carbon dioxide production,request-15-2-1
carbon dioxide production,ocean acidification,request-15-2-2
ocean acidification,marine sediment destabilization,request-15-2-3
methane,hydrate dissociation,request-15-3-0
hydrate dissociation,seafloor sediment disruption,request-15-3-1
seafloor sediment disruption,fossil carbon mobilization,request-15-3-2
methane,ecosystem alteration,request-15-4-0
ecosystem alteration,microbial activity increase,request-15-4-1
microbial activity increase,organic matter decomposition,request-15-4-2
organic matter decomposition,sedimentary carbon release,request-15-4-3
ancient methane release from deep waters,upward methane transport via ocean circulation,request-16-0-0
upward methane transport via ocean circulation,methane oxidation in oxygenated water layers,request-16-0-1
methane oxidation in oxygenated water layers,residual methane integration into surface water reservoir,request-16-0-2
residual methane integration into surface water reservoir,dilution by contemporaneous surface methane production,request-16-0-3
dilution by contemporaneous surface methane production,the 10 ± 3% contribution of surface water methane,request-16-0-4
ancient methane hydrate dissociation,methane bubble transport to surface waters,request-16-1-0
methane bubble transport to surface waters,bubble dissolution and gas transfer,request-16-1-1
bubble dissolution and gas transfer,partial oxidation by methanotrophs,request-16-1-2
partial oxidation by methanotrophs,equilibration with atmospheric methane,request-16-1-3
equilibration with atmospheric methane,the 10 ± 3% contribution of surface water methane,request-16-1-4
prolonged methane input from ancient reservoirs,longterm ocean mixing and storage,request-16-2-0
longterm ocean mixing and storage,global ocean circulation patterns,request-16-2-1
global ocean circulation patterns,regional surface water methane distribution,request-16-2-2
regional surface water methane distribution,contemporary measurement of surface methane levels,request-16-2-3
contemporary measurement of surface methane levels,the 10 ± 3% contribution of surface water methane,request-16-2-4
ancient organic matter degradation,methane generation in deep sediment layers,request-16-3-0
methane generation in deep sediment layers,seepage through marine geology,request-16-3-1
seepage through marine geology,advection into the water column,request-16-3-2
advection into the water column,dispersion by turbulent diffusion,request-16-3-3
dispersion by turbulent diffusion,surface water methane concentration,request-16-3-4
surface water methane concentration,the 10 ± 3% contribution of surface water methane,request-16-3-5
glacialinterglacial methane dynamics,hydrate instability during warming,request-16-4-0
hydrate instability during warming,pulse release events,request-16-4-1
pulse release events,gradual dispersion,request-16-4-2
gradual dispersion,modern ocean methane inventory,request-16-4-3
modern ocean methane inventory,surface water partitioning,request-16-4-4
surface water partitioning,the 10 ± 3% contribution of surface water methane,request-16-4-5
sourced methane,release of methane from thawing permafrost,request-17-0-0
release of methane from thawing permafrost,emission of ancient carbon into the atmosphere,request-17-0-1
oceanic oxidation,breakdown of ancient marine organic matter,request-17-1-0
breakdown of ancient marine organic matter,release of stored carbon dioxide,request-17-1-1
dispersion processes,exposure of sedimentary carbon reservoirs,request-17-2-0
exposure of sedimentary carbon reservoirs,oxidation of ancient carbon,request-17-2-1
oxidation of ancient carbon,atmospheric emission of co₂,request-17-2-2
co2 mitigation,reduced aerosol emissions,request-18-0-0
reduced aerosol emissions,enhanced global warming,request-18-0-1
enhanced global warming,arctic ice melt,request-18-0-2
arctic ice melt,freshwater influx into north atlantic,request-18-0-3
freshwater influx into north atlantic,disrupted thermohaline circulation,request-18-0-4
disrupted thermohaline circulation,amoc collapse,request-18-0-5
co2 mitigation,largescale afforestation,request-18-1-0
largescale afforestation,altered precipitation patterns,request-18-1-1
altered precipitation patterns,increased river runoff into atlantic,request-18-1-2
increased river runoff into atlantic,reduced ocean surface salinity,request-18-1-3
reduced ocean surface salinity,weakened amoc,request-18-1-4
weakened amoc,amoc collapse,request-18-1-5
co2 mitigation via ocean alkalization,changes in seawater density,request-18-2-0
changes in seawater density,altered ocean stratification,request-18-2-1
altered ocean stratification,disrupted deepwater formation,request-18-2-2
disrupted deepwater formation,amoc slowdown,request-18-2-3
amoc slowdown,amoc collapse,request-18-2-4
<stronger amoc in rcp85 framework>,enhanced northward oceanic heat transport,request-19-0-0
enhanced northward oceanic heat transport,elevated sea surface and air temperatures in the north atlantic relative to rcp85ctrl,request-19-0-1
<stronger amoc in rcp85 framework>,increased ocean heat content in the north atlantic,request-19-1-0
increased ocean heat content in the north atlantic,elevated sea surface and air temperatures in the north atlantic relative to rcp85ctrl,request-19-1-1
<stronger amoc in rcp85 framework>,enhanced northward oceanic heat transport,request-19-2-0
enhanced northward oceanic heat transport,increased ocean heat content in the north atlantic,request-19-2-1
increased ocean heat content in the north atlantic,elevated sea surface and air temperatures in the north atlantic relative to rcp85ctrl,request-19-2-2
the hottest pathway resulting in 45+ degrees of warming by the end of the century,surge in global cooling demand,request-20-0-0
surge in global cooling demand,explosive growth in renewable energy and hvac industries,request-20-0-1
explosive growth in renewable energy and hvac industries,energy costs plummet due to innovation,request-20-0-2
energy costs plummet due to innovation,industrial expansion accelerates,request-20-0-3
industrial expansion accelerates,the absolute highest economic growth,request-20-0-4
the hottest pathway resulting in 45+ degrees of warming by the end of the century,arctic permafrost thaw,request-20-1-0
arctic permafrost thaw,access to rare minerals and fossil fuels,request-20-1-1
access to rare minerals and fossil fuels,mining and extraction boom,request-20-1-2
mining and extraction boom,technological advancements in resource utilization,request-20-1-3
technological advancements in resource utilization,the absolute highest economic growth,request-20-1-4
the hottest pathway resulting in 45+ degrees of warming by the end of the century,increased frequency of climate disasters,request-20-2-0
increased frequency of climate disasters,massive government stimulus and rebuilding investments,request-20-2-1
massive government stimulus and rebuilding investments,infrastructure modernization,request-20-2-2
infrastructure modernization,job market expansion,request-20-2-3
job market expansion,the absolute highest economic growth,request-20-2-4
the hottest pathway resulting in 45+ degrees of warming by the end of the century,shift to largescale geoengineering,request-20-3-0
shift to largescale geoengineering,emergence of climatetech industries,request-20-3-1
emergence of climatetech industries,highvalue job creation,request-20-3-2
highvalue job creation,unprecedented productivity gains,request-20-3-3
unprecedented productivity gains,the absolute highest economic growth,request-20-3-4
the hottest pathway resulting in 45+ degrees of warming by the end of the century,extended growing seasons in highlatitude regions,request-20-4-0
extended growing seasons in highlatitude regions,agricultural surplus and innovation,request-20-4-1
agricultural surplus and innovation,exportdriven economic dominance,request-20-4-2
exportdriven economic dominance,global market capture,request-20-4-3
global market capture,the absolute highest economic growth,request-20-4-4
the hottest pathway resulting in 45+ degrees of warming by the end of the century,water scarcity crises,request-20-5-0
water scarcity crises,investment in desalination and waterefficiency technologies,request-20-5-1
investment in desalination and waterefficiency technologies,innovation hubs formation,request-20-5-2
innovation hubs formation,intellectual property monopolies,request-20-5-3
intellectual property monopolies,the absolute highest economic growth,request-20-5-4
the hottest pathway resulting in 45+ degrees of warming by the end of the century,mass climate migration,request-20-6-0
mass climate migration,urbanization of climateresilient megacities,request-20-6-1
urbanization of climateresilient megacities,real estate and service sector booms,request-20-6-2
real estate and service sector booms,financial market speculation,request-20-6-3
financial market speculation,the absolute highest economic growth,request-20-6-4
the hottest pathway resulting in 45+ degrees of warming by the end of the century,collapse of climatevulnerable industries,request-20-7-0
collapse of climatevulnerable industries,replacement with aidriven climateresilient sectors,request-20-7-1
replacement with aidriven climateresilient sectors,labor productivity revolution,request-20-7-2
labor productivity revolution,nearzero marginal cost production,request-20-7-3
nearzero marginal cost production,the absolute highest economic growth,request-20-7-4
the hottest pathway resulting in 45+ degrees of warming by the end of the century,global climate governance failure,request-20-8-0
global climate governance failure,unregulated highrisk highreward investments,request-20-8-1
unregulated highrisk highreward investments,shortterm profit maximization,request-20-8-2
shortterm profit maximization,asset inflation and wealth concentration,request-20-8-3
asset inflation and wealth concentration,the absolute highest economic growth,request-20-8-4
people’s anxiety,sympathetic nervous system activation,request-21-0-0
sympathetic nervous system activation,rapid breathing,request-21-0-1
rapid breathing,hyperventilation,request-21-0-2
hyperventilation,increased oxygen intake and co₂ release,request-21-0-3
people’s anxiety,stress response,request-21-1-0
stress response,adrenaline secretion,request-21-1-1
adrenaline secretion,increased respiratory rate,request-21-1-2
increased respiratory rate,increased oxygen intake and co₂ release,request-21-1-3
people’s anxiety,muscle tension,request-21-2-0
muscle tension,elevated metabolic demands,request-21-2-1
elevated metabolic demands,increased ventilation,request-21-2-2
increased ventilation,increased oxygen intake and co₂ release,request-21-2-3
people’s anxiety,panic attacks,request-21-3-0
panic attacks,hyperventilation,request-21-3-1
hyperventilation,increased oxygen intake and co₂ release,request-21-3-2
people’s anxiety,brainstem respiratory center overactivity,request-21-4-0
brainstem respiratory center overactivity,accelerated breathing,request-21-4-1
accelerated breathing,increased oxygen intake and co₂ release,request-21-4-2
people’s anxiety,hyperventilation syndrome,request-21-5-0
hyperventilation syndrome,altered breathing patterns,request-21-5-1
altered breathing patterns,increased oxygen intake and co₂ release,request-21-5-2
people’s anxiety,fear of suffocation,request-21-6-0
fear of suffocation,increased breathing efforts,request-21-6-1
increased breathing efforts,hyperventilation,request-21-6-2
hyperventilation,increased oxygen intake and co₂ release,request-21-6-3
genuine population decline beyond expected levels,economic instability from reduced workforce,request-22-0-0
economic instability from reduced workforce,reduced government funding for family benefits,request-22-0-1
reduced government funding for family benefits,decline in birth rates this century,request-22-0-2
genuine population decline beyond expected levels,aging population strain on social systems,request-22-1-0
aging population strain on social systems,increased childcare costs and career pressures,request-22-1-1
increased childcare costs and career pressures,decline in birth rates this century,request-22-1-2
genuine population decline beyond expected levels,labor shortages and longer working hours,request-22-2-0
labor shortages and longer working hours,postponed family planning decisions,request-22-2-1
postponed family planning decisions,decline in birth rates this century,request-22-2-2
genuine population decline beyond expected levels,shift to urban individualism,request-22-3-0
shift to urban individualism,prioritization of career over family,request-22-3-1
prioritization of career over family,decline in birth rates this century,request-22-3-2
genuine population decline beyond expected levels,failure of pronatalist policies,request-22-4-0
failure of pronatalist policies,diminished public optimism in parenting,request-22-4-1
diminished public optimism in parenting,decline in birth rates this century,request-22-4-2
genuine population decline beyond expected levels,reduced educational investments,request-22-5-0
reduced educational investments,lower societal expectations for family growth,request-22-5-1
lower societal expectations for family growth,decline in birth rates this century,request-22-5-2
genuine population decline beyond expected levels,increased eldercare responsibilities,request-22-6-0
increased eldercare responsibilities,delayed marriage and childbirth,request-22-6-1
delayed marriage and childbirth,decline in birth rates this century,request-22-6-2
china,rapid industrialization,request-23-0-0
rapid industrialization,increased energy consumption,request-23-0-1
increased energy consumption,coal dependence,request-23-0-2
coal dependence,high emissions,request-23-0-3
china,manufacturing for global exports,request-23-1-0
manufacturing for global exports,energyintensive production,request-23-1-1
energyintensive production,fossil fuel use,request-23-1-2
fossil fuel use,high emissions,request-23-1-3
china,coalbased energy infrastructure,request-23-2-0
coalbased energy infrastructure,co2 emissions from power plants,request-23-2-1
co2 emissions from power plants,high emissions,request-23-2-2
china,urbanization and construction,request-23-3-0
urbanization and construction,steel and cement production,request-23-3-1
steel and cement production,industrial processes,request-23-3-2
industrial processes,high emissions,request-23-3-3
china,large population growth,request-23-4-0
large population growth,rising electricity demand,request-23-4-1
rising electricity demand,coalfired power generation,request-23-4-2
coalfired power generation,high emissions,request-23-4-3
china,economic growth prioritization,request-23-5-0
economic growth prioritization,heavy industry expansion,request-23-5-1
heavy industry expansion,fossil fuel combustion,request-23-5-2
fossil fuel combustion,high emissions,request-23-5-3
china,delayed renewable energy transition,request-23-6-0
delayed renewable energy transition,continued coal reliance,request-23-6-1
continued coal reliance,sustained emissions,request-23-6-2
china,exportoriented economic model,request-23-7-0
exportoriented economic model,global goods production,request-23-7-1
global goods production,carbonintensive industries,request-23-7-2
carbonintensive industries,high emissions,request-23-7-3
china,statesupported industrial policies,request-23-8-0
statesupported industrial policies,subsidization of coal,request-23-8-1
subsidization of coal,affordable energy prioritization,request-23-8-2
affordable energy prioritization,emissionsintensive development,request-23-8-3
china,infrastructure development projects,request-23-9-0
infrastructure development projects,high cement and steel output,request-23-9-1
high cement and steel output,process emissions,request-23-9-2
process emissions,total emissions rise,request-23-9-3
india,large population growth,request-24-0-0
large population growth,increased energy demand,request-24-0-1
increased energy demand,reliance on coalfired power plants,request-24-0-2
reliance on coalfired power plants,high carbon emissions,request-24-0-3
high carbon emissions,the most emissions,request-24-0-4
india,rapid industrialization,request-24-1-0
rapid industrialization,expanding manufacturing sector,request-24-1-1
expanding manufacturing sector,fossil fuel consumption,request-24-1-2
fossil fuel consumption,greenhouse gas emissions,request-24-1-3
greenhouse gas emissions,the most emissions,request-24-1-4
india,agricultural expansion,request-24-2-0
agricultural expansion,methane from livestock and rice paddies,request-24-2-1
methane from livestock and rice paddies,potent greenhouse gas release,request-24-2-2
potent greenhouse gas release,rising emissions,request-24-2-3
rising emissions,the most emissions,request-24-2-4
india,economic development priorities,request-24-3-0
economic development priorities,prioritization of cheap energy,request-24-3-1
prioritization of cheap energy,delayed renewable energy transition,request-24-3-2
delayed renewable energy transition,sustained fossil fuel use,request-24-3-3
sustained fossil fuel use,the most emissions,request-24-3-4
india,urbanization,request-24-4-0
urbanization,growing transportation sector,request-24-4-1
growing transportation sector,diesel and gasoline dependency,request-24-4-2
diesel and gasoline dependency,vehicular emissions,request-24-4-3
vehicular emissions,the most emissions,request-24-4-4
india,climate policy challenges,request-24-5-0
climate policy challenges,balancing growth and sustainability,request-24-5-1
balancing growth and sustainability,incomplete emission regulations,request-24-5-2
incomplete emission regulations,uncontrolled industrial pollution,request-24-5-3
uncontrolled industrial pollution,the most emissions,request-24-5-4
india,populationdriven consumption,request-24-6-0
populationdriven consumption,rising industrial production,request-24-6-1
rising industrial production,energyintensive practices,request-24-6-2
energyintensive practices,coal dominance,request-24-6-3
coal dominance,the most emissions,request-24-6-4
india,historical energy infrastructure,request-24-7-0
historical energy infrastructure,legacy of coal plants,request-24-7-1
legacy of coal plants,longterm emission lockin,request-24-7-2
longterm emission lockin,cumulative emissions,request-24-7-3
cumulative emissions,the most emissions,request-24-7-4
india,hot climate conditions,request-24-8-0
hot climate conditions,high cooling demand,request-24-8-1
high cooling demand,increased electricity use,request-24-8-2
increased electricity use,fossil fuelbased power generation,request-24-8-3
fossil fuelbased power generation,the most emissions,request-24-8-4
india,limited renewable adoption,request-24-9-0
limited renewable adoption,solar and wind underutilization,request-24-9-1
solar and wind underutilization,continued coal reliance,request-24-9-2
continued coal reliance,emissionintensive energy mix,request-24-9-3
emissionintensive energy mix,the most emissions,request-24-9-4
corporations,prioritization of profit over sustainability,request-25-0-0
prioritization of profit over sustainability,investment in fossil fuel infrastructure,request-25-0-1
investment in fossil fuel infrastructure,extraction and combustion of fossil fuels,request-25-0-2
extraction and combustion of fossil fuels,the vast majority of climate emissions,request-25-0-3
corporations,corporate lobbying against environmental regulations,request-25-1-0
corporate lobbying against environmental regulations,lax government policies on emissions,request-25-1-1
lax government policies on emissions,unrestricted fossil fuel extraction and combustion,request-25-1-2
unrestricted fossil fuel extraction and combustion,the vast majority of climate emissions,request-25-1-3
corporations,creation of consumerdriven markets,request-25-2-0
creation of consumerdriven markets,mass production of goods,request-25-2-1
mass production of goods,high industrial energy consumption,request-25-2-2
high industrial energy consumption,reliance on fossil fuels for energy,request-25-2-3
reliance on fossil fuels for energy,the vast majority of climate emissions,request-25-2-4
corporations,adoption of inefficient industrial practices,request-25-3-0
adoption of inefficient industrial practices,excessive waste and resource consumption,request-25-3-1
excessive waste and resource consumption,increased demand for energy and materials,request-25-3-2
increased demand for energy and materials,expanded fossil fuel extraction,request-25-3-3
expanded fossil fuel extraction,the vast majority of climate emissions,request-25-3-4
corporations,outsourcing to regions with weak environmental laws,request-25-4-0
outsourcing to regions with weak environmental laws,unregulated industrial activities,request-25-4-1
unregulated industrial activities,unchecked greenhouse gas emissions,request-25-4-2
unchecked greenhouse gas emissions,the vast majority of climate emissions,request-25-4-3
corporations,control of agricultural supply chains,request-25-5-0
control of agricultural supply chains,widespread deforestation for agriculture,request-25-5-1
widespread deforestation for agriculture,loss of carbon sinks,request-25-5-2
loss of carbon sinks,accumulation of atmospheric co2,request-25-5-3
accumulation of atmospheric co2,the vast majority of climate emissions,request-25-5-4
corporations,financing of highemission projects,request-25-6-0
financing of highemission projects,construction of coal plants and pipelines,request-25-6-1
construction of coal plants and pipelines,longterm fossil fuel dependency,request-25-6-2
longterm fossil fuel dependency,sustained greenhouse gas emissions,request-25-6-3
sustained greenhouse gas emissions,the vast majority of climate emissions,request-25-6-4
corporations,funding of climate disinformation campaigns,request-25-7-0
funding of climate disinformation campaigns,public skepticism of climate science,request-25-7-1
public skepticism of climate science,delayed transition to renewables,request-25-7-2
delayed transition to renewables,prolonged fossil fuel dominance,request-25-7-3
prolonged fossil fuel dominance,the vast majority of climate emissions,request-25-7-4
corporations,patenting and restricting green technologies,request-25-8-0
patenting and restricting green technologies,slow adoption of renewable energy,request-25-8-1
slow adoption of renewable energy,continued reliance on fossil fuels,request-25-8-2
continued reliance on fossil fuels,persistent emissions,request-25-8-3
persistent emissions,the vast majority of climate emissions,request-25-8-4
corporations,implementation of planned obsolescence,request-25-9-0
implementation of planned obsolescence,increased waste and frequent repurchasing,request-25-9-1
increased waste and frequent repurchasing,elevated production emissions,request-25-9-2
elevated production emissions,escalating greenhouse gas output,request-25-9-3
escalating greenhouse gas output,the vast majority of climate emissions,request-25-9-4
corporations,fossil fuel extraction,request-26-0-0
fossil fuel extraction,combustion processes,request-26-0-1
combustion processes,co2 emissions,request-26-0-2
co2 emissions,over 90% of climate change emissions,request-26-0-3
corporations,industrial manufacturing,request-26-1-0
industrial manufacturing,methane/n2o emissions,request-26-1-1
methane/n2o emissions,atmospheric greenhouse gas accumulation,request-26-1-2
atmospheric greenhouse gas accumulation,over 90% of climate change emissions,request-26-1-3
corporations,lobbying against climate policies,request-26-2-0
lobbying against climate policies,delayed regulation,request-26-2-1
delayed regulation,unrestricted emissions growth,request-26-2-2
unrestricted emissions growth,over 90% of climate change emissions,request-26-2-3
corporations,deforestation for agribusiness,request-26-3-0
deforestation for agribusiness,carbon sink destruction,request-26-3-1
carbon sink destruction,excess atmospheric co2,request-26-3-2
excess atmospheric co2,over 90% of climate change emissions,request-26-3-3
corporations,fossil fuel investments,request-26-4-0
fossil fuel investments,infrastructure lockin,request-26-4-1
infrastructure lockin,decades of cumulative emissions,request-26-4-2
decades of cumulative emissions,over 90% of climate change emissions,request-26-4-3
corporations,consumerism promotion,request-26-5-0
consumerism promotion,highemission lifestyles,request-26-5-1
highemission lifestyles,global energy demand,request-26-5-2
global energy demand,over 90% of climate change emissions,request-26-5-3
corporations,livestock farming,request-26-6-0
livestock farming,methane emissions,request-26-6-1
methane emissions,shortterm climate forcing,request-26-6-2
shortterm climate forcing,over 90% of climate change emissions,request-26-6-3
corporations,greenwashing campaigns,request-26-7-0
greenwashing campaigns,misdirected sustainability efforts,request-26-7-1
misdirected sustainability efforts,continued emissions,request-26-7-2
continued emissions,over 90% of climate change emissions,request-26-7-3
corporations,fossil fuel subsidies,request-26-8-0
fossil fuel subsidies,artificially low energy costs,request-26-8-1
artificially low energy costs,excessive consumption,request-26-8-2
excessive consumption,over 90% of climate change emissions,request-26-8-3
corporations,media influence,request-26-9-0
media influence,climate disinformation,request-26-9-1
climate disinformation,public inaction,request-26-9-2
public inaction,over 90% of climate change emissions,request-26-9-3
"the tossing of a single cigarette on dry, hot ground",the ignition of dry underbrush,request-27-0-0
the ignition of dry underbrush,the spread of flames to larger vegetation,request-27-0-1
the spread of flames to larger vegetation,a massive fire,request-27-0-2
"the tossing of a single cigarette on dry, hot ground",the combustion of dry grass,request-27-1-0
the combustion of dry grass,the generation of embers,request-27-1-1
the generation of embers,the transportation of embers by wind,request-27-1-2
the transportation of embers by wind,the ignition of multiple spot fires,request-27-1-3
the ignition of multiple spot fires,the merging of spot fires,request-27-1-4
the merging of spot fires,a massive fire,request-27-1-5
"the tossing of a single cigarette on dry, hot ground",the smoldering of organic matter,request-27-2-0
the smoldering of organic matter,the transition to open flames,request-27-2-1
the transition to open flames,the fire’s acceleration due to heat,request-27-2-2
the fire’s acceleration due to heat,the overwhelming of natural firebreaks,request-27-2-3
the overwhelming of natural firebreaks,a massive fire,request-27-2-4
"the tossing of a single cigarette on dry, hot ground",the ignition of a small patch of land,request-27-3-0
the ignition of a small patch of land,the fire’s expansion through droughtstricken areas,request-27-3-1
the fire’s expansion through droughtstricken areas,the engulfment of surrounding terrain,request-27-3-2
the engulfment of surrounding terrain,a massive fire,request-27-3-3
"the tossing of a single cigarette on dry, hot ground",the underground ignition of peat,request-27-4-0
the underground ignition of peat,the subsurface fire spreading,request-27-4-1
the subsurface fire spreading,the surfacing of flames,request-27-4-2
the surfacing of flames,the aboveground fire expansion,request-27-4-3
the aboveground fire expansion,a massive fire,request-27-4-4
"the tossing of a single cigarette on dry, hot ground",the ignition of litter,request-27-5-0
the ignition of litter,the fire creeping through undergrowth,request-27-5-1
the fire creeping through undergrowth,the ladder fuels igniting tree canopies,request-27-5-2
the ladder fuels igniting tree canopies,a crown fire,request-27-5-3
a crown fire,a massive fire,request-27-5-4
"the tossing of a single cigarette on dry, hot ground",the ignition of a dry log,request-27-6-0
the ignition of a dry log,the log burning intensely,request-27-6-1
the log burning intensely,the radiant heat igniting nearby fuels,request-27-6-2
the radiant heat igniting nearby fuels,the fire spreading outward,request-27-6-3
the fire spreading outward,a massive fire,request-27-6-4
"the tossing of a single cigarette on dry, hot ground",the ignition of dry moss,request-27-7-0
the ignition of dry moss,the moss fire spreading to timber,request-27-7-1
the moss fire spreading to timber,the timber fire generating intense heat,request-27-7-2
the timber fire generating intense heat,the creation of a firestorm,request-27-7-3
the creation of a firestorm,a massive fire,request-27-7-4
the us,industrial revolution,request-28-0-0
industrial revolution,increased fossil fuel consumption,request-28-0-1
increased fossil fuel consumption,heightened greenhouse gas emissions,request-28-0-2
heightened greenhouse gas emissions,global warming intensified,request-28-0-3
global warming intensified,current co2 levels,request-28-0-4
the us,deforestation and landuse changes,request-28-1-0
deforestation and landuse changes,reduced carbon sinks,request-28-1-1
reduced carbon sinks,more co2 retained in atmosphere,request-28-1-2
more co2 retained in atmosphere,current co2 levels,request-28-1-3
the us,technological advancements,request-28-2-0
technological advancements,greater energy demand,request-28-2-1
greater energy demand,expanded coal and oil usage,request-28-2-2
expanded coal and oil usage,higher emissions,request-28-2-3
higher emissions,current co2 levels,request-28-2-4
the us,policy and regulation gaps,request-28-3-0
policy and regulation gaps,lack of emission controls,request-28-3-1
lack of emission controls,unchecked industrial growth,request-28-3-2
unchecked industrial growth,rising co2 output,request-28-3-3
rising co2 output,current co2 levels,request-28-3-4
the us,transportation sector growth,request-28-4-0
transportation sector growth,increased vehicle emissions,request-28-4-1
increased vehicle emissions,added atmospheric co2,request-28-4-2
added atmospheric co2,current co2 levels,request-28-4-3
the us,agricultural practices,request-28-5-0
agricultural practices,synthetic fertilizers and livestock,request-28-5-1
synthetic fertilizers and livestock,nitrous oxide and methane release,request-28-5-2
nitrous oxide and methane release,compounded greenhouse effect,request-28-5-3
compounded greenhouse effect,current co2 levels,request-28-5-4
the us,consumer culture,request-28-6-0
consumer culture,high consumption and waste,request-28-6-1
high consumption and waste,increased production emissions,request-28-6-2
increased production emissions,sustained co2 generation,request-28-6-3
sustained co2 generation,current co2 levels,request-28-6-4
the us,historical climate denial,request-28-7-0
historical climate denial,delayed mitigation efforts,request-28-7-1
delayed mitigation efforts,prolonged high emission rates,request-28-7-2
prolonged high emission rates,current co2 levels,request-28-7-3
the us,global trade and outsourcing,request-28-8-0
global trade and outsourcing,shifted but didn't reduce emissions,request-28-8-1
shifted but didn't reduce emissions,maintained global co2 contribution,request-28-8-2
maintained global co2 contribution,current co2 levels,request-28-8-3
the us,military activities and operations,request-28-9-0
military activities and operations,fuelintensive engagements,request-28-9-1
fuelintensive engagements,direct emission sources,request-28-9-2
direct emission sources,added to co2 accumulation,request-28-9-3
added to co2 accumulation,current co2 levels,request-28-9-4
climate change,rising global temperatures,request-29-0-0
rising global temperatures,increased atmospheric moisture,request-29-0-1
increased atmospheric moisture,more intense thunderstorms,request-29-0-2
more intense thunderstorms,the increasing frequency of lightning,request-29-0-3
climate change,warmer ocean temperatures,request-29-1-0
warmer ocean temperatures,more intense tropical cyclones,request-29-1-1
more intense tropical cyclones,increased storm intensity,request-29-1-2
increased storm intensity,the increasing frequency of lightning,request-29-1-3
climate change,altered jet stream patterns,request-29-2-0
altered jet stream patterns,more persistent weather systems,request-29-2-1
more persistent weather systems,prolonged hot and humid conditions,request-29-2-2
prolonged hot and humid conditions,more frequent thunderstorms,request-29-2-3
more frequent thunderstorms,the increasing frequency of lightning,request-29-2-4
climate change,higher surface temperatures,request-29-3-0
higher surface temperatures,increased vertical atmospheric instability,request-29-3-1
increased vertical atmospheric instability,more thunderstorms,request-29-3-2
more thunderstorms,the increasing frequency of lightning,request-29-3-3
human influence rather than earth’s natural evolution,increased greenhouse gas emissions,request-30-0-0
increased greenhouse gas emissions,enhanced greenhouse effect,request-30-0-1
enhanced greenhouse effect,global temperature rise,request-30-0-2
global temperature rise,this 1°c increase,request-30-0-3
human influence rather than earth’s natural evolution,deforestation and landuse changes,request-30-1-0
deforestation and landuse changes,reduced carbon sequestration,request-30-1-1
reduced carbon sequestration,increased atmospheric co2,request-30-1-2
increased atmospheric co2,enhanced greenhouse effect,request-30-1-3
enhanced greenhouse effect,global temperature rise,request-30-1-4
global temperature rise,this 1°c increase,request-30-1-5
human influence rather than earth’s natural evolution,fossil fuel combustion,request-30-2-0
fossil fuel combustion,co2 emissions,request-30-2-1
co2 emissions,atmospheric co2 concentration rise,request-30-2-2
atmospheric co2 concentration rise,trapping of infrared radiation,request-30-2-3
trapping of infrared radiation,atmospheric warming,request-30-2-4
atmospheric warming,this 1°c increase,request-30-2-5
human influence rather than earth’s natural evolution,methane emissions from agriculture and industry,request-30-3-0
methane emissions from agriculture and industry,increased methane concentrations,request-30-3-1
increased methane concentrations,radiative forcing amplification,request-30-3-2
radiative forcing amplification,accelerated warming,request-30-3-3
accelerated warming,this 1°c increase,request-30-3-4
human influence rather than earth’s natural evolution,industrial processes,request-30-4-0
industrial processes,nitrous oxide and fluorinated gas emissions,request-30-4-1
nitrous oxide and fluorinated gas emissions,longterm atmospheric warming potential,request-30-4-2
longterm atmospheric warming potential,cumulative temperature increase,request-30-4-3
cumulative temperature increase,this 1°c increase,request-30-4-4
human influence rather than earth’s natural evolution,urbanization and heat island effects,request-30-5-0
urbanization and heat island effects,localized temperature spikes,request-30-5-1
localized temperature spikes,regional climate feedback,request-30-5-2
regional climate feedback,global average temperature contribution,request-30-5-3
global average temperature contribution,this 1°c increase,request-30-5-4
human influence rather than earth’s natural evolution,disruption of natural climate systems,request-30-6-0
disruption of natural climate systems,ice sheet melting and albedo reduction,request-30-6-1
ice sheet melting and albedo reduction,increased solar absorption,request-30-6-2
increased solar absorption,amplified warming cycle,request-30-6-3
amplified warming cycle,this 1°c increase,request-30-6-4
human influence rather than earth’s natural evolution,ocean acidification from co2 absorption,request-30-7-0
ocean acidification from co2 absorption,weakened ocean heat absorption,request-30-7-1
weakened ocean heat absorption,shift of heat to atmosphere,request-30-7-2
shift of heat to atmosphere,surface temperature escalation,request-30-7-3
surface temperature escalation,this 1°c increase,request-30-7-4
humans,industrialization,request-31-0-0
industrialization,technological advancements,request-31-0-1
technological advancements,space exploration,request-31-0-2
space exploration,solar manipulation technology,request-31-0-3
solar manipulation technology,solar activity,request-31-0-4
humans,greenhouse gas emissions,request-31-1-0
greenhouse gas emissions,global warming,request-31-1-1
global warming,climate change,request-31-1-2
climate change,earth's magnetic field fluctuations,request-31-1-3
earth's magnetic field fluctuations,solar wind interactions,request-31-1-4
solar wind interactions,solar activity,request-31-1-5
humans,nuclear experimentation,request-31-2-0
nuclear experimentation,highenergy particle release,request-31-2-1
highenergy particle release,heliospheric disruption,request-31-2-2
heliospheric disruption,solar plasma instability,request-31-2-3
solar plasma instability,solar activity,request-31-2-4
humans,geoengineering,request-31-3-0
geoengineering,atmospheric ionization,request-31-3-1
atmospheric ionization,electromagnetic field alteration,request-31-3-2
electromagnetic field alteration,sunearth connection shifts,request-31-3-3
sunearth connection shifts,solar activity,request-31-3-4
humans,artificial intelligence development,request-31-4-0
artificial intelligence development,aidriven solar probes,request-31-4-1
aidriven solar probes,sun's corona intervention,request-31-4-2
sun's corona intervention,magnetic reconnection induction,request-31-4-3
magnetic reconnection induction,solar activity,request-31-4-4
increase in co2 in the atmosphere,enhancement of the greenhouse effect,request-32-0-0
enhancement of the greenhouse effect,trapping of solar rays in the atmosphere,request-32-0-1
increase in co2 in the atmosphere,increased absorption of infrared radiation,request-32-1-0
increased absorption of infrared radiation,retention of heat in the atmosphere,request-32-1-1
retention of heat in the atmosphere,trapping of solar rays in the atmosphere,request-32-1-2
increase in co2 in the atmosphere,rise in global atmospheric temperatures,request-32-2-0
rise in global atmospheric temperatures,reduction of thermal radiation escaping into space,request-32-2-1
reduction of thermal radiation escaping into space,trapping of solar rays in the atmosphere,request-32-2-2
increase in co2 in the atmosphere,boost in water vapor concentrations,request-32-3-0
boost in water vapor concentrations,amplification of the greenhouse effect,request-32-3-1
amplification of the greenhouse effect,trapping of solar rays in the atmosphere,request-32-3-2
increase in co2 in the atmosphere,thickening of the atmosphere's radiative blanket,request-32-4-0
thickening of the atmosphere's radiative blanket,trapping of solar rays in the atmosphere,request-32-4-1
increase in co2 in the atmosphere,disruption of earth's energy balance,request-32-5-0
disruption of earth's energy balance,excess energy retention,request-32-5-1
excess energy retention,trapping of solar rays in the atmosphere,request-32-5-2
increase in co2 in the atmosphere,warming of ocean surface waters,request-32-6-0
warming of ocean surface waters,release of latent heat into the atmosphere,request-32-6-1
release of latent heat into the atmosphere,trapping of solar rays in the atmosphere,request-32-6-2
increase in co2 in the atmosphere,alteration of atmospheric circulation patterns,request-32-7-0
alteration of atmospheric circulation patterns,prolonged retention of heat,request-32-7-1
prolonged retention of heat,trapping of solar rays in the atmosphere,request-32-7-2
the trapping of solar rays in the atmosphere,retention of thermal energy,request-33-0-0
retention of thermal energy,"the heating effect, commonly known as the greenhouse effect",request-33-0-1
the trapping of solar rays in the atmosphere,reduction of heat escaping into space,request-33-1-0
reduction of heat escaping into space,"the heating effect, commonly known as the greenhouse effect",request-33-1-1
the trapping of solar rays in the atmosphere,absorption of infrared radiation,request-33-2-0
absorption of infrared radiation,"the heating effect, commonly known as the greenhouse effect",request-33-2-1
the trapping of solar rays in the atmosphere,energy imbalance in the atmosphere,request-33-3-0
energy imbalance in the atmosphere,"the heating effect, commonly known as the greenhouse effect",request-33-3-1
the trapping of solar rays in the atmosphere,conversion of solar energy to heat,request-33-4-0
conversion of solar energy to heat,"the heating effect, commonly known as the greenhouse effect",request-33-4-1
the trapping of solar rays in the atmosphere,thermal energy accumulation,request-33-5-0
thermal energy accumulation,"the heating effect, commonly known as the greenhouse effect",request-33-5-1
prolonged droughts,reduced rainfall,request-34-0-0
reduced rainfall,dry vegetation,request-34-0-1
dry vegetation,wildfires,request-34-0-2
prolonged droughts,increased temperatures,request-34-1-0
increased temperatures,desiccated plants,request-34-1-1
desiccated plants,wildfires,request-34-1-2
prolonged droughts,water scarcity,request-34-2-0
water scarcity,plant dehydration,request-34-2-1
plant dehydration,dead biomass,request-34-2-2
dead biomass,wildfires,request-34-2-3
prolonged droughts,soil aridity,request-34-3-0
soil aridity,root system failure,request-34-3-1
root system failure,vegetation mortality,request-34-3-2
vegetation mortality,wildfires,request-34-3-3
prolonged droughts,dry conditions,request-34-4-0
dry conditions,human accidental ignition,request-34-4-1
human accidental ignition,wildfires,request-34-4-2
microplastics,ocean pollution,request-35-0-0
ocean pollution,marine extinction,request-35-0-1
marine extinction,food chain collapse,request-35-0-2
food chain collapse,human survival crisis,request-35-0-3
human survival crisis,space colonization initiative,request-35-0-4
space colonization initiative,alien world establishment,request-35-0-5
microplastics,atmospheric accumulation,request-35-1-0
atmospheric accumulation,climate instability,request-35-1-1
climate instability,mass migration,request-35-1-2
mass migration,interstellar travel development,request-35-1-3
interstellar travel development,alien world discovery,request-35-1-4
microplastics,nanotech innovation,request-35-2-0
nanotech innovation,space suit advancements,request-35-2-1
space suit advancements,mars colonization,request-35-2-2
mars colonization,interstellar mission launch,request-35-2-3
interstellar mission launch,alien world contact,request-35-2-4
microplastics,microbial hitchhiking,request-35-3-0
microbial hitchhiking,spacecraft contamination,request-35-3-1
spacecraft contamination,exoplanet infection,request-35-3-2
exoplanet infection,alien ecosystem genesis,request-35-3-3
alien ecosystem genesis,alien world formation,request-35-3-4
microplastics,environmental activism,request-35-4-0
environmental activism,green technology surge,request-35-4-1
green technology surge,fusion energy breakthrough,request-35-4-2
fusion energy breakthrough,generation ship construction,request-35-4-3
generation ship construction,alien world colonization,request-35-4-4
the significant greening of the planet,increased agricultural intensification,request-36-0-0
increased agricultural intensification,higher demand for synthetic fertilizers and machinery,request-36-0-1
higher demand for synthetic fertilizers and machinery,expanded fossil fuel use for industrial agriculture,request-36-0-2
expanded fossil fuel use for industrial agriculture,co₂ emissions and the shift from trees to fossil fuels,request-36-0-3
the significant greening of the planet,largescale afforestation with nonnative species,request-36-1-0
largescale afforestation with nonnative species,shorter biomass rotation cycles,request-36-1-1
shorter biomass rotation cycles,energyintensive biomass processing and transportation,request-36-1-2
energyintensive biomass processing and transportation,reliance on fossil fuels for logistical operations,request-36-1-3
reliance on fossil fuels for logistical operations,co₂ emissions and the shift from trees to fossil fuels,request-36-1-4
the significant greening of the planet,perceptions of enhanced carbon sequestration,request-36-2-0
perceptions of enhanced carbon sequestration,delayed transitions to renewable energy,request-36-2-1
delayed transitions to renewable energy,continued fossil fuel dominance in energy systems,request-36-2-2
continued fossil fuel dominance in energy systems,co₂ emissions and the shift from trees to fossil fuels,request-36-2-3
the significant greening of the planet,urban reforestation initiatives,request-36-3-0
urban reforestation initiatives,increased energy demands for green infrastructure,request-36-3-1
increased energy demands for green infrastructure,fossil fuelpowered urban development,request-36-3-2
fossil fuelpowered urban development,co₂ emissions and the shift from trees to fossil fuels,request-36-3-3
the significant greening of the planet,bioenergy crop expansion,request-36-4-0
bioenergy crop expansion,landuse competition with natural forests,request-36-4-1
landuse competition with natural forests,decomposition of displaced vegetation,request-36-4-2
decomposition of displaced vegetation,co₂ emissions and the shift from trees to fossil fuels,request-36-4-3
the significant greening of the planet,waterintensive agricultural practices,request-36-5-0
waterintensive agricultural practices,energy demand for irrigation systems,request-36-5-1
energy demand for irrigation systems,fossil fueldependent water management,request-36-5-2
fossil fueldependent water management,co₂ emissions and the shift from trees to fossil fuels,request-36-5-3
land clearance for construction and agriculture,tree removal,request-37-0-0
tree removal,deforestation,request-37-0-1
land clearance for construction and agriculture,slashandburn agriculture,request-37-1-0
slashandburn agriculture,forest burning,request-37-1-1
forest burning,deforestation,request-37-1-2
land clearance for construction and agriculture,urban expansion,request-37-2-0
urban expansion,infrastructure development,request-37-2-1
infrastructure development,tree cutting,request-37-2-2
tree cutting,deforestation,request-37-2-3
land clearance for construction and agriculture,agricultural expansion,request-37-3-0
agricultural expansion,habitat destruction,request-37-3-1
habitat destruction,deforestation,request-37-3-2
land clearance for construction and agriculture,soil erosion,request-37-4-0
soil erosion,land degradation,request-37-4-1
land degradation,agricultural relocation,request-37-4-2
agricultural relocation,deforestation,request-37-4-3
land clearance for construction and agriculture,infrastructure development,request-37-5-0
infrastructure development,increased access,request-37-5-1
increased access,logging activities,request-37-5-2
logging activities,deforestation,request-37-5-3
land clearance for construction and agriculture,legal land use changes,request-37-6-0
legal land use changes,permitted tree cutting,request-37-6-1
permitted tree cutting,deforestation,request-37-6-2
land clearance for construction and agriculture,forest fragmentation,request-37-7-0
forest fragmentation,ecosystem vulnerability,request-37-7-1
ecosystem vulnerability,human encroachment,request-37-7-2
human encroachment,deforestation,request-37-7-3
land clearance for construction and agriculture,economic demand for land,request-37-8-0
economic demand for land,encroachment into forests,request-37-8-1
encroachment into forests,deforestation,request-37-8-2
land clearance for construction and agriculture,use of heavy machinery,request-37-9-0
use of heavy machinery,soil compaction,request-37-9-1
soil compaction,land abandonment,request-37-9-2
land abandonment,secondary deforestation,request-37-9-3
the burning of carbon,heat production,request-38-0-0
heat production,steam generation,request-38-0-1
steam generation,turbine rotation,request-38-0-2
turbine rotation,electricity generation,request-38-0-3
electricity generation,electricity transmission,request-38-0-4
electricity transmission,electricity distribution,request-38-0-5
electricity distribution,electricity used in labs,request-38-0-6
burning of carbon,energy release,request-38-1-0
energy release,mechanical energy conversion,request-38-1-1
mechanical energy conversion,electrical energy production,request-38-1-2
electrical energy production,power grid supply,request-38-1-3
power grid supply,electricity used in labs,request-38-1-4
burning of carbon,fossil fuel combustion,request-38-2-0
fossil fuel combustion,power plant operation,request-38-2-1
power plant operation,electricity generation,request-38-2-2
electricity generation,transmission infrastructure,request-38-2-3
transmission infrastructure,lab electricity consumption,request-38-2-4
burning of carbon,thermal energy production,request-38-3-0
thermal energy production,thermoelectric conversion,request-38-3-1
thermoelectric conversion,electricity generation,request-38-3-2
electricity generation,grid transmission,request-38-3-3
grid transmission,electricity used in labs,request-38-3-4
burning of carbon,fuel combustion in generator,request-38-4-0
fuel combustion in generator,mechanicaltoelectrical energy conversion,request-38-4-1
mechanicaltoelectrical energy conversion,direct electricity supply,request-38-4-2
direct electricity supply,electricity used in labs,request-38-4-3
burning of carbon,hot gas expansion,request-38-5-0
hot gas expansion,turbine rotation,request-38-5-1
turbine rotation,electricity generation,request-38-5-2
electricity generation,electricity distribution to labs,request-38-5-3
electricity distribution to labs,electricity used in labs,request-38-5-4
burning of carbon,chemical energy conversion,request-38-6-0
chemical energy conversion,thermal energy transfer,request-38-6-1
thermal energy transfer,mechanical work production,request-38-6-2
mechanical work production,electrical energy generation,request-38-6-3
electrical energy generation,power distribution,request-38-6-4
power distribution,electricity used in labs,request-38-6-5
the high carbon footprint of labgrown wood,fossil fuel energy reliance,request-39-0-0
fossil fuel energy reliance,co₂ emissions,request-39-0-1
co₂ emissions,atmospheric greenhouse gas accumulation,request-39-0-2
atmospheric greenhouse gas accumulation,global warming,request-39-0-3
the high carbon footprint of labgrown wood,energyintensive production processes,request-39-1-0
energyintensive production processes,high electricity demand,request-39-1-1
high electricity demand,fossil fuel power generation,request-39-1-2
fossil fuel power generation,co₂ emissions,request-39-1-3
co₂ emissions,global warming,request-39-1-4
the high carbon footprint of labgrown wood,methane emissions from industrial labs,request-39-2-0
methane emissions from industrial labs,greenhouse gas amplification,request-39-2-1
greenhouse gas amplification,atmospheric warming,request-39-2-2
atmospheric warming,global warming,request-39-2-3
the high carbon footprint of labgrown wood,resource extraction for lab materials,request-39-3-0
resource extraction for lab materials,deforestation,request-39-3-1
deforestation,loss of carbon sequestration,request-39-3-2
loss of carbon sequestration,co₂ buildup,request-39-3-3
co₂ buildup,global warming,request-39-3-4
the high carbon footprint of labgrown wood,longdistance transportation logistics,request-39-4-0
longdistance transportation logistics,fuel combustion emissions,request-39-4-1
fuel combustion emissions,co₂ release,request-39-4-2
co₂ release,climate system disruption,request-39-4-3
climate system disruption,global warming,request-39-4-4
the high carbon footprint of labgrown wood,"misdirected ""green"" investments",request-39-5-0
"misdirected ""green"" investments",delayed renewable energy adoption,request-39-5-1
delayed renewable energy adoption,prolonged fossil fuel dependence,request-39-5-2
prolonged fossil fuel dependence,cumulative emissions,request-39-5-3
cumulative emissions,global warming,request-39-5-4
the enrichment of green energy investors and big banks,increased investment in renewable energy infrastructure,request-40-0-0
increased investment in renewable energy infrastructure,accelerated transition to clean energy systems,request-40-0-1
accelerated transition to clean energy systems,disruption of fossil fueldependent economies,request-40-0-2
disruption of fossil fueldependent economies,shift in political power from traditional energy sectors to green coalitions,request-40-0-3
shift in political power from traditional energy sectors to green coalitions,changes in the political economy of climate change,request-40-0-4
the enrichment of green energy investors and big banks,lobbying for government subsidies and climatefriendly policies,request-40-1-0
lobbying for government subsidies and climatefriendly policies,market dominance of renewable energy technologies,request-40-1-1
market dominance of renewable energy technologies,decline of fossil fuel industry influence,request-40-1-2
decline of fossil fuel industry influence,reconfiguration of economic priorities around sustainability,request-40-1-3
reconfiguration of economic priorities around sustainability,changes in the political economy of climate change,request-40-1-4
the enrichment of green energy investors and big banks,financial incentivization of lowcarbon innovations,request-40-2-0
financial incentivization of lowcarbon innovations,reduced global carbon emissions,request-40-2-1
reduced global carbon emissions,international pressure for stricter climate regulations,request-40-2-2
international pressure for stricter climate regulations,realignment of geopolitical alliances around green economies,request-40-2-3
realignment of geopolitical alliances around green economies,changes in the political economy of climate change,request-40-2-4
the enrichment of green energy investors and big banks,capital reallocation from fossil fuels to sustainable assets,request-40-3-0
capital reallocation from fossil fuels to sustainable assets,economic destabilization of hydrocarbonrich states,request-40-3-1
economic destabilization of hydrocarbonrich states,fragmentation of political resistance to climate action,request-40-3-2
fragmentation of political resistance to climate action,normalization of green finance in global governance,request-40-3-3
normalization of green finance in global governance,changes in the political economy of climate change,request-40-3-4
the enrichment of green energy investors and big banks,consolidation of proclimate political lobbying,request-40-4-0
consolidation of proclimate political lobbying,enactment of carbon pricing mechanisms,request-40-4-1
enactment of carbon pricing mechanisms,marketdriven phaseout of polluting industries,request-40-4-2
marketdriven phaseout of polluting industries,entrenchment of climate considerations in trade policies,request-40-4-3
entrenchment of climate considerations in trade policies,changes in the political economy of climate change,request-40-4-4
proposed bill,allocates infrastructure funds,request-41-0-0
allocates infrastructure funds,creates construction projects,request-41-0-1
creates construction projects,generates employment opportunities,request-41-0-2
generates employment opportunities,millions of jobs for americans,request-41-0-3
proposed bill,cuts corporate taxes,request-41-1-0
cuts corporate taxes,boosts business expansion,request-41-1-1
boosts business expansion,increases hiring demands,request-41-1-2
increases hiring demands,millions of jobs for americans,request-41-1-3
proposed bill,funds job training programs,request-41-2-0
funds job training programs,upskills workforce,request-41-2-1
upskills workforce,fills labor shortages,request-41-2-2
fills labor shortages,millions of jobs for americans,request-41-2-3
proposed bill,subsidizes renewable energy,request-41-3-0
subsidizes renewable energy,expands green industries,request-41-3-1
expands green industries,hires specialized workers,request-41-3-2
hires specialized workers,millions of jobs for americans,request-41-3-3
proposed bill,lowers smallbusiness loan rates,request-41-4-0
lowers smallbusiness loan rates,stimulates entrepreneurship,request-41-4-1
stimulates entrepreneurship,launches new companies,request-41-4-2
launches new companies,millions of jobs for americans,request-41-4-3
proposed bill,increases minimum wage,request-41-5-0
increases minimum wage,raises consumer spending,request-41-5-1
raises consumer spending,drives business growth,request-41-5-2
drives business growth,millions of jobs for americans,request-41-5-3
proposed bill,invests in healthcare,request-41-6-0
invests in healthcare,expands medical facilities,request-41-6-1
expands medical facilities,employs nurses and doctors,request-41-6-2
employs nurses and doctors,millions of jobs for americans,request-41-6-3
proposed bill,funds tech research,request-41-7-0
funds tech research,spurs innovation hubs,request-41-7-1
spurs innovation hubs,attracts skilled labor,request-41-7-2
attracts skilled labor,millions of jobs for americans,request-41-7-3
proposed bill,reduces trade barriers,request-41-8-0
reduces trade barriers,expands export markets,request-41-8-1
expands export markets,grows manufacturing,request-41-8-2
grows manufacturing,millions of jobs for americans,request-41-8-3
proposed bill,offers hiring tax credits,request-41-9-0
offers hiring tax credits,incentivizes employee recruitment,request-41-9-1
incentivizes employee recruitment,lowers unemployment,request-41-9-2
lowers unemployment,millions of jobs for americans,request-41-9-3
the avoidance of products from such companies,reduced financial support for polluting industries,request-42-0-0
reduced financial support for polluting industries,decreased corporate emissions,request-42-0-1
decreased corporate emissions,slowed global warming,request-42-0-2
slowed global warming,action against climate change,request-42-0-3
the avoidance of products from such companies,increased consumer awareness,request-42-1-0
increased consumer awareness,public pressure for sustainability,request-42-1-1
public pressure for sustainability,stricter environmental regulations,request-42-1-2
stricter environmental regulations,action against climate change,request-42-1-3
the avoidance of products from such companies,market shift toward ecofriendly alternatives,request-42-2-0
market shift toward ecofriendly alternatives,incentivized green innovation,request-42-2-1
incentivized green innovation,scalable clean energy solutions,request-42-2-2
scalable clean energy solutions,action against climate change,request-42-2-3
the avoidance of products from such companies,diminished fossil fuel demand,request-42-3-0
diminished fossil fuel demand,reduced extraction activities,request-42-3-1
reduced extraction activities,lower carbon emissions,request-42-3-2
lower carbon emissions,action against climate change,request-42-3-3
the avoidance of products from such companies,corporate adoption of netzero goals,request-42-4-0
corporate adoption of netzero goals,industrywide decarbonization,request-42-4-1
industrywide decarbonization,measurable climate impact,request-42-4-2
measurable climate impact,action against climate change,request-42-4-3
humans,global implementation of renewable energy systems,request-43-0-0
global implementation of renewable energy systems,reduction in fossil fuel dependence,request-43-0-1
reduction in fossil fuel dependence,decrease in greenhouse gas emissions,request-43-0-2
decrease in greenhouse gas emissions,stabilization of atmospheric carbon dioxide levels,request-43-0-3
stabilization of atmospheric carbon dioxide levels,climate not changing this year,request-43-0-4
humans,largescale reforestation efforts,request-43-1-0
largescale reforestation efforts,restoration of natural carbon sinks,request-43-1-1
restoration of natural carbon sinks,enhanced atmospheric co2 absorption,request-43-1-2
enhanced atmospheric co2 absorption,balance of global carbon cycle,request-43-1-3
balance of global carbon cycle,climate not changing this year,request-43-1-4
humans,development of carbon capture technologies,request-43-2-0
development of carbon capture technologies,industrialscale co2 removal,request-43-2-1
industrialscale co2 removal,reduction in net emissions,request-43-2-2
reduction in net emissions,mitigation of radiative forcing,request-43-2-3
mitigation of radiative forcing,climate not changing this year,request-43-2-4
humans,international climate policy agreements,request-43-3-0
international climate policy agreements,coordinated emission reductions,request-43-3-1
coordinated emission reductions,limitation of global temperature rise,request-43-3-2
limitation of global temperature rise,temporary climate equilibrium,request-43-3-3
temporary climate equilibrium,climate not changing this year,request-43-3-4
humans,shift to plantbased diets,request-43-4-0
shift to plantbased diets,decrease in agricultural methane emissions,request-43-4-1
decrease in agricultural methane emissions,slower shortterm warming,request-43-4-2
slower shortterm warming,delayed climate impacts,request-43-4-3
delayed climate impacts,climate not changing this year,request-43-4-4
humans,geoengineering interventions,request-43-5-0
geoengineering interventions,artificial reduction of solar radiation,request-43-5-1
artificial reduction of solar radiation,offset of greenhouse gas effects,request-43-5-2
offset of greenhouse gas effects,temporary stabilization of weather patterns,request-43-5-3
temporary stabilization of weather patterns,climate not changing this year,request-43-5-4
humans,electrification of transportation,request-43-6-0
electrification of transportation,phaseout of internal combustion engines,request-43-6-1
phaseout of internal combustion engines,drop in oil demand,request-43-6-2
drop in oil demand,lower emissions from transportation,request-43-6-3
lower emissions from transportation,climate not changing this year,request-43-6-4
humans,investment in energy efficiency,request-43-7-0
investment in energy efficiency,reduced industrial energy consumption,request-43-7-1
reduced industrial energy consumption,decline in coalfired power,request-43-7-2
decline in coalfired power,faster emission cuts,request-43-7-3
faster emission cuts,climate not changing this year,request-43-7-4
humans,climate education campaigns,request-43-8-0
climate education campaigns,behavioral shifts toward sustainability,request-43-8-1
behavioral shifts toward sustainability,reduced waste and consumption,request-43-8-2
reduced waste and consumption,lower resource exploitation,request-43-8-3
lower resource exploitation,climate not changing this year,request-43-8-4
humans,electrification of industry,request-43-9-0
electrification of industry,adoption of green hydrogen,request-43-9-1
adoption of green hydrogen,replacement of fossil fuels in manufacturing,request-43-9-2
replacement of fossil fuels in manufacturing,elimination of sectorspecific emissions,request-43-9-3
elimination of sectorspecific emissions,climate not changing this year,request-43-9-4
phytoplankton,dmsp production,request-44-0-0
dmsp production,dimethyl sulfide,request-44-0-1
phytoplankton,zooplankton grazing,request-44-1-0
zooplankton grazing,enzymatic dmsp breakdown,request-44-1-1
enzymatic dmsp breakdown,dimethyl sulfide,request-44-1-2
phytoplankton,phytoplankton mortality,request-44-2-0
phytoplankton mortality,dmsp release,request-44-2-1
dmsp release,bacterial conversion,request-44-2-2
bacterial conversion,dimethyl sulfide,request-44-2-3
phytoplankton,environmental stress,request-44-3-0
environmental stress,dmsp synthesis,request-44-3-1
dmsp synthesis,dimethyl sulfide,request-44-3-2
phytoplankton,photochemical degradation,request-44-4-0
photochemical degradation,dmsp cleavage,request-44-4-1
dmsp cleavage,dimethyl sulfide,request-44-4-2
phytoplankton,viral lysis,request-44-5-0
viral lysis,intracellular dmsp release,request-44-5-1
intracellular dmsp release,dimethyl sulfide,request-44-5-2
phytoplankton,nutrient limitation,request-44-6-0
nutrient limitation,osmoprotectant dmsp accumulation,request-44-6-1
osmoprotectant dmsp accumulation,dimethyl sulfide,request-44-6-2
phytoplankton,sulfur metabolism,request-44-7-0
sulfur metabolism,dmsp biosynthesis,request-44-7-1
dmsp biosynthesis,dimethyl sulfide,request-44-7-2
phytoplankton,bloom formation,request-44-8-0
bloom formation,community dmsp pooling,request-44-8-1
community dmsp pooling,dimethyl sulfide,request-44-8-2
phytoplankton,carbon fixation,request-44-9-0
carbon fixation,sulfur compound exudation,request-44-9-1
sulfur compound exudation,dimethyl sulfide,request-44-9-2
largescale desert sand blowing into ocean,ironrich dust deposition in marine ecosystems,request-45-0-0
ironrich dust deposition in marine ecosystems,increased bioavailable iron concentrations,request-45-0-1
increased bioavailable iron concentrations,phytoplankton bloom stimulation,request-45-0-2
phytoplankton bloom stimulation,ocean fertilization,request-45-0-3
largescale desert sand blowing into ocean,mineral nutrient input,request-45-1-0
mineral nutrient input,enhanced nutrient availability in oligotrophic waters,request-45-1-1
enhanced nutrient availability in oligotrophic waters,primary productivity boost,request-45-1-2
primary productivity boost,ocean fertilization,request-45-1-3
largescale desert sand blowing into ocean,organic matter transport to marine environments,request-45-2-0
organic matter transport to marine environments,microbial decomposition processes,request-45-2-1
microbial decomposition processes,nutrient recycling and release,request-45-2-2
nutrient recycling and release,ocean fertilization,request-45-2-3
largescale desert sand blowing into ocean,sedimentdriven changes in ocean chemistry,request-45-3-0
sedimentdriven changes in ocean chemistry,shifts in nutrient ratios,request-45-3-1
shifts in nutrient ratios,optimization of phytoplankton growth conditions,request-45-3-2
optimization of phytoplankton growth conditions,ocean fertilization,request-45-3-3
climate change,rising global temperatures,request-46-0-0
rising global temperatures,increased frequency of extreme weather events,request-46-0-1
increased frequency of extreme weather events,devastating natural disasters,request-46-0-2
devastating natural disasters,widespread destruction of infrastructure,request-46-0-3
widespread destruction of infrastructure,mass displacement of populations,request-46-0-4
mass displacement of populations,resource scarcity,request-46-0-5
resource scarcity,global societal collapse,request-46-0-6
global societal collapse,human extinction,request-46-0-7
climate change,melting of polar ice caps,request-46-1-0
melting of polar ice caps,sealevel rise,request-46-1-1
sealevel rise,inundation of coastal cities,request-46-1-2
inundation of coastal cities,loss of arable land,request-46-1-3
loss of arable land,food shortages,request-46-1-4
food shortages,global famine,request-46-1-5
global famine,population decline,request-46-1-6
population decline,human extinction,request-46-1-7
climate change,ocean acidification,request-46-2-0
ocean acidification,collapse of marine ecosystems,request-46-2-1
collapse of marine ecosystems,depletion of fish stocks,request-46-2-2
depletion of fish stocks,economic collapse of coastal communities,request-46-2-3
economic collapse of coastal communities,global economic instability,request-46-2-4
global economic instability,breakdown of trade systems,request-46-2-5
breakdown of trade systems,starvation and disease,request-46-2-6
starvation and disease,human extinction,request-46-2-7
climate change,disruption of weather patterns,request-46-3-0
disruption of weather patterns,prolonged droughts,request-46-3-1
prolonged droughts,water scarcity,request-46-3-2
water scarcity,conflicts over resources,request-46-3-3
conflicts over resources,largescale warfare,request-46-3-4
largescale warfare,nuclear conflict,request-46-3-5
nuclear conflict,global devastation,request-46-3-6
global devastation,human extinction,request-46-3-7
climate change,thawing permafrost,request-46-4-0
thawing permafrost,release of methane,request-46-4-1
release of methane,accelerated greenhouse effect,request-46-4-2
accelerated greenhouse effect,runaway global warming,request-46-4-3
runaway global warming,planetary temperatures exceeding habitable thresholds,request-46-4-4
planetary temperatures exceeding habitable thresholds,ecosystem collapse,request-46-4-5
ecosystem collapse,human extinction,request-46-4-6
climate change,expansion of disease vectors,request-46-5-0
expansion of disease vectors,increased spread of infectious diseases,request-46-5-1
increased spread of infectious diseases,global pandemics,request-46-5-2
global pandemics,overwhelmed healthcare systems,request-46-5-3
overwhelmed healthcare systems,high mortality rates,request-46-5-4
high mortality rates,collapse of human populations,request-46-5-5
collapse of human populations,human extinction,request-46-5-6
climate change,increased frequency of wildfires,request-46-6-0
increased frequency of wildfires,air pollution,request-46-6-1
air pollution,respiratory illnesses,request-46-6-2
respiratory illnesses,reduced life expectancy,request-46-6-3
reduced life expectancy,demographic collapse,request-46-6-4
demographic collapse,loss of societal resilience,request-46-6-5
loss of societal resilience,human extinction,request-46-6-6
climate change,shift in habitable zones,request-46-7-0
shift in habitable zones,mass migration,request-46-7-1
mass migration,geopolitical tensions,request-46-7-2
geopolitical tensions,global conflict,request-46-7-3
global conflict,collapse of international relations,request-46-7-4
collapse of international relations,failure to mitigate crises,request-46-7-5
failure to mitigate crises,human extinction,request-46-7-6
climate change,reduction in biodiversity,request-46-8-0
reduction in biodiversity,collapse of pollinator populations,request-46-8-1
collapse of pollinator populations,failure of agricultural systems,request-46-8-2
failure of agricultural systems,food chain disruption,request-46-8-3
food chain disruption,starvation,request-46-8-4
starvation,human extinction,request-46-8-5
climate change,psychological stress,request-46-9-0
psychological stress,increased mental health crises,request-46-9-1
increased mental health crises,societal dysfunction,request-46-9-2
societal dysfunction,erosion of cooperative behavior,request-46-9-3
erosion of cooperative behavior,failure to adapt,request-46-9-4
failure to adapt,human extinction,request-46-9-5
highlatitude glacier melt,freshwater discharge into oceans,request-47-0-0
freshwater discharge into oceans,sea level rise,request-47-0-1
highlatitude glacier melt,reduced ice mass,request-47-1-0
reduced ice mass,decreased gravitational pull on seawater,request-47-1-1
decreased gravitational pull on seawater,global sea level rise,request-47-1-2
highlatitude glacier melt,decreased albedo,request-47-2-0
decreased albedo,regional warming,request-47-2-1
regional warming,increased glacier melt,request-47-2-2
increased glacier melt,freshwater discharge,request-47-2-3
freshwater discharge,sea level rise,request-47-2-4
highlatitude glacier melt,freshwater input into oceans,request-47-3-0
freshwater input into oceans,ocean stratification,request-47-3-1
ocean stratification,reduced vertical mixing,request-47-3-2
reduced vertical mixing,enhanced surface warming,request-47-3-3
enhanced surface warming,thermal expansion of seawater,request-47-3-4
thermal expansion of seawater,sea level rise,request-47-3-5
every minor setback,delays,request-48-0-0
delays,increased costs,request-48-0-1
increased costs,budget cuts,request-48-0-2
budget cuts,reduced production,request-48-0-3
reduced production,shortages,request-48-0-4
every minor setback,resource misallocation,request-48-1-0
resource misallocation,inefficiencies,request-48-1-1
inefficiencies,wasted resources,request-48-1-2
wasted resources,scarcity,request-48-1-3
scarcity,shortages,request-48-1-4
every minor setback,lowered morale,request-48-2-0
lowered morale,decreased productivity,request-48-2-1
decreased productivity,supply gaps,request-48-2-2
supply gaps,shortages,request-48-2-3
every minor setback,risk aversion,request-48-3-0
risk aversion,delayed decisions,request-48-3-1
delayed decisions,missed opportunities,request-48-3-2
missed opportunities,supply chain disruptions,request-48-3-3
supply chain disruptions,shortages,request-48-3-4
every minor setback,equipment downtime,request-48-4-0
equipment downtime,delayed manufacturing,request-48-4-1
delayed manufacturing,backlogged orders,request-48-4-2
backlogged orders,shortages,request-48-4-3
every minor setback,transportation delays,request-48-5-0
transportation delays,delayed shipments,request-48-5-1
delayed shipments,empty shelves,request-48-5-2
empty shelves,shortages,request-48-5-3
every minor setback,staff frustration,request-48-6-0
staff frustration,high turnover,request-48-6-1
high turnover,labor shortages,request-48-6-2
labor shortages,reduced output,request-48-6-3
reduced output,shortages,request-48-6-4
every minor setback,investor hesitation,request-48-7-0
investor hesitation,reduced funding,request-48-7-1
reduced funding,cutbacks,request-48-7-2
cutbacks,supply constraints,request-48-7-3
supply constraints,shortages,request-48-7-4
every minor setback,quality control issues,request-48-8-0
quality control issues,product recalls,request-48-8-1
product recalls,loss of inventory,request-48-8-2
loss of inventory,shortages,request-48-8-3
every minor setback,communication breakdowns,request-48-9-0
communication breakdowns,coordination failures,request-48-9-1
coordination failures,logistical bottlenecks,request-48-9-2
logistical bottlenecks,supply shortages,request-48-9-3
every minor setback,operational halts,request-48-10-0
operational halts,production gaps,request-48-10-1
production gaps,shortages,request-48-10-2
every minor setback,resource diversion,request-48-11-0
resource diversion,depleted reserves,request-48-11-1
depleted reserves,shortages,request-48-11-2
tree planting,carbon sequestration,request-49-0-0
carbon sequestration,reduced atmospheric co2,request-49-0-1
reduced atmospheric co2,mitigated climate change,request-49-0-2
tree planting,shade provision,request-49-1-0
shade provision,reduced energy consumption,request-49-1-1
reduced energy consumption,lower emissions,request-49-1-2
lower emissions,mitigated climate change,request-49-1-3
tree planting,soil stabilization,request-49-2-0
soil stabilization,increased carbon storage,request-49-2-1
increased carbon storage,reduced atmospheric co2,request-49-2-2
reduced atmospheric co2,mitigated climate change,request-49-2-3
tree planting,evapotranspiration,request-49-3-0
evapotranspiration,altered precipitation patterns,request-49-3-1
altered precipitation patterns,climate regulation,request-49-3-2
climate regulation,mitigated climate change,request-49-3-3
tree planting,bioenergy production,request-49-4-0
bioenergy production,fossil fuel substitution,request-49-4-1
fossil fuel substitution,reduced emissions,request-49-4-2
reduced emissions,mitigated climate change,request-49-4-3
tree planting,urban cooling,request-49-5-0
urban cooling,reduced air conditioning use,request-49-5-1
reduced air conditioning use,lower emissions,request-49-5-2
lower emissions,mitigated climate change,request-49-5-3
tree planting,biodiversity enhancement,request-49-6-0
biodiversity enhancement,ecosystem resilience,request-49-6-1
ecosystem resilience,enhanced carbon sinks,request-49-6-2
enhanced carbon sinks,mitigated climate change,request-49-6-3
tree planting,water cycle regulation,request-49-7-0
water cycle regulation,ecosystem stability,request-49-7-1
ecosystem stability,carbon sequestration,request-49-7-2
carbon sequestration,mitigated climate change,request-49-7-3
40 degrees,prolonged heatwaves,request-50-0-0
prolonged heatwaves,severe drought,request-50-0-1
severe drought,desiccated vegetation,request-50-0-2
desiccated vegetation,fires in europe,request-50-0-3
40 degrees,elevated evaporation rates,request-50-1-0
elevated evaporation rates,water shortages,request-50-1-1
water shortages,arid conditions,request-50-1-2
arid conditions,fires in europe,request-50-1-3
40 degrees,increased human outdoor activity,request-50-2-0
increased human outdoor activity,unattended ignition sources,request-50-2-1
unattended ignition sources,accidental ignition events,request-50-2-2
accidental ignition events,fires in europe,request-50-2-3
40 degrees,thermal expansion of power lines,request-50-3-0
thermal expansion of power lines,electrical short circuits,request-50-3-1
electrical short circuits,spark emissions,request-50-3-2
spark emissions,fires in europe,request-50-3-3
40 degrees,heatinduced dry winds,request-50-4-0
heatinduced dry winds,ember dispersal,request-50-4-1
ember dispersal,fire propagation,request-50-4-2
fire propagation,fires in europe,request-50-4-3
40 degrees,agricultural drought,request-50-5-0
agricultural drought,dry crop residues,request-50-5-1
dry crop residues,spark ignition,request-50-5-2
spark ignition,fires in europe,request-50-5-3
40 degrees,atmospheric instability,request-50-6-0
atmospheric instability,thunderstorm development,request-50-6-1
thunderstorm development,lightning strikes,request-50-6-2
lightning strikes,fires in europe,request-50-6-3
40 degrees,accelerated snowmelt,request-50-7-0
accelerated snowmelt,extended fire season,request-50-7-1
extended fire season,prolonged fire risk,request-50-7-2
prolonged fire risk,fires in europe,request-50-7-3
air temperature,drought,request-51-0-0
drought,dry vegetation,request-51-0-1
dry vegetation,the fires,request-51-0-2
air temperature,increased evaporation,request-51-1-0
increased evaporation,soil moisture depletion,request-51-1-1
soil moisture depletion,dry vegetation,request-51-1-2
dry vegetation,the fires,request-51-1-3
air temperature,heatwave,request-51-2-0
heatwave,dry vegetation,request-51-2-1
dry vegetation,the fires,request-51-2-2
air temperature,thunderstorms,request-51-3-0
thunderstorms,lightning strikes,request-51-3-1
lightning strikes,the fires,request-51-3-2
air temperature,increased plant transpiration,request-51-4-0
increased plant transpiration,plant water stress,request-51-4-1
plant water stress,dry vegetation,request-51-4-2
dry vegetation,the fires,request-51-4-3
air temperature,early snowmelt,request-51-5-0
early snowmelt,extended dry season,request-51-5-1
extended dry season,dry vegetation,request-51-5-2
dry vegetation,the fires,request-51-5-3
the vaporization through heating,release of flammable vapors,request-52-0-0
release of flammable vapors,accumulation of vapors in air,request-52-0-1
accumulation of vapors in air,ignition by spark,request-52-0-2
ignition by spark,fires,request-52-0-3
the vaporization through heating,increased pressure in container,request-52-1-0
increased pressure in container,container rupture,request-52-1-1
container rupture,release of flammable substances,request-52-1-2
release of flammable substances,exposure to ignition source,request-52-1-3
exposure to ignition source,fires,request-52-1-4
the vaporization through heating,formation of flammable aerosol,request-52-2-0
formation of flammable aerosol,aerosol ignition,request-52-2-1
aerosol ignition,fires,request-52-2-2
the vaporization through heating,continued heating of vapor,request-52-3-0
continued heating of vapor,autoignition of vapor,request-52-3-1
autoignition of vapor,fires,request-52-3-2
the vaporization through heating,increased surface area of material,request-52-4-0
increased surface area of material,accelerated oxidation reaction,request-52-4-1
accelerated oxidation reaction,excessive heat generation,request-52-4-2
excessive heat generation,ignition of material,request-52-4-3
ignition of material,fires,request-52-4-4
the vaporization through heating,chemical reaction with oxygen,request-52-5-0
chemical reaction with oxygen,exothermic heat release,request-52-5-1
exothermic heat release,ignition of combustibles,request-52-5-2
ignition of combustibles,fires,request-52-5-3
the vaporization through heating,removal of coolant,request-52-6-0
removal of coolant,overheating of components,request-52-6-1
overheating of components,ignition of materials,request-52-6-2
ignition of materials,fires,request-52-6-3
the vaporization through heating,thermal decomposition into reactive gases,request-52-7-0
thermal decomposition into reactive gases,reaction with environment,request-52-7-1
reaction with environment,exothermic reaction,request-52-7-2
exothermic reaction,fires,request-52-7-3
the vaporization through heating,reduction of solvent volume,request-52-8-0
reduction of solvent volume,increased reaction rate,request-52-8-1
increased reaction rate,thermal runaway,request-52-8-2
thermal runaway,fires,request-52-8-3
the vaporization through heating,generation of static electricity,request-52-9-0
generation of static electricity,spark discharge,request-52-9-1
spark discharge,ignition of vapors,request-52-9-2
ignition of vapors,fires,request-52-9-3
40 degrees,drought,request-53-0-0
drought,dry vegetation,request-53-0-1
dry vegetation,fires,request-53-0-2
40 degrees,heatwave,request-53-1-0
heatwave,electrical grid overload,request-53-1-1
electrical grid overload,power line sparks,request-53-1-2
power line sparks,fires,request-53-1-3
40 degrees,high heat,request-53-2-0
high heat,spontaneous combustion,request-53-2-1
spontaneous combustion,fires,request-53-2-2
40 degrees,increased outdoor activities,request-53-3-0
increased outdoor activities,accidental ignition,request-53-3-1
accidental ignition,fires,request-53-3-2
40 degrees,material degradation,request-53-4-0
material degradation,combustible materials,request-53-4-1
combustible materials,fires,request-53-4-2
40 degrees,thunderstorms,request-53-5-0
thunderstorms,lightning strikes,request-53-5-1
lightning strikes,fires,request-53-5-2
unextinguished cigarette butt,smoldering ember,request-54-0-0
smoldering ember,dry vegetation ignition,request-54-0-1
dry vegetation ignition,fire spread,request-54-0-2
fire spread,fires,request-54-0-3
discarded lit cigarette,hot coal formation,request-54-1-0
hot coal formation,dry grass ignition,request-54-1-1
dry grass ignition,slow burn,request-54-1-2
slow burn,hidden fire,request-54-1-3
hidden fire,fires,request-54-1-4
cigarette butt thrown in trash,trash combustion,request-54-2-0
trash combustion,flame engulfment,request-54-2-1
flame engulfment,building ignition,request-54-2-2
building ignition,structural fire,request-54-2-3
structural fire,fires,request-54-2-4
spark emission,dry underbrush ignition,request-54-3-0
dry underbrush ignition,leaf combustion,request-54-3-1
leaf combustion,flame formation,request-54-3-2
flame formation,tree engulfment,request-54-3-3
tree engulfment,fires,request-54-3-4
power line spark,electrical arc,request-54-4-0
electrical arc,soil ignition,request-54-4-1
soil ignition,subsurface fire,request-54-4-2
subsurface fire,flame eruption,request-54-4-3
flame eruption,fires,request-54-4-4
firework spark,ember descent,request-54-5-0
ember descent,rooftop ignition,request-54-5-1
rooftop ignition,attic fire,request-54-5-2
attic fire,building fire,request-54-5-3
building fire,fires,request-54-5-4
lightning strike,tree ignition,request-54-6-0
tree ignition,branch fall,request-54-6-1
branch fall,grass fire,request-54-6-2
grass fire,fire spread,request-54-6-3
fire spread,fires,request-54-6-4
ground lightning strike,rock superheating,request-54-7-0
rock superheating,vegetation explosion,request-54-7-1
vegetation explosion,spark scattering,request-54-7-2
spark scattering,multiple fires,request-54-7-3
multiple fires,fires,request-54-7-4
lightning hit,dry thunderstorm,request-54-8-0
dry thunderstorm,cloudtoground strike,request-54-8-1
cloudtoground strike,forest floor ignition,request-54-8-2
forest floor ignition,uncontained fire,request-54-8-3
uncontained fire,fires,request-54-8-4
kentucky floods,infrastructure damage,request-55-0-0
infrastructure damage,transportation disruption,request-55-0-1
transportation disruption,supply chain breakdown,request-55-0-2
supply chain breakdown,resource shortages,request-55-0-3
resource shortages,public panic,request-55-0-4
public panic,chaos,request-55-0-5
kentucky floods,home displacement,request-55-1-0
home displacement,overcrowded shelters,request-55-1-1
overcrowded shelters,disease outbreaks,request-55-1-2
disease outbreaks,medical system overload,request-55-1-3
medical system overload,emergency service collapse,request-55-1-4
emergency service collapse,chaos,request-55-1-5
kentucky floods,water contamination,request-55-2-0
water contamination,health crises,request-55-2-1
health crises,workforce depletion,request-55-2-2
workforce depletion,economic paralysis,request-55-2-3
economic paralysis,social instability,request-55-2-4
social instability,chaos,request-55-2-5
texas snowfalls,power grid failure,request-55-3-0
power grid failure,hypothermia surge,request-55-3-1
hypothermia surge,hospital overcrowding,request-55-3-2
hospital overcrowding,treatment delays,request-55-3-3
treatment delays,mortality spikes,request-55-3-4
mortality spikes,chaos,request-55-3-5
texas snowfalls,road closures,request-55-4-0
road closures,food delivery halts,request-55-4-1
food delivery halts,grocery shortages,request-55-4-2
grocery shortages,looting,request-55-4-3
looting,law enforcement overwhelm,request-55-4-4
law enforcement overwhelm,chaos,request-55-4-5
texas snowfalls,communication blackouts,request-55-5-0
communication blackouts,misinformation spread,request-55-5-1
misinformation spread,coordination breakdown,request-55-5-2
coordination breakdown,relief effort failure,request-55-5-3
relief effort failure,desperation,request-55-5-4
desperation,chaos,request-55-5-5
people,arson,request-56-0-0
arson,fires,request-56-0-1
people,accidental ignition,request-56-1-0
accidental ignition,fires,request-56-1-1
people,electrical malfunction,request-56-2-0
electrical malfunction,sparks,request-56-2-1
sparks,fires,request-56-2-2
people,industrial activities,request-56-3-0
industrial activities,sparks,request-56-3-1
sparks,fires,request-56-3-2
people,climate change,request-56-4-0
climate change,increased temperatures,request-56-4-1
increased temperatures,dry conditions,request-56-4-2
dry conditions,fires,request-56-4-3
people,deforestation,request-56-5-0
deforestation,dry biomass accumulation,request-56-5-1
dry biomass accumulation,fires,request-56-5-2
people,discarded cigarettes,request-56-6-0
discarded cigarettes,ignition of dry vegetation,request-56-6-1
ignition of dry vegetation,fires,request-56-6-2
people,unattended campfires,request-56-7-0
unattended campfires,spread of embers,request-56-7-1
spread of embers,fires,request-56-7-2
people,infrastructure development,request-56-8-0
infrastructure development,power line faults,request-56-8-1
power line faults,electrical sparks,request-56-8-2
electrical sparks,fires,request-56-8-3
people,slashandburn agriculture,request-56-9-0
slashandburn agriculture,uncontrolled flames,request-56-9-1
uncontrolled flames,fires,request-56-9-2
people,fireworks,request-56-10-0
fireworks,sparks,request-56-10-1
sparks,fires,request-56-10-2
people,improper waste disposal,request-56-11-0
improper waste disposal,spontaneous combustion,request-56-11-1
spontaneous combustion,fires,request-56-11-2
people,littering,request-56-12-0
littering,flammable debris accumulation,request-56-12-1
flammable debris accumulation,fires,request-56-12-2
people,equipment use,request-56-13-0
equipment use,sparks,request-56-13-1
sparks,fires,request-56-13-2
people,children playing with fire,request-56-14-0
children playing with fire,uncontrolled flames,request-56-14-1
uncontrolled flames,fires,request-56-14-2
people,bbqs,request-56-15-0
bbqs,unattended flames,request-56-15-1
unattended flames,fires,request-56-15-2
people,bonfires,request-56-16-0
bonfires,embers spread,request-56-16-1
embers spread,fires,request-56-16-2
people,car engine malfunction,request-56-17-0
car engine malfunction,hot exhaust,request-56-17-1
hot exhaust,ignition of vegetation,request-56-17-2
ignition of vegetation,fires,request-56-17-3
people,glass litter,request-56-18-0
glass litter,concentrated sunlight,request-56-18-1
concentrated sunlight,ignition,request-56-18-2
ignition,fires,request-56-18-3
the water content of plants in hot climates,dehydration of plant tissues,request-57-0-0
dehydration of plant tissues,dry vegetation,request-57-0-1
dry vegetation,high flammability,request-57-0-2
high flammability,ignition,request-57-0-3
ignition,fires,request-57-0-4
the water content of plants in hot climates,heat stress,request-57-1-0
heat stress,plant mortality,request-57-1-1
plant mortality,dead biomass accumulation,request-57-1-2
dead biomass accumulation,fuel availability,request-57-1-3
fuel availability,combustion,request-57-1-4
combustion,fires,request-57-1-5
the water content of plants in hot climates,reduced transpiration,request-57-2-0
reduced transpiration,elevated tissue temperatures,request-57-2-1
elevated tissue temperatures,volatile organic compound release,request-57-2-2
volatile organic compound release,pyrolysis,request-57-2-3
pyrolysis,fires,request-57-2-4
the water content of plants in hot climates,drought stress,request-57-3-0
drought stress,leaf shedding,request-57-3-1
leaf shedding,litter layer formation,request-57-3-2
litter layer formation,fuel continuity,request-57-3-3
fuel continuity,fire ignition,request-57-3-4
fire ignition,fires,request-57-3-5
the water content of plants in hot climates,cell desiccation,request-57-4-0
cell desiccation,tissue brittleness,request-57-4-1
tissue brittleness,fragmentation into fine fuels,request-57-4-2
fragmentation into fine fuels,rapid ignition,request-57-4-3
rapid ignition,fires,request-57-4-4
humans,arson,request-58-0-0
arson,fires,request-58-0-1
humans,negligent behavior,request-58-1-0
negligent behavior,accidental ignition,request-58-1-1
accidental ignition,fires,request-58-1-2
humans,unattended campfires,request-58-2-0
unattended campfires,uncontrolled fire spread,request-58-2-1
uncontrolled fire spread,fires,request-58-2-2
humans,industrial operations,request-58-3-0
industrial operations,equipment sparks,request-58-3-1
equipment sparks,fires,request-58-3-2
humans,faulty wiring,request-58-4-0
faulty wiring,short circuit,request-58-4-1
short circuit,fires,request-58-4-2
humans,agricultural burning,request-58-5-0
agricultural burning,uncontrolled fire spread,request-58-5-1
uncontrolled fire spread,fires,request-58-5-2
humans,discarded cigarettes,request-58-6-0
discarded cigarettes,ignition of debris,request-58-6-1
ignition of debris,fires,request-58-6-2
humans,fireworks use,request-58-7-0
fireworks use,uncontrolled firework,request-58-7-1
uncontrolled firework,fires,request-58-7-2
humans,appliance misuse,request-58-8-0
appliance misuse,overheating,request-58-8-1
overheating,fires,request-58-8-2
humans,uncontrolled chemical reactions,request-58-9-0
uncontrolled chemical reactions,explosions,request-58-9-1
explosions,fires,request-58-9-2
humans,urban sprawl,request-58-10-0
urban sprawl,increased power lines,request-58-10-1
increased power lines,power line faults,request-58-10-2
power line faults,fires,request-58-10-3
humans,alcohol consumption,request-58-11-0
alcohol consumption,careless behavior,request-58-11-1
careless behavior,accidental ignition,request-58-11-2
accidental ignition,fires,request-58-11-3
humans,discarding lit matches,request-58-12-0
discarding lit matches,ignition of surroundings,request-58-12-1
ignition of surroundings,fires,request-58-12-2
humans,machinery operation,request-58-13-0
machinery operation,friction sparks,request-58-13-1
friction sparks,fires,request-58-13-2
humans,improper waste disposal,request-58-14-0
improper waste disposal,combustible waste accumulation,request-58-14-1
combustible waste accumulation,spontaneous combustion,request-58-14-2
spontaneous combustion,fires,request-58-14-3
humans,pyrotechnic displays,request-58-15-0
pyrotechnic displays,falling embers,request-58-15-1
falling embers,fires,request-58-15-2
humans,overloading circuits,request-58-16-0
overloading circuits,overheating wires,request-58-16-1
overheating wires,fires,request-58-16-2
humans,lack of maintenance,request-58-17-0
lack of maintenance,equipment failure,request-58-17-1
equipment failure,sparks,request-58-17-2
sparks,fires,request-58-17-3
40 degrees,drought conditions,request-59-0-0
drought conditions,dry vegetation,request-59-0-1
dry vegetation,fires,request-59-0-2
40 degrees,heatwave,request-59-1-0
heatwave,power line failures,request-59-1-1
power line failures,sparks,request-59-1-2
sparks,fires,request-59-1-3
40 degrees,increased outdoor activities,request-59-2-0
increased outdoor activities,unattended campfires,request-59-2-1
unattended campfires,fires,request-59-2-2
40 degrees,equipment overheating,request-59-3-0
equipment overheating,sparks,request-59-3-1
sparks,fires,request-59-3-2
40 degrees,spontaneous combustion of organic matter,request-59-4-0
spontaneous combustion of organic matter,fires,request-59-4-1
40 degrees,thunderstorms,request-59-5-0
thunderstorms,lightning strikes,request-59-5-1
lightning strikes,fires,request-59-5-2
40 degrees,strong winds,request-59-6-0
strong winds,ember spread,request-59-6-1
ember spread,fires,request-59-6-2
40 degrees,increased electricity demand,request-59-7-0
increased electricity demand,grid overload,request-59-7-1
grid overload,power line sparks,request-59-7-2
power line sparks,fires,request-59-7-3
40 degrees,electrical component melting,request-59-8-0
electrical component melting,short circuits,request-59-8-1
short circuits,sparks,request-59-8-2
sparks,fires,request-59-8-3
forest fires,burning of vegetation,request-60-0-0
burning of vegetation,ash deposition,request-60-0-1
ash deposition,soil nutrient enrichment,request-60-0-2
soil nutrient enrichment,the return of plant nutrients to the soil and subsequent rapid regrowth,request-60-0-3
forest fires,accumulation of dead organic matter,request-60-1-0
accumulation of dead organic matter,decomposition by microorganisms,request-60-1-1
decomposition by microorganisms,nutrient cycling,request-60-1-2
nutrient cycling,the return of plant nutrients to the soil and subsequent rapid regrowth,request-60-1-3
forest fires,release of nutrients from burned biomass,request-60-2-0
release of nutrients from burned biomass,increased soil fertility,request-60-2-1
increased soil fertility,the return of plant nutrients to the soil and subsequent rapid regrowth,request-60-2-2
forest fires,creation of open spaces,request-60-3-0
creation of open spaces,reduced competition for resources,request-60-3-1
reduced competition for resources,rapid colonization by pioneer species,request-60-3-2
rapid colonization by pioneer species,the return of plant nutrients to the soil and subsequent rapid regrowth,request-60-3-3
forest fires,charcoal formation,request-60-4-0
charcoal formation,slow release of nutrients,request-60-4-1
slow release of nutrients,soil fertility enhancement,request-60-4-2
soil fertility enhancement,the return of plant nutrients to the soil and subsequent rapid regrowth,request-60-4-3
forest fires,stimulation of serotinous seed germination,request-60-5-0
stimulation of serotinous seed germination,growth of fireadapted vegetation,request-60-5-1
growth of fireadapted vegetation,the return of plant nutrients to the soil and subsequent rapid regrowth,request-60-5-2
forest fires,alteration of soil chemistry,request-60-6-0
alteration of soil chemistry,enhanced nutrient availability,request-60-6-1
enhanced nutrient availability,the return of plant nutrients to the soil and subsequent rapid regrowth,request-60-6-2
plant nutrients returning to the soil,increased soil fertility,request-61-0-0
increased soil fertility,enhanced nutrient availability for plants,request-61-0-1
enhanced nutrient availability for plants,accelerated plant metabolic processes,request-61-0-2
accelerated plant metabolic processes,the relatively fast regrowth of plants,request-61-0-3
plant nutrients returning to the soil,decomposition of organic matter by soil microbes,request-61-1-0
decomposition of organic matter by soil microbes,release of inorganic nutrients,request-61-1-1
release of inorganic nutrients,efficient nutrient uptake by plant roots,request-61-1-2
efficient nutrient uptake by plant roots,the relatively fast regrowth of plants,request-61-1-3
plant nutrients returning to the soil,improvement of soil structure and water retention,request-61-2-0
improvement of soil structure and water retention,optimal hydration and aeration for roots,request-61-2-1
optimal hydration and aeration for roots,vigorous root development,request-61-2-2
vigorous root development,the relatively fast regrowth of plants,request-61-2-3
plant nutrients returning to the soil,growth of beneficial microbial communities,request-61-3-0
growth of beneficial microbial communities,symbiotic relationships enhancing nutrient absorption,request-61-3-1
symbiotic relationships enhancing nutrient absorption,boosted plant energy production,request-61-3-2
boosted plant energy production,the relatively fast regrowth of plants,request-61-3-3
plant nutrients returning to the soil,reduction of interspecific competition for resources,request-61-4-0
reduction of interspecific competition for resources,unrestricted access to nutrients and water,request-61-4-1
unrestricted access to nutrients and water,maximized photosynthetic activity,request-61-4-2
maximized photosynthetic activity,the relatively fast regrowth of plants,request-61-4-3
plant nutrients returning to the soil,stimulation of root hair proliferation,request-61-5-0
stimulation of root hair proliferation,increased surface area for nutrient absorption,request-61-5-1
increased surface area for nutrient absorption,rapid cell division and elongation,request-61-5-2
rapid cell division and elongation,the relatively fast regrowth of plants,request-61-5-3
humans discard cigarettes,lit cigarettes ignite dry vegetation,request-62-0-0
lit cigarettes ignite dry vegetation,vegetation fire spreads due to wind,request-62-0-1
vegetation fire spreads due to wind,large wildfire in europe,request-62-0-2
humans use barbecues or campfires carelessly,unattended flames ignite nearby flammable materials,request-62-1-0
unattended flames ignite nearby flammable materials,fire spreads to surrounding forests,request-62-1-1
fire spreads to surrounding forests,uncontrollable wildfire in europe,request-62-1-2
humans discard rubbish like glass,glass shards focus sunlight onto dry underbrush,request-62-2-0
glass shards focus sunlight onto dry underbrush,concentrated sunlight ignites small fire,request-62-2-1
concentrated sunlight ignites small fire,fire expands rapidly in arid conditions,request-62-2-2
fire expands rapidly in arid conditions,destructive wildfire in europe,request-62-2-3
global warming,higher temperatures,request-63-0-0
higher temperatures,droughts,request-63-0-1
droughts,fires,request-63-0-2
global warming,increased evaporation,request-63-1-0
increased evaporation,dry vegetation,request-63-1-1
dry vegetation,fires,request-63-1-2
global warming,heatwaves,request-63-2-0
heatwaves,stressed vegetation,request-63-2-1
stressed vegetation,fires,request-63-2-2
global warming,altered precipitation patterns,request-63-3-0
altered precipitation patterns,extended dry seasons,request-63-3-1
extended dry seasons,fires,request-63-3-2
global warming,pest infestations,request-63-4-0
pest infestations,dead vegetation,request-63-4-1
dead vegetation,fires,request-63-4-2
global warming,earlier snowmelt,request-63-5-0
earlier snowmelt,prolonged fire season,request-63-5-1
prolonged fire season,fires,request-63-5-2
global warming,increased lightning,request-63-6-0
increased lightning,more ignitions,request-63-6-1
more ignitions,fires,request-63-6-2
40 degrees,drought,request-64-0-0
drought,dry vegetation,request-64-0-1
dry vegetation,fires,request-64-0-2
40 degrees,heatwaves,request-64-1-0
heatwaves,power grid overload,request-64-1-1
power grid overload,power outages,request-64-1-2
power outages,unsafe fire sources,request-64-1-3
unsafe fire sources,fires,request-64-1-4
40 degrees,vegetation dehydration,request-64-2-0
vegetation dehydration,brittle plants,request-64-2-1
brittle plants,spontaneous combustion,request-64-2-2
spontaneous combustion,fires,request-64-2-3
40 degrees,thunderstorms,request-64-3-0
thunderstorms,lightning strikes,request-64-3-1
lightning strikes,fires,request-64-3-2
40 degrees,increased outdoor activities,request-64-4-0
increased outdoor activities,unattended campfires,request-64-4-1
unattended campfires,fires,request-64-4-2
40 degrees,high energy demand,request-64-5-0
high energy demand,electrical malfunctions,request-64-5-1
electrical malfunctions,sparks,request-64-5-2
sparks,fires,request-64-5-3
40 degrees,equipment overheating,request-64-6-0
equipment overheating,mechanical failures,request-64-6-1
mechanical failures,ignition sources,request-64-6-2
ignition sources,fires,request-64-6-3
40 degrees,heat stress,request-64-7-0
heat stress,human error,request-64-7-1
human error,accidental ignition,request-64-7-2
accidental ignition,fires,request-64-7-3
40 degrees,flammable gas expansion,request-64-8-0
flammable gas expansion,container ruptures,request-64-8-1
container ruptures,fuel leaks,request-64-8-2
fuel leaks,fires,request-64-8-3
40 degrees,chemical instability,request-64-9-0
chemical instability,exothermic reactions,request-64-9-1
exothermic reactions,spontaneous ignition,request-64-9-2
spontaneous ignition,fires,request-64-9-3
fungiculture,fungal mycelium growth,request-65-0-0
fungal mycelium growth,organic pollutant degradation,request-65-0-1
organic pollutant degradation,soil detoxification,request-65-0-2
soil detoxification,permaculture system integration,request-65-0-3
permaculture system integration,nutrient cycling optimization,request-65-0-4
nutrient cycling optimization,ecosystem stability improvement,request-65-0-5
ecosystem stability improvement,ecosystem remediation,request-65-0-6
permaculture,polyculture establishment,request-65-1-0
polyculture establishment,symbiotic mycorrhizal networks,request-65-1-1
symbiotic mycorrhizal networks,heavy metal sequestration,request-65-1-2
heavy metal sequestration,microbial community restoration,request-65-1-3
microbial community restoration,biodegradation enhancement,request-65-1-4
biodegradation enhancement,habitat rehabilitation,request-65-1-5
habitat rehabilitation,ecosystem remediation,request-65-1-6
fungiculture,mycoremediation application,request-65-2-0
mycoremediation application,petroleum hydrocarbon breakdown,request-65-2-1
petroleum hydrocarbon breakdown,permaculture agroforestry,request-65-2-2
permaculture agroforestry,erosion control,request-65-2-3
erosion control,carbon sequestration,request-65-2-4
carbon sequestration,biodiversity increase,request-65-2-5
biodiversity increase,ecological balance restoration,request-65-2-6
ecological balance restoration,ecosystem remediation,request-65-2-7
<hunger>,resource scarcity,request-66-0-0
resource scarcity,competition for resources,request-66-0-1
competition for resources,armed conflict,request-66-0-2
armed conflict,wars and millions of deaths,request-66-0-3
<thirst>,water scarcity,request-66-1-0
water scarcity,hygiene decline,request-66-1-1
hygiene decline,disease outbreaks,request-66-1-2
disease outbreaks,population weakening,request-66-1-3
population weakening,vulnerability to conquest,request-66-1-4
vulnerability to conquest,wars and millions of deaths,request-66-1-5
<drought>,crop failure,request-66-2-0
crop failure,famine,request-66-2-1
famine,mass migration,request-66-2-2
mass migration,border tensions,request-66-2-3
border tensions,territorial disputes,request-66-2-4
territorial disputes,wars and millions of deaths,request-66-2-5
<drought>,economic collapse,request-66-3-0
economic collapse,political instability,request-66-3-1
political instability,government breakdown,request-66-3-2
government breakdown,power vacuum,request-66-3-3
power vacuum,factional warfare,request-66-3-4
factional warfare,wars and millions of deaths,request-66-3-5
<hunger>,malnutrition,request-66-4-0
malnutrition,labor shortages,request-66-4-1
labor shortages,economic stagnation,request-66-4-2
economic stagnation,unemployment,request-66-4-3
unemployment,social unrest,request-66-4-4
social unrest,revolutionary uprisings,request-66-4-5
revolutionary uprisings,civil wars,request-66-4-6
civil wars,wars and millions of deaths,request-66-4-7
fuel,combustion,request-67-0-0
combustion,emissions,request-67-0-1
fuel,burning,request-67-1-0
burning,emissions,request-67-1-1
fuel,energy production,request-67-2-0
energy production,emissions,request-67-2-1
fuel,refining,request-67-3-0
refining,emissions,request-67-3-1
fuel,transportation,request-67-4-0
transportation,emissions,request-67-4-1
fuel,industrial processes,request-67-5-0
industrial processes,emissions,request-67-5-1
fuel,incomplete combustion,request-67-6-0
incomplete combustion,emissions,request-67-6-1
fuel,fossil fuel usage,request-67-7-0
fossil fuel usage,emissions,request-67-7-1
fuel,power generation,request-67-8-0
power generation,emissions,request-67-8-1
fuel,chemical reactions,request-67-9-0
chemical reactions,emissions,request-67-9-1
fuel,consumption,request-67-10-0
consumption,emissions,request-67-10-1
fuel,extraction,request-67-11-0
extraction,emissions,request-67-11-1
fuel,human activity,request-67-12-0
human activity,emissions,request-67-12-1
fuel,emission release,request-67-13-0
emission release,emissions,request-67-13-1
canada,canada's greenhouse gas emissions,request-68-0-0
canada's greenhouse gas emissions,1% of global emissions,request-68-0-1
canada,canada's economy,request-68-1-0
canada's economy,canadian oil and gas industry,request-68-1-1
canadian oil and gas industry,canada's greenhouse gas emissions,request-68-1-2
canada's greenhouse gas emissions,1% of global emissions,request-68-1-3
canada,canadian energy consumption,request-68-2-0
canadian energy consumption,fossil fuel usage,request-68-2-1
fossil fuel usage,canada's greenhouse gas emissions,request-68-2-2
canada's greenhouse gas emissions,1% of global emissions,request-68-2-3
canada,canadian transportation sector,request-68-3-0
canadian transportation sector,fossil fuel combustion,request-68-3-1
fossil fuel combustion,canada's greenhouse gas emissions,request-68-3-2
canada's greenhouse gas emissions,1% of global emissions,request-68-3-3
canada,canadian industrial processes,request-68-4-0
canadian industrial processes,greenhouse gas emissions from industry,request-68-4-1
greenhouse gas emissions from industry,canada's greenhouse gas emissions,request-68-4-2
canada's greenhouse gas emissions,1% of global emissions,request-68-4-3
canada,canadian agriculture,request-68-5-0
canadian agriculture,livestock farming,request-68-5-1
livestock farming,methane emissions,request-68-5-2
methane emissions,canada's greenhouse gas emissions,request-68-5-3
canada's greenhouse gas emissions,1% of global emissions,request-68-5-4
canada,canadian waste management,request-68-6-0
canadian waste management,landfill decomposition,request-68-6-1
landfill decomposition,methane emissions,request-68-6-2
methane emissions,canada's greenhouse gas emissions,request-68-6-3
canada's greenhouse gas emissions,1% of global emissions,request-68-6-4
canada,canadian population,request-68-7-0
canadian population,per capita emissions,request-68-7-1
per capita emissions,canada's greenhouse gas emissions,request-68-7-2
canada's greenhouse gas emissions,1% of global emissions,request-68-7-3
canada,canadian government policies,request-68-8-0
canadian government policies,fossil fuel subsidies,request-68-8-1
fossil fuel subsidies,increased fossil fuel use,request-68-8-2
increased fossil fuel use,canada's greenhouse gas emissions,request-68-8-3
canada's greenhouse gas emissions,1% of global emissions,request-68-8-4
canada,canadian climate,request-68-9-0
canadian climate,high heating demand,request-68-9-1
high heating demand,energy consumption,request-68-9-2
energy consumption,fossil fuel usage,request-68-9-3
fossil fuel usage,canada's greenhouse gas emissions,request-68-9-4
canada's greenhouse gas emissions,1% of global emissions,request-68-9-5
canada,urban sprawl,request-68-10-0
urban sprawl,increased vehicle use,request-68-10-1
increased vehicle use,transportation emissions,request-68-10-2
transportation emissions,canada's greenhouse gas emissions,request-68-10-3
canada's greenhouse gas emissions,1% of global emissions,request-68-10-4
canada,coalfired power plants,request-68-11-0
coalfired power plants,electricity generation emissions,request-68-11-1
electricity generation emissions,canada's greenhouse gas emissions,request-68-11-2
canada's greenhouse gas emissions,1% of global emissions,request-68-11-3
canada,natural gas industry,request-68-12-0
natural gas industry,methane leaks,request-68-12-1
methane leaks,canada's greenhouse gas emissions,request-68-12-2
canada's greenhouse gas emissions,1% of global emissions,request-68-12-3
canada,canadian deforestation,request-68-13-0
canadian deforestation,carbon release,request-68-13-1
carbon release,canada's greenhouse gas emissions,request-68-13-2
canada's greenhouse gas emissions,1% of global emissions,request-68-13-3
<fossil fuels>,<air pollution>,request-69-0-0
<air pollution>,<respiratory diseases>,request-69-0-1
<respiratory diseases>,<premature deaths>,request-69-0-2
<fossil fuels>,<carbon emissions>,request-69-1-0
<carbon emissions>,<climate change>,request-69-1-1
<climate change>,<heatwaves>,request-69-1-2
<heatwaves>,<heatrelated mortality>,request-69-1-3
<fossil fuels>,<particulate matter >,request-69-2-0
<particulate matter >,<cardiovascular diseases>,request-69-2-1
<cardiovascular diseases>,<premature mortality>,request-69-2-2
<fossil fuels>,<industrial emissions>,request-69-3-0
<industrial emissions>,<urban smog>,request-69-3-1
<urban smog>,<aggravated asthma>,request-69-3-2
<aggravated asthma>,<fatal respiratory failure>,request-69-3-3
<fossil fuels>,<sulfur dioxide emissions>,request-69-4-0
<sulfur dioxide emissions>,<lung cancer>,request-69-4-1
<lung cancer>,<cancerrelated deaths>,request-69-4-2
<fossil fuels>,<nitrogen oxides>,request-69-5-0
<nitrogen oxides>,<stroke>,request-69-5-1
<stroke>,<cerebrovascular mortality>,request-69-5-2
<fossil fuels>,<climatedriven extreme weather>,request-69-6-0
<climatedriven extreme weather>,<displacement and resource scarcity>,request-69-6-1
<displacement and resource scarcity>,<conflictrelated deaths>,request-69-6-2
loss of land in farms with turbines,reduction in arable land,request-70-0-0
reduction in arable land,decreased crop cultivation,request-70-0-1
decreased crop cultivation,lower crop yields,request-70-0-2
lower crop yields,loss of production,request-70-0-3
loss of land in farms with turbines,disruption of farming activities,request-70-1-0
disruption of farming activities,interference with agricultural practices,request-70-1-1
interference with agricultural practices,inefficient farming processes,request-70-1-2
inefficient farming processes,loss of production,request-70-1-3
loss of land in farms with turbines,soil erosion around turbine sites,request-70-2-0
soil erosion around turbine sites,degraded soil quality,request-70-2-1
degraded soil quality,reduced agricultural output,request-70-2-2
reduced agricultural output,loss of production,request-70-2-3
loss of land in farms with turbines,limited access to farming areas,request-70-3-0
limited access to farming areas,delayed planting or harvesting,request-70-3-1
delayed planting or harvesting,missed growth cycles,request-70-3-2
missed growth cycles,loss of production,request-70-3-3
loss of land in farms with turbines,increased operational costs,request-70-4-0
increased operational costs,reduced investment in farming resources,request-70-4-1
reduced investment in farming resources,insufficient crop management,request-70-4-2
insufficient crop management,loss of production,request-70-4-3
loss of land in farms with turbines,regulatory restrictions on land use,request-70-5-0
regulatory restrictions on land use,mandated reduction in cultivable area,request-70-5-1
mandated reduction in cultivable area,legally enforced lower output,request-70-5-2
legally enforced lower output,loss of production,request-70-5-3
loss of land in farms with turbines,fragmentation of farmable land,request-70-6-0
fragmentation of farmable land,inefficient land utilization,request-70-6-1
inefficient land utilization,reduced economies of scale,request-70-6-2
reduced economies of scale,loss of production,request-70-6-3
loss of land in farms with turbines,wildlife disruption,request-70-7-0
wildlife disruption,loss of natural pollinators,request-70-7-1
loss of natural pollinators,poor pollination rates,request-70-7-2
poor pollination rates,reduced crop yields,request-70-7-3
reduced crop yields,loss of production,request-70-7-4
loss of land in farms with turbines,increased maintenance workload,request-70-8-0
increased maintenance workload,labor shortages,request-70-8-1
labor shortages,neglected crops,request-70-8-2
neglected crops,loss of production,request-70-8-3
humans,burning fossil fuels,request-71-0-0
burning fossil fuels,greenhouse gas emissions,request-71-0-1
greenhouse gas emissions,global warming,request-71-0-2
global warming,climate change,request-71-0-3
humans,deforestation,request-71-1-0
deforestation,reduced carbon sequestration,request-71-1-1
reduced carbon sequestration,atmospheric co2 increase,request-71-1-2
atmospheric co2 increase,climate change,request-71-1-3
humans,livestock farming,request-71-2-0
livestock farming,methane emissions,request-71-2-1
methane emissions,greenhouse effect enhancement,request-71-2-2
greenhouse effect enhancement,climate change,request-71-2-3
humans,industrial processes,request-71-3-0
industrial processes,cfcs/hfcs emissions,request-71-3-1
cfcs/hfcs emissions,greenhouse gas accumulation,request-71-3-2
greenhouse gas accumulation,climate change,request-71-3-3
humans,waste generation,request-71-4-0
waste generation,landfill decomposition,request-71-4-1
landfill decomposition,methane emissions,request-71-4-2
methane emissions,climate change,request-71-4-3
humans,transportation,request-71-5-0
transportation,fossil fuel combustion,request-71-5-1
fossil fuel combustion,co2 emissions,request-71-5-2
co2 emissions,climate change,request-71-5-3
humans,population growth,request-71-6-0
population growth,increased energy consumption,request-71-6-1
increased energy consumption,fossil fuel dependence,request-71-6-2
fossil fuel dependence,co2 emissions,request-71-6-3
co2 emissions,climate change,request-71-6-4
humans,highmeat diets,request-71-7-0
highmeat diets,livestock expansion,request-71-7-1
livestock expansion,methane release,request-71-7-2
methane release,climate change,request-71-7-3
humans,urbanization,request-71-8-0
urbanization,infrastructure development,request-71-8-1
infrastructure development,cement production,request-71-8-2
cement production,co2 emissions,request-71-8-3
co2 emissions,climate change,request-71-8-4
humans,fast fashion industry,request-71-9-0
fast fashion industry,textile production,request-71-9-1
textile production,carbon emissions,request-71-9-2
carbon emissions,climate change,request-71-9-3
humans,synthetic fertilizer application,request-71-10-0
synthetic fertilizer application,nitrous oxide emissions,request-71-10-1
nitrous oxide emissions,greenhouse gas accumulation,request-71-10-2
greenhouse gas accumulation,climate change,request-71-10-3
humans,rice farming,request-71-11-0
rice farming,methane emissions,request-71-11-1
methane emissions,climate change,request-71-11-2
co2 dumping,enhanced greenhouse effect,request-72-0-0
enhanced greenhouse effect,global warming,request-72-0-1
global warming,warmth,request-72-0-2
co2 dumping,increased atmospheric co2,request-72-1-0
increased atmospheric co2,infrared radiation trapping,request-72-1-1
infrared radiation trapping,atmospheric heating,request-72-1-2
atmospheric heating,global temperature rise,request-72-1-3
global temperature rise,warmth,request-72-1-4
co2 dumping,climate change,request-72-2-0
climate change,temperature increase,request-72-2-1
temperature increase,warmth,request-72-2-2
co2 dumping,ocean warming,request-72-3-0
ocean warming,heat transfer to atmosphere,request-72-3-1
heat transfer to atmosphere,atmospheric warming,request-72-3-2
atmospheric warming,warmth,request-72-3-3
co2 dumping,global warming,request-72-4-0
global warming,permafrost thaw,request-72-4-1
permafrost thaw,methane release,request-72-4-2
methane release,greenhouse gas increase,request-72-4-3
greenhouse gas increase,enhanced greenhouse effect,request-72-4-4
enhanced greenhouse effect,further warming,request-72-4-5
further warming,warmth,request-72-4-6
co2 dumping,reduced heat radiation to space,request-72-5-0
reduced heat radiation to space,energy imbalance,request-72-5-1
energy imbalance,planetary warming,request-72-5-2
planetary warming,warmth,request-72-5-3
co2 dumping,disruption of carbon cycle,request-72-6-0
disruption of carbon cycle,atmospheric composition change,request-72-6-1
atmospheric composition change,radiative forcing,request-72-6-2
radiative forcing,temperature rise,request-72-6-3
temperature rise,warmth,request-72-6-4
co2 dumping,global warming,request-72-7-0
global warming,increased water vapor,request-72-7-1
increased water vapor,amplified greenhouse effect,request-72-7-2
amplified greenhouse effect,intensified warming,request-72-7-3
intensified warming,warmth,request-72-7-4
higher concentrations of co2,enhance photosynthesis in plants through the co2 fertilization effect,request-73-0-0
enhance photosynthesis in plants through the co2 fertilization effect,increase plant growth and biomass,request-73-0-1
increase plant growth and biomass,lead to surface greening,request-73-0-2
lead to surface greening,boost transpiration rates,request-73-0-3
boost transpiration rates,amplify evaporative cooling,request-73-0-4
amplify evaporative cooling,act as a convective refrigerant,request-73-0-5
higher concentrations of co2,elevate atmospheric temperatures,request-73-1-0
elevate atmospheric temperatures,extend growing seasons in certain regions,request-73-1-1
extend growing seasons in certain regions,promote surface greening,request-73-1-2
promote surface greening,increase canopy transpiration,request-73-1-3
increase canopy transpiration,intensify latent heat release,request-73-1-4
intensify latent heat release,drive convective cooling processes,request-73-1-5
drive convective cooling processes,produce a refrigerant effect,request-73-1-6
higher concentrations of co2,improve plant wateruse efficiency,request-73-2-0
improve plant wateruse efficiency,enable vegetation expansion in waterlimited regions,request-73-2-1
enable vegetation expansion in waterlimited regions,result in surface greening,request-73-2-2
result in surface greening,enhance evapotranspiration,request-73-2-3
enhance evapotranspiration,transfer heat via phase change of water,request-73-2-4
transfer heat via phase change of water,generate convective refrigeration,request-73-2-5
higher concentrations of co2,stimulate woody plant encroachment,request-73-3-0
stimulate woody plant encroachment,increase surface roughness,request-73-3-1
increase surface roughness,alter turbulent fluxes,request-73-3-2
alter turbulent fluxes,enhance convective heat dissipation,request-73-3-3
enhance convective heat dissipation,reduce surface temperatures,request-73-3-4
reduce surface temperatures,manifest as a refrigerant effect through modified energy partitioning,request-73-3-5
humans,increase in industrial activities,request-74-0-0
increase in industrial activities,higher fossil fuel combustion,request-74-0-1
higher fossil fuel combustion,rise in co₂ emissions,request-74-0-2
rise in co₂ emissions,enhanced greenhouse effect,request-74-0-3
enhanced greenhouse effect,global temperature increase,request-74-0-4
global temperature increase,climate change,request-74-0-5
humans,widespread deforestation,request-74-1-0
widespread deforestation,reduced carbon sequestration,request-74-1-1
reduced carbon sequestration,higher atmospheric co₂ levels,request-74-1-2
higher atmospheric co₂ levels,enhanced greenhouse effect,request-74-1-3
enhanced greenhouse effect,global temperature increase,request-74-1-4
global temperature increase,climate change,request-74-1-5
humans,expansion of agriculture,request-74-2-0
expansion of agriculture,increase in methane emissions from livestock,request-74-2-1
increase in methane emissions from livestock,enhanced greenhouse effect,request-74-2-2
enhanced greenhouse effect,global temperature increase,request-74-2-3
global temperature increase,climate change,request-74-2-4
humans,release of chlorofluorocarbons,request-74-3-0
release of chlorofluorocarbons,increased atmospheric heat retention,request-74-3-1
increased atmospheric heat retention,enhanced greenhouse effect,request-74-3-2
enhanced greenhouse effect,global temperature increase,request-74-3-3
global temperature increase,climate change,request-74-3-4
humans,urbanization growth,request-74-4-0
urbanization growth,increased energy consumption,request-74-4-1
increased energy consumption,higher fossil fuel use,request-74-4-2
higher fossil fuel use,rise in co₂ emissions,request-74-4-3
rise in co₂ emissions,enhanced greenhouse effect,request-74-4-4
enhanced greenhouse effect,global temperature increase,request-74-4-5
global temperature increase,climate change,request-74-4-6
humans,global population growth,request-74-5-0
global population growth,increased resource demand,request-74-5-1
increased resource demand,higher greenhouse gas emissions,request-74-5-2
higher greenhouse gas emissions,enhanced greenhouse effect,request-74-5-3
enhanced greenhouse effect,global temperature increase,request-74-5-4
global temperature increase,climate change,request-74-5-5
humans,improper waste disposal,request-74-6-0
improper waste disposal,methane emissions from landfills,request-74-6-1
methane emissions from landfills,enhanced greenhouse effect,request-74-6-2
enhanced greenhouse effect,global temperature increase,request-74-6-3
global temperature increase,climate change,request-74-6-4
humans,production of cement,request-74-7-0
production of cement,co₂ release from calcination process,request-74-7-1
co₂ release from calcination process,rise in atmospheric co₂,request-74-7-2
rise in atmospheric co₂,enhanced greenhouse effect,request-74-7-3
enhanced greenhouse effect,global temperature increase,request-74-7-4
global temperature increase,climate change,request-74-7-5
humans,use of synthetic fertilizers,request-74-8-0
use of synthetic fertilizers,nitrous oxide emissions,request-74-8-1
nitrous oxide emissions,enhanced greenhouse effect,request-74-8-2
enhanced greenhouse effect,global temperature increase,request-74-8-3
global temperature increase,climate change,request-74-8-4
humans' greenhouse gas contributions,increase in atmospheric carbon dioxide,request-75-0-0
increase in atmospheric carbon dioxide,enhanced greenhouse effect,request-75-0-1
enhanced greenhouse effect,increase of heat retention on earth,request-75-0-2
humans' greenhouse gas contributions,increase in atmospheric methane,request-75-1-0
increase in atmospheric methane,enhanced greenhouse effect,request-75-1-1
enhanced greenhouse effect,increase of heat retention on earth,request-75-1-2
humans' greenhouse gas contributions,deforestation,request-75-2-0
deforestation,reduced carbon sequestration,request-75-2-1
reduced carbon sequestration,increase in atmospheric carbon dioxide,request-75-2-2
increase in atmospheric carbon dioxide,enhanced greenhouse effect,request-75-2-3
enhanced greenhouse effect,increase of heat retention on earth,request-75-2-4
humans' greenhouse gas contributions,fossil fuel combustion,request-75-3-0
fossil fuel combustion,release of carbon dioxide,request-75-3-1
release of carbon dioxide,enhanced greenhouse effect,request-75-3-2
enhanced greenhouse effect,increase of heat retention on earth,request-75-3-3
humans' greenhouse gas contributions,agricultural methane emissions,request-75-4-0
agricultural methane emissions,increase in atmospheric methane,request-75-4-1
increase in atmospheric methane,enhanced greenhouse effect,request-75-4-2
enhanced greenhouse effect,increase of heat retention on earth,request-75-4-3
humans' greenhouse gas contributions,industrial fluorinated gas emissions,request-75-5-0
industrial fluorinated gas emissions,accumulation of fluorinated gases,request-75-5-1
accumulation of fluorinated gases,enhanced greenhouse effect,request-75-5-2
enhanced greenhouse effect,increase of heat retention on earth,request-75-5-3
humans' greenhouse gas contributions,initial atmospheric warming,request-75-6-0
initial atmospheric warming,increased water vapor concentration,request-75-6-1
increased water vapor concentration,amplified greenhouse effect,request-75-6-2
amplified greenhouse effect,increase of heat retention on earth,request-75-6-3
humans' greenhouse gas contributions,permafrost thawing,request-75-7-0
permafrost thawing,release of stored methane,request-75-7-1
release of stored methane,enhanced greenhouse effect,request-75-7-2
enhanced greenhouse effect,increase of heat retention on earth,request-75-7-3
humans' greenhouse gas contributions,nitrogenbased fertilizer use,request-75-8-0
nitrogenbased fertilizer use,increase in atmospheric nitrous oxide,request-75-8-1
increase in atmospheric nitrous oxide,enhanced greenhouse effect,request-75-8-2
enhanced greenhouse effect,increase of heat retention on earth,request-75-8-3
humans' greenhouse gas contributions,urbanizationrelated emissions,request-75-9-0
urbanizationrelated emissions,localized heat amplification,request-75-9-1
localized heat amplification,regional temperature rise,request-75-9-2
regional temperature rise,increased energy retention in earth's system,request-75-9-3
individual carbon footprint reduction,decreased greenhouse gas emissions,request-76-0-0
decreased greenhouse gas emissions,slowed global warming,request-76-0-1
slowed global warming,help for climate change,request-76-0-2
individual carbon footprint reduction,increased community engagement,request-76-1-0
increased community engagement,implementation of renewable energy policies,request-76-1-1
implementation of renewable energy policies,largescale emission reductions,request-76-1-2
largescale emission reductions,help for climate change,request-76-1-3
individual carbon footprint reduction,sustainable consumption patterns,request-76-2-0
sustainable consumption patterns,corporate sustainability initiatives,request-76-2-1
corporate sustainability initiatives,reduced industrial emissions,request-76-2-2
reduced industrial emissions,help for climate change,request-76-2-3
individual carbon footprint reduction,resource conservation,request-76-3-0
resource conservation,biodiversity preservation,request-76-3-1
biodiversity preservation,enhanced ecosystem carbon sequestration,request-76-3-2
enhanced ecosystem carbon sequestration,help for climate change,request-76-3-3
individual carbon footprint reduction,investment in green technologies,request-76-4-0
investment in green technologies,accelerated clean energy innovation,request-76-4-1
accelerated clean energy innovation,global emission reductions,request-76-4-2
global emission reductions,help for climate change,request-76-4-3
individual carbon footprint reduction,reduced air pollution,request-76-5-0
reduced air pollution,improved public health,request-76-5-1
improved public health,strengthened climate resilience,request-76-5-2
strengthened climate resilience,help for climate change,request-76-5-3
individual carbon footprint reduction,behavioral norms shift,request-76-6-0
behavioral norms shift,market demand for sustainability,request-76-6-1
market demand for sustainability,economic decarbonization,request-76-6-2
economic decarbonization,help for climate change,request-76-6-3
individual carbon footprint reduction,raised climate awareness,request-76-7-0
raised climate awareness,policy advocacy,request-76-7-1
policy advocacy,enforced climate regulations,request-76-7-2
enforced climate regulations,help for climate change,request-76-7-3
china's international trade,increased manufacturing activity,request-77-0-0
increased manufacturing activity,higher energy demand,request-77-0-1
higher energy demand,fossil fuel combustion,request-77-0-2
fossil fuel combustion,co2 emissions,request-77-0-3
co2 emissions,13% of total emissions,request-77-0-4
china's international trade,growth in exportoriented industries,request-77-1-0
growth in exportoriented industries,expanded industrial production,request-77-1-1
expanded industrial production,coalfired power generation,request-77-1-2
coalfired power generation,greenhouse gas emissions,request-77-1-3
greenhouse gas emissions,13% of total emissions,request-77-1-4
china's international trade,heightened transportation requirements,request-77-2-0
heightened transportation requirements,increased maritime shipping,request-77-2-1
increased maritime shipping,bunker fuel consumption,request-77-2-2
bunker fuel consumption,co2 emissions,request-77-2-3
co2 emissions,13% of total emissions,request-77-2-4
china's international trade,integration into global supply chains,request-77-3-0
integration into global supply chains,production of goods for foreign markets,request-77-3-1
production of goods for foreign markets,energyintensive manufacturing processes,request-77-3-2
energyintensive manufacturing processes,fossil fuel use,request-77-3-3
fossil fuel use,emissions contributing to 13% of total,request-77-3-4
china's international trade,economic growth,request-77-4-0
economic growth,rising energy consumption,request-77-4-1
rising energy consumption,fossil fuel reliance,request-77-4-2
fossil fuel reliance,emissions accumulation,request-77-4-3
emissions accumulation,13% of total emissions,request-77-4-4
china's international trade,foreign direct investment,request-77-5-0
foreign direct investment,industrial expansion,request-77-5-1
industrial expansion,coal dependency,request-77-5-2
coal dependency,carbon emissions,request-77-5-3
carbon emissions,13% of global emissions,request-77-5-4
china's international trade,exportdriven resource extraction,request-77-6-0
exportdriven resource extraction,steel and cement production,request-77-6-1
steel and cement production,highemission industrial processes,request-77-6-2
highemission industrial processes,co2 output,request-77-6-3
co2 output,13% of total emissions,request-77-6-4
co2 increase,enhanced greenhouse effect,request-78-0-0
enhanced greenhouse effect,global temperature rise,request-78-0-1
global temperature rise,runaway global warming,request-78-0-2
co2 increase,enhanced greenhouse effect,request-78-1-0
enhanced greenhouse effect,global temperature rise,request-78-1-1
global temperature rise,atmospheric water vapor increase,request-78-1-2
atmospheric water vapor increase,amplified greenhouse effect,request-78-1-3
amplified greenhouse effect,runaway global warming,request-78-1-4
co2 increase,enhanced greenhouse effect,request-78-2-0
enhanced greenhouse effect,global temperature rise,request-78-2-1
global temperature rise,arctic ice melt,request-78-2-2
arctic ice melt,albedo reduction,request-78-2-3
albedo reduction,increased solar absorption,request-78-2-4
increased solar absorption,accelerated warming,request-78-2-5
accelerated warming,runaway global warming,request-78-2-6
co2 increase,enhanced greenhouse effect,request-78-3-0
enhanced greenhouse effect,global temperature rise,request-78-3-1
global temperature rise,permafrost thaw,request-78-3-2
permafrost thaw,methane release,request-78-3-3
methane release,intensified greenhouse effect,request-78-3-4
intensified greenhouse effect,runaway global warming,request-78-3-5
co2 increase,enhanced greenhouse effect,request-78-4-0
enhanced greenhouse effect,ocean warming,request-78-4-1
ocean warming,ocean stratification,request-78-4-2
ocean stratification,reduced co2 absorption,request-78-4-3
reduced co2 absorption,atmospheric co2 increase,request-78-4-4
atmospheric co2 increase,enhanced greenhouse effect,request-78-4-5
enhanced greenhouse effect,runaway global warming,request-78-4-6
co2 increase,enhanced greenhouse effect,request-78-5-0
enhanced greenhouse effect,global temperature rise,request-78-5-1
global temperature rise,drought conditions,request-78-5-2
drought conditions,forest dieoff,request-78-5-3
forest dieoff,reduced carbon sequestration,request-78-5-4
reduced carbon sequestration,atmospheric co2 accumulation,request-78-5-5
atmospheric co2 accumulation,amplified greenhouse effect,request-78-5-6
amplified greenhouse effect,runaway global warming,request-78-5-7
co2 increase,ocean acidification,request-78-6-0
ocean acidification,phytoplankton decline,request-78-6-1
phytoplankton decline,reduced oceanic carbon uptake,request-78-6-2
reduced oceanic carbon uptake,atmospheric co2 increase,request-78-6-3
atmospheric co2 increase,enhanced greenhouse effect,request-78-6-4
enhanced greenhouse effect,runaway global warming,request-78-6-5
global warming,higher temperatures,request-79-0-0
higher temperatures,droughts,request-79-0-1
droughts,reduced crop yields,request-79-0-2
reduced crop yields,food shortages,request-79-0-3
global warming,extreme weather events,request-79-1-0
extreme weather events,crop destruction,request-79-1-1
crop destruction,food shortages,request-79-1-2
global warming,rising sea levels,request-79-2-0
rising sea levels,soil salinization,request-79-2-1
soil salinization,reduced agricultural land,request-79-2-2
reduced agricultural land,food shortages,request-79-2-3
global warming,pest proliferation,request-79-3-0
pest proliferation,crop damage,request-79-3-1
crop damage,food shortages,request-79-3-2
global warming,altered precipitation patterns,request-79-4-0
altered precipitation patterns,crop failure,request-79-4-1
crop failure,food shortages,request-79-4-2
global warming,ocean acidification,request-79-5-0
ocean acidification,fisheries collapse,request-79-5-1
fisheries collapse,reduced food supply,request-79-5-2
reduced food supply,food shortages,request-79-5-3
global warming,pollinator decline,request-79-6-0
pollinator decline,decreased pollination,request-79-6-1
decreased pollination,lower crop yields,request-79-6-2
lower crop yields,food shortages,request-79-6-3
global warming,soil degradation,request-79-7-0
soil degradation,reduced soil fertility,request-79-7-1
reduced soil fertility,lower agricultural productivity,request-79-7-2
lower agricultural productivity,food shortages,request-79-7-3
global warming,increased agricultural costs,request-79-8-0
increased agricultural costs,reduced farming output,request-79-8-1
reduced farming output,food shortages,request-79-8-2
global warming,supply chain disruptions,request-79-9-0
supply chain disruptions,food distribution issues,request-79-9-1
food distribution issues,food shortages,request-79-9-2
_minor fluctuations in ambient temperature_,_altered regional precipitation patterns_,request-80-0-0
_altered regional precipitation patterns_,_prolonged drought conditions_,request-80-0-1
_prolonged drought conditions_,_widespread crop failures_,request-80-0-2
_widespread crop failures_,_food shortages_,request-80-0-3
_food shortages_,_economic collapse_,request-80-0-4
_economic collapse_,_forced migration of billions_,request-80-0-5
_minor fluctuations in ambient temperature_,_disrupted ocean current systems_,request-80-1-0
_disrupted ocean current systems_,_marine ecosystem collapse_,request-80-1-1
_marine ecosystem collapse_,_global fisheries collapse_,request-80-1-2
_global fisheries collapse_,_coastal economic crises_,request-80-1-3
_coastal economic crises_,_resource scarcity conflicts_,request-80-1-4
_resource scarcity conflicts_,_forced migration of billions_,request-80-1-5
_minor fluctuations in ambient temperature_,_expanded disease vector habitats_,request-80-2-0
_expanded disease vector habitats_,_increased disease transmission rates_,request-80-2-1
_increased disease transmission rates_,_public health crises_,request-80-2-2
_public health crises_,_healthcare system collapse_,request-80-2-3
_healthcare system collapse_,_forced migration of billions_,request-80-2-4
_minor fluctuations in ambient temperature_,_accelerated permafrost thaw_,request-80-3-0
_accelerated permafrost thaw_,_methane release amplification_,request-80-3-1
_methane release amplification_,_rapid global warming_,request-80-3-2
_rapid global warming_,_extreme weather events_,request-80-3-3
_extreme weather events_,_infrastructure destruction_,request-80-3-4
_infrastructure destruction_,_forced migration of billions_,request-80-3-5
_minor fluctuations in ambient temperature_,_increased wildfire frequency_,request-80-4-0
_increased wildfire frequency_,_habitat destruction_,request-80-4-1
_habitat destruction_,_loss of habitable zones_,request-80-4-2
_loss of habitable zones_,_forced migration of billions_,request-80-4-3
_minor fluctuations in ambient temperature_,_gradual ice sheet melting_,request-80-5-0
_gradual ice sheet melting_,_sealevel rise_,request-80-5-1
_sealevel rise_,_coastal flooding_,request-80-5-2
_coastal flooding_,_saltwater intrusion_,request-80-5-3
_saltwater intrusion_,_agricultural land loss_,request-80-5-4
_agricultural land loss_,_forced migration of billions_,request-80-5-5
_minor fluctuations in ambient temperature_,_shifts in growing seasons_,request-80-6-0
_shifts in growing seasons_,_agricultural yield instability_,request-80-6-1
_agricultural yield instability_,_food price inflation_,request-80-6-2
_food price inflation_,_sociopolitical instability_,request-80-6-3
_sociopolitical instability_,_governance failure_,request-80-6-4
_governance failure_,_forced migration of billions_,request-80-6-5
_minor fluctuations in ambient temperature_,_freshwater scarcity_,request-80-7-0
_freshwater scarcity_,_hydropower shortages_,request-80-7-1
_hydropower shortages_,_energy grid failures_,request-80-7-2
_energy grid failures_,_industrial collapse_,request-80-7-3
_industrial collapse_,_economic destabilization_,request-80-7-4
_economic destabilization_,_forced migration of billions_,request-80-7-5
_minor fluctuations in ambient temperature_,_pollinator population decline_,request-80-8-0
_pollinator population decline_,_reduced crop pollination_,request-80-8-1
_reduced crop pollination_,_agricultural productivity loss_,request-80-8-2
_agricultural productivity loss_,_food supply chain breakdown_,request-80-8-3
_food supply chain breakdown_,_forced migration of billions_,request-80-8-4
_minor fluctuations in ambient temperature_,_pest species proliferation_,request-80-9-0
_pest species proliferation_,_widespread crop damage_,request-80-9-1
_widespread crop damage_,_food reserve depletion_,request-80-9-2
_food reserve depletion_,_humanitarian crises_,request-80-9-3
_humanitarian crises_,_forced migration of billions_,request-80-9-4
the impacts of mining,environmental degradation,request-81-0-0
environmental degradation,water pollution,request-81-0-1
water pollution,contaminated water sources,request-81-0-2
contaminated water sources,reduced water quality,request-81-0-3
reduced water quality,unreliable water supplies,request-81-0-4
unreliable water supplies,water scarcity,request-81-0-5
water scarcity,jeopardized access to water for affected communities,request-81-0-6
the impacts of mining,infrastructure damage,request-81-1-0
infrastructure damage,disrupted water distribution systems,request-81-1-1
disrupted water distribution systems,limited water access,request-81-1-2
limited water access,jeopardized access to water for affected communities,request-81-1-3
the impacts of mining,corporate political influence,request-81-2-0
corporate political influence,water rights privatization,request-81-2-1
water rights privatization,restricted community access,request-81-2-2
restricted community access,jeopardized access to water for affected communities,request-81-2-3
the impacts of mining,economic inequality,request-81-3-0
economic inequality,unaffordable water services,request-81-3-1
unaffordable water services,limited access to water,request-81-3-2
limited access to water,jeopardized access to water for affected communities,request-81-3-3
the impacts of mining,ecosystem disruption,request-81-4-0
ecosystem disruption,disrupted water cycles,request-81-4-1
disrupted water cycles,irregular water supply,request-81-4-2
irregular water supply,water scarcity,request-81-4-3
water scarcity,jeopardized access to water for affected communities,request-81-4-4
the impacts of mining,community displacement,request-81-5-0
community displacement,loss of traditional water sources,request-81-5-1
loss of traditional water sources,jeopardized access to water for affected communities,request-81-5-2
the impacts of mining,resource extraction,request-81-6-0
resource extraction,depleted aquifers,request-81-6-1
depleted aquifers,reduced groundwater levels,request-81-6-2
reduced groundwater levels,water scarcity,request-81-6-3
water scarcity,jeopardized access to water for affected communities,request-81-6-4
approximately 22 million litres of water,pumping of lithiumrich brine from underground reservoirs,request-82-0-0
pumping of lithiumrich brine from underground reservoirs,evaporation of brine in shallow ponds under sunlight,request-82-0-1
evaporation of brine in shallow ponds under sunlight,concentration of lithium through prolonged solar evaporation,request-82-0-2
concentration of lithium through prolonged solar evaporation,chemical treatment of concentrated brine with lime and soda ash,request-82-0-3
chemical treatment of concentrated brine with lime and soda ash,precipitation of lithium carbonate through reaction with sodium carbonate,request-82-0-4
precipitation of lithium carbonate through reaction with sodium carbonate,filtration and purification of lithium compounds,request-82-0-5
filtration and purification of lithium compounds,production of a ton of extracted lithium,request-82-0-6
approximately 22 million litres of water,extraction of brine via deep wells,request-82-1-0
extraction of brine via deep wells,transportation of brine to processing facilities,request-82-1-1
transportation of brine to processing facilities,preconcentration through multistage evaporation,request-82-1-2
preconcentration through multistage evaporation,solvent extraction using waterbased chemical solutions,request-82-1-3
solvent extraction using waterbased chemical solutions,ion exchange to isolate lithium ions,request-82-1-4
ion exchange to isolate lithium ions,crystallization of lithium salts,request-82-1-5
crystallization of lithium salts,drying and milling into a ton of lithium product,request-82-1-6
approximately 22 million litres of water,hydraulic fracturing to enhance brine flow,request-82-2-0
hydraulic fracturing to enhance brine flow,collection of brine in settling ponds,request-82-2-1
collection of brine in settling ponds,natural evaporation over months or years,request-82-2-2
natural evaporation over months or years,mechanical separation of lithiumrich residues,request-82-2-3
mechanical separation of lithiumrich residues,leaching with water to dissolve lithium compounds,request-82-2-4
leaching with water to dissolve lithium compounds,electrolysis to extract pure lithium,request-82-2-5
electrolysis to extract pure lithium,compounding into a ton of lithium metal or salts,request-82-2-6
lithium extraction,high water consumption,request-83-0-0
high water consumption,depletion of local aquifers,request-83-0-1
depletion of local aquifers,reduced water access for communities,request-83-0-2
reduced water access for communities,protests and conflicts,request-83-0-3
lithium extraction,brine contamination,request-83-1-0
brine contamination,groundwater pollution,request-83-1-1
groundwater pollution,loss of potable water,request-83-1-2
loss of potable water,health crises,request-83-1-3
health crises,waterrelated conflicts,request-83-1-4
lithium extraction,economic prioritization of mining,request-83-2-0
economic prioritization of mining,government neglect of community rights,request-83-2-1
government neglect of community rights,legal disputes over water allocation,request-83-2-2
legal disputes over water allocation,social unrest,request-83-2-3
social unrest,escalating conflicts,request-83-2-4
lithium extraction,infrastructure development,request-83-3-0
infrastructure development,disruption of natural water flows,request-83-3-1
disruption of natural water flows,aquifer degradation,request-83-3-2
aquifer degradation,agricultural collapse,request-83-3-3
agricultural collapse,resource scarcity,request-83-3-4
resource scarcity,conflict over remaining water,request-83-3-5
lithium extraction,energyintensive processes,request-83-4-0
energyintensive processes,diversion of water for energy production,request-83-4-1
diversion of water for energy production,reduced freshwater availability,request-83-4-2
reduced freshwater availability,competition between users,request-83-4-3
competition between users,tensions over resource control,request-83-4-4
tensions over resource control,violent clashes,request-83-4-5
human intervention in natural processes,pollution,request-84-0-0
pollution,environmental degradation,request-84-0-1
environmental degradation,ecosystem disruption,request-84-0-2
ecosystem disruption,dangers,request-84-0-3
human intervention in natural processes,deforestation,request-84-1-0
deforestation,habitat loss,request-84-1-1
habitat loss,species extinction,request-84-1-2
species extinction,ecosystem disruption,request-84-1-3
ecosystem disruption,dangers,request-84-1-4
human intervention in natural processes,increased greenhouse gas emissions,request-84-2-0
increased greenhouse gas emissions,global warming,request-84-2-1
global warming,extreme weather events,request-84-2-2
extreme weather events,dangers,request-84-2-3
human intervention in natural processes,soil erosion,request-84-3-0
soil erosion,reduced soil fertility,request-84-3-1
reduced soil fertility,decreased crop yields,request-84-3-2
decreased crop yields,food shortages,request-84-3-3
food shortages,dangers,request-84-3-4
human intervention in natural processes,overfishing,request-84-4-0
overfishing,depletion of fish stocks,request-84-4-1
depletion of fish stocks,fishery collapse,request-84-4-2
fishery collapse,economic instability,request-84-4-3
economic instability,dangers,request-84-4-4
human intervention in natural processes,introduction of invasive species,request-84-5-0
introduction of invasive species,biodiversity loss,request-84-5-1
biodiversity loss,ecosystem instability,request-84-5-2
ecosystem instability,dangers,request-84-5-3
human intervention in natural processes,water pollution,request-84-6-0
water pollution,waterborne diseases,request-84-6-1
waterborne diseases,public health crises,request-84-6-2
public health crises,dangers,request-84-6-3
human intervention in natural processes,urbanization,request-84-7-0
urbanization,habitat fragmentation,request-84-7-1
habitat fragmentation,loss of ecosystem services,request-84-7-2
loss of ecosystem services,dangers,request-84-7-3
human intervention in natural processes,emission of cfcs,request-84-8-0
emission of cfcs,ozone layer depletion,request-84-8-1
ozone layer depletion,increased uv radiation,request-84-8-2
increased uv radiation,skin cancer rise,request-84-8-3
skin cancer rise,dangers,request-84-8-4
human intervention in natural processes,groundwater overextraction,request-84-9-0
groundwater overextraction,land subsidence,request-84-9-1
land subsidence,infrastructure collapse,request-84-9-2
infrastructure collapse,dangers,request-84-9-3
human intervention in natural processes,eutrophication,request-84-10-0
eutrophication,algal blooms,request-84-10-1
algal blooms,marine dead zones,request-84-10-2
marine dead zones,collapse of fisheries,request-84-10-3
collapse of fisheries,dangers,request-84-10-4
human intervention in natural processes,climate change,request-84-11-0
climate change,sealevel rise,request-84-11-1
sealevel rise,coastal flooding,request-84-11-2
coastal flooding,mass displacement,request-84-11-3
mass displacement,dangers,request-84-11-4
human intervention in natural processes,air pollution,request-84-12-0
air pollution,respiratory diseases,request-84-12-1
respiratory diseases,public health crisis,request-84-12-2
public health crisis,dangers,request-84-12-3
human intervention in natural processes,soil contamination,request-84-13-0
soil contamination,toxic exposure,request-84-13-1
toxic exposure,health risks,request-84-13-2
health risks,dangers,request-84-13-3
human intervention in natural processes,plastic pollution,request-84-14-0
plastic pollution,marine life entanglement,request-84-14-1
marine life entanglement,biodiversity loss,request-84-14-2
biodiversity loss,dangers,request-84-14-3
human intervention in natural processes,chemical pollution,request-84-15-0
chemical pollution,bioaccumulation,request-84-15-1
bioaccumulation,biomagnification,request-84-15-2
biomagnification,top predator decline,request-84-15-3
top predator decline,dangers,request-84-15-4
human intervention in natural processes,dam construction,request-84-16-0
dam construction,disrupted river ecosystems,request-84-16-1
disrupted river ecosystems,fish migration blockage,request-84-16-2
fish migration blockage,ecosystem collapse,request-84-16-3
ecosystem collapse,dangers,request-84-16-4
human intervention in natural processes,overhunting,request-84-17-0
overhunting,prey species decline,request-84-17-1
prey species decline,predator starvation,request-84-17-2
predator starvation,ecosystem imbalance,request-84-17-3
ecosystem imbalance,dangers,request-84-17-4
the soil damage from lithium extraction,erosion of topsoil,request-85-0-0
erosion of topsoil,release of particulate matter,request-85-0-1
release of particulate matter,air contamination,request-85-0-2
the soil damage from lithium extraction,exposure of subsurface minerals,request-85-1-0
exposure of subsurface minerals,volatilization of toxic compounds,request-85-1-1
volatilization of toxic compounds,air contamination,request-85-1-2
the soil damage from lithium extraction,degradation of microbial ecosystems,request-85-2-0
degradation of microbial ecosystems,disruption of natural decomposition,request-85-2-1
disruption of natural decomposition,methane emissions,request-85-2-2
methane emissions,air contamination,request-85-2-3
the soil damage from lithium extraction,increased dust generation,request-85-3-0
increased dust generation,suspension of fine particles,request-85-3-1
suspension of fine particles,air contamination,request-85-3-2
the soil damage from lithium extraction,contamination of groundwater,request-85-4-0
contamination of groundwater,release of volatile organic compounds,request-85-4-1
release of volatile organic compounds,air contamination,request-85-4-2
the soil damage from lithium extraction,loss of vegetation cover,request-85-5-0
loss of vegetation cover,reduced air filtration capacity,request-85-5-1
reduced air filtration capacity,accumulation of pollutants,request-85-5-2
accumulation of pollutants,air contamination,request-85-5-3
the soil damage from lithium extraction,heavy metal leaching,request-85-6-0
heavy metal leaching,windborne dispersion,request-85-6-1
windborne dispersion,air contamination,request-85-6-2
green co2,increased atmospheric co2,request-86-0-0
increased atmospheric co2,greenhouse effect,request-86-0-1
greenhouse effect,rising temperatures,request-86-0-2
rising temperatures,global warming,request-86-0-3
green co2,ocean acidification,request-86-1-0
ocean acidification,disrupted ecosystems,request-86-1-1
disrupted ecosystems,reduced carbon sinks,request-86-1-2
reduced carbon sinks,global warming,request-86-1-3
green co2,permafrost thaw,request-86-2-0
permafrost thaw,methane release,request-86-2-1
methane release,amplified greenhouse effect,request-86-2-2
amplified greenhouse effect,global warming,request-86-2-3
green co2,ice cap melting,request-86-3-0
ice cap melting,reduced albedo,request-86-3-1
reduced albedo,increased solar absorption,request-86-3-2
increased solar absorption,global warming,request-86-3-3
gasoline burning,increased fossil fuel demand,request-87-0-0
increased fossil fuel demand,increased fossil fuel extraction,request-87-0-1
increased fossil fuel extraction,methane leakage during extraction,request-87-0-2
methane leakage during extraction,methane,request-87-0-3
gasoline burning,co2 emissions,request-87-1-0
co2 emissions,global warming,request-87-1-1
global warming,thawing permafrost,request-87-1-2
thawing permafrost,methane release from permafrost,request-87-1-3
methane release from permafrost,methane,request-87-1-4
gasoline burning,increased crude oil demand,request-87-2-0
increased crude oil demand,increased oil extraction,request-87-2-1
increased oil extraction,associated natural gas venting,request-87-2-2
associated natural gas venting,methane emissions,request-87-2-3
methane emissions,methane,request-87-2-4
gasoline burning,increased oil drilling,request-87-3-0
increased oil drilling,fracking operations,request-87-3-1
fracking operations,methane leakage from fracking,request-87-3-2
methane leakage from fracking,methane,request-87-3-3
gasoline burning,increased gasoline production,request-87-4-0
increased gasoline production,natural gas usage in refining,request-87-4-1
natural gas usage in refining,methane leakage during natural gas extraction,request-87-4-2
methane leakage during natural gas extraction,methane,request-87-4-3
cars,exhaust emissions,request-88-0-0
exhaust emissions,air pollutants,request-88-0-1
air pollutants,pollution,request-88-0-2
cars,fossil fuel combustion,request-88-1-0
fossil fuel combustion,carbon emissions,request-88-1-1
carbon emissions,pollution,request-88-1-2
cars,traffic congestion,request-88-2-0
traffic congestion,idling engines,request-88-2-1
idling engines,increased emissions,request-88-2-2
increased emissions,pollution,request-88-2-3
cars,poor vehicle maintenance,request-88-3-0
poor vehicle maintenance,malfunctioning engines,request-88-3-1
malfunctioning engines,toxic fumes,request-88-3-2
toxic fumes,pollution,request-88-3-3
cars,tire wear,request-88-4-0
tire wear,microplastics,request-88-4-1
microplastics,pollution,request-88-4-2
cars,automotive waste,request-88-5-0
automotive waste,improper disposal,request-88-5-1
improper disposal,soil pollution,request-88-5-2
soil pollution,pollution,request-88-5-3
cars,brake pad wear,request-88-6-0
brake pad wear,heavy metal particles,request-88-6-1
heavy metal particles,air pollution,request-88-6-2
air pollution,pollution,request-88-6-3
cars,oil leaks,request-88-7-0
oil leaks,soil contamination,request-88-7-1
soil contamination,pollution,request-88-7-2
trees,dry vegetation shedding,request-89-0-0
dry vegetation shedding,flammable material accumulation,request-89-0-1
flammable material accumulation,ignition,request-89-0-2
ignition,forest fires,request-89-0-3
trees,dense forest formation,request-89-1-0
dense forest formation,underbrush desiccation,request-89-1-1
underbrush desiccation,fire susceptibility,request-89-1-2
fire susceptibility,forest fires,request-89-1-3
trees,pine resin secretion,request-89-2-0
pine resin secretion,flammable resin presence,request-89-2-1
flammable resin presence,sparkinduced ignition,request-89-2-2
sparkinduced ignition,forest fires,request-89-2-3
trees,dead branch drop,request-89-3-0
dead branch drop,tinder accumulation,request-89-3-1
tinder accumulation,fire start,request-89-3-2
fire start,forest fires,request-89-3-3
trees,transpiration process,request-89-4-0
transpiration process,cloud formation,request-89-4-1
cloud formation,lightning strike,request-89-4-2
lightning strike,forest fires,request-89-4-3
trees,root water absorption,request-89-5-0
root water absorption,soil drying,request-89-5-1
soil drying,vegetation dryness,request-89-5-2
vegetation dryness,forest fires,request-89-5-3
trees,leaf litter creation,request-89-6-0
leaf litter creation,dry mulch formation,request-89-6-1
dry mulch formation,fire spread,request-89-6-2
fire spread,forest fires,request-89-6-3
trees,canopy density increase,request-89-7-0
canopy density increase,humidity reduction,request-89-7-1
humidity reduction,ignition conditions,request-89-7-2
ignition conditions,forest fires,request-89-7-3
trees,interspecific competition,request-89-8-0
interspecific competition,tree stress,request-89-8-1
tree stress,tree mortality,request-89-8-2
tree mortality,deadwood accumulation,request-89-8-3
deadwood accumulation,forest fires,request-89-8-4
increase from 25% to 80% humidity,heavy rainfall,request-90-0-0
heavy rainfall,flash flooding,request-90-0-1
flash flooding,submersion in water,request-90-0-2
submersion in water,drown,request-90-0-3
increase from 25% to 80% humidity,dense fog formation,request-90-1-0
dense fog formation,navigation accident,request-90-1-1
navigation accident,submersion in water,request-90-1-2
submersion in water,drown,request-90-1-3
increase from 25% to 80% humidity,condensation on floors,request-90-2-0
condensation on floors,slippery surfaces,request-90-2-1
slippery surfaces,accidental fall into water,request-90-2-2
accidental fall into water,drown,request-90-2-3
increase from 25% to 80% humidity,thunderstorm development,request-90-3-0
thunderstorm development,storm surge,request-90-3-1
storm surge,coastal flooding,request-90-3-2
coastal flooding,submersion in water,request-90-3-3
submersion in water,drown,request-90-3-4
increase from 25% to 80% humidity,heat stress,request-90-4-0
heat stress,unsafe swimming,request-90-4-1
unsafe swimming,submersion in water,request-90-4-2
submersion in water,drown,request-90-4-3
increase from 25% to 80% humidity,water pipe condensation,request-90-5-0
water pipe condensation,pipe rupture,request-90-5-1
pipe rupture,indoor flooding,request-90-5-2
indoor flooding,submersion in water,request-90-5-3
submersion in water,drown,request-90-5-4
increase from 25% to 80% humidity,electrical short circuit,request-90-6-0
electrical short circuit,pump failure,request-90-6-1
pump failure,water accumulation,request-90-6-2
water accumulation,submersion in water,request-90-6-3
submersion in water,drown,request-90-6-4
increase from 25% to 80% humidity,metal corrosion,request-90-7-0
metal corrosion,infrastructure collapse,request-90-7-1
infrastructure collapse,submersion in water,request-90-7-2
submersion in water,drown,request-90-7-3
trees' carbon release upon death,decomposition by microorganisms,request-91-0-0
decomposition by microorganisms,atmospheric co2 increase,request-91-0-1
atmospheric co2 increase,enhanced greenhouse effect,request-91-0-2
enhanced greenhouse effect,global warming,request-91-0-3
trees' carbon release upon death,combustion in wildfires,request-91-1-0
combustion in wildfires,atmospheric co2 increase,request-91-1-1
atmospheric co2 increase,enhanced greenhouse effect,request-91-1-2
enhanced greenhouse effect,global warming,request-91-1-3
lower heat capacity of land temperatures,reduced energy requirement for temperature elevation in land,request-92-0-0
reduced energy requirement for temperature elevation in land,greater temperature increase per unit energy absorbed,request-92-0-1
greater temperature increase per unit energy absorbed,accelerated warming of land surfaces,request-92-0-2
accelerated warming of land surfaces,the faster warming of land temperatures compared to sea temperatures,request-92-0-3
lower heat capacity of land temperatures,lower thermal inertia of terrestrial environments,request-92-1-0
lower thermal inertia of terrestrial environments,enhanced sensitivity to thermal energy input,request-92-1-1
enhanced sensitivity to thermal energy input,rapid thermal response to solar radiation,request-92-1-2
rapid thermal response to solar radiation,the faster warming of land temperatures compared to sea temperatures,request-92-1-3
lower heat capacity of land temperatures,limited heat storage capability of land,request-92-2-0
limited heat storage capability of land,efficient conversion of solar energy to heat,request-92-2-1
efficient conversion of solar energy to heat,concentrated temperature rise in terrestrial areas,request-92-2-2
concentrated temperature rise in terrestrial areas,the faster warming of land temperatures compared to sea temperatures,request-92-2-3
lower heat capacity of land temperatures,greater temperature response to equivalent solar radiation,request-92-3-0
greater temperature response to equivalent solar radiation,disproportionate temperature increase on land,request-92-3-1
disproportionate temperature increase on land,observable difference in warming rates,request-92-3-2
observable difference in warming rates,the faster warming of land temperatures compared to sea temperatures,request-92-3-3
climate change,extreme weather events,request-93-0-0
extreme weather events,increased stress levels,request-93-0-1
increased stress levels,mental health decline,request-93-0-2
mental health decline,reduced parenting effort,request-93-0-3
reduced parenting effort,lazy parenting,request-93-0-4
climate change,economic downturn,request-93-1-0
economic downturn,unemployment rates,request-93-1-1
unemployment rates,financial instability,request-93-1-2
financial instability,parental exhaustion,request-93-1-3
parental exhaustion,neglectful behavior,request-93-1-4
neglectful behavior,lazy parenting,request-93-1-5
climate change,environmental degradation,request-93-2-0
environmental degradation,loss of recreational spaces,request-93-2-1
loss of recreational spaces,sedentary lifestyle,request-93-2-2
sedentary lifestyle,increased screen time,request-93-2-3
increased screen time,passive parenting,request-93-2-4
passive parenting,lazy parenting,request-93-2-5
climate change,ecoanxiety,request-93-3-0
ecoanxiety,hopelessness,request-93-3-1
hopelessness,parental apathy,request-93-3-2
parental apathy,disengagement,request-93-3-3
disengagement,lazy parenting,request-93-3-4
climate change,mass migration,request-93-4-0
mass migration,relocation stress,request-93-4-1
relocation stress,family disruption,request-93-4-2
family disruption,emotional unavailability,request-93-4-3
emotional unavailability,lazy parenting,request-93-4-4
climate change,food insecurity,request-93-5-0
food insecurity,malnutrition,request-93-5-1
malnutrition,low energy levels,request-93-5-2
low energy levels,reduced parental involvement,request-93-5-3
reduced parental involvement,lazy parenting,request-93-5-4
climate change,air pollution,request-93-6-0
air pollution,health problems,request-93-6-1
health problems,frequent illness,request-93-6-2
frequent illness,parental absence,request-93-6-3
parental absence,neglect,request-93-6-4
neglect,lazy parenting,request-93-6-5
climate change,remote work policies,request-93-7-0
remote work policies,blurred worklife balance,request-93-7-1
blurred worklife balance,distracted parenting,request-93-7-2
distracted parenting,lazy parenting,request-93-7-3
co2,global warming,request-94-0-0
global warming,rising temperatures,request-94-0-1
rising temperatures,melting ice caps,request-94-0-2
melting ice caps,sealevel rise,request-94-0-3
sealevel rise,coastal flooding,request-94-0-4
coastal flooding,displacement of populations,request-94-0-5
displacement of populations,social unrest,request-94-0-6
social unrest,catastrophe,request-94-0-7
co2,climate change,request-94-1-0
climate change,extreme weather events,request-94-1-1
extreme weather events,droughts,request-94-1-2
droughts,crop failures,request-94-1-3
crop failures,food shortages,request-94-1-4
food shortages,famine,request-94-1-5
famine,social unrest,request-94-1-6
social unrest,catastrophe,request-94-1-7
co2,ocean acidification,request-94-2-0
ocean acidification,coral bleaching,request-94-2-1
coral bleaching,marine ecosystem collapse,request-94-2-2
marine ecosystem collapse,fisheries collapse,request-94-2-3
fisheries collapse,food shortages,request-94-2-4
food shortages,economic instability,request-94-2-5
economic instability,resource scarcity,request-94-2-6
resource scarcity,conflicts,request-94-2-7
conflicts,catastrophe,request-94-2-8
co2,global warming,request-94-3-0
global warming,ecosystem disruption,request-94-3-1
ecosystem disruption,biodiversity loss,request-94-3-2
biodiversity loss,ecosystem collapse,request-94-3-3
ecosystem collapse,loss of natural resources,request-94-3-4
loss of natural resources,economic collapse,request-94-3-5
economic collapse,catastrophe,request-94-3-6
co2,climate change,request-94-4-0
climate change,water scarcity,request-94-4-1
water scarcity,resource conflicts,request-94-4-2
resource conflicts,geopolitical tensions,request-94-4-3
geopolitical tensions,warfare,request-94-4-4
warfare,social collapse,request-94-4-5
social collapse,catastrophe,request-94-4-6
co2,global warming,request-94-5-0
global warming,heatwaves,request-94-5-1
heatwaves,health crises,request-94-5-2
health crises,overwhelmed healthcare systems,request-94-5-3
overwhelmed healthcare systems,societal instability,request-94-5-4
societal instability,government collapse,request-94-5-5
government collapse,catastrophe,request-94-5-6
co2,climate change,request-94-6-0
climate change,increased wildfires,request-94-6-1
increased wildfires,habitat destruction,request-94-6-2
habitat destruction,displacement of populations,request-94-6-3
displacement of populations,migration crises,request-94-6-4
migration crises,social unrest,request-94-6-5
social unrest,catastrophe,request-94-6-6
co2,ocean acidification,request-94-7-0
ocean acidification,disruption of marine food chains,request-94-7-1
disruption of marine food chains,collapse of fisheries,request-94-7-2
collapse of fisheries,economic depression,request-94-7-3
economic depression,unemployment,request-94-7-4
unemployment,civil unrest,request-94-7-5
civil unrest,catastrophe,request-94-7-6
co2,climate change,request-94-8-0
climate change,permafrost thaw,request-94-8-1
permafrost thaw,methane release,request-94-8-2
methane release,accelerated global warming,request-94-8-3
accelerated global warming,environmental tipping points,request-94-8-4
environmental tipping points,irreversible climate change,request-94-8-5
irreversible climate change,catastrophe,request-94-8-6
nothing in the environment,reduction of greenhouse gas emissions,request-95-0-0
reduction of greenhouse gas emissions,decreased atmospheric heat retention,request-95-0-1
decreased atmospheric heat retention,a drop in planetary temperature,request-95-0-2
nothing in the environment,absence of human industrial activity,request-95-1-0
absence of human industrial activity,lower fossil fuel combustion,request-95-1-1
lower fossil fuel combustion,reduced co₂ concentrations,request-95-1-2
reduced co₂ concentrations,weakened greenhouse effect,request-95-1-3
weakened greenhouse effect,a drop in planetary temperature,request-95-1-4
nothing in the environment,cessation of deforestation,request-95-2-0
cessation of deforestation,increased carbon sequestration,request-95-2-1
increased carbon sequestration,atmospheric co₂ depletion,request-95-2-2
atmospheric co₂ depletion,enhanced radiative cooling,request-95-2-3
enhanced radiative cooling,a drop in planetary temperature,request-95-2-4
nothing in the environment,stagnant ocean currents,request-95-3-0
stagnant ocean currents,disrupted heat distribution,request-95-3-1
disrupted heat distribution,polar ice expansion,request-95-3-2
polar ice expansion,elevated global albedo,request-95-3-3
elevated global albedo,a drop in planetary temperature,request-95-3-4
nothing in the environment,volcanic inactivity,request-95-4-0
volcanic inactivity,lack of sulfur aerosol release,request-95-4-1
lack of sulfur aerosol release,unimpeded solar radiation,request-95-4-2
unimpeded solar radiation,unchanged energy balance,request-95-4-3
unchanged energy balance,a drop in planetary temperature,request-95-4-4
nothing in the environment,microbial dormancy,request-95-5-0
microbial dormancy,halting of methane production,request-95-5-1
halting of methane production,reduced radiative forcing,request-95-5-2
reduced radiative forcing,planetary energy deficit,request-95-5-3
planetary energy deficit,a drop in planetary temperature,request-95-5-4
nothing in the environment,atmospheric stillness,request-95-6-0
atmospheric stillness,no cloud formation,request-95-6-1
no cloud formation,increased nocturnal heat loss,request-95-6-2
increased nocturnal heat loss,rapid thermal dissipation,request-95-6-3
rapid thermal dissipation,a drop in planetary temperature,request-95-6-4
