cause,effect,custom_id
companies and corporations,fossil fuel extraction,request-1-0-0
fossil fuel extraction,co2 emissions,request-1-0-1
co2 emissions,global warming,request-1-0-2
global warming,the climate,request-1-0-3
companies and corporations,deforestation,request-1-1-0
deforestation,reduced carbon absorption,request-1-1-1
reduced carbon absorption,increased atmospheric co2,request-1-1-2
increased atmospheric co2,the climate,request-1-1-3
companies and corporations,industrial processes,request-1-2-0
industrial processes,greenhouse gas emissions,request-1-2-1
greenhouse gas emissions,enhanced greenhouse effect,request-1-2-2
enhanced greenhouse effect,the climate,request-1-2-3
companies and corporations,energy consumption,request-1-3-0
energy consumption,fossil fuel combustion,request-1-3-1
fossil fuel combustion,greenhouse gas emissions,request-1-3-2
greenhouse gas emissions,the climate,request-1-3-3
companies and corporations,agricultural practices,request-1-4-0
agricultural practices,methane emissions,request-1-4-1
methane emissions,enhanced greenhouse effect,request-1-4-2
enhanced greenhouse effect,the climate,request-1-4-3
companies and corporations,industrial waste,request-1-5-0
industrial waste,ocean pollution,request-1-5-1
ocean pollution,disruption of marine life,request-1-5-2
disruption of marine life,the climate,request-1-5-3
companies and corporations,aerosol emissions,request-1-6-0
aerosol emissions,atmospheric aerosol concentration,request-1-6-1
atmospheric aerosol concentration,altered cloud formation,request-1-6-2
altered cloud formation,the climate,request-1-6-3
companies and corporations,land use changes,request-1-7-0
land use changes,decreased albedo,request-1-7-1
decreased albedo,increased heat absorption,request-1-7-2
increased heat absorption,the climate,request-1-7-3
companies and corporations,black carbon emissions,request-1-8-0
black carbon emissions,atmospheric warming,request-1-8-1
atmospheric warming,global temperature rise,request-1-8-2
global temperature rise,the climate,request-1-8-3
companies and corporations,refrigerant leakage,request-1-9-0
refrigerant leakage,release of hfcs,request-1-9-1
release of hfcs,potent greenhouse gas emissions,request-1-9-2
potent greenhouse gas emissions,the climate,request-1-9-3
buying from companies that mess the climate,increasing revenue of climatedamaging companies,request-2-0-0
increasing revenue of climatedamaging companies,financial sustainability of climatedamaging companies,request-2-0-1
financial sustainability of climatedamaging companies,continuation of climatedamaging operations,request-2-0-2
continuation of climatedamaging operations,keeping of climatedamaging companies,request-2-0-3
buying from companies that mess the climate,reinforcing harmful business practices,request-2-1-0
reinforcing harmful business practices,lack of incentive to adopt green technologies,request-2-1-1
lack of incentive to adopt green technologies,persistence of environmental damage,request-2-1-2
persistence of environmental damage,keeping of climatedamaging companies,request-2-1-3
buying from companies that mess the climate,boosting demand for climatedamaging products,request-2-2-0
boosting demand for climatedamaging products,expansion of harmful industries,request-2-2-1
expansion of harmful industries,greater environmental impact,request-2-2-2
greater environmental impact,keeping of climatedamaging companies,request-2-2-3
buying from companies that mess the climate,supporting the market presence of harmful companies,request-2-3-0
supporting the market presence of harmful companies,hindering growth of ecofriendly alternatives,request-2-3-1
hindering growth of ecofriendly alternatives,dominance of climatedamaging companies,request-2-3-2
dominance of climatedamaging companies,keeping of climatedamaging companies,request-2-3-3
buying from companies that mess the climate,providing capital for harmful operations,request-2-4-0
providing capital for harmful operations,advancement of destructive technologies,request-2-4-1
advancement of destructive technologies,exacerbation of climate issues,request-2-4-2
exacerbation of climate issues,keeping of climatedamaging companies,request-2-4-3
buying from companies that mess the climate,normalizing environmentally harmful consumption,request-2-5-0
normalizing environmentally harmful consumption,societal acceptance of climatedamaging practices,request-2-5-1
societal acceptance of climatedamaging practices,weakened environmental regulations,request-2-5-2
weakened environmental regulations,keeping of climatedamaging companies,request-2-5-3
buying from companies that mess the climate,reducing economic pressure to innovate sustainably,request-2-6-0
reducing economic pressure to innovate sustainably,continuation of outdated technologies,request-2-6-1
continuation of outdated technologies,ongoing environmental degradation,request-2-6-2
ongoing environmental degradation,keeping of climatedamaging companies,request-2-6-3
buying from companies that mess the climate,enhancing profitability of harmful industries,request-2-7-0
enhancing profitability of harmful industries,attraction of investors to climatedamaging companies,request-2-7-1
attraction of investors to climatedamaging companies,increased funding for harmful activities,request-2-7-2
increased funding for harmful activities,keeping of climatedamaging companies,request-2-7-3
buying from companies that mess the climate,undermining efforts of ecofriendly competitors,request-2-8-0
undermining efforts of ecofriendly competitors,limiting market share of sustainable alternatives,request-2-8-1
limiting market share of sustainable alternatives,decreased competition for climatedamaging companies,request-2-8-2
decreased competition for climatedamaging companies,keeping of climatedamaging companies,request-2-8-3
buying from companies that mess the climate,perpetuating consumer dependence on harmful products,request-2-9-0
perpetuating consumer dependence on harmful products,sustained production of climatedamaging goods,request-2-9-1
sustained production of climatedamaging goods,reinforcement of harmful supply chains,request-2-9-2
reinforcement of harmful supply chains,keeping of climatedamaging companies,request-2-9-3
systemic change,policy reform,request-3-0-0
policy reform,emission reduction,request-3-0-1
emission reduction,progress in climate change,request-3-0-2
systemic change,technological innovation,request-3-1-0
technological innovation,renewable energy adoption,request-3-1-1
renewable energy adoption,emission reduction,request-3-1-2
emission reduction,progress in climate change,request-3-1-3
systemic change,environmental awareness,request-3-2-0
environmental awareness,behavioral change,request-3-2-1
behavioral change,reduced energy consumption,request-3-2-2
reduced energy consumption,progress in climate change,request-3-2-3
systemic change,economic restructuring,request-3-3-0
economic restructuring,sustainable infrastructure development,request-3-3-1
sustainable infrastructure development,reduced fossil fuel dependency,request-3-3-2
reduced fossil fuel dependency,progress in climate change,request-3-3-3
systemic change,international cooperation,request-3-4-0
international cooperation,global emission standards,request-3-4-1
global emission standards,greenhouse gas reduction,request-3-4-2
greenhouse gas reduction,progress in climate change,request-3-4-3
systemic change,corporate responsibility,request-3-5-0
corporate responsibility,sustainable business practices,request-3-5-1
sustainable business practices,lower carbon footprint,request-3-5-2
lower carbon footprint,progress in climate change,request-3-5-3
systemic change,investment in public transportation,request-3-6-0
investment in public transportation,reduced vehicle emissions,request-3-6-1
reduced vehicle emissions,progress in climate change,request-3-6-2
systemic change,educational programs,request-3-7-0
educational programs,increased public engagement,request-3-7-1
increased public engagement,support for environmental policies,request-3-7-2
support for environmental policies,progress in climate change,request-3-7-3
systemic change,agricultural reform,request-3-8-0
agricultural reform,sustainable farming practices,request-3-8-1
sustainable farming practices,decreased methane emissions,request-3-8-2
decreased methane emissions,progress in climate change,request-3-8-3
systemic change,legal actions,request-3-9-0
legal actions,enforcement of environmental regulations,request-3-9-1
enforcement of environmental regulations,reduced industrial pollution,request-3-9-2
reduced industrial pollution,progress in climate change,request-3-9-3
ultra wealthy people,ownership of private jets,request-4-0-0
ownership of private jets,emissions from private jets,request-4-0-1
emissions from private jets,more carbon footprint,request-4-0-2
ultra wealthy people,ownership of yachts,request-4-1-0
ownership of yachts,emissions from yachts,request-4-1-1
emissions from yachts,more carbon footprint,request-4-1-2
ultra wealthy people,ownership of multiple large homes,request-4-2-0
ownership of multiple large homes,increased residential energy use,request-4-2-1
increased residential energy use,more carbon footprint,request-4-2-2
ultra wealthy people,frequent luxury travel,request-4-3-0
frequent luxury travel,increased aviation emissions,request-4-3-1
increased aviation emissions,more carbon footprint,request-4-3-2
ultra wealthy people,high consumption patterns,request-4-4-0
high consumption patterns,increased goods production,request-4-4-1
increased goods production,production emissions,request-4-4-2
production emissions,more carbon footprint,request-4-4-3
ultra wealthy people,investments in carbonintensive industries,request-4-5-0
investments in carbonintensive industries,industrial emissions,request-4-5-1
industrial emissions,more carbon footprint,request-4-5-2
ultra wealthy people,promotion of luxury lifestyles,request-4-6-0
promotion of luxury lifestyles,influence on societal consumption,request-4-6-1
influence on societal consumption,more carbon footprint,request-4-6-2
ultra wealthy people,hosting of resourceintensive events,request-4-7-0
hosting of resourceintensive events,emissions from events,request-4-7-1
emissions from events,more carbon footprint,request-4-7-2
pork waste lagoons breaking loose,release of waste into waterways,request-5-0-0
release of waste into waterways,contamination of water with nutrients and pathogens,request-5-0-1
contamination of water with nutrients and pathogens,eutrophication of aquatic ecosystems,request-5-0-2
eutrophication of aquatic ecosystems,algal blooms formation,request-5-0-3
algal blooms formation,oxygen depletion in water bodies,request-5-0-4
oxygen depletion in water bodies,death of aquatic life,request-5-0-5
death of aquatic life,massive environmental damage,request-5-0-6
pork waste lagoons breaking loose,flooding of surrounding land with waste,request-5-1-0
flooding of surrounding land with waste,soil contamination with pollutants,request-5-1-1
soil contamination with pollutants,infiltration of contaminants into groundwater,request-5-1-2
infiltration of contaminants into groundwater,pollution of drinking water sources,request-5-1-3
pollution of drinking water sources,health hazards to humans and animals,request-5-1-4
health hazards to humans and animals,disruption of local ecosystems,request-5-1-5
disruption of local ecosystems,massive environmental damage,request-5-1-6
pork waste lagoons breaking loose,emission of harmful gases like ammonia and methane,request-5-2-0
emission of harmful gases like ammonia and methane,air pollution in surrounding areas,request-5-2-1
air pollution in surrounding areas,acid rain formation from atmospheric reactions,request-5-2-2
acid rain formation from atmospheric reactions,damage to vegetation and soil acidity increase,request-5-2-3
damage to vegetation and soil acidity increase,loss of biodiversity in affected areas,request-5-2-4
loss of biodiversity in affected areas,massive environmental damage,request-5-2-5
pork waste lagoons breaking loose,spread of antibioticresistant bacteria,request-5-3-0
spread of antibioticresistant bacteria,infection of wildlife and humans,request-5-3-1
infection of wildlife and humans,imbalance in microbial communities,request-5-3-2
imbalance in microbial communities,alteration of ecosystem functions,request-5-3-3
alteration of ecosystem functions,massive environmental damage,request-5-3-4
pork waste lagoons breaking loose,release of hormones and pharmaceuticals into the environment,request-5-4-0
release of hormones and pharmaceuticals into the environment,endocrine disruption in wildlife,request-5-4-1
endocrine disruption in wildlife,reproductive issues in aquatic organisms,request-5-4-2
reproductive issues in aquatic organisms,population declines in species,request-5-4-3
population declines in species,massive environmental damage,request-5-4-4
pork waste lagoons breaking loose,nutrient overload in soils,request-5-5-0
nutrient overload in soils,promotion of invasive plant species growth,request-5-5-1
promotion of invasive plant species growth,competition with native vegetation,request-5-5-2
competition with native vegetation,habitat alteration,request-5-5-3
habitat alteration,loss of native species,request-5-5-4
loss of native species,massive environmental damage,request-5-5-5
pork waste lagoons breaking loose,sedimentation in water bodies,request-5-6-0
sedimentation in water bodies,habitat destruction for bottomdwelling organisms,request-5-6-1
habitat destruction for bottomdwelling organisms,disruption of food chains,request-5-6-2
disruption of food chains,ecosystem destabilization,request-5-6-3
ecosystem destabilization,massive environmental damage,request-5-6-4
pork waste lagoons breaking loose,attraction of pests and disease vectors,request-5-7-0
attraction of pests and disease vectors,spread of diseases to livestock and wildlife,request-5-7-1
spread of diseases to livestock and wildlife,health crises in animal populations,request-5-7-2
health crises in animal populations,economic losses in agriculture,request-5-7-3
economic losses in agriculture,massive environmental damage,request-5-7-4
having fewer children,reduced population growth,request-6-0-0
reduced population growth,lower resource consumption,request-6-0-1
lower resource consumption,decreased greenhouse gas emissions,request-6-0-2
decreased greenhouse gas emissions,carbon footprint,request-6-0-3
having fewer children,reduced household consumption,request-6-1-0
reduced household consumption,lower energy use,request-6-1-1
lower energy use,decreased carbon emissions,request-6-1-2
decreased carbon emissions,carbon footprint,request-6-1-3
having fewer children,decreased waste generation,request-6-2-0
decreased waste generation,reduced methane emissions,request-6-2-1
reduced methane emissions,lower greenhouse gas emissions,request-6-2-2
lower greenhouse gas emissions,carbon footprint,request-6-2-3
having fewer children,fewer vehicles needed,request-6-3-0
fewer vehicles needed,reduced fossil fuel consumption,request-6-3-1
reduced fossil fuel consumption,decreased co₂ emissions,request-6-3-2
decreased co₂ emissions,carbon footprint,request-6-3-3
having fewer children,less deforestation for housing,request-6-4-0
less deforestation for housing,maintained carbon sequestration,request-6-4-1
maintained carbon sequestration,reduced atmospheric co₂,request-6-4-2
reduced atmospheric co₂,carbon footprint,request-6-4-3
having fewer children,decreased demand for agriculture,request-6-5-0
decreased demand for agriculture,reduced land use change,request-6-5-1
reduced land use change,lower emissions from land conversion,request-6-5-2
lower emissions from land conversion,carbon footprint,request-6-5-3
having fewer children,reduced production of goods,request-6-6-0
reduced production of goods,lower industrial emissions,request-6-6-1
lower industrial emissions,decreased greenhouse gas output,request-6-6-2
decreased greenhouse gas output,carbon footprint,request-6-6-3
having fewer children,less need for public services expansion,request-6-7-0
less need for public services expansion,reduced energy consumption in infrastructure,request-6-7-1
reduced energy consumption in infrastructure,lower carbon emissions,request-6-7-2
lower carbon emissions,carbon footprint,request-6-7-3
having fewer children,diminished urban sprawl,request-6-8-0
diminished urban sprawl,preserved natural habitats,request-6-8-1
preserved natural habitats,maintained carbon sinks,request-6-8-2
maintained carbon sinks,carbon footprint,request-6-8-3
having fewer children,lower water usage,request-6-9-0
lower water usage,reduced energy for water treatment,request-6-9-1
reduced energy for water treatment,decreased emissions from energy production,request-6-9-2
decreased emissions from energy production,carbon footprint,request-6-9-3
climate change,increased sea surface temperatures,request-7-0-0
increased sea surface temperatures,strengthening of hurricanes,request-7-0-1
strengthening of hurricanes,increased rainfall during hurricane harvey,request-7-0-2
increased rainfall during hurricane harvey,doubling of flooded houston homes in the hurricane harvey,request-7-0-3
climate change,rising sea levels,request-7-1-0
rising sea levels,higher storm surges,request-7-1-1
higher storm surges,severe coastal flooding,request-7-1-2
severe coastal flooding,doubling of flooded houston homes in the hurricane harvey,request-7-1-3
climate change,increased atmospheric moisture,request-7-2-0
increased atmospheric moisture,heavier precipitation events,request-7-2-1
heavier precipitation events,prolonged rainfall during hurricane harvey,request-7-2-2
prolonged rainfall during hurricane harvey,doubling of flooded houston homes in the hurricane harvey,request-7-2-3
climate change,slowermoving hurricanes,request-7-3-0
slowermoving hurricanes,extended duration of hurricane harvey,request-7-3-1
extended duration of hurricane harvey,increased rainfall accumulation,request-7-3-2
increased rainfall accumulation,doubling of flooded houston homes in the hurricane harvey,request-7-3-3
climate change,enhanced greenhouse effect,request-7-4-0
enhanced greenhouse effect,warmer gulf of mexico waters,request-7-4-1
warmer gulf of mexico waters,intensification of hurricane harvey,request-7-4-2
intensification of hurricane harvey,doubling of flooded houston homes in the hurricane harvey,request-7-4-3
climate change,increased frequency of extreme weather events,request-7-5-0
increased frequency of extreme weather events,occurrence of hurricane harvey,request-7-5-1
occurrence of hurricane harvey,severe flooding in houston,request-7-5-2
severe flooding in houston,doubling of flooded houston homes in the hurricane harvey,request-7-5-3
methane,greenhouse gas emissions,request-8-0-0
greenhouse gas emissions,enhanced greenhouse effect,request-8-0-1
enhanced greenhouse effect,global warming,request-8-0-2
global warming,climate change,request-8-0-3
climate change,environmental degradation,request-8-0-4
environmental degradation,pollution,request-8-0-5
methane,atmospheric methane increase,request-8-1-0
atmospheric methane increase,formation of groundlevel ozone,request-8-1-1
formation of groundlevel ozone,air quality deterioration,request-8-1-2
air quality deterioration,air pollution,request-8-1-3
air pollution,pollution,request-8-1-4
methane,natural gas extraction,request-8-2-0
natural gas extraction,habitat disruption,request-8-2-1
habitat disruption,ecosystem imbalance,request-8-2-2
ecosystem imbalance,environmental contamination,request-8-2-3
environmental contamination,pollution,request-8-2-4
methane,methane leaks,request-8-3-0
methane leaks,explosion hazards,request-8-3-1
explosion hazards,release of pollutants,request-8-3-2
release of pollutants,air pollution,request-8-3-3
air pollution,pollution,request-8-3-4
methane,combustion of methane,request-8-4-0
combustion of methane,carbon dioxide emissions,request-8-4-1
carbon dioxide emissions,greenhouse gas accumulation,request-8-4-2
greenhouse gas accumulation,climate change,request-8-4-3
climate change,pollution,request-8-4-4
methane,agricultural practices,request-8-5-0
agricultural practices,livestock farming emissions,request-8-5-1
livestock farming emissions,increased atmospheric pollutants,request-8-5-2
increased atmospheric pollutants,air pollution,request-8-5-3
air pollution,pollution,request-8-5-4
methane,waste decomposition,request-8-6-0
waste decomposition,biogas release,request-8-6-1
biogas release,uncontrolled methane emissions,request-8-6-2
uncontrolled methane emissions,atmospheric pollution,request-8-6-3
atmospheric pollution,pollution,request-8-6-4
methane,melting permafrost,request-8-7-0
melting permafrost,release of trapped methane,request-8-7-1
release of trapped methane,enhanced greenhouse effect,request-8-7-2
enhanced greenhouse effect,climate change,request-8-7-3
climate change,pollution,request-8-7-4
methane,oceanic methane hydrates,request-8-8-0
oceanic methane hydrates,methane release into oceans,request-8-8-1
methane release into oceans,ocean acidification,request-8-8-2
ocean acidification,marine ecosystem disruption,request-8-8-3
marine ecosystem disruption,pollution,request-8-8-4
methane,fossil fuel use,request-8-9-0
fossil fuel use,airborne particulate matter,request-8-9-1
airborne particulate matter,air quality degradation,request-8-9-2
air quality degradation,health hazards,request-8-9-3
health hazards,pollution,request-8-9-4
melting of antarctic ice and methane pockets unabsorbed by microorganisms,exposure of methane hydrates,request-9-0-0
exposure of methane hydrates,dissociation of methane hydrates,request-9-0-1
dissociation of methane hydrates,release of methane into the atmosphere,request-9-0-2
melting of antarctic ice and methane pockets unabsorbed by microorganisms,reduced pressure on methane deposits,request-9-1-0
reduced pressure on methane deposits,destabilization of methane clathrates,request-9-1-1
destabilization of methane clathrates,release of methane into the atmosphere,request-9-1-2
melting of antarctic ice and methane pockets unabsorbed by microorganisms,increased ocean temperatures,request-9-2-0
increased ocean temperatures,methane hydrate decomposition,request-9-2-1
methane hydrate decomposition,release of methane into the atmosphere,request-9-2-2
melting of antarctic ice and methane pockets unabsorbed by microorganisms,decreased microbial activity,request-9-3-0
decreased microbial activity,accumulation of methane gas,request-9-3-1
accumulation of methane gas,release of methane into the atmosphere,request-9-3-2
melting of antarctic ice and methane pockets unabsorbed by microorganisms,increased permeability of ice layers,request-9-4-0
increased permeability of ice layers,methane migration to surface,request-9-4-1
methane migration to surface,release of methane into the atmosphere,request-9-4-2
melting of antarctic ice and methane pockets unabsorbed by microorganisms,disintegration of ice shelves,request-9-5-0
disintegration of ice shelves,exposure of subglacial methane reserves,request-9-5-1
exposure of subglacial methane reserves,release of methane into the atmosphere,request-9-5-2
melting of antarctic ice and methane pockets unabsorbed by microorganisms,collapse of permafrost layers,request-9-6-0
collapse of permafrost layers,methane release from permafrost,request-9-6-1
methane release from permafrost,release of methane into the atmosphere,request-9-6-2
melting of antarctic ice and methane pockets unabsorbed by microorganisms,methane bubble formation,request-9-7-0
methane bubble formation,methane bubbling to the surface,request-9-7-1
methane bubbling to the surface,release of methane into the atmosphere,request-9-7-2
melting of antarctic ice and methane pockets unabsorbed by microorganisms,algal bloom due to fresh water influx,request-9-8-0
algal bloom due to fresh water influx,oxygen depletion,request-9-8-1
oxygen depletion,anaerobic conditions leading to methane production,request-9-8-2
anaerobic conditions leading to methane production,release of methane into the atmosphere,request-9-8-3
lunar wobble,increased tidal amplitude,request-10-0-0
increased tidal amplitude,higher high tides,request-10-0-1
higher high tides,coastal flooding in the 2030s,request-10-0-2
coastal flooding in the 2030s,changes in the coastline,request-10-0-3
lunar wobble,altered tidal cycles,request-10-1-0
altered tidal cycles,increased coastal erosion,request-10-1-1
increased coastal erosion,changes in the coastline,request-10-1-2
lunar wobble,combined effect with sealevel rise,request-10-2-0
combined effect with sealevel rise,enhanced flooding risk,request-10-2-1
enhanced flooding risk,coastal flooding in the 2030s,request-10-2-2
coastal flooding in the 2030s,changes in the coastline,request-10-2-3
lunar wobble,extreme tidal events,request-10-3-0
extreme tidal events,damage to coastal infrastructure,request-10-3-1
damage to coastal infrastructure,changes in the coastline,request-10-3-2
lunar wobble,increased inundation events,request-10-4-0
increased inundation events,saltwater intrusion,request-10-4-1
saltwater intrusion,degradation of coastal ecosystems,request-10-4-2
degradation of coastal ecosystems,changes in the coastline,request-10-4-3
drought,the decrease in water levels,request-11-0-0
the decrease in water levels,the reduction in river sizes,request-11-0-1
the reduction in river sizes,the changes in river courses,request-11-0-2
the changes in river courses,changes in geography maps,request-11-0-3
drought,the desertification of land,request-11-1-0
the desertification of land,the changes in landforms,request-11-1-1
the changes in landforms,changes in geography maps,request-11-1-2
drought,the failure of crops,request-11-2-0
the failure of crops,the migration of humans,request-11-2-1
the migration of humans,the expansion of urban areas,request-11-2-2
the expansion of urban areas,changes in geography maps,request-11-2-3
drought,the occurrence of wildfires,request-11-3-0
the occurrence of wildfires,the deforestation of regions,request-11-3-1
the deforestation of regions,the changes in landscape,request-11-3-2
the changes in landscape,changes in geography maps,request-11-3-3
drought,the drying up of lakes,request-11-4-0
the drying up of lakes,the disappearance of lakes,request-11-4-1
the disappearance of lakes,changes in geography maps,request-11-4-2
drought,the soil erosion,request-11-5-0
the soil erosion,the changes in terrain,request-11-5-1
the changes in terrain,changes in geography maps,request-11-5-2
drought,the depletion of groundwater,request-11-6-0
the depletion of groundwater,the land subsidence,request-11-6-1
the land subsidence,the changes in topography,request-11-6-2
the changes in topography,changes in geography maps,request-11-6-3
drought,the shoreline retreat,request-11-7-0
the shoreline retreat,the coastal erosion,request-11-7-1
the coastal erosion,changes in geography maps,request-11-7-2
changes in geographical maps,redrawing of political boundaries,request-12-0-0
redrawing of political boundaries,loss of territory,request-12-0-1
loss of territory,economic instability,request-12-0-2
economic instability,job scarcity,request-12-0-3
job scarcity,population displacement,request-12-0-4
population displacement,migration issues,request-12-0-5
changes in geographical maps,alteration of natural resource distribution,request-12-1-0
alteration of natural resource distribution,environmental degradation,request-12-1-1
environmental degradation,decreased agricultural productivity,request-12-1-2
decreased agricultural productivity,food shortages,request-12-1-3
food shortages,population pressure,request-12-1-4
population pressure,migration issues,request-12-1-5
changes in geographical maps,creation of new nations,request-12-2-0
creation of new nations,implementation of new laws,request-12-2-1
implementation of new laws,restriction of freedoms,request-12-2-2
restriction of freedoms,social unrest,request-12-2-3
social unrest,increase in refugees,request-12-2-4
increase in refugees,migration issues,request-12-2-5
changes in geographical maps,emergence of conflicts,request-12-3-0
emergence of conflicts,destruction of infrastructure,request-12-3-1
destruction of infrastructure,lack of essential services,request-12-3-2
lack of essential services,humanitarian crises,request-12-3-3
humanitarian crises,migration issues,request-12-3-4
changes in geographical maps,rising sea levels,request-12-4-0
rising sea levels,flooding of coastal areas,request-12-4-1
flooding of coastal areas,displacement of coastal populations,request-12-4-2
displacement of coastal populations,overcrowding in inland regions,request-12-4-3
overcrowding in inland regions,competition for resources,request-12-4-4
competition for resources,migration issues,request-12-4-5
changes in geographical maps,expansion of desertification,request-12-5-0
expansion of desertification,loss of arable land,request-12-5-1
loss of arable land,agricultural decline,request-12-5-2
agricultural decline,economic hardship,request-12-5-3
economic hardship,rural exodus,request-12-5-4
rural exodus,migration issues,request-12-5-5
changes in geographical maps,alteration of trade routes,request-12-6-0
alteration of trade routes,economic shifts,request-12-6-1
economic shifts,job losses,request-12-6-2
job losses,poverty increase,request-12-6-3
poverty increase,people seeking opportunities elsewhere,request-12-6-4
people seeking opportunities elsewhere,migration issues,request-12-6-5
changes in geographical maps,discovery of resources,request-12-7-0
discovery of resources,resource exploitation,request-12-7-1
resource exploitation,environmental damage,request-12-7-2
environmental damage,health problems,request-12-7-3
health problems,uninhabitable areas,request-12-7-4
uninhabitable areas,migration issues,request-12-7-5
changes in geographical maps,melting of glaciers,request-12-8-0
melting of glaciers,water scarcity,request-12-8-1
water scarcity,agricultural stress,request-12-8-2
agricultural stress,food insecurity,request-12-8-3
food insecurity,population displacement,request-12-8-4
population displacement,migration issues,request-12-8-5
changes in geographical maps,urban expansion,request-12-9-0
urban expansion,habitat loss,request-12-9-1
habitat loss,biodiversity decline,request-12-9-2
biodiversity decline,ecosystem imbalance,request-12-9-3
ecosystem imbalance,livelihood disruptions,request-12-9-4
livelihood disruptions,migration issues,request-12-9-5
methane emissions,increase in atmospheric methane,request-13-0-0
increase in atmospheric methane,tropospheric ozone formation,request-13-0-1
tropospheric ozone formation,air pollution,request-13-0-2
methane leaks,enhanced greenhouse effect,request-13-1-0
enhanced greenhouse effect,global warming,request-13-1-1
global warming,climate change,request-13-1-2
climate change,environmental pollution,request-13-1-3
methane combustion,carbon dioxide emissions,request-13-2-0
carbon dioxide emissions,greenhouse gas accumulation,request-13-2-1
greenhouse gas accumulation,climate change,request-13-2-2
climate change,air pollution,request-13-2-3
methane flaring,soot particle release,request-13-3-0
soot particle release,atmospheric particulate matter increase,request-13-3-1
atmospheric particulate matter increase,air pollution,request-13-3-2
methane from livestock,methane accumulation in atmosphere,request-13-4-0
methane accumulation in atmosphere,climate alteration,request-13-4-1
climate alteration,ecosystem disruption,request-13-4-2
ecosystem disruption,pollution of natural habitats,request-13-4-3
methane hydrate release,methane surge in atmosphere,request-13-5-0
methane surge in atmosphere,accelerated global warming,request-13-5-1
accelerated global warming,sea level rise,request-13-5-2
sea level rise,marine pollution,request-13-5-3
methaneinduced temperature rise,permafrost thawing,request-13-6-0
permafrost thawing,release of trapped pollutants,request-13-6-1
release of trapped pollutants,soil and water pollution,request-13-6-2
methane emissions,formation of hydroxyl radicals depletion,request-13-7-0
formation of hydroxyl radicals depletion,extended lifespan of other pollutants,request-13-7-1
extended lifespan of other pollutants,increased air pollution,request-13-7-2
methane release into arctic ocean sediments and waters,methane emission into the atmosphere,request-14-0-0
methane emission into the atmosphere,enhanced greenhouse effect,request-14-0-1
enhanced greenhouse effect,global warming,request-14-0-2
global warming,the thawing of subsea permafrost and decomposition of methane hydrates,request-14-0-3
methane release into arctic ocean sediments and waters,oxidation of methane by microbes,request-14-1-0
oxidation of methane by microbes,heat production in sediments and waters,request-14-1-1
heat production in sediments and waters,local warming of subsea permafrost,request-14-1-2
local warming of subsea permafrost,the thawing of subsea permafrost and decomposition of methane hydrates,request-14-1-3
methane release into arctic ocean sediments and waters,formation of methane bubbles,request-14-2-0
formation of methane bubbles,physical disturbances in sediment structure,request-14-2-1
physical disturbances in sediment structure,destabilization of subsea permafrost layers,request-14-2-2
destabilization of subsea permafrost layers,the thawing of subsea permafrost and decomposition of methane hydrates,request-14-2-3
methane emission increase,atmospheric methane concentration rise,request-15-0-0
atmospheric methane concentration rise,enhanced greenhouse effect,request-15-0-1
enhanced greenhouse effect,global temperature increase,request-15-0-2
global temperature increase,permafrost thawing,request-15-0-3
permafrost thawing,the release of ancient carbon from sediment into the atmosphere,request-15-0-4
methane emission increase,atmospheric methane concentration rise,request-15-1-0
atmospheric methane concentration rise,enhanced greenhouse effect,request-15-1-1
enhanced greenhouse effect,ocean temperature rise,request-15-1-2
ocean temperature rise,destabilization of oceanic sediments,request-15-1-3
destabilization of oceanic sediments,the release of ancient carbon from sediment into the atmosphere,request-15-1-4
methane emission increase,atmospheric methane concentration rise,request-15-2-0
atmospheric methane concentration rise,climate change acceleration,request-15-2-1
climate change acceleration,increased soil microbial activity,request-15-2-2
increased soil microbial activity,enhanced decomposition of organic matter in sediments,request-15-2-3
enhanced decomposition of organic matter in sediments,the release of ancient carbon from sediment into the atmosphere,request-15-2-4
methane emission increase,atmospheric methane concentration rise,request-15-3-0
atmospheric methane concentration rise,global warming,request-15-3-1
global warming,melting of methane clathrates in permafrost and seabeds,request-15-3-2
melting of methane clathrates in permafrost and seabeds,sediment disturbance,request-15-3-3
sediment disturbance,the release of ancient carbon from sediment into the atmosphere,request-15-3-4
methane emission increase,atmospheric methane concentration rise,request-15-4-0
atmospheric methane concentration rise,stratospheric water vapor increase,request-15-4-1
stratospheric water vapor increase,amplified warming,request-15-4-2
amplified warming,ice sheet melting,request-15-4-3
ice sheet melting,sea level rise,request-15-4-4
sea level rise,coastal erosion,request-15-4-5
coastal erosion,the release of ancient carbon from sediment into the atmosphere,request-15-4-6
ancient sources dominating deep waters,methane accumulation in deep waters,request-16-0-0
methane accumulation in deep waters,methane diffusion to surface waters,request-16-0-1
methane diffusion to surface waters,increased methane concentration in surface waters,request-16-0-2
increased methane concentration in surface waters,the 10 ± 3% contribution of surface water methane,request-16-0-3
ancient sources dominating deep waters,methanerich deep water upwelling,request-16-1-0
methanerich deep water upwelling,methane release into surface waters,request-16-1-1
methane release into surface waters,elevated methane levels in surface waters,request-16-1-2
elevated methane levels in surface waters,the 10 ± 3% contribution of surface water methane,request-16-1-3
ancient sources dominating deep waters,methane transport via ocean currents,request-16-2-0
methane transport via ocean currents,methane plumes reaching surface waters,request-16-2-1
methane plumes reaching surface waters,enhanced surface water methane concentrations,request-16-2-2
enhanced surface water methane concentrations,the 10 ± 3% contribution of surface water methane,request-16-2-3
ancient sources dominating deep waters,reduced methane oxidation in water column,request-16-3-0
reduced methane oxidation in water column,greater methane preservation to surface,request-16-3-1
greater methane preservation to surface,accumulation of methane in surface waters,request-16-3-2
accumulation of methane in surface waters,the 10 ± 3% contribution of surface water methane,request-16-3-3
as climate change progresses,sourced methane is released,request-17-0-0
sourced methane is released,oceanic oxidation occurs,request-17-0-1
oceanic oxidation occurs,dispersion processes spread the oxidation products,request-17-0-2
dispersion processes spread the oxidation products,the emission of ancient carbon into the atmosphere increases,request-17-0-3
as climate change progresses,sourced methane is released,request-17-1-0
sourced methane is released,dispersion processes spread the methane,request-17-1-1
dispersion processes spread the methane,oceanic oxidation occurs,request-17-1-2
oceanic oxidation occurs,the emission of ancient carbon into the atmosphere increases,request-17-1-3
as climate change progresses,sourced methane is released,request-17-2-0
sourced methane is released,the emission of ancient carbon into the atmosphere increases,request-17-2-1
as climate change progresses,oceanic oxidation increases,request-17-3-0
oceanic oxidation increases,the emission of ancient carbon into the atmosphere increases,request-17-3-1
co2 mitigation,reduction in fossil fuel combustion,request-18-0-0
reduction in fossil fuel combustion,decrease in aerosol emissions,request-18-0-1
decrease in aerosol emissions,reduction in atmospheric aerosols,request-18-0-2
reduction in atmospheric aerosols,decrease in global dimming,request-18-0-3
decrease in global dimming,increase in solar radiation absorption,request-18-0-4
increase in solar radiation absorption,accelerated global warming,request-18-0-5
accelerated global warming,enhanced greenland ice melt,request-18-0-6
enhanced greenland ice melt,increased freshwater influx into the north atlantic,request-18-0-7
increased freshwater influx into the north atlantic,reduction in north atlantic seawater salinity,request-18-0-8
reduction in north atlantic seawater salinity,weakening of thermohaline circulation,request-18-0-9
weakening of thermohaline circulation,collapse of the atlantic meridional overturning circulation,request-18-0-10
co2 mitigation,increased use of biofuels,request-18-1-0
increased use of biofuels,deforestation for biofuel production,request-18-1-1
deforestation for biofuel production,reduction in forest cover,request-18-1-2
reduction in forest cover,alteration of evapotranspiration,request-18-1-3
alteration of evapotranspiration,changes in atmospheric moisture distribution,request-18-1-4
changes in atmospheric moisture distribution,altered precipitation patterns over the north atlantic,request-18-1-5
altered precipitation patterns over the north atlantic,increased freshwater input into the north atlantic,request-18-1-6
increased freshwater input into the north atlantic,decrease in seawater salinity,request-18-1-7
decrease in seawater salinity,weakening of thermohaline circulation,request-18-1-8
weakening of thermohaline circulation,collapse of the atlantic meridional overturning circulation,request-18-1-9
co2 mitigation,implementation of geoengineering techniques,request-18-2-0
implementation of geoengineering techniques,deployment of solar radiation management,request-18-2-1
deployment of solar radiation management,altered atmospheric circulation patterns,request-18-2-2
altered atmospheric circulation patterns,changes in precipitation distribution,request-18-2-3
changes in precipitation distribution,increased freshwater input into the north atlantic,request-18-2-4
increased freshwater input into the north atlantic,reduction in seawater salinity,request-18-2-5
reduction in seawater salinity,weakening of thermohaline circulation,request-18-2-6
weakening of thermohaline circulation,collapse of the atlantic meridional overturning circulation,request-18-2-7
stronger amoc in rcp85 framework,increased northward heat transport,request-19-0-0
increased northward heat transport,elevated sea surface temperatures in the north atlantic,request-19-0-1
elevated sea surface temperatures in the north atlantic,elevated air temperatures in the north atlantic,request-19-0-2
stronger amoc in rcp85 framework,decreased sea ice cover,request-19-1-0
decreased sea ice cover,reduced albedo,request-19-1-1
reduced albedo,increased absorption of solar radiation,request-19-1-2
increased absorption of solar radiation,elevated sea surface and air temperatures in the north atlantic,request-19-1-3
stronger amoc in rcp85 framework,enhanced vertical mixing in the ocean,request-19-2-0
enhanced vertical mixing in the ocean,release of heat from deep ocean layers,request-19-2-1
release of heat from deep ocean layers,elevated sea surface temperatures in the north atlantic,request-19-2-2
stronger amoc in rcp85 framework,changes in atmospheric circulation patterns,request-19-3-0
changes in atmospheric circulation patterns,increased warm air advection over the north atlantic,request-19-3-1
increased warm air advection over the north atlantic,elevated air temperatures in the north atlantic,request-19-3-2
the hottest pathway resulting in 45+ degrees of warming by the end of the century,melting of polar ice caps,request-20-0-0
melting of polar ice caps,opening of new arctic shipping routes,request-20-0-1
opening of new arctic shipping routes,increase in global trade,request-20-0-2
increase in global trade,boost in economic activities,request-20-0-3
boost in economic activities,the absolute highest economic growth,request-20-0-4
the hottest pathway resulting in 45+ degrees of warming by the end of the century,melting of permafrost releasing trapped methane,request-20-1-0
melting of permafrost releasing trapped methane,further acceleration of resource extraction in newly accessible areas,request-20-1-1
further acceleration of resource extraction in newly accessible areas,increased energy production,request-20-1-2
increased energy production,economic growth driven by the energy sector,request-20-1-3
economic growth driven by the energy sector,the absolute highest economic growth,request-20-1-4
the hottest pathway resulting in 45+ degrees of warming by the end of the century,expansion of habitable regions into higher latitudes,request-20-2-0
expansion of habitable regions into higher latitudes,development and colonization of new lands,request-20-2-1
development and colonization of new lands,economic activities in construction and agriculture,request-20-2-2
economic activities in construction and agriculture,economic growth,request-20-2-3
economic growth,the absolute highest economic growth,request-20-2-4
the hottest pathway resulting in 45+ degrees of warming by the end of the century,increased carbon dioxide levels promoting plant growth,request-20-3-0
increased carbon dioxide levels promoting plant growth,enhanced agricultural yields in certain regions,request-20-3-1
enhanced agricultural yields in certain regions,growth in agribusiness,request-20-3-2
growth in agribusiness,economic growth,request-20-3-3
economic growth,the absolute highest economic growth,request-20-3-4
the hottest pathway resulting in 45+ degrees of warming by the end of the century,increased investment in climate adaptation technologies,request-20-4-0
increased investment in climate adaptation technologies,innovation and growth in technology sectors,request-20-4-1
innovation and growth in technology sectors,economic growth through technological advancement,request-20-4-2
economic growth through technological advancement,the absolute highest economic growth,request-20-4-3
the hottest pathway resulting in 45+ degrees of warming by the end of the century,greater need for climateresilient infrastructure,request-20-5-0
greater need for climateresilient infrastructure,massive infrastructure development projects,request-20-5-1
massive infrastructure development projects,job creation and economic stimulation,request-20-5-2
job creation and economic stimulation,the absolute highest economic growth,request-20-5-3
the hottest pathway resulting in 45+ degrees of warming by the end of the century,increased frequency of extreme weather events,request-20-6-0
increased frequency of extreme weather events,higher demand for disaster recovery and insurance services,request-20-6-1
higher demand for disaster recovery and insurance services,growth in the insurance and construction industries,request-20-6-2
growth in the insurance and construction industries,economic growth,request-20-6-3
economic growth,the absolute highest economic growth,request-20-6-4
the hottest pathway resulting in 45+ degrees of warming by the end of the century,rising sea levels displacing coastal populations,request-20-7-0
rising sea levels displacing coastal populations,urban redevelopment and construction booms inland,request-20-7-1
urban redevelopment and construction booms inland,economic stimulation through construction and real estate,request-20-7-2
economic stimulation through construction and real estate,the absolute highest economic growth,request-20-7-3
the hottest pathway resulting in 45+ degrees of warming by the end of the century,transformation of previously uninhabitable cold regions,request-20-8-0
transformation of previously uninhabitable cold regions,expansion of mining and resource extraction activities,request-20-8-1
expansion of mining and resource extraction activities,increased industrial output,request-20-8-2
increased industrial output,economic growth,request-20-8-3
economic growth,the absolute highest economic growth,request-20-8-4
the hottest pathway resulting in 45+ degrees of warming by the end of the century,increased prevalence of tropical diseases in new areas,request-20-9-0
increased prevalence of tropical diseases in new areas,growth in pharmaceutical and healthcare industries,request-20-9-1
growth in pharmaceutical and healthcare industries,economic growth driven by healthcare sector,request-20-9-2
economic growth driven by healthcare sector,the absolute highest economic growth,request-20-9-3
people’s anxiety,activation of sympathetic nervous system,request-21-0-0
activation of sympathetic nervous system,increased respiratory rate,request-21-0-1
increased respiratory rate,increased oxygen intake and co₂ release,request-21-0-2
people’s anxiety,hyperventilation,request-21-1-0
hyperventilation,increased oxygen intake and co₂ release,request-21-1-1
people’s anxiety,release of adrenaline,request-21-2-0
release of adrenaline,stimulation of respiratory centers,request-21-2-1
stimulation of respiratory centers,increased oxygen intake and co₂ release,request-21-2-2
people’s anxiety,panic attack,request-21-3-0
panic attack,rapid breathing,request-21-3-1
rapid breathing,increased oxygen intake and co₂ release,request-21-3-2
people’s anxiety,emotional stress,request-21-4-0
emotional stress,increased tidal volume,request-21-4-1
increased tidal volume,increased oxygen intake and co₂ release,request-21-4-2
genuine population decline beyond expected levels,decrease in individuals of reproductive age,request-22-0-0
decrease in individuals of reproductive age,fewer potential parents,request-22-0-1
fewer potential parents,decline in birth rates this century,request-22-0-2
genuine population decline beyond expected levels,aging population,request-22-1-0
aging population,higher proportion of elderly individuals,request-22-1-1
higher proportion of elderly individuals,lower number of young adults,request-22-1-2
lower number of young adults,decline in birth rates this century,request-22-1-3
genuine population decline beyond expected levels,increased emigration of young people,request-22-2-0
increased emigration of young people,decrease in domestic reproductive population,request-22-2-1
decrease in domestic reproductive population,fewer births,request-22-2-2
fewer births,decline in birth rates this century,request-22-2-3
genuine population decline beyond expected levels,economic downturn,request-22-3-0
economic downturn,financial insecurity among the population,request-22-3-1
financial insecurity among the population,people delay or forego having children,request-22-3-2
people delay or forego having children,decline in birth rates this century,request-22-3-3
genuine population decline beyond expected levels,reduced population density,request-22-4-0
reduced population density,less social interaction,request-22-4-1
less social interaction,fewer opportunities to form families,request-22-4-2
fewer opportunities to form families,decline in birth rates this century,request-22-4-3
genuine population decline beyond expected levels,increased workload on remaining population,request-22-5-0
increased workload on remaining population,less time for personal life,request-22-5-1
less time for personal life,decline in family planning,request-22-5-2
decline in family planning,decline in birth rates this century,request-22-5-3
genuine population decline beyond expected levels,government policies to stabilize population,request-22-6-0
government policies to stabilize population,implementation of restrictive reproductive measures,request-22-6-1
implementation of restrictive reproductive measures,decreased birth rates,request-22-6-2
decreased birth rates,decline in birth rates this century,request-22-6-3
genuine population decline beyond expected levels,psychological impact on society,request-22-7-0
psychological impact on society,increased stress and uncertainty,request-22-7-1
increased stress and uncertainty,decreased desire to have children,request-22-7-2
decreased desire to have children,decline in birth rates this century,request-22-7-3
genuine population decline beyond expected levels,disrupted family structures,request-22-8-0
disrupted family structures,less stable environments for raising children,request-22-8-1
less stable environments for raising children,fewer births,request-22-8-2
fewer births,decline in birth rates this century,request-22-8-3
genuine population decline beyond expected levels,shift in social values,request-22-9-0
shift in social values,increased emphasis on individualism,request-22-9-1
increased emphasis on individualism,people prioritize careers over families,request-22-9-2
people prioritize careers over families,decline in birth rates this century,request-22-9-3
genuine population decline beyond expected levels,impact on healthcare systems,request-22-10-0
impact on healthcare systems,reduced access to maternal care,request-22-10-1
reduced access to maternal care,higher maternal and infant mortality,request-22-10-2
higher maternal and infant mortality,decline in birth rates this century,request-22-10-3
genuine population decline beyond expected levels,scarcity of resources,request-22-11-0
scarcity of resources,higher cost of living,request-22-11-1
higher cost of living,couples postpone having children,request-22-11-2
couples postpone having children,decline in birth rates this century,request-22-11-3
china,china's rapid industrialization,request-23-0-0
china's rapid industrialization,increased energy consumption,request-23-0-1
increased energy consumption,greater use of fossil fuels,request-23-0-2
greater use of fossil fuels,higher greenhouse gas emissions,request-23-0-3
higher greenhouse gas emissions,the most emissions,request-23-0-4
china,china's population growth,request-23-1-0
china's population growth,increased demand for goods,request-23-1-1
increased demand for goods,expansion of manufacturing sector,request-23-1-2
expansion of manufacturing sector,increased greenhouse gas emissions,request-23-1-3
increased greenhouse gas emissions,the most emissions,request-23-1-4
china,china's economic growth,request-23-2-0
china's economic growth,infrastructure development,request-23-2-1
infrastructure development,increased cement production,request-23-2-2
increased cement production,higher co2 emissions,request-23-2-3
higher co2 emissions,the most emissions,request-23-2-4
china,heavy reliance on coal,request-23-3-0
heavy reliance on coal,high carbon dioxide emissions,request-23-3-1
high carbon dioxide emissions,the most emissions,request-23-3-2
china,use of coal for energy,request-23-4-0
use of coal for energy,high carbon emissions,request-23-4-1
high carbon emissions,the most emissions,request-23-4-2
china,lax environmental regulations,request-23-5-0
lax environmental regulations,high pollution levels,request-23-5-1
high pollution levels,increased greenhouse gas emissions,request-23-5-2
increased greenhouse gas emissions,the most emissions,request-23-5-3
china,increasing urbanization,request-23-6-0
increasing urbanization,greater transportation needs,request-23-6-1
greater transportation needs,more vehicle emissions,request-23-6-2
more vehicle emissions,the most emissions,request-23-6-3
china,manufacturing hub of the world,request-23-7-0
manufacturing hub of the world,production of goods for export,request-23-7-1
production of goods for export,high energy consumption,request-23-7-2
high energy consumption,increased emissions,request-23-7-3
increased emissions,the most emissions,request-23-7-4
china,deforestation,request-23-8-0
deforestation,reduction in carbon sinks,request-23-8-1
reduction in carbon sinks,more co2 in atmosphere,request-23-8-2
more co2 in atmosphere,the most emissions,request-23-8-3
china,economic policies favoring growth,request-23-9-0
economic policies favoring growth,neglect of environmental concerns,request-23-9-1
neglect of environmental concerns,high emission industries,request-23-9-2
high emission industries,the most emissions,request-23-9-3
china,subsidies for fossil fuels,request-23-10-0
subsidies for fossil fuels,increased use of fossil fuels,request-23-10-1
increased use of fossil fuels,more emissions,request-23-10-2
more emissions,the most emissions,request-23-10-3
china,lack of renewable energy adoption,request-23-11-0
lack of renewable energy adoption,continued fossil fuel use,request-23-11-1
continued fossil fuel use,high emissions,request-23-11-2
high emissions,the most emissions,request-23-11-3
india,economic growth,request-24-0-0
economic growth,increased energy demand,request-24-0-1
increased energy demand,higher fossil fuel consumption,request-24-0-2
higher fossil fuel consumption,increased greenhouse gas emissions,request-24-0-3
increased greenhouse gas emissions,the most emissions,request-24-0-4
india,population growth,request-24-1-0
population growth,increased energy needs,request-24-1-1
increased energy needs,higher electricity production,request-24-1-2
higher electricity production,higher co₂ emissions,request-24-1-3
higher co₂ emissions,the most emissions,request-24-1-4
india,industrialization,request-24-2-0
industrialization,expanded manufacturing sector,request-24-2-1
expanded manufacturing sector,increased coal usage,request-24-2-2
increased coal usage,elevated carbon emissions,request-24-2-3
elevated carbon emissions,the most emissions,request-24-2-4
india,urbanization,request-24-3-0
urbanization,growth of transportation sector,request-24-3-1
growth of transportation sector,increased vehicle emissions,request-24-3-2
increased vehicle emissions,higher greenhouse gas levels,request-24-3-3
higher greenhouse gas levels,the most emissions,request-24-3-4
india,deforestation,request-24-4-0
deforestation,loss of forest cover,request-24-4-1
loss of forest cover,reduced carbon sequestration,request-24-4-2
reduced carbon sequestration,net increase in atmospheric co₂,request-24-4-3
net increase in atmospheric co₂,the most emissions,request-24-4-4
india,agricultural expansion,request-24-5-0
agricultural expansion,increased methane emissions,request-24-5-1
increased methane emissions,higher greenhouse gas concentrations,request-24-5-2
higher greenhouse gas concentrations,the most emissions,request-24-5-3
india,energy production,request-24-6-0
energy production,reliance on coalfired power plants,request-24-6-1
reliance on coalfired power plants,elevated co₂ emissions,request-24-6-2
elevated co₂ emissions,the most emissions,request-24-6-3
india,economic policies,request-24-7-0
economic policies,subsidies for fossil fuels,request-24-7-1
subsidies for fossil fuels,increased fossil fuel consumption,request-24-7-2
increased fossil fuel consumption,higher greenhouse gas emissions,request-24-7-3
higher greenhouse gas emissions,the most emissions,request-24-7-4
india,technological development,request-24-8-0
technological development,increase in industrial activities,request-24-8-1
increase in industrial activities,higher energy consumption,request-24-8-2
higher energy consumption,increased emissions,request-24-8-3
increased emissions,the most emissions,request-24-8-4
india,rise in living standards,request-24-9-0
rise in living standards,greater electricity usage,request-24-9-1
greater electricity usage,higher fossil fuel burning,request-24-9-2
higher fossil fuel burning,elevated greenhouse gas emissions,request-24-9-3
elevated greenhouse gas emissions,the most emissions,request-24-9-4
corporations,fossil fuel combustion,request-25-0-0
fossil fuel combustion,carbon dioxide emissions,request-25-0-1
carbon dioxide emissions,accumulation of greenhouse gases,request-25-0-2
accumulation of greenhouse gases,vast majority of climate emissions,request-25-0-3
corporations,industrial processes,request-25-1-0
industrial processes,methane emissions,request-25-1-1
methane emissions,increase in greenhouse gas concentrations,request-25-1-2
increase in greenhouse gas concentrations,vast majority of climate emissions,request-25-1-3
corporations,deforestation practices,request-25-2-0
deforestation practices,loss of carbon sinks,request-25-2-1
loss of carbon sinks,elevated atmospheric co2 levels,request-25-2-2
elevated atmospheric co2 levels,vast majority of climate emissions,request-25-2-3
corporations,transportation activities,request-25-3-0
transportation activities,burning of fossil fuels,request-25-3-1
burning of fossil fuels,greenhouse gas emissions,request-25-3-2
greenhouse gas emissions,vast majority of climate emissions,request-25-3-3
corporations,energy consumption,request-25-4-0
energy consumption,fossil fuel power generation,request-25-4-1
fossil fuel power generation,co2 emissions,request-25-4-2
co2 emissions,vast majority of climate emissions,request-25-4-3
corporations,waste generation,request-25-5-0
waste generation,landfill emissions,request-25-5-1
landfill emissions,methane emissions,request-25-5-2
methane emissions,vast majority of climate emissions,request-25-5-3
corporations,agricultural activities,request-25-6-0
agricultural activities,nitrous oxide emissions,request-25-6-1
nitrous oxide emissions,increase in greenhouse gases,request-25-6-2
increase in greenhouse gases,vast majority of climate emissions,request-25-6-3
corporations,cement production,request-25-7-0
cement production,carbon dioxide emissions,request-25-7-1
carbon dioxide emissions,greenhouse gas accumulation,request-25-7-2
greenhouse gas accumulation,vast majority of climate emissions,request-25-7-3
corporations,chemical manufacturing,request-25-8-0
chemical manufacturing,release of fluorinated gases,request-25-8-1
release of fluorinated gases,potent greenhouse gases,request-25-8-2
potent greenhouse gases,vast majority of climate emissions,request-25-8-3
corporations,oil and gas extraction,request-25-9-0
oil and gas extraction,methane leaks,request-25-9-1
methane leaks,increase in greenhouse gas levels,request-25-9-2
increase in greenhouse gas levels,vast majority of climate emissions,request-25-9-3
corporations,industrial production processes,request-26-0-0
industrial production processes,energy consumption from fossil fuels,request-26-0-1
energy consumption from fossil fuels,greenhouse gas emissions,request-26-0-2
greenhouse gas emissions,accumulation of atmospheric greenhouse gases,request-26-0-3
accumulation of atmospheric greenhouse gases,climate change acceleration,request-26-0-4
corporations,deforestation for resource extraction,request-26-1-0
deforestation for resource extraction,loss of carbon sinks,request-26-1-1
loss of carbon sinks,increased atmospheric co₂ levels,request-26-1-2
increased atmospheric co₂ levels,enhanced greenhouse effect,request-26-1-3
enhanced greenhouse effect,climate change progression,request-26-1-4
corporations,fossil fuel extraction activities,request-26-2-0
fossil fuel extraction activities,release of methane during drilling,request-26-2-1
release of methane during drilling,greenhouse gas emissions,request-26-2-2
greenhouse gas emissions,amplification of global warming,request-26-2-3
amplification of global warming,climate change intensification,request-26-2-4
corporations,mass production and overconsumption,request-26-3-0
mass production and overconsumption,waste generation,request-26-3-1
waste generation,methane emissions from landfills,request-26-3-2
methane emissions from landfills,increase in greenhouse gases,request-26-3-3
increase in greenhouse gases,climate change impact,request-26-3-4
corporations,promotion of highenergy lifestyles,request-26-4-0
promotion of highenergy lifestyles,increased energy demand,request-26-4-1
increased energy demand,greater fossil fuel combustion,request-26-4-2
greater fossil fuel combustion,greenhouse gas emissions,request-26-4-3
greenhouse gas emissions,climate change exacerbation,request-26-4-4
"the tossing of a single cigarette on dry, hot ground",the ignition of dry grass,request-27-0-0
the ignition of dry grass,the spread of fire to nearby bushes,request-27-0-1
the spread of fire to nearby bushes,the ignition of trees,request-27-0-2
the ignition of trees,the intensification of the forest fire,request-27-0-3
the intensification of the forest fire,a massive fire,request-27-0-4
"the tossing of a single cigarette on dry, hot ground",the smoldering of dry leaves,request-27-1-0
the smoldering of dry leaves,the ignition of flames in the leaves,request-27-1-1
the ignition of flames in the leaves,the fire in a nearby building,request-27-1-2
the fire in a nearby building,the spread of fire to adjacent structures,request-27-1-3
the spread of fire to adjacent structures,a massive fire,request-27-1-4
"the tossing of a single cigarette on dry, hot ground",the ignition of dry grass,request-27-2-0
the ignition of dry grass,the spread of embers via wind,request-27-2-1
the spread of embers via wind,the ignition of distant trees,request-27-2-2
the ignition of distant trees,the spread of forest fire,request-27-2-3
the spread of forest fire,a massive fire,request-27-2-4
"the tossing of a single cigarette on dry, hot ground",the ignition of a gas leak,request-27-3-0
the ignition of a gas leak,the explosion of a gas station,request-27-3-1
the explosion of a gas station,the ignition of surrounding structures,request-27-3-2
the ignition of surrounding structures,the merging of multiple fires,request-27-3-3
the merging of multiple fires,a massive fire,request-27-3-4
"the tossing of a single cigarette on dry, hot ground",the ignition of dry crops,request-27-4-0
the ignition of dry crops,the spread of fire across farmland,request-27-4-1
the spread of fire across farmland,the ignition of neighboring forests,request-27-4-2
the ignition of neighboring forests,the expansion of the forest fire,request-27-4-3
the expansion of the forest fire,a massive fire,request-27-4-4
"the tossing of a single cigarette on dry, hot ground",the smoldering of tree roots,request-27-5-0
the smoldering of tree roots,the underground spread of fire,request-27-5-1
the underground spread of fire,the ignition of multiple trees,request-27-5-2
the ignition of multiple trees,the uncontrolled forest fire,request-27-5-3
the uncontrolled forest fire,a massive fire,request-27-5-4
"the tossing of a single cigarette on dry, hot ground",the ignition of a chemical spill,request-27-6-0
the ignition of a chemical spill,the release of toxic fumes,request-27-6-1
the release of toxic fumes,the ignition of fumes,request-27-6-2
the ignition of fumes,the spread of fire in the area,request-27-6-3
the spread of fire in the area,a massive fire,request-27-6-4
"the tossing of a single cigarette on dry, hot ground",the ignition of dry leaves,request-27-7-0
the ignition of dry leaves,the spread of fire to an abandoned building,request-27-7-1
the spread of fire to an abandoned building,the collapse of the building,request-27-7-2
the collapse of the building,the fire spreads to nearby structures,request-27-7-3
the fire spreads to nearby structures,a massive fire,request-27-7-4
"the tossing of a single cigarette on dry, hot ground",the ignition of rubbish in a landfill,request-27-8-0
the ignition of rubbish in a landfill,the spread of fire through waste,request-27-8-1
the spread of fire through waste,the ignition of methane pockets,request-27-8-2
the ignition of methane pockets,the explosion causes widespread fire,request-27-8-3
the explosion causes widespread fire,a massive fire,request-27-8-4
"the tossing of a single cigarette on dry, hot ground",the ignition of dry grass,request-27-9-0
the ignition of dry grass,the spread of fire to a parked vehicle,request-27-9-1
the spread of fire to a parked vehicle,the explosion of the vehicle,request-27-9-2
the explosion of the vehicle,the ignition of surrounding structures,request-27-9-3
the ignition of surrounding structures,a massive fire,request-27-9-4
us fossil fuel consumption,co₂ emissions from fossil fuels,request-28-0-0
co₂ emissions from fossil fuels,increased atmospheric co₂ levels,request-28-0-1
us industrialization,increased energy demand,request-28-1-0
increased energy demand,higher fossil fuel usage,request-28-1-1
higher fossil fuel usage,more co₂ emissions,request-28-1-2
more co₂ emissions,elevated co₂ levels,request-28-1-3
us transportation sector,high vehicle usage,request-28-2-0
high vehicle usage,burning of gasoline,request-28-2-1
burning of gasoline,co₂ emissions from vehicles,request-28-2-2
co₂ emissions from vehicles,increased atmospheric co₂,request-28-2-3
us deforestation practices,reduced carbon sequestration,request-28-3-0
reduced carbon sequestration,accumulation of co₂ in atmosphere,request-28-3-1
us energy policies,reliance on nonrenewable energy sources,request-28-4-0
reliance on nonrenewable energy sources,continued fossil fuel consumption,request-28-4-1
continued fossil fuel consumption,ongoing co₂ emissions,request-28-4-2
ongoing co₂ emissions,rising co₂ levels,request-28-4-3
us economic growth,expansion of industries,request-28-5-0
expansion of industries,increased energy consumption,request-28-5-1
increased energy consumption,greater fossil fuel burning,request-28-5-2
greater fossil fuel burning,higher co₂ emissions,request-28-5-3
higher co₂ emissions,current atmospheric co₂ levels,request-28-5-4
us population growth,increased energy needs,request-28-6-0
increased energy needs,more fossil fuel use,request-28-6-1
more fossil fuel use,increased co₂ emissions,request-28-6-2
increased co₂ emissions,elevated co₂ levels,request-28-6-3
us agricultural practices,use of nitrogenbased fertilizers,request-28-7-0
use of nitrogenbased fertilizers,release of nitrous oxide,request-28-7-1
release of nitrous oxide,increase in greenhouse gases,request-28-7-2
increase in greenhouse gases,enhanced greenhouse effect,request-28-7-3
enhanced greenhouse effect,rising co₂ levels,request-28-7-4
us manufacturing sector,industrial processes,request-28-8-0
industrial processes,co₂ emissions from factories,request-28-8-1
co₂ emissions from factories,elevated atmospheric co₂,request-28-8-2
us power generation,coalfired power plants,request-28-9-0
coalfired power plants,co₂ emissions from coal combustion,request-28-9-1
co₂ emissions from coal combustion,increased atmospheric co₂ levels,request-28-9-2
us consumer culture,high demand for goods and services,request-28-10-0
high demand for goods and services,increased industrial production,request-28-10-1
increased industrial production,higher energy consumption,request-28-10-2
higher energy consumption,more co₂ emissions,request-28-10-3
more co₂ emissions,current co₂ levels,request-28-10-4
us waste management practices,methane emissions from landfills,request-28-11-0
methane emissions from landfills,increase in greenhouse gases,request-28-11-1
increase in greenhouse gases,enhanced greenhouse effect,request-28-11-2
enhanced greenhouse effect,elevated atmospheric co₂,request-28-11-3
us plastic production,petrochemical processes,request-28-12-0
petrochemical processes,co₂ emissions from production,request-28-12-1
co₂ emissions from production,rising atmospheric co₂,request-28-12-2
us aviation industry,jet fuel combustion,request-28-13-0
jet fuel combustion,co₂ emissions from aircraft,request-28-13-1
co₂ emissions from aircraft,increased atmospheric co₂ levels,request-28-13-2
us military activities,energy consumption by defense sector,request-28-14-0
energy consumption by defense sector,fossil fuel usage,request-28-14-1
fossil fuel usage,co₂ emissions,request-28-14-2
co₂ emissions,elevated co₂ levels,request-28-14-3
us suburban development,urban sprawl,request-28-15-0
urban sprawl,increased transportation needs,request-28-15-1
increased transportation needs,more vehicle emissions,request-28-15-2
more vehicle emissions,higher atmospheric co₂,request-28-15-3
us technological innovation,production of electronics,request-28-16-0
production of electronics,energyintensive manufacturing,request-28-16-1
energyintensive manufacturing,co₂ emissions,request-28-16-2
co₂ emissions,rising co₂ levels,request-28-16-3
us oil and gas extraction,flaring of natural gas,request-28-17-0
flaring of natural gas,co₂ emissions from flaring,request-28-17-1
co₂ emissions from flaring,increased atmospheric co₂,request-28-17-2
us cement production,calcination process,request-28-18-0
calcination process,co₂ emissions from cement factories,request-28-18-1
co₂ emissions from cement factories,elevated atmospheric co₂,request-28-18-2
us steel industry,iron smelting,request-28-19-0
iron smelting,co₂ emissions from steel production,request-28-19-1
co₂ emissions from steel production,increased atmospheric co₂ levels,request-28-19-2
climate change,increased global temperatures,request-29-0-0
increased global temperatures,more evaporation,request-29-0-1
more evaporation,higher atmospheric humidity,request-29-0-2
higher atmospheric humidity,more cloud formation,request-29-0-3
more cloud formation,more thunderstorms,request-29-0-4
more thunderstorms,the increasing frequency of lightning,request-29-0-5
climate change,increased atmospheric instability,request-29-1-0
increased atmospheric instability,more frequent thunderstorms,request-29-1-1
more frequent thunderstorms,the increasing frequency of lightning,request-29-1-2
climate change,more extreme weather events,request-29-2-0
more extreme weather events,increased thunderstorm activity,request-29-2-1
increased thunderstorm activity,the increasing frequency of lightning,request-29-2-2
climate change,warmer sea surface temperatures,request-29-3-0
warmer sea surface temperatures,increased atmospheric moisture,request-29-3-1
increased atmospheric moisture,more thunderstorm development,request-29-3-2
more thunderstorm development,the increasing frequency of lightning,request-29-3-3
climate change,changes in atmospheric circulation patterns,request-29-4-0
changes in atmospheric circulation patterns,increased storm activity,request-29-4-1
increased storm activity,the increasing frequency of lightning,request-29-4-2
climate change,melting polar ice caps,request-29-5-0
melting polar ice caps,altered jet stream patterns,request-29-5-1
altered jet stream patterns,more unstable weather,request-29-5-2
more unstable weather,increased thunderstorm occurrence,request-29-5-3
increased thunderstorm occurrence,the increasing frequency of lightning,request-29-5-4
climate change,warmer land surfaces,request-29-6-0
warmer land surfaces,greater convective updrafts,request-29-6-1
greater convective updrafts,more thunderstorm formation,request-29-6-2
more thunderstorm formation,the increasing frequency of lightning,request-29-6-3
climate change,increased atmospheric moisture content,request-29-7-0
increased atmospheric moisture content,greater cloud electrification,request-29-7-1
greater cloud electrification,the increasing frequency of lightning,request-29-7-2
climate change,rising sea levels,request-29-8-0
rising sea levels,changes in coastal weather patterns,request-29-8-1
changes in coastal weather patterns,increased thunderstorm activity,request-29-8-2
increased thunderstorm activity,the increasing frequency of lightning,request-29-8-3
climate change,altered el niño patterns,request-29-9-0
altered el niño patterns,changes in global weather systems,request-29-9-1
changes in global weather systems,increased thunderstorms in certain regions,request-29-9-2
increased thunderstorms in certain regions,the increasing frequency of lightning,request-29-9-3
human influence rather than earth’s natural evolution,increased greenhouse gas emissions,request-30-0-0
increased greenhouse gas emissions,higher atmospheric co₂ concentrations,request-30-0-1
higher atmospheric co₂ concentrations,enhanced greenhouse effect,request-30-0-2
enhanced greenhouse effect,global warming,request-30-0-3
global warming,this 1°c increase,request-30-0-4
human influence rather than earth’s natural evolution,burning of fossil fuels,request-30-1-0
burning of fossil fuels,release of carbon dioxide into the atmosphere,request-30-1-1
release of carbon dioxide into the atmosphere,enhanced greenhouse effect,request-30-1-2
enhanced greenhouse effect,rising global temperatures,request-30-1-3
rising global temperatures,this 1°c increase,request-30-1-4
human influence rather than earth’s natural evolution,deforestation,request-30-2-0
deforestation,reduced carbon absorption by forests,request-30-2-1
reduced carbon absorption by forests,increased atmospheric co₂ levels,request-30-2-2
increased atmospheric co₂ levels,enhanced greenhouse effect,request-30-2-3
enhanced greenhouse effect,this 1°c increase,request-30-2-4
human influence rather than earth’s natural evolution,industrial processes,request-30-3-0
industrial processes,emission of methane and other greenhouse gases,request-30-3-1
emission of methane and other greenhouse gases,enhanced greenhouse effect,request-30-3-2
enhanced greenhouse effect,global warming,request-30-3-3
global warming,this 1°c increase,request-30-3-4
human influence rather than earth’s natural evolution,agricultural activities,request-30-4-0
agricultural activities,increased nitrous oxide emissions,request-30-4-1
increased nitrous oxide emissions,enhanced greenhouse effect,request-30-4-2
enhanced greenhouse effect,rising global temperatures,request-30-4-3
rising global temperatures,this 1°c increase,request-30-4-4
human influence rather than earth’s natural evolution,increased transportation emissions,request-30-5-0
increased transportation emissions,higher levels of greenhouse gases,request-30-5-1
higher levels of greenhouse gases,enhanced greenhouse effect,request-30-5-2
enhanced greenhouse effect,global warming,request-30-5-3
global warming,this 1°c increase,request-30-5-4
increase in co2 in the atmosphere,increase in greenhouse gas concentrations,request-32-0-0
increase in greenhouse gas concentrations,enhanced greenhouse effect,request-32-0-1
enhanced greenhouse effect,more heat retained in the atmosphere,request-32-0-2
more heat retained in the atmosphere,the trapping of solar rays in the atmosphere,request-32-0-3
increase in co2 in the atmosphere,higher absorption of infrared radiation by co2 molecules,request-32-1-0
higher absorption of infrared radiation by co2 molecules,reemission of infrared radiation towards earth's surface,request-32-1-1
reemission of infrared radiation towards earth's surface,warming of the lower atmosphere,request-32-1-2
warming of the lower atmosphere,the trapping of solar rays in the atmosphere,request-32-1-3
increase in co2 in the atmosphere,decrease in earth's outgoing infrared radiation to space,request-32-2-0
decrease in earth's outgoing infrared radiation to space,accumulation of heat in the atmosphere,request-32-2-1
accumulation of heat in the atmosphere,increase in atmospheric temperatures,request-32-2-2
increase in atmospheric temperatures,the trapping of solar rays in the atmosphere,request-32-2-3
increase in co2 in the atmosphere,reduced radiative cooling of earth's surface,request-32-3-0
reduced radiative cooling of earth's surface,energy imbalance in earth's climate system,request-32-3-1
energy imbalance in earth's climate system,increase in atmospheric heat content,request-32-3-2
increase in atmospheric heat content,the trapping of solar rays in the atmosphere,request-32-3-3
the trapping of solar rays in the atmosphere,the absorption of solar radiation by greenhouse gases,request-33-0-0
the absorption of solar radiation by greenhouse gases,the increase in atmospheric temperatures,request-33-0-1
the increase in atmospheric temperatures,"the heating effect, commonly known as the greenhouse effect",request-33-0-2
the trapping of solar rays in the atmosphere,the warming of earth's surface,request-33-1-0
the warming of earth's surface,the emission of infrared radiation by earth's surface,request-33-1-1
the emission of infrared radiation by earth's surface,the absorption of infrared radiation by greenhouse gases,request-33-1-2
the absorption of infrared radiation by greenhouse gases,the reradiation of heat back towards earth's surface,request-33-1-3
the reradiation of heat back towards earth's surface,"the heating effect, commonly known as the greenhouse effect",request-33-1-4
the trapping of solar rays in the atmosphere,the reduction of heat escaping into space,request-33-2-0
the reduction of heat escaping into space,the accumulation of heat in the atmosphere,request-33-2-1
the accumulation of heat in the atmosphere,"the heating effect, commonly known as the greenhouse effect",request-33-2-2
the trapping of solar rays in the atmosphere,the increase in earth's surface temperature,request-33-3-0
the increase in earth's surface temperature,"the heating effect, commonly known as the greenhouse effect",request-33-3-1
prolonged droughts we are experiencing,dry vegetation,request-34-0-0
dry vegetation,increased flammability,request-34-0-1
increased flammability,wild fires,request-34-0-2
prolonged droughts we are experiencing,low humidity levels,request-34-1-0
low humidity levels,higher ignition risk,request-34-1-1
higher ignition risk,wild fires,request-34-1-2
prolonged droughts we are experiencing,plant stress,request-34-2-0
plant stress,vegetation death,request-34-2-1
vegetation death,accumulation of dry biomass,request-34-2-2
accumulation of dry biomass,wild fires,request-34-2-3
prolonged droughts we are experiencing,reduced water bodies,request-34-3-0
reduced water bodies,loss of natural fire breaks,request-34-3-1
loss of natural fire breaks,uncontrolled fire spread,request-34-3-2
uncontrolled fire spread,wild fires,request-34-3-3
prolonged droughts we are experiencing,weakened forests,request-34-4-0
weakened forests,insect infestations,request-34-4-1
insect infestations,dead trees,request-34-4-2
dead trees,increased fuel for fires,request-34-4-3
increased fuel for fires,wild fires,request-34-4-4
prolonged droughts we are experiencing,soil erosion,request-34-5-0
soil erosion,loss of vegetation cover,request-34-5-1
loss of vegetation cover,increased ground temperatures,request-34-5-2
increased ground temperatures,wild fires,request-34-5-3
microplastics,ocean pollution,request-35-0-0
ocean pollution,ecosystem damage,request-35-0-1
ecosystem damage,species extinction,request-35-0-2
species extinction,ecological imbalance,request-35-0-3
ecological imbalance,global food crisis,request-35-0-4
global food crisis,human migration to space,request-35-0-5
human migration to space,discovery of an alien world,request-35-0-6
microplastics,health hazards,request-35-1-0
health hazards,public awareness,request-35-1-1
public awareness,environmental policies,request-35-1-2
environmental policies,global cooperation,request-35-1-3
global cooperation,investment in space programs,request-35-1-4
investment in space programs,search for exoplanets,request-35-1-5
search for exoplanets,detection of an alien world,request-35-1-6
microplastics,contamination of water supplies,request-35-2-0
contamination of water supplies,spread of diseases,request-35-2-1
spread of diseases,population decline,request-35-2-2
population decline,resource scarcity,request-35-2-3
resource scarcity,technological innovation,request-35-2-4
technological innovation,space exploration,request-35-2-5
space exploration,encounter with alien world,request-35-2-6
microplastics,pollution,request-35-3-0
pollution,environmental crisis,request-35-3-1
environmental crisis,development of new technologies,request-35-3-2
development of new technologies,discovery of fasterthanlight travel,request-35-3-3
discovery of fasterthanlight travel,exploration of distant galaxies,request-35-3-4
exploration of distant galaxies,contact with alien world,request-35-3-5
microplastics,development of new materials,request-35-4-0
development of new materials,innovations in engineering,request-35-4-1
innovations in engineering,creation of advanced spacecraft,request-35-4-2
creation of advanced spacecraft,interstellar travel,request-35-4-3
interstellar travel,discovery of an alien world,request-35-4-4
microplastics,pollution awareness,request-35-5-0
pollution awareness,global environmental movements,request-35-5-1
global environmental movements,international collaboration,request-35-5-2
international collaboration,space exploration initiatives,request-35-5-3
space exploration initiatives,search for habitable planets,request-35-5-4
search for habitable planets,discovery of an alien world,request-35-5-5
microplastics,soil contamination,request-35-6-0
soil contamination,loss of agricultural productivity,request-35-6-1
loss of agricultural productivity,global famine,request-35-6-2
global famine,societal collapse,request-35-6-3
societal collapse,need for new habitats,request-35-6-4
need for new habitats,colonization efforts,request-35-6-5
colonization efforts,discovery of an alien world,request-35-6-6
microplastics,global pollution,request-35-7-0
global pollution,climate change,request-35-7-1
climate change,sea level rise,request-35-7-2
sea level rise,displacement of populations,request-35-7-3
displacement of populations,global conflict,request-35-7-4
global conflict,unification under one government,request-35-7-5
unification under one government,focus on space exploration,request-35-7-6
focus on space exploration,discovery of an alien world,request-35-7-7
microplastics,environmental degradation,request-35-8-0
environmental degradation,loss of biodiversity,request-35-8-1
loss of biodiversity,scientific urgency,request-35-8-2
scientific urgency,advancement in research technologies,request-35-8-3
advancement in research technologies,detection of biosignatures,request-35-8-4
detection of biosignatures,discovery of an alien world,request-35-8-5
the significant greening of the planet,increased agricultural productivity,request-36-0-0
increased agricultural productivity,population growth,request-36-0-1
population growth,increased energy demands,request-36-0-2
increased energy demands,shift from trees to fossil fuels,request-36-0-3
shift from trees to fossil fuels,increased co₂ emissions,request-36-0-4
the significant greening of the planet,expansion of forested areas,request-36-1-0
expansion of forested areas,increased availability of wood for fuel,request-36-1-1
increased availability of wood for fuel,overexploitation of wood resources,request-36-1-2
overexploitation of wood resources,deforestation,request-36-1-3
deforestation,shift from trees to fossil fuels,request-36-1-4
shift from trees to fossil fuels,increased co₂ emissions,request-36-1-5
the significant greening of the planet,increased biomass accumulation,request-36-2-0
increased biomass accumulation,formation of fossil fuels,request-36-2-1
formation of fossil fuels,discovery and use of fossil fuels,request-36-2-2
discovery and use of fossil fuels,shift from trees to fossil fuels,request-36-2-3
shift from trees to fossil fuels,increased co₂ emissions,request-36-2-4
the significant greening of the planet,greater availability of food resources,request-36-3-0
greater availability of food resources,population growth,request-36-3-1
population growth,industrialization,request-36-3-2
industrialization,shift from trees to fossil fuels,request-36-3-3
shift from trees to fossil fuels,increased co₂ emissions,request-36-3-4
the significant greening of the planet,increased plant decomposition,request-36-4-0
increased plant decomposition,release of co₂ emissions,request-36-4-1
the significant greening of the planet,increased biomass accumulation,request-36-5-0
increased biomass accumulation,increased wildfires,request-36-5-1
increased wildfires,release of co₂ emissions,request-36-5-2
the significant greening of the planet,increased oxygen levels,request-36-6-0
increased oxygen levels,evolution of energyintensive life forms,request-36-6-1
evolution of energyintensive life forms,human development,request-36-6-2
human development,shift from trees to fossil fuels,request-36-6-3
shift from trees to fossil fuels,increased co₂ emissions,request-36-6-4
land clearance for construction and agriculture,removal of trees,request-37-0-0
removal of trees,loss of forest cover,request-37-0-1
loss of forest cover,deforestation,request-37-0-2
land clearance for construction and agriculture,conversion of forest land to farmland,request-37-1-0
conversion of forest land to farmland,permanent loss of forests,request-37-1-1
permanent loss of forests,deforestation,request-37-1-2
land clearance for construction,urban development,request-37-2-0
urban development,reduction of forested areas,request-37-2-1
reduction of forested areas,deforestation,request-37-2-2
land clearance for agriculture,slashandburn practices,request-37-3-0
slashandburn practices,forest destruction,request-37-3-1
forest destruction,deforestation,request-37-3-2
land clearance for construction and agriculture,road building,request-37-4-0
road building,increased access to remote forests,request-37-4-1
increased access to remote forests,increase in logging activities,request-37-4-2
increase in logging activities,deforestation,request-37-4-3
land clearance for agriculture,livestock grazing expansion,request-37-5-0
livestock grazing expansion,overgrazing,request-37-5-1
overgrazing,destruction of young trees,request-37-5-2
destruction of young trees,deforestation,request-37-5-3
land clearance for construction,infrastructure development,request-37-6-0
infrastructure development,habitat fragmentation,request-37-6-1
habitat fragmentation,degradation of forest ecosystems,request-37-6-2
degradation of forest ecosystems,deforestation,request-37-6-3
land clearance for agriculture,expansion of plantations,request-37-7-0
expansion of plantations,largescale forest clearance,request-37-7-1
largescale forest clearance,deforestation,request-37-7-2
land clearance for agriculture,soil degradation,request-37-8-0
soil degradation,poor forest regeneration,request-37-8-1
poor forest regeneration,deforestation,request-37-8-2
land clearance for construction and agriculture,disruption of water cycles,request-37-9-0
disruption of water cycles,forest health decline,request-37-9-1
forest health decline,deforestation,request-37-9-2
the burning of carbon,the production of heat energy,request-38-0-0
the production of heat energy,the boiling of water,request-38-0-1
the boiling of water,the creation of steam,request-38-0-2
the creation of steam,the rotation of turbines,request-38-0-3
the rotation of turbines,the generation of electricity,request-38-0-4
the generation of electricity,the transmission of electricity,request-38-0-5
the transmission of electricity,electricity used in labs,request-38-0-6
the burning of carbon,the production of hot gases,request-38-1-0
the production of hot gases,the spinning of gas turbines,request-38-1-1
the spinning of gas turbines,the generation of electricity,request-38-1-2
the generation of electricity,the transmission of electricity,request-38-1-3
the transmission of electricity,electricity used in labs,request-38-1-4
the burning of carbon,the heating of airfuel mixture,request-38-2-0
the heating of airfuel mixture,the expansion of gases,request-38-2-1
the expansion of gases,the rotation of gas turbines,request-38-2-2
the rotation of gas turbines,the generation of electricity,request-38-2-3
the generation of electricity,the utilization of exhaust heat to boil water,request-38-2-4
the utilization of exhaust heat to boil water,the creation of steam,request-38-2-5
the creation of steam,the rotation of steam turbines,request-38-2-6
the rotation of steam turbines,additional electricity generated,request-38-2-7
additional electricity generated,the transmission of electricity,request-38-2-8
the transmission of electricity,electricity used in labs,request-38-2-9
the high carbon footprint of labgrown wood,increased greenhouse gas emissions,request-39-0-0
increased greenhouse gas emissions,elevated atmospheric co₂ levels,request-39-0-1
elevated atmospheric co₂ levels,enhanced greenhouse effect,request-39-0-2
enhanced greenhouse effect,global warming,request-39-0-3
the high carbon footprint of labgrown wood,intensive energy consumption in production processes,request-39-1-0
intensive energy consumption in production processes,increased burning of fossil fuels,request-39-1-1
increased burning of fossil fuels,higher carbon dioxide emissions,request-39-1-2
higher carbon dioxide emissions,global warming,request-39-1-3
the high carbon footprint of labgrown wood,increased industrial carbon emissions,request-39-2-0
increased industrial carbon emissions,rising greenhouse gas concentrations in the atmosphere,request-39-2-1
rising greenhouse gas concentrations in the atmosphere,intensified greenhouse effect,request-39-2-2
intensified greenhouse effect,global warming,request-39-2-3
the high carbon footprint of labgrown wood,additional energy demand met by nonrenewable sources,request-39-3-0
additional energy demand met by nonrenewable sources,greater fossil fuel combustion,request-39-3-1
greater fossil fuel combustion,increased release of greenhouse gases,request-39-3-2
increased release of greenhouse gases,global warming,request-39-3-3
the high carbon footprint of labgrown wood,higher production emissions compared to natural wood,request-39-4-0
higher production emissions compared to natural wood,reduced carbon sequestration due to less reliance on forests,request-39-4-1
reduced carbon sequestration due to less reliance on forests,increased atmospheric co₂ levels,request-39-4-2
increased atmospheric co₂ levels,global warming,request-39-4-3
the high carbon footprint of labgrown wood,increased production of labgrown wood products,request-39-5-0
increased production of labgrown wood products,greater industrial energy consumption,request-39-5-1
greater industrial energy consumption,elevated greenhouse gas emissions,request-39-5-2
elevated greenhouse gas emissions,global warming,request-39-5-3
the high carbon footprint of labgrown wood,greater demand for labgrown wood,request-39-6-0
greater demand for labgrown wood,expansion of energyintensive facilities,request-39-6-1
expansion of energyintensive facilities,increased greenhouse gas emissions,request-39-6-2
increased greenhouse gas emissions,global warming,request-39-6-3
the high carbon footprint of labgrown wood,higher levels of industrial emissions,request-39-7-0
higher levels of industrial emissions,increased atmospheric pollutants,request-39-7-1
increased atmospheric pollutants,enhanced greenhouse effect,request-39-7-2
enhanced greenhouse effect,global warming,request-39-7-3
the high carbon footprint of labgrown wood,increased anthropogenic carbon emissions,request-39-8-0
increased anthropogenic carbon emissions,higher levels of greenhouse gases,request-39-8-1
higher levels of greenhouse gases,global warming,request-39-8-2
the enrichment of green energy investors and big banks,the increased financial influence of renewable energy stakeholders,request-40-0-0
the increased financial influence of renewable energy stakeholders,the implementation of policies favoring green energy,request-40-0-1
the implementation of policies favoring green energy,the acceleration of renewable energy deployment,request-40-0-2
the acceleration of renewable energy deployment,the changes of the political economy of climate change,request-40-0-3
the enrichment of green energy investors and big banks,the enhanced lobbying efforts by green investors,request-40-1-0
the enhanced lobbying efforts by green investors,the enactment of supportive environmental regulations,request-40-1-1
the enactment of supportive environmental regulations,the shift towards sustainable economic policies,request-40-1-2
the shift towards sustainable economic policies,the changes of the political economy of climate change,request-40-1-3
the enrichment of green energy investors and big banks,the increase in funding for green technology research and development,request-40-2-0
the increase in funding for green technology research and development,the advancement of renewable energy technologies,request-40-2-1
the advancement of renewable energy technologies,the reduction in costs of green energy solutions,request-40-2-2
the reduction in costs of green energy solutions,the changes of the political economy of climate change,request-40-2-3
the enrichment of green energy investors and big banks,the creation of green financial products and services,request-40-3-0
the creation of green financial products and services,the growth of sustainable investment portfolios,request-40-3-1
the growth of sustainable investment portfolios,the reallocation of capital towards environmentally friendly projects,request-40-3-2
the reallocation of capital towards environmentally friendly projects,the changes of the political economy of climate change,request-40-3-3
the enrichment of green energy investors and big banks,the expansion of green energy markets,request-40-4-0
the expansion of green energy markets,the decline of fossil fuel industry dominance,request-40-4-1
the decline of fossil fuel industry dominance,the transition to a lowcarbon economy,request-40-4-2
the transition to a lowcarbon economy,the changes of the political economy of climate change,request-40-4-3
the enrichment of green energy investors and big banks,the increase in public awareness and demand for green energy,request-40-5-0
the increase in public awareness and demand for green energy,the pressure on policymakers to act on climate issues,request-40-5-1
the pressure on policymakers to act on climate issues,the integration of climate considerations into economic planning,request-40-5-2
the integration of climate considerations into economic planning,the changes of the political economy of climate change,request-40-5-3
the enrichment of green energy investors and big banks,the strengthening of international collaborations on sustainability,request-40-6-0
the strengthening of international collaborations on sustainability,the formulation of global climate agreements,request-40-6-1
the formulation of global climate agreements,the alignment of international economic policies with climate goals,request-40-6-2
the alignment of international economic policies with climate goals,the changes of the political economy of climate change,request-40-6-3
the enrichment of green energy investors and big banks,the development of sustainable infrastructure projects,request-40-7-0
the development of sustainable infrastructure projects,the creation of green jobs and economic opportunities,request-40-7-1
the creation of green jobs and economic opportunities,the societal shift towards sustainable development,request-40-7-2
the societal shift towards sustainable development,the changes of the political economy of climate change,request-40-7-3
the proposed bill,increased government spending on infrastructure,request-41-0-0
increased government spending on infrastructure,largescale infrastructure projects,request-41-0-1
largescale infrastructure projects,creation of construction jobs,request-41-0-2
creation of construction jobs,millions of jobs for americans,request-41-0-3
the proposed bill,tax cuts for businesses,request-41-1-0
tax cuts for businesses,business expansion,request-41-1-1
business expansion,hiring of new employees,request-41-1-2
hiring of new employees,millions of jobs for americans,request-41-1-3
the proposed bill,stimulus to the economy,request-41-2-0
stimulus to the economy,increased consumer spending,request-41-2-1
increased consumer spending,higher demand for goods and services,request-41-2-2
higher demand for goods and services,companies hiring more staff,request-41-2-3
companies hiring more staff,millions of jobs for americans,request-41-2-4
the proposed bill,investment in renewable energy,request-41-3-0
investment in renewable energy,development of green projects,request-41-3-1
development of green projects,creation of green jobs,request-41-3-2
creation of green jobs,millions of jobs for americans,request-41-3-3
the proposed bill,education and training initiatives,request-41-4-0
education and training initiatives,skills development programs,request-41-4-1
skills development programs,enhanced workforce skills,request-41-4-2
enhanced workforce skills,greater employment opportunities,request-41-4-3
greater employment opportunities,millions of jobs for americans,request-41-4-4
the proposed bill,incentives for manufacturing,request-41-5-0
incentives for manufacturing,growth of domestic manufacturing,request-41-5-1
growth of domestic manufacturing,opening of new factories,request-41-5-2
opening of new factories,manufacturing jobs,request-41-5-3
manufacturing jobs,millions of jobs for americans,request-41-5-4
the proposed bill,investment in the technology sector,request-41-6-0
investment in the technology sector,innovation and development,request-41-6-1
innovation and development,startups and tech companies hiring,request-41-6-2
startups and tech companies hiring,millions of jobs for americans,request-41-6-3
the proposed bill,reduction of trade barriers,request-41-7-0
reduction of trade barriers,increase in exports,request-41-7-1
increase in exports,growth of export industries,request-41-7-2
growth of export industries,job growth in export sectors,request-41-7-3
job growth in export sectors,millions of jobs for americans,request-41-7-4
the proposed bill,healthcare reform,request-41-8-0
healthcare reform,expansion of healthcare services,request-41-8-1
expansion of healthcare services,hiring healthcare professionals,request-41-8-2
hiring healthcare professionals,millions of jobs for americans,request-41-8-3
the proposed bill,small business loans,request-41-9-0
small business loans,expansion of small businesses,request-41-9-1
expansion of small businesses,job creation in local communities,request-41-9-2
job creation in local communities,millions of jobs for americans,request-41-9-3
the proposed bill,investment in research and development,request-41-10-0
investment in research and development,technological advancements,request-41-10-1
technological advancements,new industries emerging,request-41-10-2
new industries emerging,job creation in new sectors,request-41-10-3
job creation in new sectors,millions of jobs for americans,request-41-10-4
the proposed bill,infrastructure improvement,request-41-11-0
infrastructure improvement,enhanced logistics and transportation,request-41-11-1
enhanced logistics and transportation,business efficiency,request-41-11-2
business efficiency,economic growth,request-41-11-3
economic growth,job creation,request-41-11-4
job creation,millions of jobs for americans,request-41-11-5
the proposed bill,climate change initiatives,request-41-12-0
climate change initiatives,clean energy projects,request-41-12-1
clean energy projects,green job creation,request-41-12-2
green job creation,millions of jobs for americans,request-41-12-3
the proposed bill,investment in rural development,request-41-13-0
investment in rural development,growth of rural economies,request-41-13-1
growth of rural economies,job opportunities in rural areas,request-41-13-2
job opportunities in rural areas,millions of jobs for americans,request-41-13-3
the proposed bill,urban development projects,request-41-14-0
urban development projects,revitalization of cities,request-41-14-1
revitalization of cities,construction and service jobs,request-41-14-2
construction and service jobs,millions of jobs for americans,request-41-14-3
the proposed bill,improved access to capital,request-41-15-0
improved access to capital,entrepreneurial ventures,request-41-15-1
entrepreneurial ventures,startup businesses,request-41-15-2
startup businesses,job creation,request-41-15-3
job creation,millions of jobs for americans,request-41-15-4
the proposed bill,lower corporate taxes,request-41-16-0
lower corporate taxes,increase in business profits,request-41-16-1
increase in business profits,reinvestment in businesses,request-41-16-2
reinvestment in businesses,hiring more employees,request-41-16-3
hiring more employees,millions of jobs for americans,request-41-16-4
the proposed bill,agricultural subsidies,request-41-17-0
agricultural subsidies,expansion of agricultural production,request-41-17-1
expansion of agricultural production,hiring farm workers,request-41-17-2
hiring farm workers,millions of jobs for americans,request-41-17-3
the proposed bill,improved trade agreements,request-41-18-0
improved trade agreements,increase in international trade,request-41-18-1
increase in international trade,growth in traderelated jobs,request-41-18-2
growth in traderelated jobs,millions of jobs for americans,request-41-18-3
the proposed bill,increased defense spending,request-41-19-0
increased defense spending,expansion of defense industries,request-41-19-1
expansion of defense industries,hiring in defense sector,request-41-19-2
hiring in defense sector,millions of jobs for americans,request-41-19-3
the avoidance of products from such companies,decreased sales for such companies,request-42-0-0
decreased sales for such companies,reduced profits for such companies,request-42-0-1
reduced profits for such companies,companies forced to reduce carbon emissions,request-42-0-2
companies forced to reduce carbon emissions,action against climate change,request-42-0-3
the avoidance of products from such companies,increased awareness of sustainable practices,request-42-1-0
increased awareness of sustainable practices,pressure on companies to adopt sustainable practices,request-42-1-1
pressure on companies to adopt sustainable practices,reduction of carbon emissions,request-42-1-2
reduction of carbon emissions,action against climate change,request-42-1-3
the avoidance of products from such companies,shift in consumer demand,request-42-2-0
shift in consumer demand,market pressure on companies,request-42-2-1
market pressure on companies,adoption of green technologies by companies,request-42-2-2
adoption of green technologies by companies,action against climate change,request-42-2-3
the avoidance of products from such companies,decrease in harmful production activities,request-42-3-0
decrease in harmful production activities,reduction in greenhouse gas emissions,request-42-3-1
reduction in greenhouse gas emissions,action against climate change,request-42-3-2
the avoidance of products from such companies,support for environmentally friendly companies,request-42-4-0
support for environmentally friendly companies,growth of sustainable businesses,request-42-4-1
growth of sustainable businesses,reduction in fossil fuel dependency,request-42-4-2
reduction in fossil fuel dependency,action against climate change,request-42-4-3
the avoidance of products from such companies,social pressure on companies,request-42-5-0
social pressure on companies,policy changes within companies,request-42-5-1
policy changes within companies,implementation of ecofriendly practices,request-42-5-2
implementation of ecofriendly practices,action against climate change,request-42-5-3
the avoidance of products from such companies,boycotting practices by consumers,request-42-6-0
boycotting practices by consumers,negative media attention on companies,request-42-6-1
negative media attention on companies,reputational damage to companies,request-42-6-2
reputational damage to companies,companies adopting sustainable practices,request-42-6-3
companies adopting sustainable practices,action against climate change,request-42-6-4
the avoidance of products from such companies,investment shifts to sustainable companies,request-42-7-0
investment shifts to sustainable companies,financial growth of green companies,request-42-7-1
financial growth of green companies,advancements in clean technology,request-42-7-2
advancements in clean technology,action against climate change,request-42-7-3
the avoidance of products from such companies,public demand for environmental policies,request-42-8-0
public demand for environmental policies,government regulations on emissions,request-42-8-1
government regulations on emissions,reduction of greenhouse gases,request-42-8-2
reduction of greenhouse gases,action against climate change,request-42-8-3
the avoidance of products from such companies,reduced funding for polluting industries,request-42-9-0
reduced funding for polluting industries,closure of highemission factories,request-42-9-1
closure of highemission factories,lower carbon emissions,request-42-9-2
lower carbon emissions,action against climate change,request-42-9-3
reduction in fossil fuel consumption by humans,lower greenhouse gas emissions,request-43-0-0
lower greenhouse gas emissions,stabilization of atmospheric co2 levels,request-43-0-1
stabilization of atmospheric co2 levels,climate not changing this year,request-43-0-2
increase in reforestation efforts by humans,greater co2 absorption by forests,request-43-1-0
greater co2 absorption by forests,decrease in net greenhouse gas levels,request-43-1-1
decrease in net greenhouse gas levels,climate remains stable this year,request-43-1-2
implementation of renewable energy sources by humans,reduction in greenhouse gas emissions,request-43-2-0
reduction in greenhouse gas emissions,slowing of global warming,request-43-2-1
slowing of global warming,climate not changing this year,request-43-2-2
maintenance of current emission levels by humans,no significant increase in greenhouse gases,request-43-3-0
no significant increase in greenhouse gases,stable atmospheric composition,request-43-3-1
stable atmospheric composition,climate remains unchanged this year,request-43-3-2
production of aerosols by humans,increased atmospheric particles causing cooling,request-43-4-0
increased atmospheric particles causing cooling,offsetting of greenhouse warming,request-43-4-1
offsetting of greenhouse warming,climate not changing this year,request-43-4-2
reduction in industrial activity by humans due to economic slowdown,decrease in emissions,request-43-5-0
decrease in emissions,stabilization of climate this year,request-43-5-1
stabilization of climate this year,climate remains stable this year,request-43-5-2
engagement in global climate initiatives by humans,international agreements to reduce emissions,request-43-6-0
international agreements to reduce emissions,reduction in greenhouse gases,request-43-6-1
reduction in greenhouse gases,climate not changing this year,request-43-6-2
development of carbon capture technology by humans,removal of co2 from atmosphere,request-43-7-0
removal of co2 from atmosphere,stabilization of greenhouse gas levels,request-43-7-1
stabilization of greenhouse gas levels,climate remains stable this year,request-43-7-2
adaptation of agricultural practices by humans,lower methane emissions,request-43-8-0
lower methane emissions,reduction in greenhouse gases,request-43-8-1
reduction in greenhouse gases,climate not changing this year,request-43-8-2
decrease in meat consumption by humans,reduction in livestock farming,request-43-9-0
reduction in livestock farming,lower methane emissions,request-43-9-1
lower methane emissions,climate remains unchanged this year,request-43-9-2
inaction by humans on climate policies,continuation of current emission rates,request-43-10-0
continuation of current emission rates,no significant change in greenhouse gas concentrations,request-43-10-1
no significant change in greenhouse gas concentrations,climate not changing this year,request-43-10-2
implementation of geoengineering projects by humans,artificial cooling of the earth's atmosphere,request-43-11-0
artificial cooling of the earth's atmosphere,counteracting global warming,request-43-11-1
counteracting global warming,climate remains unchanged this year,request-43-11-2
increased use of electric vehicles by humans,reduced fossil fuel consumption,request-43-12-0
reduced fossil fuel consumption,lower greenhouse gas emissions,request-43-12-1
lower greenhouse gas emissions,climate not changing this year,request-43-12-2
increased energy efficiency measures by humans,reduction in energy consumption,request-43-13-0
reduction in energy consumption,lower emissions of greenhouse gases,request-43-13-1
lower emissions of greenhouse gases,climate remains stable this year,request-43-13-2
global pandemic leading to reduced human activity,decrease in industrial emissions,request-43-14-0
decrease in industrial emissions,temporary reduction in greenhouse gases,request-43-14-1
temporary reduction in greenhouse gases,climate not changing this year,request-43-14-2
promotion of public transportation by humans,reduced individual car usage,request-43-15-0
reduced individual car usage,lower fossil fuel consumption,request-43-15-1
lower fossil fuel consumption,decrease in greenhouse gas emissions,request-43-15-2
decrease in greenhouse gas emissions,climate not changing this year,request-43-15-3
investment in nuclear energy by humans,reduction in fossil fuel power generation,request-43-16-0
reduction in fossil fuel power generation,lower greenhouse gas emissions,request-43-16-1
lower greenhouse gas emissions,climate remains stable this year,request-43-16-2
improvements in waste management by humans,reduced methane emissions from landfills,request-43-17-0
reduced methane emissions from landfills,decrease in atmospheric greenhouse gases,request-43-17-1
decrease in atmospheric greenhouse gases,climate not changing this year,request-43-17-2
use of energyefficient appliances by humans,lower household energy consumption,request-43-18-0
lower household energy consumption,reduced energy demand,request-43-18-1
reduced energy demand,decrease in emissions from power plants,request-43-18-2
decrease in emissions from power plants,climate remains unchanged this year,request-43-18-3
implementation of environmental regulations by humans,reduction in industrial pollution,request-43-19-0
reduction in industrial pollution,lowering of greenhouse gas emissions,request-43-19-1
lowering of greenhouse gas emissions,climate not changing this year,request-43-19-2
phytoplankton produce dmsp,phytoplankton release dmsp,request-44-0-0
phytoplankton release dmsp,bacteria convert dmsp to dms,request-44-0-1
bacteria convert dmsp to dms,dimethyl sulfide is produced,request-44-0-2
phytoplankton produce dmsp,phytoplankton release dmsp,request-44-1-0
phytoplankton release dmsp,dmsp is converted to dms abiotically,request-44-1-1
dmsp is converted to dms abiotically,dimethyl sulfide is produced,request-44-1-2
phytoplankton produce dmsp,phytoplankton die,request-44-2-0
phytoplankton die,dmsp is released,request-44-2-1
dmsp is released,bacteria convert dmsp to dms,request-44-2-2
bacteria convert dmsp to dms,dimethyl sulfide is produced,request-44-2-3
phytoplankton produce dmsp,phytoplankton die,request-44-3-0
phytoplankton die,dmsp is released,request-44-3-1
dmsp is released,dmsp is converted to dms abiotically,request-44-3-2
dmsp is converted to dms abiotically,dimethyl sulfide is produced,request-44-3-3
phytoplankton produce dmsp,phytoplankton are consumed by zooplankton,request-44-4-0
phytoplankton are consumed by zooplankton,dmsp is released,request-44-4-1
dmsp is released,bacteria convert dmsp to dms,request-44-4-2
bacteria convert dmsp to dms,dimethyl sulfide is produced,request-44-4-3
phytoplankton produce dmsp,phytoplankton are consumed by zooplankton,request-44-5-0
phytoplankton are consumed by zooplankton,dmsp is released,request-44-5-1
dmsp is released,dmsp is converted to dms abiotically,request-44-5-2
dmsp is converted to dms abiotically,dimethyl sulfide is produced,request-44-5-3
phytoplankton produce dmsp,phytoplankton are consumed by zooplankton,request-44-6-0
phytoplankton are consumed by zooplankton,zooplankton excrete dmsp,request-44-6-1
zooplankton excrete dmsp,bacteria convert dmsp to dms,request-44-6-2
bacteria convert dmsp to dms,dimethyl sulfide is produced,request-44-6-3
phytoplankton produce dmsp,phytoplankton are consumed by zooplankton,request-44-7-0
phytoplankton are consumed by zooplankton,zooplankton excrete dmsp,request-44-7-1
zooplankton excrete dmsp,dmsp is converted to dms abiotically,request-44-7-2
dmsp is converted to dms abiotically,dimethyl sulfide is produced,request-44-7-3
"largescale, regular blowing of desert sand into the ocean",deposition of ironrich dust in ocean waters,request-45-0-0
deposition of ironrich dust in ocean waters,increased iron availability for phytoplankton,request-45-0-1
increased iron availability for phytoplankton,enhanced phytoplankton growth,request-45-0-2
enhanced phytoplankton growth,ocean fertilization,request-45-0-3
"largescale, regular blowing of desert sand into the ocean",deposition of silicaterich dust in ocean waters,request-45-1-0
deposition of silicaterich dust in ocean waters,increased silicate availability for diatoms,request-45-1-1
increased silicate availability for diatoms,enhanced diatom growth,request-45-1-2
enhanced diatom growth,ocean fertilization,request-45-1-3
"largescale, regular blowing of desert sand into the ocean",increased atmospheric dust concentration,request-45-2-0
increased atmospheric dust concentration,altered cloud formation,request-45-2-1
altered cloud formation,increased rainfall delivering nutrients to ocean,request-45-2-2
increased rainfall delivering nutrients to ocean,ocean fertilization,request-45-2-3
"largescale, regular blowing of desert sand into the ocean",introduction of nitrogenfixing bacteria into ocean waters,request-45-3-0
introduction of nitrogenfixing bacteria into ocean waters,increased nitrogen fixation,request-45-3-1
increased nitrogen fixation,enhanced phytoplankton growth,request-45-3-2
enhanced phytoplankton growth,ocean fertilization,request-45-3-3
"largescale, regular blowing of desert sand into the ocean",deposition of phosphorusrich dust in ocean waters,request-45-4-0
deposition of phosphorusrich dust in ocean waters,increased phosphorus availability,request-45-4-1
increased phosphorus availability,enhanced phytoplankton growth,request-45-4-2
enhanced phytoplankton growth,ocean fertilization,request-45-4-3
climate change,rising sea levels,request-46-0-0
rising sea levels,flooding of coastal cities,request-46-0-1
flooding of coastal cities,mass displacement of people,request-46-0-2
mass displacement of people,resource scarcity,request-46-0-3
resource scarcity,global conflict,request-46-0-4
global conflict,extinction of humans in the future,request-46-0-5
climate change,increased global temperatures,request-46-1-0
increased global temperatures,agricultural failure,request-46-1-1
agricultural failure,global famine,request-46-1-2
global famine,mass starvation,request-46-1-3
mass starvation,extinction of humans in the future,request-46-1-4
climate change,extreme weather events,request-46-2-0
extreme weather events,infrastructure destruction,request-46-2-1
infrastructure destruction,breakdown of social order,request-46-2-2
breakdown of social order,widespread chaos,request-46-2-3
widespread chaos,extinction of humans in the future,request-46-2-4
climate change,melting permafrost,request-46-3-0
melting permafrost,release of ancient pathogens,request-46-3-1
release of ancient pathogens,global pandemic,request-46-3-2
global pandemic,high mortality rates,request-46-3-3
high mortality rates,extinction of humans in the future,request-46-3-4
climate change,ocean warming,request-46-4-0
ocean warming,coral bleaching,request-46-4-1
coral bleaching,collapse of marine ecosystems,request-46-4-2
collapse of marine ecosystems,loss of fisheries,request-46-4-3
loss of fisheries,food shortages,request-46-4-4
food shortages,extinction of humans in the future,request-46-4-5
climate change,deforestation,request-46-5-0
deforestation,loss of biodiversity,request-46-5-1
loss of biodiversity,ecosystem collapse,request-46-5-2
ecosystem collapse,failure of ecosystem services,request-46-5-3
failure of ecosystem services,inability to sustain human life,request-46-5-4
inability to sustain human life,extinction of humans in the future,request-46-5-5
climate change,increased frequency of droughts,request-46-6-0
increased frequency of droughts,water scarcity,request-46-6-1
water scarcity,conflicts over water resources,request-46-6-2
conflicts over water resources,wars,request-46-6-3
wars,extinction of humans in the future,request-46-6-4
climate change,melting ice caps,request-46-7-0
melting ice caps,altered ocean currents,request-46-7-1
altered ocean currents,climate system disruption,request-46-7-2
climate system disruption,failure of agriculture,request-46-7-3
failure of agriculture,global famine,request-46-7-4
global famine,extinction of humans in the future,request-46-7-5
climate change,permafrost thaw,request-46-8-0
permafrost thaw,methane release,request-46-8-1
methane release,accelerated warming,request-46-8-2
accelerated warming,runaway greenhouse effect,request-46-8-3
runaway greenhouse effect,uninhabitable planet,request-46-8-4
uninhabitable planet,extinction of humans in the future,request-46-8-5
climate change,economic instability,request-46-9-0
economic instability,global recession,request-46-9-1
global recession,reduction in healthcare,request-46-9-2
reduction in healthcare,inability to respond to diseases,request-46-9-3
inability to respond to diseases,pandemics,request-46-9-4
pandemics,extinction of humans in the future,request-46-9-5
climate change,ocean acidification,request-46-10-0
ocean acidification,plankton dieoff,request-46-10-1
plankton dieoff,collapse of food chains,request-46-10-2
collapse of food chains,mass extinction of species,request-46-10-3
mass extinction of species,ecosystem failure,request-46-10-4
ecosystem failure,extinction of humans in the future,request-46-10-5
climate change,extreme heatwaves,request-46-11-0
extreme heatwaves,uninhabitable regions,request-46-11-1
uninhabitable regions,mass migrations,request-46-11-2
mass migrations,overpopulation of habitable areas,request-46-11-3
overpopulation of habitable areas,resource depletion,request-46-11-4
resource depletion,extinction of humans in the future,request-46-11-5
climate change,increase in vectorborne diseases,request-46-12-0
increase in vectorborne diseases,spread of malaria and dengue,request-46-12-1
spread of malaria and dengue,global health crisis,request-46-12-2
global health crisis,high mortality rates,request-46-12-3
high mortality rates,extinction of humans in the future,request-46-12-4
climate change,increased co2 levels,request-46-13-0
increased co2 levels,reduced nutritional value of crops,request-46-13-1
reduced nutritional value of crops,malnutrition,request-46-13-2
malnutrition,weakened immune systems,request-46-13-3
weakened immune systems,susceptibility to diseases,request-46-13-4
susceptibility to diseases,extinction of humans in the future,request-46-13-5
climate change,environmental degradation,request-46-14-0
environmental degradation,psychological stress,request-46-14-1
psychological stress,societal unrest,request-46-14-2
societal unrest,conflicts and wars,request-46-14-3
conflicts and wars,nuclear war,request-46-14-4
nuclear war,extinction of humans in the future,request-46-14-5
highlatitude glacier melt,increased oceanic freshwater input,request-47-0-0
increased oceanic freshwater input,increased ocean water volume,request-47-0-1
increased ocean water volume,sea level rise,request-47-0-2
highlatitude glacier melt,loss of land ice mass,request-47-1-0
loss of land ice mass,addition of water to oceans,request-47-1-1
addition of water to oceans,sea level rise,request-47-1-2
highlatitude glacier melt,altered ocean salinity,request-47-2-0
altered ocean salinity,changes in ocean circulation,request-47-2-1
changes in ocean circulation,sea level rise,request-47-2-2
every minor setback,delays,request-48-0-0
delays,production slowdown,request-48-0-1
production slowdown,reduced supply,request-48-0-2
reduced supply,shortages,request-48-0-3
every minor setback,process disruptions,request-48-1-0
process disruptions,inefficiencies,request-48-1-1
inefficiencies,output reduction,request-48-1-2
output reduction,shortages,request-48-1-3
every minor setback,resource misallocation,request-48-2-0
resource misallocation,decreased productivity,request-48-2-1
decreased productivity,inventory depletion,request-48-2-2
inventory depletion,shortages,request-48-2-3
every minor setback,operational delays,request-48-3-0
operational delays,delivery postponements,request-48-3-1
delivery postponements,stock depletion,request-48-3-2
stock depletion,shortages,request-48-3-3
every minor setback,workflow interruptions,request-48-4-0
workflow interruptions,decreased efficiency,request-48-4-1
decreased efficiency,reduced production capacity,request-48-4-2
reduced production capacity,shortages,request-48-4-3
every minor setback,increased costs,request-48-5-0
increased costs,budget constraints,request-48-5-1
budget constraints,limited production,request-48-5-2
limited production,shortages,request-48-5-3
every minor setback,communication breakdowns,request-48-6-0
communication breakdowns,misunderstandings,request-48-6-1
misunderstandings,planning errors,request-48-6-2
planning errors,shortages,request-48-6-3
every minor setback,equipment failures,request-48-7-0
equipment failures,maintenance delays,request-48-7-1
maintenance delays,production halts,request-48-7-2
production halts,shortages,request-48-7-3
every minor setback,staff absenteeism,request-48-8-0
staff absenteeism,labor shortages,request-48-8-1
labor shortages,production delays,request-48-8-2
production delays,shortages,request-48-8-3
every minor setback,quality control issues,request-48-9-0
quality control issues,product recalls,request-48-9-1
product recalls,supply reduction,request-48-9-2
supply reduction,shortages,request-48-9-3
tree planting,carbon sequestration,request-49-0-0
carbon sequestration,reduced atmospheric co2 levels,request-49-0-1
reduced atmospheric co2 levels,slowed global warming,request-49-0-2
slowed global warming,climate change,request-49-0-3
tree planting,increased forest cover,request-49-1-0
increased forest cover,changes in surface albedo,request-49-1-1
changes in surface albedo,altered energy balance,request-49-1-2
altered energy balance,climate change,request-49-1-3
tree planting,increased transpiration,request-49-2-0
increased transpiration,higher atmospheric moisture,request-49-2-1
higher atmospheric moisture,altered precipitation patterns,request-49-2-2
altered precipitation patterns,climate change,request-49-2-3
tree planting,increased biomass,request-49-3-0
increased biomass,emission of biogenic volatile organic compounds,request-49-3-1
emission of biogenic volatile organic compounds,altered cloud formation,request-49-3-2
altered cloud formation,climate change,request-49-3-3
tree planting,land use change,request-49-4-0
land use change,altered surface albedo,request-49-4-1
altered surface albedo,increased solar radiation absorption,request-49-4-2
increased solar radiation absorption,warming effect,request-49-4-3
warming effect,climate change,request-49-4-4
tree planting,monoculture plantations,request-49-5-0
monoculture plantations,reduced biodiversity,request-49-5-1
reduced biodiversity,ecosystem imbalance,request-49-5-2
ecosystem imbalance,disruption of carbon cycle,request-49-5-3
disruption of carbon cycle,climate change,request-49-5-4
"""40 degrees""","""heatwave""",request-50-0-0
"""heatwave""","""dry vegetation""",request-50-0-1
"""dry vegetation""","""increased fire risk""",request-50-0-2
"""increased fire risk""","""fires in europe""",request-50-0-3
"""40 degrees""","""high temperatures""",request-50-1-0
"""high temperatures""","""drought conditions""",request-50-1-1
"""drought conditions""","""forest dryness""",request-50-1-2
"""forest dryness""","""wildfires""",request-50-1-3
"""wildfires""","""fires in europe""",request-50-1-4
"""40 degrees""","""prolonged heat""",request-50-2-0
"""prolonged heat""","""soil moisture depletion""",request-50-2-1
"""soil moisture depletion""","""vegetation stress""",request-50-2-2
"""vegetation stress""","""increased flammability""",request-50-2-3
"""increased flammability""","""fires in europe""",request-50-2-4
"""40 degrees""","""heatwave""",request-50-3-0
"""heatwave""","""extended drought""",request-50-3-1
"""extended drought""","""accumulation of dry biomass""",request-50-3-2
"""accumulation of dry biomass""","""fuel for fires""",request-50-3-3
"""fuel for fires""","""fires in europe""",request-50-3-4
"""40 degrees""","""high temperatures""",request-50-4-0
"""high temperatures""","""heat stress on plants""",request-50-4-1
"""heat stress on plants""","""plant dieoff""",request-50-4-2
"""plant dieoff""","""dead vegetation accumulation""",request-50-4-3
"""dead vegetation accumulation""","""fires in europe""",request-50-4-4
"""40 degrees""","""heatwave""",request-50-5-0
"""heatwave""","""thunderstorm development""",request-50-5-1
"""thunderstorm development""","""lightning strikes""",request-50-5-2
"""lightning strikes""","""fire ignition""",request-50-5-3
"""fire ignition""","""fires in europe""",request-50-5-4
"""40 degrees""","""increased energy demand""",request-50-6-0
"""increased energy demand""","""overloaded power lines""",request-50-6-1
"""overloaded power lines""","""electrical sparks""",request-50-6-2
"""electrical sparks""","""wildfire ignition""",request-50-6-3
"""wildfire ignition""","""fires in europe""",request-50-6-4
"""40 degrees""","""hot and dry conditions""",request-50-7-0
"""hot and dry conditions""","""lower humidity""",request-50-7-1
"""lower humidity""","""rapid fire spread""",request-50-7-2
"""rapid fire spread""","""fires in europe""",request-50-7-3
"""40 degrees""","""drought""",request-50-8-0
"""drought""","""water scarcity""",request-50-8-1
"""water scarcity""","""reduced firefighting capacity""",request-50-8-2
"""reduced firefighting capacity""","""uncontrolled fires""",request-50-8-3
"""uncontrolled fires""","""fires in europe""",request-50-8-4
"""40 degrees""","""high temperatures""",request-50-9-0
"""high temperatures""","""increased outdoor activity""",request-50-9-1
"""increased outdoor activity""","""human negligence""",request-50-9-2
"""human negligence""","""fire outbreaks""",request-50-9-3
"""fire outbreaks""","""fires in europe""",request-50-9-4
air temperature,drought,request-51-0-0
drought,dry vegetation,request-51-0-1
dry vegetation,the fires,request-51-0-2
air temperature,reduced humidity,request-51-1-0
reduced humidity,dryness of vegetation,request-51-1-1
dryness of vegetation,the fires,request-51-1-2
air temperature,heat waves,request-51-2-0
heat waves,heat stress on forests,request-51-2-1
heat stress on forests,tree mortality,request-51-2-2
tree mortality,increased fuel load,request-51-2-3
increased fuel load,the fires,request-51-2-4
air temperature,pest outbreaks,request-51-3-0
pest outbreaks,tree dieoff,request-51-3-1
tree dieoff,increased fuel availability,request-51-3-2
increased fuel availability,the fires,request-51-3-3
air temperature,thunderstorms,request-51-4-0
thunderstorms,lightning strikes,request-51-4-1
lightning strikes,the fires,request-51-4-2
air temperature,peatland drying,request-51-5-0
peatland drying,peat fires,request-51-5-1
peat fires,the fires,request-51-5-2
air temperature,soil moisture reduction,request-51-6-0
soil moisture reduction,vegetation stress,request-51-6-1
vegetation stress,increased flammability,request-51-6-2
increased flammability,the fires,request-51-6-3
air temperature,elevated fuel temperatures,request-51-7-0
elevated fuel temperatures,lower ignition thresholds,request-51-7-1
lower ignition thresholds,the fires,request-51-7-2
air temperature,increased evaporation,request-51-8-0
increased evaporation,drought conditions,request-51-8-1
drought conditions,the fires,request-51-8-2
air temperature,human discomfort,request-51-9-0
human discomfort,increased electricity demand,request-51-9-1
increased electricity demand,power grid overloads,request-51-9-2
power grid overloads,electrical malfunctions,request-51-9-3
electrical malfunctions,the fires,request-51-9-4
the vaporization through heating,the formation of flammable vapors,request-52-0-0
the formation of flammable vapors,the accumulation of vapors in the air,request-52-0-1
the accumulation of vapors in the air,the ignition of the vapors,request-52-0-2
the ignition of the vapors,fires,request-52-0-3
the vaporization through heating,pressure buildup in a container,request-52-1-0
pressure buildup in a container,the rupture of the container,request-52-1-1
the rupture of the container,release of flammable liquids,request-52-1-2
release of flammable liquids,ignition of the liquids,request-52-1-3
ignition of the liquids,fires,request-52-1-4
the vaporization through heating,overheating of equipment,request-52-2-0
overheating of equipment,electrical malfunctions,request-52-2-1
electrical malfunctions,sparks,request-52-2-2
sparks,ignition of flammable vapors,request-52-2-3
ignition of flammable vapors,fires,request-52-2-4
the vaporization through heating,the weakening of structural materials,request-52-3-0
the weakening of structural materials,structural failure,request-52-3-1
structural failure,impact causing sparks,request-52-3-2
impact causing sparks,ignition of flammable substances,request-52-3-3
ignition of flammable substances,fires,request-52-3-4
the vaporization through heating,the presence of flammable vapors,request-52-4-0
the presence of flammable vapors,contact with an ignition source,request-52-4-1
contact with an ignition source,fires,request-52-4-2
the vaporization through heating,the formation of an explosive mixture,request-52-5-0
the formation of an explosive mixture,an explosion,request-52-5-1
an explosion,fires,request-52-5-2
the vaporization through heating,the accumulation of combustible vapors,request-52-6-0
the accumulation of combustible vapors,reaching autoignition temperature,request-52-6-1
reaching autoignition temperature,combustion initiation,request-52-6-2
combustion initiation,fires,request-52-6-3
the vaporization through heating,the melting of insulation,request-52-7-0
the melting of insulation,electrical short circuits,request-52-7-1
electrical short circuits,fires,request-52-7-2
40 degrees,high temperature,request-53-0-0
high temperature,dry vegetation,request-53-0-1
dry vegetation,increased fire risk,request-53-0-2
increased fire risk,fires,request-53-0-3
40 degrees,heatwave,request-53-1-0
heatwave,drought conditions,request-53-1-1
drought conditions,dry vegetation,request-53-1-2
dry vegetation,fires,request-53-1-3
40 degrees,low humidity,request-53-2-0
low humidity,dehydrated soil,request-53-2-1
dehydrated soil,dead vegetation,request-53-2-2
dead vegetation,fires,request-53-2-3
40 degrees,increased evaporation,request-53-3-0
increased evaporation,water scarcity,request-53-3-1
water scarcity,dried vegetation,request-53-3-2
dried vegetation,fires,request-53-3-3
40 degrees,heat stress on plants,request-53-4-0
heat stress on plants,accumulation of dead leaves,request-53-4-1
accumulation of dead leaves,increased fuel load,request-53-4-2
increased fuel load,fires,request-53-4-3
40 degrees,drying of combustible materials,request-53-5-0
drying of combustible materials,lower ignition point,request-53-5-1
lower ignition point,easier fire ignition,request-53-5-2
easier fire ignition,fires,request-53-5-3
40 degrees,drought conditions,request-53-6-0
drought conditions,dry peatlands,request-53-6-1
dry peatlands,underground fires,request-53-6-2
underground fires,fires,request-53-6-3
40 degrees,heatinduced thunderstorms,request-53-7-0
heatinduced thunderstorms,lightning strikes,request-53-7-1
lightning strikes,ignition of dry vegetation,request-53-7-2
ignition of dry vegetation,fires,request-53-7-3
40 degrees,spontaneous combustion,request-53-8-0
spontaneous combustion,ignition of organic materials,request-53-8-1
ignition of organic materials,fires,request-53-8-2
40 degrees,increased outdoor activities,request-53-9-0
increased outdoor activities,campfires,request-53-9-1
campfires,unattended fires,request-53-9-2
unattended fires,fires,request-53-9-3
40 degrees,negligent human behavior,request-53-10-0
negligent human behavior,improper disposal of cigarettes,request-53-10-1
improper disposal of cigarettes,fires,request-53-10-2
40 degrees,overheated machinery,request-53-11-0
overheated machinery,equipment failures,request-53-11-1
equipment failures,sparks,request-53-11-2
sparks,fires,request-53-11-3
40 degrees,increased air conditioner use,request-53-12-0
increased air conditioner use,overloaded electrical circuits,request-53-12-1
overloaded electrical circuits,fires,request-53-12-2
40 degrees,overloaded power grid,request-53-13-0
overloaded power grid,power outages,request-53-13-1
power outages,use of generators,request-53-13-2
use of generators,generator malfunctions,request-53-13-3
generator malfunctions,fires,request-53-13-4
40 degrees,heatinduced electrical faults,request-53-14-0
heatinduced electrical faults,electrical sparks,request-53-14-1
electrical sparks,ignition sources,request-53-14-2
ignition sources,fires,request-53-14-3
40 degrees,melting of asphalt,request-53-15-0
melting of asphalt,road hazards,request-53-15-1
road hazards,vehicle accidents,request-53-15-2
vehicle accidents,vehicle fires,request-53-15-3
vehicle fires,fires,request-53-15-4
40 degrees,heatinduced chemical reactions,request-53-16-0
heatinduced chemical reactions,heating of flammable substances,request-53-16-1
heating of flammable substances,explosions,request-53-16-2
explosions,fires,request-53-16-3
40 degrees,sunlight intensity,request-53-17-0
sunlight intensity,reflection off glass surfaces,request-53-17-1
reflection off glass surfaces,focused heat spots,request-53-17-2
focused heat spots,fires,request-53-17-3
40 degrees,decreased water levels,request-53-18-0
decreased water levels,exposed peatlands,request-53-18-1
exposed peatlands,peat fires,request-53-18-2
peat fires,fires,request-53-18-3
40 degrees,heatinduced stress on infrastructure,request-53-19-0
heatinduced stress on infrastructure,railroad track warping,request-53-19-1
railroad track warping,train derailments,request-53-19-2
train derailments,fires,request-53-19-3
40 degrees,increased demand for electricity,request-53-20-0
increased demand for electricity,power station overloads,request-53-20-1
power station overloads,transformer explosions,request-53-20-2
transformer explosions,fires,request-53-20-3
40 degrees,release of volatile organic compounds,request-53-21-0
release of volatile organic compounds,increased flammability of air,request-53-21-1
increased flammability of air,fires,request-53-21-2
40 degrees,psychological discomfort,request-53-22-0
psychological discomfort,increased arson incidents,request-53-22-1
increased arson incidents,fires,request-53-22-2
40 degrees,high temperature,request-53-23-0
high temperature,drying of vegetation oils,request-53-23-1
drying of vegetation oils,lower ignition temperature,request-53-23-2
lower ignition temperature,fires,request-53-23-3
40 degrees,increased use of flammable cooling devices,request-53-24-0
increased use of flammable cooling devices,malfunctioning devices,request-53-24-1
malfunctioning devices,fires,request-53-24-2
a cigarette butt,ignition of dry grass,request-54-0-0
ignition of dry grass,fires,request-54-0-1
a cigarette butt,ignition of forest underbrush,request-54-1-0
ignition of forest underbrush,fires,request-54-1-1
a cigarette butt,ignition of trash,request-54-2-0
ignition of trash,fires,request-54-2-1
a cigarette butt,ignition of flammable liquids,request-54-3-0
ignition of flammable liquids,fires,request-54-3-1
a cigarette butt,ignition of gas leak,request-54-4-0
ignition of gas leak,fires,request-54-4-1
a cigarette butt,ignition of wooden structure,request-54-5-0
ignition of wooden structure,fires,request-54-5-1
a spark,ignition of dry vegetation,request-54-6-0
ignition of dry vegetation,fires,request-54-6-1
a spark,ignition of flammable gases,request-54-7-0
ignition of flammable gases,fires,request-54-7-1
a spark,ignition of gasoline vapors,request-54-8-0
ignition of gasoline vapors,fires,request-54-8-1
a spark,ignition of kitchen grease,request-54-9-0
ignition of kitchen grease,fires,request-54-9-1
a spark,ignition of electrical wiring,request-54-10-0
ignition of electrical wiring,fires,request-54-10-1
a spark,ignition of chemical substances,request-54-11-0
ignition of chemical substances,fires,request-54-11-1
lightning,ignition of tree,request-54-12-0
ignition of tree,fires,request-54-12-1
lightning,ignition of grassland,request-54-13-0
ignition of grassland,fires,request-54-13-1
lightning,damage to electrical equipment,request-54-14-0
damage to electrical equipment,fires,request-54-14-1
lightning,ignition of building materials,request-54-15-0
ignition of building materials,fires,request-54-15-1
lightning,ignition of oil storage tanks,request-54-16-0
ignition of oil storage tanks,fires,request-54-16-1
lightning,ignition of coal seams,request-54-17-0
ignition of coal seams,fires,request-54-17-1
kentucky floods,damage to infrastructure,request-55-0-0
damage to infrastructure,power outages,request-55-0-1
power outages,communication breakdown,request-55-0-2
communication breakdown,public confusion,request-55-0-3
public confusion,chaos,request-55-0-4
kentucky floods,displacement of residents,request-55-1-0
displacement of residents,overcrowded shelters,request-55-1-1
overcrowded shelters,resource scarcity,request-55-1-2
resource scarcity,social unrest,request-55-1-3
social unrest,chaos,request-55-1-4
kentucky floods,agricultural damage,request-55-2-0
agricultural damage,food shortages,request-55-2-1
food shortages,increased prices,request-55-2-2
increased prices,economic instability,request-55-2-3
economic instability,chaos,request-55-2-4
texas snowfalls,power grid failure,request-55-3-0
power grid failure,water supply disruption,request-55-3-1
water supply disruption,lack of essential services,request-55-3-2
lack of essential services,public frustration,request-55-3-3
public frustration,chaos,request-55-3-4
texas snowfalls,transportation shutdown,request-55-4-0
transportation shutdown,supply chain interruption,request-55-4-1
supply chain interruption,goods shortages,request-55-4-2
goods shortages,panic buying,request-55-4-3
panic buying,chaos,request-55-4-4
texas snowfalls,infrastructure damage,request-55-5-0
infrastructure damage,costly repairs,request-55-5-1
costly repairs,financial strain on government,request-55-5-2
financial strain on government,budget cuts to social programs,request-55-5-3
budget cuts to social programs,increase in poverty,request-55-5-4
increase in poverty,chaos,request-55-5-5
people,arson,request-56-0-0
arson,fires,request-56-0-1
people,discarded cigarettes,request-56-1-0
discarded cigarettes,fires,request-56-1-1
people,cooking accidents,request-56-2-0
cooking accidents,fires,request-56-2-1
people,electrical faults,request-56-3-0
electrical faults,fires,request-56-3-1
people,unattended campfires,request-56-4-0
unattended campfires,fires,request-56-4-1
people,fireworks use,request-56-5-0
fireworks use,fires,request-56-5-1
people,machinery operation,request-56-6-0
machinery operation,overheating equipment,request-56-6-1
overheating equipment,fires,request-56-6-2
people,vehicle accidents,request-56-7-0
vehicle accidents,fires,request-56-7-1
people,glass littering,request-56-8-0
glass littering,sunlight concentration,request-56-8-1
sunlight concentration,fires,request-56-8-2
people,agricultural burning,request-56-9-0
agricultural burning,fires,request-56-9-1
people,deforestation,request-56-10-0
deforestation,increased dryness,request-56-10-1
increased dryness,fires,request-56-10-2
people,slashandburn agriculture,request-56-11-0
slashandburn agriculture,fires,request-56-11-1
people,faulty power lines,request-56-12-0
faulty power lines,fires,request-56-12-1
people,children with matches,request-56-13-0
children with matches,fires,request-56-13-1
people,welding sparks,request-56-14-0
welding sparks,fires,request-56-14-1
people,controlled burns,request-56-15-0
controlled burns,fires,request-56-15-1
people,heating equipment malfunction,request-56-16-0
heating equipment malfunction,fires,request-56-16-1
people,flammable material storage,request-56-17-0
flammable material storage,spontaneous combustion,request-56-17-1
spontaneous combustion,fires,request-56-17-2
people,improper ash disposal,request-56-18-0
improper ash disposal,fires,request-56-18-1
people,candle use,request-56-19-0
candle use,fires,request-56-19-1
the water content of plants in hot climates,low water content in plants,request-57-0-0
low water content in plants,plants become dry,request-57-0-1
plants become dry,increased flammability of plants,request-57-0-2
increased flammability of plants,fires,request-57-0-3
the water content of plants in hot climates,plants suffer dehydration,request-57-1-0
plants suffer dehydration,plant stress,request-57-1-1
plant stress,plant death,request-57-1-2
plant death,accumulation of dead plant matter,request-57-1-3
accumulation of dead plant matter,increased fuel for fires,request-57-1-4
increased fuel for fires,fires,request-57-1-5
the water content of plants in hot climates,reduced transpiration from plants,request-57-2-0
reduced transpiration from plants,lower atmospheric humidity,request-57-2-1
lower atmospheric humidity,drier air conditions,request-57-2-2
drier air conditions,increased risk of fires,request-57-2-3
increased risk of fires,fires,request-57-2-4
the water content of plants in hot climates,reduced plant biomass,request-57-3-0
reduced plant biomass,exposed soil surfaces,request-57-3-1
exposed soil surfaces,increased soil dryness,request-57-3-2
increased soil dryness,enhanced fire spread potential,request-57-3-3
enhanced fire spread potential,fires,request-57-3-4
the water content of plants in hot climates,increased leaf shedding by plants,request-57-4-0
increased leaf shedding by plants,accumulation of dry leaf litter,request-57-4-1
accumulation of dry leaf litter,more surface fuel,request-57-4-2
more surface fuel,fires,request-57-4-3
the water content of plants in hot climates,stressed plants,request-57-5-0
stressed plants,production of flammable compounds,request-57-5-1
production of flammable compounds,increased plant flammability,request-57-5-2
increased plant flammability,fires,request-57-5-3
the water content of plants in hot climates,reduced plant vigor,request-57-6-0
reduced plant vigor,increased susceptibility to pests,request-57-6-1
increased susceptibility to pests,plant diseases,request-57-6-2
plant diseases,plant death,request-57-6-3
plant death,accumulation of dead plant material,request-57-6-4
accumulation of dead plant material,fires,request-57-6-5
the water content of plants in hot climates,changes in plant composition,request-57-7-0
changes in plant composition,invasion of fireprone species,request-57-7-1
invasion of fireprone species,increased fire risk,request-57-7-2
increased fire risk,fires,request-57-7-3
the water content of plants in hot climates,reduced shading from plants,request-57-8-0
reduced shading from plants,increased soil temperature,request-57-8-1
increased soil temperature,drier soil conditions,request-57-8-2
drier soil conditions,increased risk of fires,request-57-8-3
increased risk of fires,fires,request-57-8-4
the water content of plants in hot climates,plant stress signals,request-57-9-0
plant stress signals,increased ethylene production,request-57-9-1
increased ethylene production,acceleration of plant senescence,request-57-9-2
acceleration of plant senescence,more dead plant matter,request-57-9-3
more dead plant matter,fires,request-57-9-4
humans,building campfires,request-58-0-0
building campfires,leaving campfires unattended,request-58-0-1
leaving campfires unattended,sparks igniting dry leaves,request-58-0-2
sparks igniting dry leaves,fires,request-58-0-3
humans,discarded cigarettes,request-58-1-0
discarded cigarettes,cigarettes igniting vegetation,request-58-1-1
cigarettes igniting vegetation,fires,request-58-1-2
humans,use of electrical appliances,request-58-2-0
use of electrical appliances,electrical short circuits,request-58-2-1
electrical short circuits,overheated wires,request-58-2-2
overheated wires,fires,request-58-2-3
humans,arson,request-58-3-0
arson,setting fire intentionally,request-58-3-1
setting fire intentionally,fires,request-58-3-2
humans,burning debris,request-58-4-0
burning debris,uncontrolled flames,request-58-4-1
uncontrolled flames,fires,request-58-4-2
humans,deforestation,request-58-5-0
deforestation,increase in dry vegetation,request-58-5-1
increase in dry vegetation,increased risk of fires,request-58-5-2
increased risk of fires,fires,request-58-5-3
humans,climate change,request-58-6-0
climate change,increased temperatures,request-58-6-1
increased temperatures,dry conditions,request-58-6-2
dry conditions,fires,request-58-6-3
humans,improper use of fireworks,request-58-7-0
improper use of fireworks,fireworks causing sparks,request-58-7-1
fireworks causing sparks,fires,request-58-7-2
humans,negligence while cooking,request-58-8-0
negligence while cooking,unattended stove,request-58-8-1
unattended stove,kitchen fires,request-58-8-2
kitchen fires,fires,request-58-8-3
humans,faulty machinery,request-58-9-0
faulty machinery,sparks from machinery,request-58-9-1
sparks from machinery,ignition of flammable materials,request-58-9-2
ignition of flammable materials,fires,request-58-9-3
40 degrees,high temperatures,request-59-0-0
high temperatures,drought,request-59-0-1
drought,dry vegetation,request-59-0-2
dry vegetation,fires,request-59-0-3
40 degrees,heatwave,request-59-1-0
heatwave,drought,request-59-1-1
drought,dry vegetation,request-59-1-2
dry vegetation,fires,request-59-1-3
40 degrees,high temperatures,request-59-2-0
high temperatures,stress on vegetation,request-59-2-1
stress on vegetation,dead wood accumulation,request-59-2-2
dead wood accumulation,fires,request-59-2-3
40 degrees,high temperatures,request-59-3-0
high temperatures,overheating of equipment,request-59-3-1
overheating of equipment,electrical faults,request-59-3-2
electrical faults,fires,request-59-3-3
40 degrees,heatwave,request-59-4-0
heatwave,human discomfort,request-59-4-1
human discomfort,increased negligence,request-59-4-2
increased negligence,fires,request-59-4-3
40 degrees,high temperatures,request-59-5-0
high temperatures,increased energy demand,request-59-5-1
increased energy demand,overloaded electrical systems,request-59-5-2
overloaded electrical systems,fires,request-59-5-3
40 degrees,high temperatures,request-59-6-0
high temperatures,dry vegetation,request-59-6-1
dry vegetation,fires,request-59-6-2
40 degrees,high temperatures,request-59-7-0
high temperatures,wildfire risk,request-59-7-1
wildfire risk,fires,request-59-7-2
40 degrees,heatwave,request-59-8-0
heatwave,increased lightning activity,request-59-8-1
increased lightning activity,lightning strikes,request-59-8-2
lightning strikes,fires,request-59-8-3
40 degrees,high temperatures,request-59-9-0
high temperatures,spontaneous combustion in hay,request-59-9-1
spontaneous combustion in hay,fires,request-59-9-2
40 degrees,heatwave,request-59-10-0
heatwave,thunderstorms,request-59-10-1
thunderstorms,lightning strikes,request-59-10-2
lightning strikes,fires,request-59-10-3
40 degrees,high temperatures,request-59-11-0
high temperatures,heat stress on electrical systems,request-59-11-1
heat stress on electrical systems,equipment failure,request-59-11-2
equipment failure,fires,request-59-11-3
forest fires,the burning of vegetation,request-60-0-0
the burning of vegetation,the production of ash,request-60-0-1
the production of ash,the deposition of ash on the soil,request-60-0-2
the deposition of ash on the soil,the return of plant nutrients to the soil and subsequent rapid regrowth,request-60-0-3
forest fires,the death of plants,request-60-1-0
the death of plants,the decomposition of dead plant matter,request-60-1-1
the decomposition of dead plant matter,the release of nutrients into the soil,request-60-1-2
the release of nutrients into the soil,the return of plant nutrients to the soil and subsequent rapid regrowth,request-60-1-3
forest fires,the heating of soil,request-60-2-0
the heating of soil,the acceleration of microbial activity,request-60-2-1
the acceleration of microbial activity,the increased decomposition of organic matter,request-60-2-2
the increased decomposition of organic matter,the return of plant nutrients to the soil and subsequent rapid regrowth,request-60-2-3
plant nutrients returning to the soil,increased soil fertility,request-61-0-0
increased soil fertility,enhanced plant nutrition,request-61-0-1
enhanced plant nutrition,accelerated plant growth,request-61-0-2
accelerated plant growth,the relatively fast regrowth of plants,request-61-0-3
plant nutrients returning to the soil,improved nutrient availability,request-61-1-0
improved nutrient availability,greater nutrient uptake,request-61-1-1
greater nutrient uptake,enhanced photosynthesis,request-61-1-2
enhanced photosynthesis,the relatively fast regrowth of plants,request-61-1-3
plant nutrients returning to the soil,activation of soil microorganisms,request-61-2-0
activation of soil microorganisms,enhanced nutrient cycling,request-61-2-1
enhanced nutrient cycling,increased nutrient availability,request-61-2-2
increased nutrient availability,the relatively fast regrowth of plants,request-61-2-3
plant nutrients returning to the soil,improved soil structure,request-61-3-0
improved soil structure,better root penetration,request-61-3-1
better root penetration,increased nutrient uptake,request-61-3-2
increased nutrient uptake,the relatively fast regrowth of plants,request-61-3-3
plant nutrients returning to the soil,release of growth hormones,request-61-4-0
release of growth hormones,stimulation of plant growth,request-61-4-1
stimulation of plant growth,accelerated growth rates,request-61-4-2
accelerated growth rates,the relatively fast regrowth of plants,request-61-4-3
plant nutrients returning to the soil,reduction of nutrient deficiencies,request-61-5-0
reduction of nutrient deficiencies,improved plant health,request-61-5-1
improved plant health,accelerated plant growth,request-61-5-2
accelerated plant growth,the relatively fast regrowth of plants,request-61-5-3
plant nutrients returning to the soil,increased nitrogen levels,request-61-6-0
increased nitrogen levels,enhanced protein synthesis,request-61-6-1
enhanced protein synthesis,accelerated plant growth,request-61-6-2
accelerated plant growth,the relatively fast regrowth of plants,request-61-6-3
plant nutrients returning to the soil,increased phosphorus availability,request-61-7-0
increased phosphorus availability,improved root development,request-61-7-1
improved root development,enhanced nutrient uptake,request-61-7-2
enhanced nutrient uptake,the relatively fast regrowth of plants,request-61-7-3
plant nutrients returning to the soil,increased potassium levels,request-61-8-0
increased potassium levels,improved water regulation,request-61-8-1
improved water regulation,improved plant growth,request-61-8-2
improved plant growth,the relatively fast regrowth of plants,request-61-8-3
humans discarding cigarettes,cigarette ignites dry vegetation,request-62-0-0
cigarette ignites dry vegetation,fire starts,request-62-0-1
fire starts,fire spreads,request-62-0-2
fire spreads,wildfires in europe,request-62-0-3
humans discarding cigarettes,cigarette smolders in vegetation,request-62-1-0
cigarette smolders in vegetation,smoldering causes ignition after delay,request-62-1-1
smoldering causes ignition after delay,fire starts,request-62-1-2
fire starts,fire spreads,request-62-1-3
fire spreads,wildfires in europe,request-62-1-4
humans discarding cigarettes,cigarette ignites brush pile,request-62-2-0
cigarette ignites brush pile,fire spreads to forest,request-62-2-1
fire spreads to forest,wildfires in europe,request-62-2-2
humans using barbecues carelessly,barbecue sparks ignite vegetation,request-62-3-0
barbecue sparks ignite vegetation,fire starts,request-62-3-1
fire starts,fire spreads,request-62-3-2
fire spreads,wildfires in europe,request-62-3-3
humans using barbecues carelessly,barbecue left unattended,request-62-4-0
barbecue left unattended,barbecue fire spreads to surroundings,request-62-4-1
barbecue fire spreads to surroundings,fire starts,request-62-4-2
fire starts,fire spreads,request-62-4-3
fire spreads,wildfires in europe,request-62-4-4
humans using barbecues carelessly,hot coals disposed improperly,request-62-5-0
hot coals disposed improperly,coals ignite vegetation,request-62-5-1
coals ignite vegetation,fire starts,request-62-5-2
fire starts,fire spreads,request-62-5-3
fire spreads,wildfires in europe,request-62-5-4
humans using campfires carelessly,campfire embers ignite vegetation,request-62-6-0
campfire embers ignite vegetation,fire starts,request-62-6-1
fire starts,fire spreads,request-62-6-2
fire spreads,wildfires in europe,request-62-6-3
humans using campfires carelessly,campfire left unattended,request-62-7-0
campfire left unattended,campfire spreads to surroundings,request-62-7-1
campfire spreads to surroundings,fire starts,request-62-7-2
fire starts,fire spreads,request-62-7-3
fire spreads,wildfires in europe,request-62-7-4
humans using campfires carelessly,hot ashes not extinguished properly,request-62-8-0
hot ashes not extinguished properly,ashes ignite vegetation,request-62-8-1
ashes ignite vegetation,fire starts,request-62-8-2
fire starts,fire spreads,request-62-8-3
fire spreads,wildfires in europe,request-62-8-4
humans discarding rubbish like glass which can focus sunlight,glass focuses sunlight,request-62-9-0
glass focuses sunlight,vegetation ignited by focused sunlight,request-62-9-1
vegetation ignited by focused sunlight,fire starts,request-62-9-2
fire starts,fire spreads,request-62-9-3
fire spreads,wildfires in europe,request-62-9-4
humans discarding rubbish like glass which can focus sunlight,focused sunlight heats vegetation,request-62-10-0
focused sunlight heats vegetation,heat causes ignition of vegetation,request-62-10-1
heat causes ignition of vegetation,fire starts,request-62-10-2
fire starts,fire spreads,request-62-10-3
fire spreads,wildfires in europe,request-62-10-4
humans discarding rubbish like glass which can focus sunlight,"glass bottle breaks, fragments focus sunlight",request-62-11-0
"glass bottle breaks, fragments focus sunlight",ignition of dry leaves,request-62-11-1
ignition of dry leaves,fire starts,request-62-11-2
fire starts,fire spreads,request-62-11-3
fire spreads,wildfires in europe,request-62-11-4
global warming,higher temperatures,request-63-0-0
higher temperatures,drought,request-63-0-1
drought,dry vegetation,request-63-0-2
dry vegetation,fires,request-63-0-3
global warming,climate change,request-63-1-0
climate change,heatwaves,request-63-1-1
heatwaves,dry vegetation,request-63-1-2
dry vegetation,fires,request-63-1-3
global warming,increased lightning strikes,request-63-2-0
increased lightning strikes,fires,request-63-2-1
global warming,pest outbreaks,request-63-3-0
pest outbreaks,dead trees,request-63-3-1
dead trees,fires,request-63-3-2
global warming,longer fire seasons,request-63-4-0
longer fire seasons,increased fire occurrences,request-63-4-1
increased fire occurrences,fires,request-63-4-2
global warming,reduced precipitation,request-63-5-0
reduced precipitation,drought,request-63-5-1
drought,fires,request-63-5-2
global warming,early snowmelt,request-63-6-0
early snowmelt,extended dry periods,request-63-6-1
extended dry periods,fires,request-63-6-2
40 degrees,heatwave,request-64-0-0
heatwave,vegetation drying,request-64-0-1
vegetation drying,fire ignition,request-64-0-2
fire ignition,fires,request-64-0-3
40 degrees,high temperatures,request-64-1-0
high temperatures,electrical equipment overheating,request-64-1-1
electrical equipment overheating,electrical failure,request-64-1-2
electrical failure,fires,request-64-1-3
40 degrees,increased air conditioning use,request-64-2-0
increased air conditioning use,power grid overload,request-64-2-1
power grid overload,transformer failure,request-64-2-2
transformer failure,fires,request-64-2-3
40 degrees,heatwave,request-64-3-0
heatwave,thunderstorm development,request-64-3-1
thunderstorm development,lightning strikes,request-64-3-2
lightning strikes,fires,request-64-3-3
40 degrees,drought conditions,request-64-4-0
drought conditions,vegetation dieoff,request-64-4-1
vegetation dieoff,fuel accumulation,request-64-4-2
fuel accumulation,fires,request-64-4-3
40 degrees,high temperatures,request-64-5-0
high temperatures,human discomfort,request-64-5-1
human discomfort,negligent behavior,request-64-5-2
negligent behavior,fires,request-64-5-3
40 degrees,heat stress on vehicles,request-64-6-0
heat stress on vehicles,vehicle malfunctions,request-64-6-1
vehicle malfunctions,vehicle fires,request-64-6-2
vehicle fires,fires,request-64-6-3
40 degrees,heatinduced chemical reactions,request-64-7-0
heatinduced chemical reactions,spontaneous combustion,request-64-7-1
spontaneous combustion,fires,request-64-7-2
40 degrees,infrastructure stress,request-64-8-0
infrastructure stress,pipeline ruptures,request-64-8-1
pipeline ruptures,gas leaks,request-64-8-2
gas leaks,explosions,request-64-8-3
explosions,fires,request-64-8-4
40 degrees,heatwave,request-64-9-0
heatwave,increased outdoor activities,request-64-9-1
increased outdoor activities,campfires,request-64-9-2
campfires,uncontrolled fires,request-64-9-3
uncontrolled fires,fires,request-64-9-4
40 degrees,high temperatures,request-64-10-0
high temperatures,increased use of flammable materials,request-64-10-1
increased use of flammable materials,accidental ignition,request-64-10-2
accidental ignition,fires,request-64-10-3
40 degrees,heatwave,request-64-11-0
heatwave,energy demand spike,request-64-11-1
energy demand spike,energy infrastructure failure,request-64-11-2
energy infrastructure failure,fires,request-64-11-3
40 degrees,heatwave,request-64-12-0
heatwave,peatland desiccation,request-64-12-1
peatland desiccation,peat fires,request-64-12-2
peat fires,fires,request-64-12-3
40 degrees,high temperatures,request-64-13-0
high temperatures,increased pest activity,request-64-13-1
increased pest activity,forest damage,request-64-13-2
forest damage,dead tree accumulation,request-64-13-3
dead tree accumulation,fires,request-64-13-4
40 degrees,soil moisture loss,request-64-14-0
soil moisture loss,ground cracking,request-64-14-1
ground cracking,underground cable exposure,request-64-14-2
underground cable exposure,electrical faults,request-64-14-3
electrical faults,fires,request-64-14-4
40 degrees,heatwave,request-64-15-0
heatwave,road surface melting,request-64-15-1
road surface melting,tire blowouts,request-64-15-2
tire blowouts,vehicle accidents,request-64-15-3
vehicle accidents,fires,request-64-15-4
40 degrees,high temperatures,request-64-16-0
high temperatures,increased fermentation,request-64-16-1
increased fermentation,methane buildup,request-64-16-2
methane buildup,explosions,request-64-16-3
explosions,fires,request-64-16-4
40 degrees,high temperatures,request-64-17-0
high temperatures,material flammability increase,request-64-17-1
material flammability increase,fire spread,request-64-17-2
fire spread,fires,request-64-17-3
40 degrees,heatwave,request-64-18-0
heatwave,reduced water pressure,request-64-18-1
reduced water pressure,firefighting difficulty,request-64-18-2
firefighting difficulty,fires spreading,request-64-18-3
40 degrees,metal expansion,request-64-19-0
metal expansion,structural failures,request-64-19-1
structural failures,fires,request-64-19-2
fungiculture and permaculture,enhancement of soil health,request-65-0-0
enhancement of soil health,increase in biodiversity,request-65-0-1
increase in biodiversity,ecosystem resilience,request-65-0-2
ecosystem resilience,ecosystem remediation,request-65-0-3
fungiculture and permaculture,use of fungi for pollutant breakdown,request-65-1-0
use of fungi for pollutant breakdown,reduction in environmental contamination,request-65-1-1
reduction in environmental contamination,ecosystem recovery,request-65-1-2
ecosystem recovery,ecosystem remediation,request-65-1-3
fungiculture and permaculture,promotion of mycorrhizal symbiosis,request-65-2-0
promotion of mycorrhizal symbiosis,improvement of plant health,request-65-2-1
improvement of plant health,enhancement of soil structure,request-65-2-2
enhancement of soil structure,ecosystem remediation,request-65-2-3
fungiculture and permaculture,increase in soil organic matter,request-65-3-0
increase in soil organic matter,improvement of soil fertility,request-65-3-1
improvement of soil fertility,support of biodiversity,request-65-3-2
support of biodiversity,ecosystem remediation,request-65-3-3
fungiculture and permaculture,bioremediation using fungi,request-65-4-0
bioremediation using fungi,removal of environmental pollutants,request-65-4-1
removal of environmental pollutants,restoration of ecosystem functions,request-65-4-2
restoration of ecosystem functions,ecosystem remediation,request-65-4-3
"""drought""","""crop failures""",request-66-0-0
"""crop failures""","""food shortages""",request-66-0-1
"""food shortages""","""hunger""",request-66-0-2
"""hunger""","""malnutrition""",request-66-0-3
"""malnutrition""","""disease outbreaks""",request-66-0-4
"""disease outbreaks""","""millions of deaths""",request-66-0-5
"""drought""","""water shortages""",request-66-1-0
"""water shortages""","""thirst""",request-66-1-1
"""thirst""","""population migration""",request-66-1-2
"""population migration""","""overcrowding""",request-66-1-3
"""overcrowding""","""conflict over resources""",request-66-1-4
"""conflict over resources""","""wars""",request-66-1-5
"""wars""","""millions of deaths""",request-66-1-6
"""hunger""","""social unrest""",request-66-2-0
"""social unrest""","""riots""",request-66-2-1
"""riots""","""government suppression""",request-66-2-2
"""government suppression""","""civil wars""",request-66-2-3
"""civil wars""","""millions of deaths""",request-66-2-4
"""thirst""","""competition over water""",request-66-3-0
"""competition over water""","""international disputes over water rights""",request-66-3-1
"""international disputes over water rights""","""wars""",request-66-3-2
"""wars""","""millions of deaths""",request-66-3-3
"""drought""","""economic decline in agriculture""",request-66-4-0
"""economic decline in agriculture""","""unemployment""",request-66-4-1
"""unemployment""","""poverty""",request-66-4-2
"""poverty""","""social instability""",request-66-4-3
"""social instability""","""revolution""",request-66-4-4
"""revolution""","""wars""",request-66-4-5
"""wars""","""millions of deaths""",request-66-4-6
"""drought""","""desertification""",request-66-5-0
"""desertification""","""loss of arable land""",request-66-5-1
"""loss of arable land""","""mass migration""",request-66-5-2
"""mass migration""","""resource conflicts""",request-66-5-3
"""resource conflicts""","""wars""",request-66-5-4
"""wars""","""millions of deaths""",request-66-5-5
"""hunger""","""weakened immune systems""",request-66-6-0
"""weakened immune systems""","""disease outbreaks""",request-66-6-1
"""disease outbreaks""","""millions of deaths""",request-66-6-2
"""drought""","""reduction in hydroelectric power""",request-66-7-0
"""reduction in hydroelectric power""","""energy shortages""",request-66-7-1
"""energy shortages""","""industrial decline""",request-66-7-2
"""industrial decline""","""economic collapse""",request-66-7-3
"""economic collapse""","""wars""",request-66-7-4
"""wars""","""millions of deaths""",request-66-7-5
"""drought""","""wildfires""",request-66-8-0
"""wildfires""","""destruction of infrastructure""",request-66-8-1
"""destruction of infrastructure""","""displaced populations""",request-66-8-2
"""displaced populations""","""resource competition""",request-66-8-3
"""resource competition""","""wars""",request-66-8-4
"""wars""","""millions of deaths""",request-66-8-5
"""drought""","""decrease in livestock production""",request-66-9-0
"""decrease in livestock production""","""food shortages""",request-66-9-1
"""food shortages""","""hunger""",request-66-9-2
"""hunger""","""social unrest""",request-66-9-3
"""social unrest""","""wars""",request-66-9-4
"""wars""","""millions of deaths""",request-66-9-5
fuel,combustion,request-67-0-0
combustion,emissions,request-67-0-1
fuel,combustion,request-67-1-0
combustion,co₂ formation,request-67-1-1
co₂ formation,emissions,request-67-1-2
fuel,combustion,request-67-2-0
combustion,nitrogen oxides formation,request-67-2-1
nitrogen oxides formation,emissions,request-67-2-2
fuel,combustion,request-67-3-0
combustion,sulfur dioxide formation,request-67-3-1
sulfur dioxide formation,emissions,request-67-3-2
fuel,combustion,request-67-4-0
combustion,particulate matter formation,request-67-4-1
particulate matter formation,emissions,request-67-4-2
fuel,incomplete combustion,request-67-5-0
incomplete combustion,carbon monoxide emission,request-67-5-1
carbon monoxide emission,emissions,request-67-5-2
fuel,evaporation,request-67-6-0
evaporation,volatile organic compounds release,request-67-6-1
volatile organic compounds release,emissions,request-67-6-2
fuel,storage,request-67-7-0
storage,evaporation,request-67-7-1
evaporation,emissions,request-67-7-2
fuel,leakage,request-67-8-0
leakage,vapor release,request-67-8-1
vapor release,emissions,request-67-8-2
fuel,spills,request-67-9-0
spills,evaporation,request-67-9-1
evaporation,emissions,request-67-9-2
fuel,transportation,request-67-10-0
transportation,fuel consumption,request-67-10-1
fuel consumption,emissions,request-67-10-2
fuel,fuel handling,request-67-11-0
fuel handling,spills,request-67-11-1
spills,emissions,request-67-11-2
fuel,fuel degradation,request-67-12-0
fuel degradation,gums and resins formation,request-67-12-1
gums and resins formation,emissions,request-67-12-2
fuel,engine operation,request-67-13-0
engine operation,exhaust gases production,request-67-13-1
exhaust gases production,emissions,request-67-13-2
fuel,power generation,request-67-14-0
power generation,greenhouse gas emission,request-67-14-1
greenhouse gas emission,emissions,request-67-14-2
canada,canada's industrial activities,request-68-0-0
canada's industrial activities,greenhouse gas emissions,request-68-0-1
greenhouse gas emissions,1% of global emissions,request-68-0-2
canada,canada's energy production,request-68-1-0
canada's energy production,fossil fuel combustion,request-68-1-1
fossil fuel combustion,carbon dioxide emissions,request-68-1-2
carbon dioxide emissions,1% of global emissions,request-68-1-3
canada,canada's transportation sector,request-68-2-0
canada's transportation sector,fuel consumption,request-68-2-1
fuel consumption,greenhouse gas emissions,request-68-2-2
greenhouse gas emissions,1% of global emissions,request-68-2-3
canada,canada's agricultural sector,request-68-3-0
canada's agricultural sector,methane emissions,request-68-3-1
methane emissions,1% of global emissions,request-68-3-2
canada,canada's deforestation,request-68-4-0
canada's deforestation,reduced carbon sinks,request-68-4-1
reduced carbon sinks,increased atmospheric co₂,request-68-4-2
increased atmospheric co₂,1% of global emissions,request-68-4-3
fossil fuels,combustion of fossil fuels,request-69-0-0
combustion of fossil fuels,air pollution,request-69-0-1
air pollution,respiratory diseases,request-69-0-2
respiratory diseases,deaths,request-69-0-3
deaths,1/5 of all worldwide deaths,request-69-0-4
fossil fuels,combustion of fossil fuels,request-69-1-0
combustion of fossil fuels,greenhouse gas emissions,request-69-1-1
greenhouse gas emissions,climate change,request-69-1-2
climate change,extreme weather events,request-69-1-3
extreme weather events,deaths,request-69-1-4
deaths,1/5 of all worldwide deaths,request-69-1-5
fossil fuels,extraction of fossil fuels,request-69-2-0
extraction of fossil fuels,environmental contamination,request-69-2-1
environmental contamination,health hazards,request-69-2-2
health hazards,deaths,request-69-2-3
deaths,1/5 of all worldwide deaths,request-69-2-4
fossil fuels,combustion of fossil fuels,request-69-3-0
combustion of fossil fuels,greenhouse gas emissions,request-69-3-1
greenhouse gas emissions,climate change,request-69-3-2
climate change,food insecurity,request-69-3-3
food insecurity,malnutrition,request-69-3-4
malnutrition,deaths,request-69-3-5
deaths,1/5 of all worldwide deaths,request-69-3-6
fossil fuels,combustion of fossil fuels,request-69-4-0
combustion of fossil fuels,air pollution,request-69-4-1
air pollution,cardiovascular diseases,request-69-4-2
cardiovascular diseases,deaths,request-69-4-3
deaths,1/5 of all worldwide deaths,request-69-4-4
fossil fuels,combustion of fossil fuels,request-69-5-0
combustion of fossil fuels,particulate matter,request-69-5-1
particulate matter,lung cancer,request-69-5-2
lung cancer,deaths,request-69-5-3
deaths,1/5 of all worldwide deaths,request-69-5-4
fossil fuels,combustion of fossil fuels,request-69-6-0
combustion of fossil fuels,smog formation,request-69-6-1
smog formation,respiratory problems,request-69-6-2
respiratory problems,deaths,request-69-6-3
deaths,1/5 of all worldwide deaths,request-69-6-4
fossil fuels,use of fossil fuels,request-69-7-0
use of fossil fuels,acid rain,request-69-7-1
acid rain,ecological damage,request-69-7-2
ecological damage,biodiversity loss,request-69-7-3
biodiversity loss,ecosystem collapse,request-69-7-4
ecosystem collapse,human deaths,request-69-7-5
human deaths,1/5 of all worldwide deaths,request-69-7-6
fossil fuels,dependence on fossil fuels,request-69-8-0
dependence on fossil fuels,geopolitical tensions,request-69-8-1
geopolitical tensions,armed conflicts,request-69-8-2
armed conflicts,deaths,request-69-8-3
deaths,1/5 of all worldwide deaths,request-69-8-4
fossil fuels,combustion of fossil fuels,request-69-9-0
combustion of fossil fuels,sulfur dioxide emissions,request-69-9-1
sulfur dioxide emissions,acid rain,request-69-9-2
acid rain,soil degradation,request-69-9-3
soil degradation,reduced agricultural productivity,request-69-9-4
reduced agricultural productivity,food shortages,request-69-9-5
food shortages,malnutrition,request-69-9-6
malnutrition,deaths,request-69-9-7
deaths,1/5 of all worldwide deaths,request-69-9-8
fossil fuels,combustion of fossil fuels,request-69-10-0
combustion of fossil fuels,nitrogen oxide emissions,request-69-10-1
nitrogen oxide emissions,groundlevel ozone formation,request-69-10-2
groundlevel ozone formation,respiratory illnesses,request-69-10-3
respiratory illnesses,deaths,request-69-10-4
deaths,1/5 of all worldwide deaths,request-69-10-5
fossil fuels,combustion of fossil fuels,request-69-11-0
combustion of fossil fuels,release of heavy metals,request-69-11-1
release of heavy metals,contamination of air and water,request-69-11-2
contamination of air and water,health problems,request-69-11-3
health problems,deaths,request-69-11-4
deaths,1/5 of all worldwide deaths,request-69-11-5
fossil fuels,extraction of fossil fuels,request-69-12-0
extraction of fossil fuels,habitat destruction,request-69-12-1
habitat destruction,loss of ecosystem services,request-69-12-2
loss of ecosystem services,increased vulnerability to natural disasters,request-69-12-3
increased vulnerability to natural disasters,deaths,request-69-12-4
deaths,1/5 of all worldwide deaths,request-69-12-5
fossil fuels,greenhouse gas emissions,request-69-13-0
greenhouse gas emissions,global warming,request-69-13-1
global warming,sea level rise,request-69-13-2
sea level rise,displacement of populations,request-69-13-3
displacement of populations,conflicts over resources,request-69-13-4
conflicts over resources,deaths,request-69-13-5
deaths,1/5 of all worldwide deaths,request-69-13-6
fossil fuels,combustion of fossil fuels,request-69-14-0
combustion of fossil fuels,climate change,request-69-14-1
climate change,spread of vectorborne diseases,request-69-14-2
spread of vectorborne diseases,deaths,request-69-14-3
deaths,1/5 of all worldwide deaths,request-69-14-4
fossil fuels,combustion of fossil fuels,request-69-15-0
combustion of fossil fuels,global warming,request-69-15-1
global warming,heatwaves,request-69-15-2
heatwaves,heatrelated illnesses,request-69-15-3
heatrelated illnesses,deaths,request-69-15-4
deaths,1/5 of all worldwide deaths,request-69-15-5
fossil fuels,combustion of fossil fuels,request-69-16-0
combustion of fossil fuels,ocean acidification,request-69-16-1
ocean acidification,collapse of marine ecosystems,request-69-16-2
collapse of marine ecosystems,food shortages,request-69-16-3
food shortages,malnutrition,request-69-16-4
malnutrition,deaths,request-69-16-5
deaths,1/5 of all worldwide deaths,request-69-16-6
fossil fuels,fossil fuel spills,request-69-17-0
fossil fuel spills,water pollution,request-69-17-1
water pollution,contamination of drinking water,request-69-17-2
contamination of drinking water,health issues,request-69-17-3
health issues,deaths,request-69-17-4
deaths,1/5 of all worldwide deaths,request-69-17-5
fossil fuels,fossil fuel infrastructure,request-69-18-0
fossil fuel infrastructure,accidents and explosions,request-69-18-1
accidents and explosions,immediate deaths,request-69-18-2
immediate deaths,1/5 of all worldwide deaths,request-69-18-3
fossil fuels,combustion of fossil fuels,request-69-19-0
combustion of fossil fuels,indoor air pollution,request-69-19-1
indoor air pollution,respiratory diseases,request-69-19-2
respiratory diseases,deaths,request-69-19-3
deaths,1/5 of all worldwide deaths,request-69-19-4
loss of land in farms with turbines,reduction in available farmland,request-70-0-0
reduction in available farmland,less land for crops,request-70-0-1
less land for crops,lower agricultural productivity,request-70-0-2
lower agricultural productivity,loss of production,request-70-0-3
loss of land in farms with turbines,decrease in arable land,request-70-1-0
decrease in arable land,reduced planting area,request-70-1-1
reduced planting area,decrease in agricultural output,request-70-1-2
decrease in agricultural output,loss of production,request-70-1-3
loss of land in farms with turbines,reduced farm acreage,request-70-2-0
reduced farm acreage,reduction in farm output,request-70-2-1
reduction in farm output,loss of production,request-70-2-2
loss of land in farms with turbines,disruption to farming activities,request-70-3-0
disruption to farming activities,reduction in crop yields,request-70-3-1
reduction in crop yields,loss of production,request-70-3-2
loss of land in farms with turbines,increase in land fragmentation,request-70-4-0
increase in land fragmentation,operational inefficiencies,request-70-4-1
operational inefficiencies,lower agricultural productivity,request-70-4-2
lower agricultural productivity,loss of production,request-70-4-3
loss of land in farms with turbines,noise pollution from turbines,request-70-5-0
noise pollution from turbines,stress on livestock,request-70-5-1
stress on livestock,reduced livestock productivity,request-70-5-2
reduced livestock productivity,loss of production,request-70-5-3
loss of land in farms with turbines,shadow flicker from turbines,request-70-6-0
shadow flicker from turbines,disruption of plant growth,request-70-6-1
disruption of plant growth,reduced crop yields,request-70-6-2
reduced crop yields,loss of production,request-70-6-3
loss of land in farms with turbines,obstruction to farm machinery,request-70-7-0
obstruction to farm machinery,operational delays,request-70-7-1
operational delays,reduced farming efficiency,request-70-7-2
reduced farming efficiency,loss of production,request-70-7-3
loss of land in farms with turbines,safety zones around turbines,request-70-8-0
safety zones around turbines,reduction in usable farmland,request-70-8-1
reduction in usable farmland,less land for cultivation,request-70-8-2
less land for cultivation,loss of production,request-70-8-3
loss of land in farms with turbines,interference with irrigation systems,request-70-9-0
interference with irrigation systems,reduced water supply to crops,request-70-9-1
reduced water supply to crops,decrease in crop yields,request-70-9-2
decrease in crop yields,loss of production,request-70-9-3
loss of land in farms with turbines,change in soil composition around turbines,request-70-10-0
change in soil composition around turbines,reduced soil fertility,request-70-10-1
reduced soil fertility,lower crop production,request-70-10-2
lower crop production,loss of production,request-70-10-3
loss of land in farms with turbines,loss of biodiversity,request-70-11-0
loss of biodiversity,reduced pollination,request-70-11-1
reduced pollination,decrease in crop yields,request-70-11-2
decrease in crop yields,loss of production,request-70-11-3
loss of land in farms with turbines,increased farm traffic due to turbine maintenance,request-70-12-0
increased farm traffic due to turbine maintenance,soil compaction,request-70-12-1
soil compaction,reduced crop yields,request-70-12-2
reduced crop yields,loss of production,request-70-12-3
humans,burning of fossil fuels,request-71-0-0
burning of fossil fuels,release of greenhouse gases,request-71-0-1
release of greenhouse gases,accumulation of atmospheric co₂,request-71-0-2
accumulation of atmospheric co₂,enhancement of greenhouse effect,request-71-0-3
enhancement of greenhouse effect,climate change,request-71-0-4
humans,deforestation,request-71-1-0
deforestation,reduction of carbon sinks,request-71-1-1
reduction of carbon sinks,increase in atmospheric co₂,request-71-1-2
increase in atmospheric co₂,amplification of greenhouse effect,request-71-1-3
amplification of greenhouse effect,climate change,request-71-1-4
humans,industrial activities,request-71-2-0
industrial activities,emission of pollutants,request-71-2-1
emission of pollutants,increase in greenhouse gases,request-71-2-2
increase in greenhouse gases,intensification of greenhouse effect,request-71-2-3
intensification of greenhouse effect,climate change,request-71-2-4
humans,agricultural expansion,request-71-3-0
agricultural expansion,rise in livestock farming,request-71-3-1
rise in livestock farming,emission of methane gas,request-71-3-2
emission of methane gas,strengthening of greenhouse effect,request-71-3-3
strengthening of greenhouse effect,climate change,request-71-3-4
humans,waste generation,request-71-4-0
waste generation,landfill accumulation,request-71-4-1
landfill accumulation,production of methane,request-71-4-2
production of methane,enhancement of greenhouse effect,request-71-4-3
enhancement of greenhouse effect,climate change,request-71-4-4
humans,use of aerosols,request-71-5-0
use of aerosols,release of chlorofluorocarbons,request-71-5-1
release of chlorofluorocarbons,depletion of ozone layer,request-71-5-2
depletion of ozone layer,increase in ultraviolet radiation,request-71-5-3
increase in ultraviolet radiation,climate change,request-71-5-4
humans,urbanization,request-71-6-0
urbanization,increase in concrete structures,request-71-6-1
increase in concrete structures,heat island effect,request-71-6-2
heat island effect,alteration of local climates,request-71-6-3
alteration of local climates,climate change,request-71-6-4
humans,transportation growth,request-71-7-0
transportation growth,emissions from vehicles,request-71-7-1
emissions from vehicles,rise in atmospheric pollutants,request-71-7-2
rise in atmospheric pollutants,augmentation of greenhouse effect,request-71-7-3
augmentation of greenhouse effect,climate change,request-71-7-4
humans,excessive energy consumption,request-71-8-0
excessive energy consumption,increased power production,request-71-8-1
increased power production,burning of coal and gas,request-71-8-2
burning of coal and gas,elevation of greenhouse gases,request-71-8-3
elevation of greenhouse gases,climate change,request-71-8-4
humans,overconsumption,request-71-9-0
overconsumption,higher demand for goods,request-71-9-1
higher demand for goods,increased industrial output,request-71-9-2
increased industrial output,greater pollutant emissions,request-71-9-3
greater pollutant emissions,climate change,request-71-9-4
humans,chemical fertilizer use,request-71-10-0
chemical fertilizer use,nitrous oxide emissions,request-71-10-1
nitrous oxide emissions,greenhouse gas accumulation,request-71-10-2
greenhouse gas accumulation,climate change,request-71-10-3
humans,defrosting of permafrost,request-71-11-0
defrosting of permafrost,release of trapped methane,request-71-11-1
release of trapped methane,amplification of greenhouse effect,request-71-11-2
amplification of greenhouse effect,climate change,request-71-11-3
humans,depletion of wetlands,request-71-12-0
depletion of wetlands,loss of carbon sequestration,request-71-12-1
loss of carbon sequestration,rise in atmospheric co₂,request-71-12-2
rise in atmospheric co₂,climate change,request-71-12-3
co2 dumping,increase in atmospheric co2,request-72-0-0
increase in atmospheric co2,enhanced greenhouse effect,request-72-0-1
enhanced greenhouse effect,trapping of heat,request-72-0-2
trapping of heat,rise in earth's temperature,request-72-0-3
rise in earth's temperature,warmth,request-72-0-4
co2 dumping,elevated greenhouse gas levels,request-72-1-0
elevated greenhouse gas levels,imbalance in earth's energy budget,request-72-1-1
imbalance in earth's energy budget,accumulation of thermal energy,request-72-1-2
accumulation of thermal energy,global warming,request-72-1-3
global warming,warmth,request-72-1-4
co2 dumping,increase in atmospheric co2 concentration,request-72-2-0
increase in atmospheric co2 concentration,absorption of infrared radiation,request-72-2-1
absorption of infrared radiation,reduced heat escaping to space,request-72-2-2
reduced heat escaping to space,increase in global temperatures,request-72-2-3
increase in global temperatures,warmth,request-72-2-4
co2 dumping,ocean acidification,request-72-3-0
ocean acidification,disruption of marine carbon sinks,request-72-3-1
disruption of marine carbon sinks,reduced co2 absorption by oceans,request-72-3-2
reduced co2 absorption by oceans,more co2 in atmosphere,request-72-3-3
more co2 in atmosphere,enhanced greenhouse effect,request-72-3-4
enhanced greenhouse effect,warmth,request-72-3-5
co2 dumping,deforestation for fossil fuel extraction,request-72-4-0
deforestation for fossil fuel extraction,loss of trees,request-72-4-1
loss of trees,decrease in carbon sequestration,request-72-4-2
decrease in carbon sequestration,higher atmospheric co2,request-72-4-3
higher atmospheric co2,intensified greenhouse effect,request-72-4-4
intensified greenhouse effect,warmth,request-72-4-5
co2 dumping,increase in atmospheric co2,request-72-5-0
increase in atmospheric co2,melting of polar ice caps,request-72-5-1
melting of polar ice caps,decrease in earth's albedo,request-72-5-2
decrease in earth's albedo,increased solar absorption,request-72-5-3
increased solar absorption,further warming,request-72-5-4
further warming,warmth,request-72-5-5
co2 dumping,increase in atmospheric co2,request-72-6-0
increase in atmospheric co2,warming of permafrost,request-72-6-1
warming of permafrost,release of methane,request-72-6-2
release of methane,additional greenhouse gases,request-72-6-3
additional greenhouse gases,positive feedback loop,request-72-6-4
positive feedback loop,accelerated warming,request-72-6-5
accelerated warming,warmth,request-72-6-6
co2 dumping,increase in atmospheric co2,request-72-7-0
increase in atmospheric co2,changes in cloud formation,request-72-7-1
changes in cloud formation,altered earth's reflectivity,request-72-7-2
altered earth's reflectivity,more heat retained,request-72-7-3
more heat retained,rise in global temperature,request-72-7-4
rise in global temperature,warmth,request-72-7-5
co2 dumping,increase in atmospheric co2,request-72-8-0
increase in atmospheric co2,thermal expansion of oceans,request-72-8-1
thermal expansion of oceans,sealevel rise,request-72-8-2
sealevel rise,increased heat capacity of oceans,request-72-8-3
increased heat capacity of oceans,global temperature increase,request-72-8-4
global temperature increase,warmth,request-72-8-5
co2 dumping,increase in atmospheric co2,request-72-9-0
increase in atmospheric co2,disruption of weather patterns,request-72-9-1
disruption of weather patterns,more heatwaves,request-72-9-2
more heatwaves,higher average temperatures,request-72-9-3
higher average temperatures,warmth,request-72-9-4
higher concentrations of co2,co2 fertilization effect,request-73-0-0
co2 fertilization effect,enhanced photosynthesis,request-73-0-1
enhanced photosynthesis,increased plant growth,request-73-0-2
increased plant growth,surface greening,request-73-0-3
surface greening,surface greening acting as a convective refrigerant,request-73-0-4
higher concentrations of co2,enhanced greenhouse effect,request-73-1-0
enhanced greenhouse effect,global warming,request-73-1-1
global warming,warmer temperatures,request-73-1-2
warmer temperatures,longer growing seasons,request-73-1-3
longer growing seasons,increased vegetation growth,request-73-1-4
increased vegetation growth,surface greening,request-73-1-5
surface greening,surface greening acting as a convective refrigerant,request-73-1-6
higher concentrations of co2,enhanced greenhouse effect,request-73-2-0
enhanced greenhouse effect,global warming,request-73-2-1
global warming,changes in precipitation patterns,request-73-2-2
changes in precipitation patterns,increased vegetation growth,request-73-2-3
increased vegetation growth,surface greening,request-73-2-4
surface greening,surface greening acting as a convective refrigerant,request-73-2-5
higher concentrations of co2,enhanced greenhouse effect,request-73-3-0
enhanced greenhouse effect,polar warming,request-73-3-1
polar warming,thawing permafrost,request-73-3-2
thawing permafrost,expansion of vegetation into previously frozen areas,request-73-3-3
expansion of vegetation into previously frozen areas,surface greening,request-73-3-4
surface greening,surface greening acting as a convective refrigerant,request-73-3-5
higher concentrations of co2,ocean warming,request-73-4-0
ocean warming,increased evaporation,request-73-4-1
increased evaporation,increased atmospheric water vapor,request-73-4-2
increased atmospheric water vapor,increased precipitation over land,request-73-4-3
increased precipitation over land,enhanced plant growth,request-73-4-4
enhanced plant growth,surface greening,request-73-4-5
surface greening,surface greening acting as a convective refrigerant,request-73-4-6
humans,fossil fuel combustion,request-74-0-0
fossil fuel combustion,carbon dioxide emissions,request-74-0-1
carbon dioxide emissions,greenhouse gas accumulation,request-74-0-2
greenhouse gas accumulation,global warming,request-74-0-3
global warming,climate change,request-74-0-4
humans,deforestation,request-74-1-0
deforestation,reduced carbon sequestration,request-74-1-1
reduced carbon sequestration,increased atmospheric co₂,request-74-1-2
increased atmospheric co₂,enhanced greenhouse effect,request-74-1-3
enhanced greenhouse effect,climate change,request-74-1-4
humans,industrial activities,request-74-2-0
industrial activities,methane emissions,request-74-2-1
methane emissions,greenhouse gas increase,request-74-2-2
greenhouse gas increase,global warming,request-74-2-3
global warming,climate change,request-74-2-4
humans,agricultural practices,request-74-3-0
agricultural practices,nitrous oxide emissions,request-74-3-1
nitrous oxide emissions,enhanced greenhouse gases,request-74-3-2
enhanced greenhouse gases,atmospheric warming,request-74-3-3
atmospheric warming,climate change,request-74-3-4
humans,waste generation,request-74-4-0
waste generation,landfill methane emissions,request-74-4-1
landfill methane emissions,increased greenhouse gases,request-74-4-2
increased greenhouse gases,global warming,request-74-4-3
global warming,climate change,request-74-4-4
humans,use of chlorofluorocarbons,request-74-5-0
use of chlorofluorocarbons,ozone layer depletion,request-74-5-1
ozone layer depletion,altered atmospheric chemistry,request-74-5-2
altered atmospheric chemistry,climate change,request-74-5-3
humans,urbanization,request-74-6-0
urbanization,heat island effect,request-74-6-1
heat island effect,regional temperature rise,request-74-6-2
regional temperature rise,climate change,request-74-6-3
humans,industrial pollution,request-74-7-0
industrial pollution,aerosol release,request-74-7-1
aerosol release,climate forcing changes,request-74-7-2
climate forcing changes,climate change,request-74-7-3
humans,overconsumption,request-74-8-0
overconsumption,resource depletion,request-74-8-1
resource depletion,environmental degradation,request-74-8-2
environmental degradation,climate change,request-74-8-3
humans,transportation emissions,request-74-9-0
transportation emissions,greenhouse gas release,request-74-9-1
greenhouse gas release,atmospheric warming,request-74-9-2
atmospheric warming,climate change,request-74-9-3
humans' greenhouse gas contributions,accumulation of greenhouse gases in the atmosphere,request-75-0-0
accumulation of greenhouse gases in the atmosphere,enhanced greenhouse effect,request-75-0-1
enhanced greenhouse effect,increase of heat retention on earth,request-75-0-2
burning of fossil fuels by humans,increased carbon dioxide emissions,request-75-1-0
increased carbon dioxide emissions,higher atmospheric co₂ concentrations,request-75-1-1
higher atmospheric co₂ concentrations,enhanced greenhouse effect,request-75-1-2
enhanced greenhouse effect,increase of heat retention on earth,request-75-1-3
deforestation by humans,reduction of co₂ absorption by forests,request-75-2-0
reduction of co₂ absorption by forests,higher atmospheric co₂ concentrations,request-75-2-1
higher atmospheric co₂ concentrations,enhanced greenhouse effect,request-75-2-2
enhanced greenhouse effect,increase of heat retention on earth,request-75-2-3
agricultural activities emitting methane,increased atmospheric methane concentrations,request-75-3-0
increased atmospheric methane concentrations,enhanced greenhouse effect,request-75-3-1
enhanced greenhouse effect,increase of heat retention on earth,request-75-3-2
use of nitrogenbased fertilizers in agriculture,increased nitrous oxide emissions,request-75-4-0
increased nitrous oxide emissions,higher atmospheric n₂o concentrations,request-75-4-1
higher atmospheric n₂o concentrations,enhanced greenhouse effect,request-75-4-2
enhanced greenhouse effect,increase of heat retention on earth,request-75-4-3
industrial processes releasing fluorinated gases,increased atmospheric concentrations of fluorinated gases,request-75-5-0
increased atmospheric concentrations of fluorinated gases,enhanced greenhouse effect,request-75-5-1
enhanced greenhouse effect,increase of heat retention on earth,request-75-5-2
waste decomposition producing methane,increased atmospheric methane concentrations,request-75-6-0
increased atmospheric methane concentrations,enhanced greenhouse effect,request-75-6-1
enhanced greenhouse effect,increase of heat retention on earth,request-75-6-2
humans' greenhouse gas contributions,global temperature increase,request-75-7-0
global temperature increase,melting of polar ice caps,request-75-7-1
melting of polar ice caps,decrease in earth's albedo,request-75-7-2
decrease in earth's albedo,increased absorption of solar radiation,request-75-7-3
increased absorption of solar radiation,increase of heat retention on earth,request-75-7-4
humans' greenhouse gas contributions,global temperature increase,request-75-8-0
global temperature increase,permafrost thawing,request-75-8-1
permafrost thawing,methane release from permafrost,request-75-8-2
methane release from permafrost,increased atmospheric methane concentrations,request-75-8-3
increased atmospheric methane concentrations,enhanced greenhouse effect,request-75-8-4
enhanced greenhouse effect,increase of heat retention on earth,request-75-8-5
humans' greenhouse gas contributions,increased atmospheric water vapor due to warming,request-75-9-0
increased atmospheric water vapor due to warming,water vapor amplifying greenhouse effect,request-75-9-1
water vapor amplifying greenhouse effect,further increase of heat retention on earth,request-75-9-2
humans' greenhouse gas contributions,ocean warming,request-75-10-0
ocean warming,reduced co₂ absorption by oceans,request-75-10-1
reduced co₂ absorption by oceans,higher atmospheric co₂ concentrations,request-75-10-2
higher atmospheric co₂ concentrations,enhanced greenhouse effect,request-75-10-3
enhanced greenhouse effect,increase of heat retention on earth,request-75-10-4
humans' greenhouse gas contributions,ocean acidification,request-75-11-0
ocean acidification,disruption of marine ecosystems,request-75-11-1
disruption of marine ecosystems,reduced biological carbon sequestration,request-75-11-2
reduced biological carbon sequestration,higher atmospheric co₂ concentrations,request-75-11-3
higher atmospheric co₂ concentrations,enhanced greenhouse effect,request-75-11-4
enhanced greenhouse effect,increase of heat retention on earth,request-75-11-5
individual carbon footprint reduction,lower greenhouse gas emissions,request-76-0-0
lower greenhouse gas emissions,reduced global warming,request-76-0-1
reduced global warming,help for climate change,request-76-0-2
individual carbon footprint reduction,reduced energy consumption,request-76-1-0
reduced energy consumption,less fossil fuel burning,request-76-1-1
less fossil fuel burning,lower carbon dioxide emissions,request-76-1-2
lower carbon dioxide emissions,slower climate change,request-76-1-3
slower climate change,help for climate change,request-76-1-4
individual carbon footprint reduction,increased use of renewable energy,request-76-2-0
increased use of renewable energy,reduction in fossil fuel consumption,request-76-2-1
reduction in fossil fuel consumption,lower greenhouse gas emissions,request-76-2-2
lower greenhouse gas emissions,mitigated climate change,request-76-2-3
mitigated climate change,help for climate change,request-76-2-4
individual carbon footprint reduction,adoption of sustainable transportation,request-76-3-0
adoption of sustainable transportation,lower vehicle emissions,request-76-3-1
lower vehicle emissions,reduced air pollution,request-76-3-2
reduced air pollution,lower greenhouse gas levels,request-76-3-3
lower greenhouse gas levels,help for climate change,request-76-3-4
individual carbon footprint reduction,decrease in waste generation,request-76-4-0
decrease in waste generation,lower methane emissions from landfills,request-76-4-1
lower methane emissions from landfills,reduced greenhouse gas emissions,request-76-4-2
reduced greenhouse gas emissions,mitigation of climate change,request-76-4-3
mitigation of climate change,help for climate change,request-76-4-4
individual carbon footprint reduction,increased energy efficiency,request-76-5-0
increased energy efficiency,lower energy demand,request-76-5-1
lower energy demand,reduced fossil fuel consumption,request-76-5-2
reduced fossil fuel consumption,less greenhouse gas emissions,request-76-5-3
less greenhouse gas emissions,help for climate change,request-76-5-4
individual carbon footprint reduction,promotion of ecofriendly practices,request-76-6-0
promotion of ecofriendly practices,spread of environmental awareness,request-76-6-1
spread of environmental awareness,collective action towards emission reduction,request-76-6-2
collective action towards emission reduction,significant impact on climate change,request-76-6-3
significant impact on climate change,help for climate change,request-76-6-4
individual carbon footprint reduction,decrease in deforestation,request-76-7-0
decrease in deforestation,preservation of carbon sinks,request-76-7-1
preservation of carbon sinks,reduced atmospheric co2,request-76-7-2
reduced atmospheric co2,mitigation of climate change,request-76-7-3
mitigation of climate change,help for climate change,request-76-7-4
individual carbon footprint reduction,support for sustainable agriculture,request-76-8-0
support for sustainable agriculture,lower greenhouse gas emissions from farming,request-76-8-1
lower greenhouse gas emissions from farming,reduction in global emissions,request-76-8-2
reduction in global emissions,help for climate change,request-76-8-3
individual carbon footprint reduction,increased public demand for green products,request-76-9-0
increased public demand for green products,market shift towards sustainable goods,request-76-9-1
market shift towards sustainable goods,decrease in emissions from production,request-76-9-2
decrease in emissions from production,help for climate change,request-76-9-3
china's international trade,production of export goods,request-77-0-0
production of export goods,increase in industrial activity,request-77-0-1
increase in industrial activity,higher energy consumption,request-77-0-2
higher energy consumption,increased burning of fossil fuels,request-77-0-3
increased burning of fossil fuels,release of greenhouse gases,request-77-0-4
release of greenhouse gases,contribution to 13% of total emissions,request-77-0-5
china's international trade,growth in manufacturing sector,request-77-1-0
growth in manufacturing sector,expansion of factories,request-77-1-1
expansion of factories,rise in energy demand,request-77-1-2
rise in energy demand,increased coal consumption,request-77-1-3
increased coal consumption,higher co2 emissions,request-77-1-4
higher co2 emissions,13% of total emissions,request-77-1-5
china's international trade,increase in transportation of goods,request-77-2-0
increase in transportation of goods,greater use of shipping and logistics,request-77-2-1
greater use of shipping and logistics,more fuel consumption in transportation,request-77-2-2
more fuel consumption in transportation,higher emissions from transportation sector,request-77-2-3
higher emissions from transportation sector,contribution to 13% of total emissions,request-77-2-4
china's international trade,increase in production activities,request-77-3-0
increase in production activities,use of outdated technology,request-77-3-1
use of outdated technology,inefficient energy use,request-77-3-2
inefficient energy use,excessive emissions,request-77-3-3
excessive emissions,13% of total emissions,request-77-3-4
china's international trade,demand for raw materials,request-77-4-0
demand for raw materials,increased mining and extraction,request-77-4-1
increased mining and extraction,environmental degradation and emissions,request-77-4-2
environmental degradation and emissions,contribution to 13% of total emissions,request-77-4-3
china's international trade,increase in international shipping,request-77-5-0
increase in international shipping,high emissions from ships,request-77-5-1
high emissions from ships,contribution to 13% of total emissions,request-77-5-2
china's international trade,increased consumer demand for cheap goods,request-77-6-0
increased consumer demand for cheap goods,mass production in energyintensive industries,request-77-6-1
mass production in energyintensive industries,high carbon footprint,request-77-6-2
high carbon footprint,13% of total emissions,request-77-6-3
co2,increased greenhouse gas concentration,request-78-0-0
increased greenhouse gas concentration,enhanced greenhouse effect,request-78-0-1
enhanced greenhouse effect,global temperature rise,request-78-0-2
global temperature rise,ice cap melting,request-78-0-3
ice cap melting,decreased albedo,request-78-0-4
decreased albedo,more solar radiation absorbed,request-78-0-5
more solar radiation absorbed,further temperature increase,request-78-0-6
further temperature increase,positive feedback loop,request-78-0-7
positive feedback loop,runaway global warming,request-78-0-8
co2,increased atmospheric co2,request-78-1-0
increased atmospheric co2,ocean warming,request-78-1-1
ocean warming,methane release from ocean hydrates,request-78-1-2
methane release from ocean hydrates,increased atmospheric methane,request-78-1-3
increased atmospheric methane,enhanced greenhouse effect,request-78-1-4
enhanced greenhouse effect,further temperature rise,request-78-1-5
further temperature rise,positive feedback loop,request-78-1-6
positive feedback loop,runaway global warming,request-78-1-7
co2,increased atmospheric co2,request-78-2-0
increased atmospheric co2,deforestation,request-78-2-1
deforestation,reduced co2 absorption,request-78-2-2
reduced co2 absorption,higher atmospheric co2,request-78-2-3
higher atmospheric co2,enhanced greenhouse effect,request-78-2-4
enhanced greenhouse effect,accelerated warming,request-78-2-5
accelerated warming,positive feedback loop,request-78-2-6
positive feedback loop,runaway global warming,request-78-2-7
co2,increased greenhouse gases,request-78-3-0
increased greenhouse gases,global warming,request-78-3-1
global warming,permafrost thawing,request-78-3-2
permafrost thawing,methane release from permafrost,request-78-3-3
methane release from permafrost,increased atmospheric methane,request-78-3-4
increased atmospheric methane,enhanced greenhouse effect,request-78-3-5
enhanced greenhouse effect,positive feedback loop,request-78-3-6
positive feedback loop,runaway global warming,request-78-3-7
co2,increased co2 levels,request-78-4-0
increased co2 levels,ocean acidification,request-78-4-1
ocean acidification,phytoplankton decline,request-78-4-2
phytoplankton decline,reduced carbon sequestration,request-78-4-3
reduced carbon sequestration,increased atmospheric co2,request-78-4-4
increased atmospheric co2,enhanced greenhouse effect,request-78-4-5
enhanced greenhouse effect,accelerated global warming,request-78-4-6
accelerated global warming,runaway global warming,request-78-4-7
co2,increased co2 levels,request-78-5-0
increased co2 levels,global warming,request-78-5-1
global warming,increased atmospheric water vapor,request-78-5-2
increased atmospheric water vapor,water vapor as a greenhouse gas,request-78-5-3
water vapor as a greenhouse gas,enhanced greenhouse effect,request-78-5-4
enhanced greenhouse effect,positive feedback loop,request-78-5-5
positive feedback loop,runaway global warming,request-78-5-6
global warming,increased droughts,request-79-0-0
increased droughts,reduced crop yields,request-79-0-1
reduced crop yields,food shortages,request-79-0-2
global warming,more extreme weather events,request-79-1-0
more extreme weather events,destruction of crops,request-79-1-1
destruction of crops,food shortages,request-79-1-2
global warming,rising sea levels,request-79-2-0
rising sea levels,flooding of arable land,request-79-2-1
flooding of arable land,less land for agriculture,request-79-2-2
less land for agriculture,reduced food production,request-79-2-3
reduced food production,food shortages,request-79-2-4
global warming,increased pests and diseases,request-79-3-0
increased pests and diseases,damage to crops,request-79-3-1
damage to crops,food shortages,request-79-3-2
global warming,ocean acidification,request-79-4-0
ocean acidification,decline in fish populations,request-79-4-1
decline in fish populations,reduced seafood supply,request-79-4-2
reduced seafood supply,food shortages,request-79-4-3
global warming,changing climate patterns,request-79-5-0
changing climate patterns,disruption of planting seasons,request-79-5-1
disruption of planting seasons,lower agricultural productivity,request-79-5-2
lower agricultural productivity,food shortages,request-79-5-3
global warming,heatwaves,request-79-6-0
heatwaves,soil degradation,request-79-6-1
soil degradation,decreased fertility,request-79-6-2
decreased fertility,reduced crop yields,request-79-6-3
reduced crop yields,food shortages,request-79-6-4
global warming,water scarcity,request-79-7-0
water scarcity,irrigation problems,request-79-7-1
irrigation problems,reduced crop yields,request-79-7-2
reduced crop yields,food shortages,request-79-7-3
global warming,increased atmospheric co2 levels,request-79-8-0
increased atmospheric co2 levels,negative effects on plant growth,request-79-8-1
negative effects on plant growth,reduced crop yields,request-79-8-2
reduced crop yields,food shortages,request-79-8-3
global warming,increased frequency of natural disasters,request-79-9-0
increased frequency of natural disasters,disruption of food distribution networks,request-79-9-1
disruption of food distribution networks,food shortages,request-79-9-2
global warming,changes in precipitation patterns,request-79-10-0
changes in precipitation patterns,flooding,request-79-10-1
flooding,crop damage,request-79-10-2
crop damage,food shortages,request-79-10-3
global warming,melting of glaciers,request-79-11-0
melting of glaciers,reduced freshwater availability,request-79-11-1
reduced freshwater availability,water scarcity for irrigation,request-79-11-2
water scarcity for irrigation,reduced crop yields,request-79-11-3
reduced crop yields,food shortages,request-79-11-4
minor fluctuations in ambient temperature,changes in ocean currents,request-80-0-0
changes in ocean currents,alterations in global weather patterns,request-80-0-1
alterations in global weather patterns,increase in frequency of natural disasters,request-80-0-2
increase in frequency of natural disasters,displacement of populations due to disasters,request-80-0-3
displacement of populations due to disasters,forced migration of billions,request-80-0-4
minor fluctuations in ambient temperature,melting of polar ice caps,request-80-1-0
melting of polar ice caps,rising sea levels,request-80-1-1
rising sea levels,flooding of coastal regions,request-80-1-2
flooding of coastal regions,submergence of lowlying islands and cities,request-80-1-3
submergence of lowlying islands and cities,mass displacement of coastal communities,request-80-1-4
mass displacement of coastal communities,forced migration of billions,request-80-1-5
minor fluctuations in ambient temperature,stress on ecosystems,request-80-2-0
stress on ecosystems,loss of biodiversity,request-80-2-1
loss of biodiversity,collapse of food chains,request-80-2-2
collapse of food chains,food shortages,request-80-2-3
food shortages,famines and malnutrition,request-80-2-4
famines and malnutrition,forced migration of billions,request-80-2-5
minor fluctuations in ambient temperature,changes in agricultural productivity,request-80-3-0
changes in agricultural productivity,crop failures in key regions,request-80-3-1
crop failures in key regions,global food shortages,request-80-3-2
global food shortages,social unrest over resources,request-80-3-3
social unrest over resources,conflicts and wars,request-80-3-4
conflicts and wars,forced migration of billions,request-80-3-5
minor fluctuations in ambient temperature,increased spread of infectious diseases,request-80-4-0
increased spread of infectious diseases,global pandemics,request-80-4-1
global pandemics,breakdown of healthcare systems,request-80-4-2
breakdown of healthcare systems,societal instability,request-80-4-3
societal instability,mass displacement of populations,request-80-4-4
mass displacement of populations,forced migration of billions,request-80-4-5
minor fluctuations in ambient temperature,stress on freshwater resources,request-80-5-0
stress on freshwater resources,water scarcity in arid regions,request-80-5-1
water scarcity in arid regions,conflicts over water resources,request-80-5-2
conflicts over water resources,displacement due to water conflicts,request-80-5-3
displacement due to water conflicts,forced migration of billions,request-80-5-4
the impacts of mining,water pollution,request-81-0-0
water pollution,contamination of water sources,request-81-0-1
contamination of water sources,jeopardized access to water for affected communities,request-81-0-2
the impacts of mining,overuse of water resources,request-81-1-0
overuse of water resources,depletion of groundwater,request-81-1-1
depletion of groundwater,reduced water availability,request-81-1-2
reduced water availability,jeopardized access to water for affected communities,request-81-1-3
the impacts of mining,deforestation,request-81-2-0
deforestation,soil erosion,request-81-2-1
soil erosion,sedimentation of water bodies,request-81-2-2
sedimentation of water bodies,decreased water quality,request-81-2-3
decreased water quality,jeopardized access to water for affected communities,request-81-2-4
the impacts of mining,tailings dam failures,request-81-3-0
tailings dam failures,release of toxic substances,request-81-3-1
release of toxic substances,water source contamination,request-81-3-2
water source contamination,jeopardized access to water for affected communities,request-81-3-3
the impacts of mining,heavy metal leaching,request-81-4-0
heavy metal leaching,groundwater contamination,request-81-4-1
groundwater contamination,unsafe drinking water,request-81-4-2
unsafe drinking water,jeopardized access to water for affected communities,request-81-4-3
the impacts of mining,water diversion,request-81-5-0
water diversion,reduced river flow,request-81-5-1
reduced river flow,water scarcity,request-81-5-2
water scarcity,jeopardized access to water for affected communities,request-81-5-3
the impacts of mining,lowering of water tables,request-81-6-0
lowering of water tables,drying up of wells,request-81-6-1
drying up of wells,lack of clean water,request-81-6-2
lack of clean water,jeopardized access to water for affected communities,request-81-6-3
the impacts of mining,disruption of ecosystems,request-81-7-0
disruption of ecosystems,loss of natural water filters,request-81-7-1
loss of natural water filters,contamination of water,request-81-7-2
contamination of water,jeopardized access to water for affected communities,request-81-7-3
the impacts of mining,increased sediment runoff,request-81-8-0
increased sediment runoff,muddying of water sources,request-81-8-1
muddying of water sources,decreased water quality,request-81-8-2
decreased water quality,jeopardized access to water for affected communities,request-81-8-3
the impacts of mining,air pollution,request-81-9-0
air pollution,acid rain,request-81-9-1
acid rain,acidification of water bodies,request-81-9-2
acidification of water bodies,jeopardized access to water for affected communities,request-81-9-3
approximately 22 million litres of water,pumping of lithiumrich brine,request-82-0-0
pumping of lithiumrich brine,evaporation of water from brine,request-82-0-1
evaporation of water from brine,concentration of lithium salts,request-82-0-2
concentration of lithium salts,extraction of lithium from salts,request-82-0-3
extraction of lithium from salts,a ton of extracted lithium,request-82-0-4
approximately 22 million litres of water,operation of evaporation ponds,request-82-1-0
operation of evaporation ponds,solar evaporation process,request-82-1-1
solar evaporation process,lithium salt precipitation,request-82-1-2
lithium salt precipitation,processing of precipitated salts,request-82-1-3
processing of precipitated salts,a ton of extracted lithium,request-82-1-4
approximately 22 million litres of water,use of water in lithium processing facilities,request-82-2-0
use of water in lithium processing facilities,chemical treatment of brine,request-82-2-1
chemical treatment of brine,purification of lithium compounds,request-82-2-2
purification of lithium compounds,recovery of lithium,request-82-2-3
recovery of lithium,a ton of extracted lithium,request-82-2-4
lithium extraction,increased water consumption,request-83-0-0
increased water consumption,depletion of local water resources,request-83-0-1
depletion of local water resources,water scarcity for communities,request-83-0-2
water scarcity for communities,competition over water,request-83-0-3
competition over water,water related conflicts,request-83-0-4
lithium extraction,contamination of water sources,request-83-1-0
contamination of water sources,decline in water quality,request-83-1-1
decline in water quality,health issues for local populations,request-83-1-2
health issues for local populations,disputes over water safety,request-83-1-3
disputes over water safety,water related conflicts,request-83-1-4
lithium extraction,environmental degradation,request-83-2-0
environmental degradation,loss of agricultural productivity,request-83-2-1
loss of agricultural productivity,economic challenges for farmers,request-83-2-2
economic challenges for farmers,tensions between communities and mining companies,request-83-2-3
tensions between communities and mining companies,water related conflicts,request-83-2-4
lithium extraction,lowering of groundwater levels,request-83-3-0
lowering of groundwater levels,reduced access to wells,request-83-3-1
reduced access to wells,increased reliance on shared water sources,request-83-3-2
increased reliance on shared water sources,struggles over water access,request-83-3-3
struggles over water access,water related conflicts,request-83-3-4
human intervention in natural processes,environmental disruption,request-84-0-0
environmental disruption,loss of biodiversity,request-84-0-1
loss of biodiversity,ecosystem imbalance,request-84-0-2
ecosystem imbalance,increase in pests and diseases,request-84-0-3
increase in pests and diseases,threats to human health and agriculture,request-84-0-4
threats to human health and agriculture,dangers,request-84-0-5
human intervention in natural processes,genetic modification of organisms,request-84-1-0
genetic modification of organisms,creation of invasive species,request-84-1-1
creation of invasive species,displacement of native species,request-84-1-2
displacement of native species,ecological imbalance,request-84-1-3
ecological imbalance,dangers,request-84-1-4
human intervention in natural processes,overuse of antibiotics,request-84-2-0
overuse of antibiotics,development of antibioticresistant bacteria,request-84-2-1
development of antibioticresistant bacteria,spread of untreatable infections,request-84-2-2
spread of untreatable infections,dangers,request-84-2-3
human intervention in natural processes,climate change,request-84-3-0
climate change,extreme weather events,request-84-3-1
extreme weather events,natural disasters,request-84-3-2
natural disasters,dangers,request-84-3-3
human intervention in natural processes,deforestation,request-84-4-0
deforestation,habitat destruction,request-84-4-1
habitat destruction,loss of species,request-84-4-2
loss of species,disruption of ecosystem services,request-84-4-3
disruption of ecosystem services,dangers,request-84-4-4
human intervention in natural processes,air pollution,request-84-5-0
air pollution,air quality degradation,request-84-5-1
air quality degradation,respiratory health problems,request-84-5-2
respiratory health problems,dangers,request-84-5-3
human intervention in natural processes,water pollution,request-84-6-0
water pollution,water contamination,request-84-6-1
water contamination,waterborne illnesses,request-84-6-2
waterborne illnesses,dangers,request-84-6-3
human intervention in natural processes,soil degradation,request-84-7-0
soil degradation,reduced soil fertility,request-84-7-1
reduced soil fertility,decreased agricultural productivity,request-84-7-2
decreased agricultural productivity,food shortages,request-84-7-3
food shortages,dangers,request-84-7-4
human intervention in natural processes,nuclear accidents,request-84-8-0
nuclear accidents,radiation release,request-84-8-1
radiation release,environmental contamination,request-84-8-2
environmental contamination,health hazards,request-84-8-3
health hazards,dangers,request-84-8-4
human intervention in natural processes,overfishing,request-84-9-0
overfishing,depletion of fish stocks,request-84-9-1
depletion of fish stocks,disruption of marine food chains,request-84-9-2
disruption of marine food chains,marine ecosystem collapse,request-84-9-3
marine ecosystem collapse,dangers,request-84-9-4
human intervention in natural processes,use of pesticides,request-84-10-0
use of pesticides,pesticide runoff,request-84-10-1
pesticide runoff,contamination of water sources,request-84-10-2
contamination of water sources,harm to aquatic life,request-84-10-3
harm to aquatic life,dangers,request-84-10-4
human intervention in natural processes,urban expansion,request-84-11-0
urban expansion,habitat fragmentation,request-84-11-1
habitat fragmentation,loss of biodiversity,request-84-11-2
loss of biodiversity,dangers,request-84-11-3
the soil damage from lithium extraction,the loss of vegetation,request-85-0-0
the loss of vegetation,increased soil erosion,request-85-0-1
increased soil erosion,dust particles entering the air,request-85-0-2
dust particles entering the air,air contamination,request-85-0-3
the soil damage from lithium extraction,release of toxic substances,request-85-1-0
release of toxic substances,evaporation of contaminants,request-85-1-1
evaporation of contaminants,air contamination,request-85-1-2
the soil damage from lithium extraction,disruption of soil microorganisms,request-85-2-0
disruption of soil microorganisms,release of greenhouse gases,request-85-2-1
release of greenhouse gases,air contamination,request-85-2-2
the soil damage from lithium extraction,soil acidification,request-85-3-0
soil acidification,emission of volatile acids,request-85-3-1
emission of volatile acids,air contamination,request-85-3-2
the soil damage from lithium extraction,surface water contamination,request-85-4-0
surface water contamination,evaporation of polluted water,request-85-4-1
evaporation of polluted water,air contamination,request-85-4-2
the soil damage from lithium extraction,release of heavy metals,request-85-5-0
release of heavy metals,airborne particles containing heavy metals,request-85-5-1
airborne particles containing heavy metals,air contamination,request-85-5-2
the soil damage from lithium extraction,increased dust from barren land,request-85-6-0
increased dust from barren land,dust storms,request-85-6-1
dust storms,air contamination,request-85-6-2
the soil damage from lithium extraction,reduced soil stability,request-85-7-0
reduced soil stability,increased wind erosion,request-85-7-1
increased wind erosion,dust particles in the air,request-85-7-2
dust particles in the air,air contamination,request-85-7-3
green co2,increased atmospheric co2,request-86-0-0
increased atmospheric co2,enhanced greenhouse effect,request-86-0-1
enhanced greenhouse effect,elevated global temperatures,request-86-0-2
elevated global temperatures,global warming,request-86-0-3
green co2,increased atmospheric co2,request-86-1-0
increased atmospheric co2,reduced oceanic carbon uptake,request-86-1-1
reduced oceanic carbon uptake,higher atmospheric co2 levels,request-86-1-2
higher atmospheric co2 levels,global warming,request-86-1-3
green co2,increased atmospheric co2,request-86-2-0
increased atmospheric co2,polar ice melting,request-86-2-1
polar ice melting,reduced albedo effect,request-86-2-2
reduced albedo effect,increased heat absorption,request-86-2-3
increased heat absorption,elevated global temperatures,request-86-2-4
elevated global temperatures,global warming,request-86-2-5
green co2,ocean acidification,request-86-3-0
ocean acidification,coral reef degradation,request-86-3-1
coral reef degradation,decreased marine carbon sequestration,request-86-3-2
decreased marine carbon sequestration,increased atmospheric co2,request-86-3-3
increased atmospheric co2,global warming,request-86-3-4
green co2,increased atmospheric co2,request-86-4-0
increased atmospheric co2,increased plant respiration,request-86-4-1
increased plant respiration,increased co2 emission from plants,request-86-4-2
increased co2 emission from plants,higher atmospheric co2 levels,request-86-4-3
higher atmospheric co2 levels,global warming,request-86-4-4
green co2,increased atmospheric co2,request-86-5-0
increased atmospheric co2,increased frequency of wildfires,request-86-5-1
increased frequency of wildfires,release of stored carbon,request-86-5-2
release of stored carbon,elevated atmospheric co2 levels,request-86-5-3
elevated atmospheric co2 levels,global warming,request-86-5-4
green co2,increased atmospheric co2,request-86-6-0
increased atmospheric co2,permafrost thawing,request-86-6-1
permafrost thawing,methane release,request-86-6-2
methane release,enhanced greenhouse effect,request-86-6-3
enhanced greenhouse effect,global warming,request-86-6-4
green co2,increased atmospheric co2,request-86-7-0
increased atmospheric co2,ocean warming,request-86-7-1
ocean warming,methane hydrate release,request-86-7-2
methane hydrate release,enhanced greenhouse effect,request-86-7-3
enhanced greenhouse effect,global warming,request-86-7-4
green co2,increased atmospheric co2,request-86-8-0
increased atmospheric co2,increased water vapor,request-86-8-1
increased water vapor,enhanced greenhouse effect,request-86-8-2
enhanced greenhouse effect,elevated global temperatures,request-86-8-3
elevated global temperatures,global warming,request-86-8-4
green co2,increased atmospheric co2,request-86-9-0
increased atmospheric co2,altered ocean currents,request-86-9-1
altered ocean currents,climate patterns disruption,request-86-9-2
climate patterns disruption,global warming,request-86-9-3
green co2,increased ocean absorption of co2,request-86-10-0
increased ocean absorption of co2,ocean acidification,request-86-10-1
ocean acidification,phytoplankton decline,request-86-10-2
phytoplankton decline,reduced carbon sequestration,request-86-10-3
reduced carbon sequestration,increased atmospheric co2,request-86-10-4
increased atmospheric co2,global warming,request-86-10-5
green co2,increased atmospheric co2,request-86-11-0
increased atmospheric co2,increased plant growth,request-86-11-1
increased plant growth,increased plant decay,request-86-11-2
increased plant decay,release of co2,request-86-11-3
release of co2,elevated atmospheric co2 levels,request-86-11-4
elevated atmospheric co2 levels,global warming,request-86-11-5
green co2,increased atmospheric co2,request-86-12-0
increased atmospheric co2,increased ozone formation,request-86-12-1
increased ozone formation,atmospheric heating,request-86-12-2
atmospheric heating,global warming,request-86-12-3
green co2,increased atmospheric co2,request-86-13-0
increased atmospheric co2,increased cloud cover,request-86-13-1
increased cloud cover,enhanced greenhouse effect,request-86-13-2
enhanced greenhouse effect,global warming,request-86-13-3
gasoline burning,carbon dioxide emission,request-87-0-0
carbon dioxide emission,greenhouse effect increase,request-87-0-1
greenhouse effect increase,global warming,request-87-0-2
global warming,permafrost melting,request-87-0-3
permafrost melting,methane release,request-87-0-4
gasoline burning,carbon dioxide emission,request-87-1-0
carbon dioxide emission,greenhouse effect increase,request-87-1-1
greenhouse effect increase,global warming,request-87-1-2
global warming,methane hydrate dissociation,request-87-1-3
methane hydrate dissociation,methane release,request-87-1-4
gasoline burning,carbon dioxide emission,request-87-2-0
carbon dioxide emission,greenhouse effect increase,request-87-2-1
greenhouse effect increase,global warming,request-87-2-2
global warming,increased methanogenesis,request-87-2-3
increased methanogenesis,methane production,request-87-2-4
cars,fuel combustion,request-88-0-0
fuel combustion,exhaust emissions,request-88-0-1
exhaust emissions,air pollutants,request-88-0-2
air pollutants,pollution,request-88-0-3
cars,fuel usage,request-88-1-0
fuel usage,carbon dioxide emissions,request-88-1-1
carbon dioxide emissions,greenhouse effect,request-88-1-2
greenhouse effect,pollution,request-88-1-3
cars,gasoline consumption,request-88-2-0
gasoline consumption,nitrogen oxides release,request-88-2-1
nitrogen oxides release,smog formation,request-88-2-2
smog formation,pollution,request-88-2-3
cars,engine operation,request-88-3-0
engine operation,particulate matter emission,request-88-3-1
particulate matter emission,air quality degradation,request-88-3-2
air quality degradation,pollution,request-88-3-3
cars,tire wear,request-88-4-0
tire wear,microplastic particles,request-88-4-1
microplastic particles,environmental contamination,request-88-4-2
environmental contamination,pollution,request-88-4-3
cars,brake wear,request-88-5-0
brake wear,metal dust release,request-88-5-1
metal dust release,air pollutants,request-88-5-2
air pollutants,pollution,request-88-5-3
cars,oil leakage,request-88-6-0
oil leakage,soil contamination,request-88-6-1
soil contamination,water pollution,request-88-6-2
water pollution,pollution,request-88-6-3
cars,production demand,request-88-7-0
production demand,fossil fuel extraction,request-88-7-1
fossil fuel extraction,ecosystem disruption,request-88-7-2
ecosystem disruption,pollution,request-88-7-3
cars,air conditioning use,request-88-8-0
air conditioning use,hydrofluorocarbon emissions,request-88-8-1
hydrofluorocarbon emissions,ozone depletion,request-88-8-2
ozone depletion,pollution,request-88-8-3
cars,fuel consumption,request-88-9-0
fuel consumption,sulfur dioxide emissions,request-88-9-1
sulfur dioxide emissions,acid rain,request-88-9-2
acid rain,pollution,request-88-9-3
cars,noise generation,request-88-10-0
noise generation,noise pollution,request-88-10-1
noise pollution,environmental stress,request-88-10-2
environmental stress,pollution,request-88-10-3
cars,traffic congestion,request-88-11-0
traffic congestion,increased idling,request-88-11-1
increased idling,excess emissions,request-88-11-2
excess emissions,air pollution,request-88-11-3
air pollution,pollution,request-88-11-4
cars,road construction demand,request-88-12-0
road construction demand,habitat destruction,request-88-12-1
habitat destruction,ecosystem imbalance,request-88-12-2
ecosystem imbalance,pollution,request-88-12-3
cars,road dust resuspension,request-88-13-0
road dust resuspension,particulate matter increase,request-88-13-1
particulate matter increase,air quality degradation,request-88-13-2
air quality degradation,pollution,request-88-13-3
trees,accumulation of dead wood,request-89-0-0
accumulation of dead wood,increased fuel load,request-89-0-1
increased fuel load,ignition,request-89-0-2
ignition,forest fires,request-89-0-3
trees,accumulated resin,request-89-1-0
accumulated resin,resin ignition,request-89-1-1
resin ignition,forest fires,request-89-1-2
trees,lightning strike on trees,request-89-2-0
lightning strike on trees,tree ignition,request-89-2-1
tree ignition,forest fires,request-89-2-2
trees,fallen dry leaves,request-89-3-0
fallen dry leaves,leaf ignition,request-89-3-1
leaf ignition,forest fires,request-89-3-2
trees,dense underbrush growth,request-89-4-0
dense underbrush growth,underbrush drying,request-89-4-1
underbrush drying,underbrush ignition,request-89-4-2
underbrush ignition,forest fires,request-89-4-3
trees,canopy closure,request-89-5-0
canopy closure,reduced moisture evaporation,request-89-5-1
reduced moisture evaporation,increased dryness,request-89-5-2
increased dryness,ignition,request-89-5-3
ignition,forest fires,request-89-5-4
trees,shade provision,request-89-6-0
shade provision,understory plant suppression,request-89-6-1
understory plant suppression,dry material accumulation,request-89-6-2
dry material accumulation,ignition,request-89-6-3
ignition,forest fires,request-89-6-4
trees,beetle infestation,request-89-7-0
beetle infestation,tree death,request-89-7-1
tree death,dead wood accumulation,request-89-7-2
dead wood accumulation,ignition,request-89-7-3
ignition,forest fires,request-89-7-4
trees,fallen branches accumulation,request-89-8-0
fallen branches accumulation,branch ignition,request-89-8-1
branch ignition,forest fires,request-89-8-2
trees,release of volatile compounds,request-89-9-0
release of volatile compounds,increased air flammability,request-89-9-1
increased air flammability,ignition source,request-89-9-2
ignition source,forest fires,request-89-9-3
trees,provide habitat for animals,request-89-10-0
provide habitat for animals,animal activities causing sparks,request-89-10-1
animal activities causing sparks,sparks igniting trees,request-89-10-2
sparks igniting trees,forest fires,request-89-10-3
increase in humidity from 25% to 80%,formation of dense fog,request-90-0-0
formation of dense fog,reduced visibility,request-90-0-1
reduced visibility,vehicle accident near water,request-90-0-2
vehicle accident near water,person submerged in water,request-90-0-3
person submerged in water,drowning,request-90-0-4
increase in humidity from 25% to 80%,heavy rainfall,request-90-1-0
heavy rainfall,flooding,request-90-1-1
flooding,person swept away by floodwaters,request-90-1-2
person swept away by floodwaters,drowning,request-90-1-3
increase in humidity from 25% to 80%,condensation on surfaces,request-90-2-0
condensation on surfaces,slippery floor,request-90-2-1
slippery floor,person slipping into pool,request-90-2-2
person slipping into pool,drowning,request-90-2-3
increase in humidity from 25% to 80%,mold growth,request-90-3-0
mold growth,structural weakening of building,request-90-3-1
structural weakening of building,building collapse into water,request-90-3-2
building collapse into water,person trapped underwater,request-90-3-3
person trapped underwater,drowning,request-90-3-4
increase in humidity from 25% to 80%,electrical equipment malfunction,request-90-4-0
electrical equipment malfunction,boat engine failure,request-90-4-1
boat engine failure,boat capsizing,request-90-4-2
boat capsizing,drowning,request-90-4-3
increase in humidity from 25% to 80%,growth of algae on surfaces,request-90-5-0
growth of algae on surfaces,slippery riverbank,request-90-5-1
slippery riverbank,person falling into river,request-90-5-2
person falling into river,drowning,request-90-5-3
increase in humidity from 25% to 80%,rise in heat index,request-90-6-0
rise in heat index,heat exhaustion,request-90-6-1
heat exhaustion,loss of consciousness near water,request-90-6-2
loss of consciousness near water,drowning,request-90-6-3
increase in humidity from 25% to 80%,increase in mosquito population,request-90-7-0
increase in mosquito population,disease transmission,request-90-7-1
disease transmission,sudden illness near water,request-90-7-2
sudden illness near water,drowning,request-90-7-3
increase in humidity from 25% to 80%,excessive sweating,request-90-8-0
excessive sweating,dehydrationinduced fainting,request-90-8-1
dehydrationinduced fainting,person falling into water,request-90-8-2
person falling into water,drowning,request-90-8-3
trees' carbon storage and release upon death,release of stored carbon dioxide into the atmosphere,request-91-0-0
release of stored carbon dioxide into the atmosphere,increased atmospheric carbon dioxide levels,request-91-0-1
increased atmospheric carbon dioxide levels,enhanced greenhouse effect,request-91-0-2
enhanced greenhouse effect,global warming,request-91-0-3
trees' decomposition releases methane,increased atmospheric methane levels,request-91-1-0
increased atmospheric methane levels,enhanced greenhouse effect,request-91-1-1
enhanced greenhouse effect,global warming,request-91-1-2
death of trees reduces forest cover,decreased carbon sequestration by forests,request-91-2-0
decreased carbon sequestration by forests,higher atmospheric carbon dioxide levels,request-91-2-1
higher atmospheric carbon dioxide levels,enhanced greenhouse effect,request-91-2-2
enhanced greenhouse effect,global warming,request-91-2-3
death of trees reduces forest canopy,changes in earth's albedo,request-91-3-0
changes in earth's albedo,increased absorption of solar radiation,request-91-3-1
increased absorption of solar radiation,surface warming,request-91-3-2
surface warming,global warming,request-91-3-3
death of trees,release of soil carbon into the atmosphere,request-91-4-0
release of soil carbon into the atmosphere,increased greenhouse gas concentrations,request-91-4-1
increased greenhouse gas concentrations,enhanced greenhouse effect,request-91-4-2
enhanced greenhouse effect,global warming,request-91-4-3
reduced transpiration from dead trees,decreased cloud formation,request-91-5-0
decreased cloud formation,more solar radiation reaches earth's surface,request-91-5-1
more solar radiation reaches earth's surface,surface warming,request-91-5-2
surface warming,global warming,request-91-5-3
loss of trees affects ecosystems,decline in organisms that promote carbon storage,request-91-6-0
decline in organisms that promote carbon storage,reduced carbon uptake by the environment,request-91-6-1
reduced carbon uptake by the environment,increased atmospheric carbon dioxide,request-91-6-2
increased atmospheric carbon dioxide,enhanced greenhouse effect,request-91-6-3
enhanced greenhouse effect,global warming,request-91-6-4
lower heat capacity of land,land requires less energy to increase in temperature,request-92-0-0
land requires less energy to increase in temperature,the faster warming of land temperatures compared to sea temperatures,request-92-0-1
lower heat capacity of land,land heats up more quickly under the same energy input,request-92-1-0
land heats up more quickly under the same energy input,the faster warming of land temperatures compared to sea temperatures,request-92-1-1
lower heat capacity of land,land absorbs less heat per degree of temperature change,request-92-2-0
land absorbs less heat per degree of temperature change,the faster warming of land temperatures compared to sea temperatures,request-92-2-1
lower heat capacity of land,land temperature rises more rapidly,request-92-3-0
land temperature rises more rapidly,the faster warming of land temperatures compared to sea temperatures,request-92-3-1
lower heat capacity of land,land warms faster than the sea under equal heating,request-92-4-0
land warms faster than the sea under equal heating,the faster warming of land temperatures compared to sea temperatures,request-92-4-1
climate change,increase in extreme weather events,request-93-0-0
increase in extreme weather events,increased stress among populations,request-93-0-1
increased stress among populations,mental health issues in parents,request-93-0-2
mental health issues in parents,decreased parental involvement,request-93-0-3
decreased parental involvement,lazy parenting,request-93-0-4
climate change,higher temperatures,request-93-1-0
higher temperatures,increased energy costs for cooling,request-93-1-1
increased energy costs for cooling,financial strain on families,request-93-1-2
financial strain on families,parents working longer hours,request-93-1-3
parents working longer hours,less time for parenting activities,request-93-1-4
less time for parenting activities,lazy parenting,request-93-1-5
climate change,displacement of communities,request-93-2-0
displacement of communities,relocation stress,request-93-2-1
relocation stress,family instability,request-93-2-2
family instability,inconsistent parenting behavior,request-93-2-3
inconsistent parenting behavior,lazy parenting,request-93-2-4
climate change,environmental degradation,request-93-3-0
environmental degradation,reduced outdoor activities,request-93-3-1
reduced outdoor activities,children spending more time indoors,request-93-3-2
children spending more time indoors,increased screen time,request-93-3-3
increased screen time,parents relying on electronic devices for babysitting,request-93-3-4
parents relying on electronic devices for babysitting,lazy parenting,request-93-3-5
climate change,increased air pollution,request-93-4-0
increased air pollution,health problems in parents,request-93-4-1
health problems in parents,fatigue,request-93-4-2
fatigue,reduced parental involvement,request-93-4-3
reduced parental involvement,lazy parenting,request-93-4-4
climate change,food shortages,request-93-5-0
food shortages,higher food prices,request-93-5-1
higher food prices,financial strain on families,request-93-5-2
financial strain on families,parents working longer hours,request-93-5-3
parents working longer hours,less time for parenting activities,request-93-5-4
less time for parenting activities,lazy parenting,request-93-5-5
climate change,loss of biodiversity,request-93-6-0
loss of biodiversity,decrease in natural spaces,request-93-6-1
decrease in natural spaces,reduced family time in nature,request-93-6-2
reduced family time in nature,less parental engagement in activities,request-93-6-3
less parental engagement in activities,lazy parenting,request-93-6-4
climate change,disruption of agricultural practices,request-93-7-0
disruption of agricultural practices,economic hardship in farming communities,request-93-7-1
economic hardship in farming communities,family stress,request-93-7-2
family stress,parental neglect,request-93-7-3
parental neglect,lazy parenting,request-93-7-4
climate change,spread of diseases,request-93-8-0
spread of diseases,increased illness in families,request-93-8-1
increased illness in families,parental fatigue,request-93-8-2
parental fatigue,reduced parental involvement,request-93-8-3
reduced parental involvement,lazy parenting,request-93-8-4
co2 emissions,increased greenhouse gas concentrations,request-94-0-0
increased greenhouse gas concentrations,enhanced greenhouse effect,request-94-0-1
enhanced greenhouse effect,global warming,request-94-0-2
global warming,climate change,request-94-0-3
climate change,extreme weather events,request-94-0-4
extreme weather events,natural disasters,request-94-0-5
natural disasters,catastrophe,request-94-0-6
co2 emissions,rising global temperatures,request-94-1-0
rising global temperatures,melting polar ice caps,request-94-1-1
melting polar ice caps,sea level rise,request-94-1-2
sea level rise,coastal flooding,request-94-1-3
coastal flooding,population displacement,request-94-1-4
population displacement,humanitarian crises,request-94-1-5
humanitarian crises,catastrophe,request-94-1-6
co2 emissions,increased global temperatures,request-94-2-0
increased global temperatures,heatwaves,request-94-2-1
heatwaves,droughts,request-94-2-2
droughts,crop failures,request-94-2-3
crop failures,food shortages,request-94-2-4
food shortages,famine,request-94-2-5
famine,social unrest,request-94-2-6
social unrest,catastrophe,request-94-2-7
co2 emissions,ocean warming,request-94-3-0
ocean warming,coral reef bleaching,request-94-3-1
coral reef bleaching,loss of marine biodiversity,request-94-3-2
loss of marine biodiversity,collapse of fisheries,request-94-3-3
collapse of fisheries,food supply disruptions,request-94-3-4
food supply disruptions,economic instability,request-94-3-5
economic instability,catastrophe,request-94-3-6
co2 emissions,ocean acidification,request-94-4-0
ocean acidification,marine life disruption,request-94-4-1
marine life disruption,ecosystem imbalance,request-94-4-2
ecosystem imbalance,biodiversity loss,request-94-4-3
biodiversity loss,ecological collapse,request-94-4-4
ecological collapse,catastrophe,request-94-4-5
co2 emissions,climate change,request-94-5-0
climate change,desertification,request-94-5-1
desertification,loss of arable land,request-94-5-2
loss of arable land,decreased agricultural productivity,request-94-5-3
decreased agricultural productivity,food insecurity,request-94-5-4
food insecurity,catastrophe,request-94-5-5
co2 emissions,atmospheric warming,request-94-6-0
atmospheric warming,permafrost melting,request-94-6-1
permafrost melting,release of methane gas,request-94-6-2
release of methane gas,accelerated global warming,request-94-6-3
accelerated global warming,runaway climate change,request-94-6-4
runaway climate change,catastrophe,request-94-6-5
co2 emissions,climate change,request-94-7-0
climate change,increased frequency of hurricanes,request-94-7-1
increased frequency of hurricanes,widespread destruction,request-94-7-2
widespread destruction,infrastructure damage,request-94-7-3
infrastructure damage,economic collapse,request-94-7-4
economic collapse,catastrophe,request-94-7-5
co2 emissions,climate change,request-94-8-0
climate change,spread of vectorborne diseases,request-94-8-1
spread of vectorborne diseases,public health crises,request-94-8-2
public health crises,overburdened healthcare systems,request-94-8-3
overburdened healthcare systems,societal breakdown,request-94-8-4
societal breakdown,catastrophe,request-94-8-5
co2 emissions,global warming,request-94-9-0
global warming,glacial melt,request-94-9-1
glacial melt,freshwater shortages,request-94-9-2
freshwater shortages,water scarcity,request-94-9-3
water scarcity,conflict over resources,request-94-9-4
conflict over resources,catastrophe,request-94-9-5
nothing in the environment,absence of greenhouse gases,request-95-0-0
absence of greenhouse gases,reduced atmospheric heat retention,request-95-0-1
reduced atmospheric heat retention,planet loses heat,request-95-0-2
planet loses heat,a drop in planetary temperature,request-95-0-3
nothing in the environment,decrease in solar radiation,request-95-1-0
decrease in solar radiation,less heat energy received,request-95-1-1
less heat energy received,cooling of the planet,request-95-1-2
cooling of the planet,a drop in planetary temperature,request-95-1-3
nothing in the environment,increased planetary albedo,request-95-2-0
increased planetary albedo,more sunlight reflected,request-95-2-1
more sunlight reflected,lower heat absorption,request-95-2-2
lower heat absorption,a drop in planetary temperature,request-95-2-3
nothing in the environment,absence of volcanic activity,request-95-3-0
absence of volcanic activity,decrease in atmospheric co2,request-95-3-1
decrease in atmospheric co2,weakened greenhouse effect,request-95-3-2
weakened greenhouse effect,a drop in planetary temperature,request-95-3-3
nothing in the environment,no atmospheric water vapor,request-95-4-0
no atmospheric water vapor,reduced heat retention,request-95-4-1
reduced heat retention,enhanced heat loss to space,request-95-4-2
enhanced heat loss to space,a drop in planetary temperature,request-95-4-3
