cause,effect,custom_id
companies and corporations,fossil fuel extraction and burning,request-1-0-0
fossil fuel extraction and burning,greenhouse gas emissions,request-1-0-1
greenhouse gas emissions,global warming,request-1-0-2
global warming,the climate,request-1-0-3
companies and corporations,deforestation and land clearing,request-1-1-0
deforestation and land clearing,loss of carbon sequestration,request-1-1-1
loss of carbon sequestration,increased atmospheric co2,request-1-1-2
increased atmospheric co2,the climate,request-1-1-3
companies and corporations,industrial agriculture practices,request-1-2-0
industrial agriculture practices,methane and n2o emissions,request-1-2-1
methane and n2o emissions,enhanced greenhouse effect,request-1-2-2
enhanced greenhouse effect,the climate,request-1-2-3
companies and corporations,production and use of plastics,request-1-3-0
production and use of plastics,plastic waste and pollution,request-1-3-1
plastic waste and pollution,microplastic ingestion by marine life,request-1-3-2
microplastic ingestion by marine life,disruption of ocean ecosystems,request-1-3-3
disruption of ocean ecosystems,the climate,request-1-3-4
companies and corporations,transportation and logistics,request-1-4-0
transportation and logistics,fossil fuel combustion,request-1-4-1
fossil fuel combustion,air pollution,request-1-4-2
air pollution,respiratory problems,request-1-4-3
respiratory problems,increased energy consumption for healthcare,request-1-4-4
increased energy consumption for healthcare,the climate,request-1-4-5
companies and corporations,resource extraction and mining,request-1-5-0
resource extraction and mining,environmental degradation,request-1-5-1
environmental degradation,disruption of natural habitats,request-1-5-2
disruption of natural habitats,loss of biodiversity,request-1-5-3
loss of biodiversity,the climate,request-1-5-4
companies and corporations,supply chain management,request-1-6-0
supply chain management,unsustainable sourcing practices,request-1-6-1
unsustainable sourcing practices,deforestation and habitat destruction,request-1-6-2
deforestation and habitat destruction,disruption of ecosystem services,request-1-6-3
disruption of ecosystem services,the climate,request-1-6-4
buying from companies that mess the climate,supporting companies that mess the climate,request-2-0-0
supporting companies that mess the climate,encouraging companies to continue polluting,request-2-0-1
encouraging companies to continue polluting,keeping of climatedamaging companies,request-2-0-2
buying from companies that mess the climate,increasing demand for climateharming products,request-2-1-0
increasing demand for climateharming products,boosting profits of climateharming companies,request-2-1-1
boosting profits of climateharming companies,keeping of climatedamaging companies,request-2-1-2
buying from companies that mess the climate,funding climateharming business practices,request-2-2-0
funding climateharming business practices,perpetuating climate damage through financial support,request-2-2-1
perpetuating climate damage through financial support,keeping of climatedamaging companies,request-2-2-2
buying from companies that mess the climate,legitimizing climateharming corporate behavior,request-2-3-0
legitimizing climateharming corporate behavior,reducing pressure to adopt sustainable practices,request-2-3-1
reducing pressure to adopt sustainable practices,keeping of climatedamaging companies,request-2-3-2
buying from companies that mess the climate,sending a message that climate damage is acceptable,request-2-4-0
sending a message that climate damage is acceptable,discouraging investment in sustainable alternatives,request-2-4-1
discouraging investment in sustainable alternatives,keeping of climatedamaging companies,request-2-4-2
systemic change,shift in global economic priorities,request-3-0-0
shift in global economic priorities,increased investment in renewable energy,request-3-0-1
increased investment in renewable energy,reduction in greenhouse gas emissions,request-3-0-2
reduction in greenhouse gas emissions,progress in climate change,request-3-0-3
systemic change,strengthening of international climate agreements,request-3-1-0
strengthening of international climate agreements,enhanced cooperation among nations,request-3-1-1
enhanced cooperation among nations,implementation of climate change mitigation policies,request-3-1-2
implementation of climate change mitigation policies,progress in climate change,request-3-1-3
systemic change,rise of sustainable consumption patterns,request-3-2-0
rise of sustainable consumption patterns,decreased demand for fossil fuels,request-3-2-1
decreased demand for fossil fuels,reduction in carbon footprint,request-3-2-2
reduction in carbon footprint,progress in climate change,request-3-2-3
systemic change,transformation of transportation infrastructure,request-3-3-0
transformation of transportation infrastructure,increased adoption of electric vehicles,request-3-3-1
increased adoption of electric vehicles,decreased air pollution,request-3-3-2
decreased air pollution,progress in climate change,request-3-3-3
systemic change,development of climateresilient infrastructure,request-3-4-0
development of climateresilient infrastructure,enhanced disaster preparedness,request-3-4-1
enhanced disaster preparedness,reduced vulnerability to climaterelated disasters,request-3-4-2
reduced vulnerability to climaterelated disasters,progress in climate change,request-3-4-3
systemic change,shift to circular economy practices,request-3-5-0
shift to circular economy practices,reduction in waste generation,request-3-5-1
reduction in waste generation,decreased methane emissions from landfills,request-3-5-2
decreased methane emissions from landfills,progress in climate change,request-3-5-3
systemic change,increased funding for climate change research,request-3-6-0
increased funding for climate change research,advancements in climate modeling and prediction,request-3-6-1
advancements in climate modeling and prediction,improved climate change adaptation strategies,request-3-6-2
improved climate change adaptation strategies,progress in climate change,request-3-6-3
systemic change,strengthening of environmental regulations,request-3-7-0
strengthening of environmental regulations,enforcement of pollution controls,request-3-7-1
enforcement of pollution controls,reduction in industrial emissions,request-3-7-2
reduction in industrial emissions,progress in climate change,request-3-7-3
ultrawealthy people,luxury lifestyle,request-4-0-0
luxury lifestyle,high energy consumption,request-4-0-1
high energy consumption,increased carbon emissions,request-4-0-2
increased carbon emissions,more carbon footprint,request-4-0-3
ultrawealthy people,private jet ownership,request-4-1-0
private jet ownership,frequent flying,request-4-1-1
frequent flying,higher carbon emissions,request-4-1-2
higher carbon emissions,more carbon footprint,request-4-1-3
ultrawealthy people,large real estate ownership,request-4-2-0
large real estate ownership,energyintensive properties,request-4-2-1
energyintensive properties,higher energy consumption,request-4-2-2
higher energy consumption,more carbon footprint,request-4-2-3
ultrawealthy people,excessive consumption of resources,request-4-3-0
excessive consumption of resources,increased industrial production,request-4-3-1
increased industrial production,higher carbon emissions,request-4-3-2
higher carbon emissions,more carbon footprint,request-4-3-3
ultrawealthy people,investment in fossil fuel industries,request-4-4-0
investment in fossil fuel industries,increased fossil fuel production,request-4-4-1
increased fossil fuel production,higher carbon emissions,request-4-4-2
higher carbon emissions,more carbon footprint,request-4-4-3
ultrawealthy people,influence on government policies,request-4-5-0
influence on government policies,lax environmental regulations,request-4-5-1
lax environmental regulations,increased carbon emissions,request-4-5-2
increased carbon emissions,more carbon footprint,request-4-5-3
ultrawealthy people,yacht ownership,request-4-6-0
yacht ownership,fuelintensive watercraft,request-4-6-1
fuelintensive watercraft,higher carbon emissions,request-4-6-2
higher carbon emissions,more carbon footprint,request-4-6-3
ultrawealthy people,frequent international travel,request-4-7-0
frequent international travel,increased air travel,request-4-7-1
increased air travel,higher carbon emissions,request-4-7-2
higher carbon emissions,more carbon footprint,request-4-7-3
porks cradling into pools that often break loose,pools overflowing into nearby waterways,request-5-0-0
pools overflowing into nearby waterways,waterways contaminated with pollutants from pork waste,request-5-0-1
waterways contaminated with pollutants from pork waste,contaminated waterways harming aquatic ecosystems,request-5-0-2
contaminated waterways harming aquatic ecosystems,massive environmental damage,request-5-0-3
porks cradling into pools that often break loose,pools overflowing into nearby soil,request-5-1-0
pools overflowing into nearby soil,soil contaminated with pollutants from pork waste,request-5-1-1
soil contaminated with pollutants from pork waste,contaminated soil affecting local plant growth,request-5-1-2
contaminated soil affecting local plant growth,disrupted plant growth leading to ecosystem imbalance,request-5-1-3
disrupted plant growth leading to ecosystem imbalance,massive environmental damage,request-5-1-4
porks cradling into pools that often break loose,pools overflowing into nearby water sources,request-5-2-0
pools overflowing into nearby water sources,water sources used for human consumption contaminated,request-5-2-1
water sources used for human consumption contaminated,humans consuming contaminated water,request-5-2-2
humans consuming contaminated water,human health problems arising from contaminated water,request-5-2-3
human health problems arising from contaminated water,massive environmental damage,request-5-2-4
porks cradling into pools that often break loose,pools overflowing into nearby agricultural land,request-5-3-0
pools overflowing into nearby agricultural land,agricultural land contaminated with pollutants from pork waste,request-5-3-1
agricultural land contaminated with pollutants from pork waste,contaminated agricultural land affecting crop yields,request-5-3-2
contaminated agricultural land affecting crop yields,economic losses due to reduced crop yields,request-5-3-3
economic losses due to reduced crop yields,massive environmental damage,request-5-3-4
having fewer children,smaller family size,request-6-0-0
smaller family size,lower household consumption,request-6-0-1
lower household consumption,reduced energy usage,request-6-0-2
reduced energy usage,lower greenhouse gas emissions,request-6-0-3
lower greenhouse gas emissions,smaller carbon footprint,request-6-0-4
smaller carbon footprint,carbon footprint,request-6-0-5
having fewer children,less resource allocation,request-6-1-0
less resource allocation,reduced food production,request-6-1-1
reduced food production,lower agricultural emissions,request-6-1-2
lower agricultural emissions,lower greenhouse gas emissions,request-6-1-3
lower greenhouse gas emissions,smaller carbon footprint,request-6-1-4
smaller carbon footprint,carbon footprint,request-6-1-5
having fewer children,fewer educational resources needed,request-6-2-0
fewer educational resources needed,less infrastructure development,request-6-2-1
less infrastructure development,reduced construction materials usage,request-6-2-2
reduced construction materials usage,lower industrial emissions,request-6-2-3
lower industrial emissions,lower greenhouse gas emissions,request-6-2-4
lower greenhouse gas emissions,smaller carbon footprint,request-6-2-5
smaller carbon footprint,carbon footprint,request-6-2-6
having fewer children,lower demand for consumer goods,request-6-3-0
lower demand for consumer goods,reduced manufacturing output,request-6-3-1
reduced manufacturing output,lower industrial emissions,request-6-3-2
lower industrial emissions,lower greenhouse gas emissions,request-6-3-3
lower greenhouse gas emissions,smaller carbon footprint,request-6-3-4
smaller carbon footprint,carbon footprint,request-6-3-5
having fewer children,smaller family size,request-6-4-0
smaller family size,lower transportation needs,request-6-4-1
lower transportation needs,reduced fuel consumption,request-6-4-2
reduced fuel consumption,lower greenhouse gas emissions,request-6-4-3
lower greenhouse gas emissions,smaller carbon footprint,request-6-4-4
smaller carbon footprint,carbon footprint,request-6-4-5
climate change,rising global temperatures,request-7-0-0
rising global temperatures,increased moisture in the atmosphere,request-7-0-1
increased moisture in the atmosphere,heavier rainfall events,request-7-0-2
heavier rainfall events,hurricane harvey's intensification,request-7-0-3
hurricane harvey's intensification,hurricane harvey's heavy rainfall,request-7-0-4
hurricane harvey's heavy rainfall,flooding in houston,request-7-0-5
flooding in houston,doubling of flooded houston homes,request-7-0-6
climate change,rising global temperatures,request-7-1-0
rising global temperatures,thermal expansion of oceans,request-7-1-1
thermal expansion of oceans,sea level rise,request-7-1-2
sea level rise,increased storm surge,request-7-1-3
increased storm surge,hurricane harvey's storm surge,request-7-1-4
hurricane harvey's storm surge,flooding in houston,request-7-1-5
flooding in houston,doubling of flooded houston homes,request-7-1-6
climate change,rising global temperatures,request-7-2-0
rising global temperatures,changes in atmospheric circulation patterns,request-7-2-1
changes in atmospheric circulation patterns,shift in hurricane tracks,request-7-2-2
shift in hurricane tracks,hurricane harvey's unusual trajectory,request-7-2-3
hurricane harvey's unusual trajectory,hurricane harvey's heavy rainfall,request-7-2-4
hurricane harvey's heavy rainfall,flooding in houston,request-7-2-5
flooding in houston,doubling of flooded houston homes,request-7-2-6
climate change,rising global temperatures,request-7-3-0
rising global temperatures,increased water vapor in the atmosphere,request-7-3-1
increased water vapor in the atmosphere,more intense hurricanes,request-7-3-2
more intense hurricanes,hurricane harvey's intensification,request-7-3-3
hurricane harvey's intensification,hurricane harvey's heavy rainfall,request-7-3-4
hurricane harvey's heavy rainfall,flooding in houston,request-7-3-5
flooding in houston,doubling of flooded houston homes,request-7-3-6
climate change,rising global temperatures,request-7-4-0
rising global temperatures,urbanization and development in houston,request-7-4-1
urbanization and development in houston,increased impermeable surfaces,request-7-4-2
increased impermeable surfaces,reduced stormwater absorption,request-7-4-3
reduced stormwater absorption,flooding in houston,request-7-4-4
flooding in houston,doubling of flooded houston homes,request-7-4-5
methane,methane release,request-8-0-0
methane release,atmospheric methane concentration increase,request-8-0-1
atmospheric methane concentration increase,global warming,request-8-0-2
global warming,rising temperatures,request-8-0-3
rising temperatures,extreme weather events,request-8-0-4
extreme weather events,environmental degradation,request-8-0-5
environmental degradation,pollution,request-8-0-6
methane,methane combustion,request-8-1-0
methane combustion,carbon dioxide emission,request-8-1-1
carbon dioxide emission,greenhouse gas effect,request-8-1-2
greenhouse gas effect,global warming,request-8-1-3
global warming,rising temperatures,request-8-1-4
rising temperatures,extreme weather events,request-8-1-5
extreme weather events,environmental degradation,request-8-1-6
environmental degradation,pollution,request-8-1-7
methane,agricultural activities,request-8-2-0
agricultural activities,livestock digestion,request-8-2-1
livestock digestion,methane emission,request-8-2-2
methane emission,atmospheric methane concentration increase,request-8-2-3
atmospheric methane concentration increase,global warming,request-8-2-4
global warming,rising temperatures,request-8-2-5
rising temperatures,extreme weather events,request-8-2-6
extreme weather events,environmental degradation,request-8-2-7
environmental degradation,pollution,request-8-2-8
methane,natural gas production,request-8-3-0
natural gas production,methane leakage,request-8-3-1
methane leakage,atmospheric methane concentration increase,request-8-3-2
atmospheric methane concentration increase,global warming,request-8-3-3
global warming,rising temperatures,request-8-3-4
rising temperatures,extreme weather events,request-8-3-5
extreme weather events,environmental degradation,request-8-3-6
environmental degradation,pollution,request-8-3-7
methane,landfill waste decomposition,request-8-4-0
landfill waste decomposition,methane emission,request-8-4-1
methane emission,atmospheric methane concentration increase,request-8-4-2
atmospheric methane concentration increase,global warming,request-8-4-3
global warming,rising temperatures,request-8-4-4
rising temperatures,extreme weather events,request-8-4-5
extreme weather events,environmental degradation,request-8-4-6
environmental degradation,pollution,request-8-4-7
melting of antarctic ice and methane pockets unabsorbed by microorganisms,exposure of methane pockets to warmer temperatures,request-9-0-0
exposure of methane pockets to warmer temperatures,thawing of methane hydrates,request-9-0-1
thawing of methane hydrates,release of methane into the surrounding environment,request-9-0-2
release of methane into the surrounding environment,release of methane into the atmosphere,request-9-0-3
melting of antarctic ice and methane pockets unabsorbed by microorganisms,formation of meltwater lakes and rivers,request-9-1-0
formation of meltwater lakes and rivers,transportation of methanerich water to the ocean,request-9-1-1
transportation of methanerich water to the ocean,release of methane from the ocean to the atmosphere,request-9-1-2
release of methane from the ocean to the atmosphere,release of methane into the atmosphere,request-9-1-3
melting of antarctic ice and methane pockets unabsorbed by microorganisms,increase in anaerobic conditions,request-9-2-0
increase in anaerobic conditions,growth of methanogenic microorganisms,request-9-2-1
growth of methanogenic microorganisms,production of methane by microorganisms,request-9-2-2
production of methane by microorganisms,release of methane into the atmosphere,request-9-2-3
melting of antarctic ice and methane pockets unabsorbed by microorganisms,shift in soil composition and structure,request-9-3-0
shift in soil composition and structure,alteration of microbial communities,request-9-3-1
alteration of microbial communities,increased methane production by microorganisms,request-9-3-2
increased methane production by microorganisms,release of methane into the atmosphere,request-9-3-3
lunar wobble,changes in earth's rotation rate,request-10-0-0
changes in earth's rotation rate,shift in global wind patterns,request-10-0-1
shift in global wind patterns,alterations in ocean currents,request-10-0-2
alterations in ocean currents,rise in sea levels,request-10-0-3
rise in sea levels,increased coastal erosion,request-10-0-4
increased coastal erosion,coastal flooding in the 2030s,request-10-0-5
coastal flooding in the 2030s,changes in the coastline,request-10-0-6
lunar wobble,changes in earth's gravitational field,request-10-1-0
changes in earth's gravitational field,alterations in ocean tides,request-10-1-1
alterations in ocean tides,increased tidal flooding,request-10-1-2
increased tidal flooding,coastal flooding in the 2030s,request-10-1-3
coastal flooding in the 2030s,changes in the coastline,request-10-1-4
lunar wobble,changes in earth's axis tilt,request-10-2-0
changes in earth's axis tilt,shift in global climate patterns,request-10-2-1
shift in global climate patterns,increased storm frequency and intensity,request-10-2-2
increased storm frequency and intensity,coastal flooding in the 2030s,request-10-2-3
coastal flooding in the 2030s,changes in the coastline,request-10-2-4
lunar wobble,changes in earth's rotation rate,request-10-3-0
changes in earth's rotation rate,shift in global atmospheric circulation,request-10-3-1
shift in global atmospheric circulation,increased precipitation in coastal areas,request-10-3-2
increased precipitation in coastal areas,coastal flooding in the 2030s,request-10-3-3
coastal flooding in the 2030s,changes in the coastline,request-10-3-4
changes in the coastline,note: these chains are hypothetical and based on general scientific knowledge the actual causal relationships between lunar wobble and coastal flooding in the 2030s and changes in the coastline may be more complex and involve additional steps or different mechanisms,request-10-3-5
drought,reduced water levels,request-11-0-0
reduced water levels,exposure of previously submerged land,request-11-0-1
exposure of previously submerged land,alteration of coastlines,request-11-0-2
alteration of coastlines,changes in geography maps,request-11-0-3
drought,decreased vegetation,request-11-1-0
decreased vegetation,increased soil erosion,request-11-1-1
increased soil erosion,landslides and sedimentation,request-11-1-2
landslides and sedimentation,alteration of river courses,request-11-1-3
alteration of river courses,changes in geography maps,request-11-1-4
drought,water scarcity,request-11-2-0
water scarcity,human migration,request-11-2-1
human migration,changes in population distribution,request-11-2-2
changes in population distribution,redrawing of administrative boundaries,request-11-2-3
redrawing of administrative boundaries,changes in geography maps,request-11-2-4
drought,crop failures,request-11-3-0
crop failures,economic disruption,request-11-3-1
economic disruption,governmental responses,request-11-3-2
governmental responses,redistricting and border changes,request-11-3-3
redistricting and border changes,changes in geography maps,request-11-3-4
drought,increased wildfires,request-11-4-0
increased wildfires,land degradation,request-11-4-1
land degradation,alteration of ecosystems,request-11-4-2
alteration of ecosystems,changes in natural boundaries,request-11-4-3
changes in natural boundaries,changes in geography maps,request-11-4-4
changes in geographical maps,redrawing of national borders,request-12-0-0
redrawing of national borders,shift in resource distribution,request-12-0-1
shift in resource distribution,economic instability,request-12-0-2
economic instability,increased poverty rates,request-12-0-3
increased poverty rates,migration issues,request-12-0-4
changes in geographical maps,creation of new trade routes,request-12-1-0
creation of new trade routes,disruption of traditional commerce,request-12-1-1
disruption of traditional commerce,economic decline,request-12-1-2
economic decline,social unrest,request-12-1-3
social unrest,migration issues,request-12-1-4
changes in geographical maps,redistribution of natural resources,request-12-2-0
redistribution of natural resources,environmental degradation,request-12-2-1
environmental degradation,loss of livelihoods,request-12-2-2
loss of livelihoods,forced displacement,request-12-2-3
forced displacement,migration issues,request-12-2-4
changes in geographical maps,changes in climate patterns,request-12-3-0
changes in climate patterns,extreme weather events,request-12-3-1
extreme weather events,devastation of infrastructure,request-12-3-2
devastation of infrastructure,displacement of populations,request-12-3-3
displacement of populations,migration issues,request-12-3-4
changes in geographical maps,changes in territorial claims,request-12-4-0
changes in territorial claims,escalation of border conflicts,request-12-4-1
escalation of border conflicts,humanitarian crises,request-12-4-2
humanitarian crises,mass migration,request-12-4-3
mass migration,migration issues,request-12-4-4
methane,methane release,request-13-0-0
methane release,atmospheric concentration increase,request-13-0-1
atmospheric concentration increase,global warming,request-13-0-2
global warming,climate change,request-13-0-3
climate change,pollution,request-13-0-4
methane,agricultural activities,request-13-1-0
agricultural activities,livestock emissions,request-13-1-1
livestock emissions,greenhouse gas emissions,request-13-1-2
greenhouse gas emissions,atmospheric concentration increase,request-13-1-3
atmospheric concentration increase,global warming,request-13-1-4
global warming,climate change,request-13-1-5
climate change,pollution,request-13-1-6
methane,natural gas production,request-13-2-0
natural gas production,leakage and venting,request-13-2-1
leakage and venting,atmospheric concentration increase,request-13-2-2
atmospheric concentration increase,global warming,request-13-2-3
global warming,climate change,request-13-2-4
climate change,pollution,request-13-2-5
methane,landfills,request-13-3-0
landfills,organic waste decomposition,request-13-3-1
organic waste decomposition,methane emissions,request-13-3-2
methane emissions,atmospheric concentration increase,request-13-3-3
atmospheric concentration increase,global warming,request-13-3-4
global warming,climate change,request-13-3-5
climate change,pollution,request-13-3-6
methane,coal mining,request-13-4-0
coal mining,methane release,request-13-4-1
methane release,atmospheric concentration increase,request-13-4-2
atmospheric concentration increase,global warming,request-13-4-3
global warming,climate change,request-13-4-4
climate change,pollution,request-13-4-5
pollution,,request-13-4-6
methane release into arctic ocean sediments and waters,increased methane concentrations in seawater,request-14-0-0
increased methane concentrations in seawater,warmer seawater temperatures,request-14-0-1
warmer seawater temperatures,thawing of subsea permafrost and decomposition of methane hydrates,request-14-0-2
methane release into arctic ocean sediments and waters,methane migration into subsea permafrost,request-14-1-0
methane migration into subsea permafrost,increased pressure on subsea permafrost,request-14-1-1
increased pressure on subsea permafrost,thawing of subsea permafrost and decomposition of methane hydrates,request-14-1-2
methane release into arctic ocean sediments and waters,changes in ocean chemistry and ph levels,request-14-2-0
changes in ocean chemistry and ph levels,increased microbial activity in subsea sediments,request-14-2-1
increased microbial activity in subsea sediments,thawing of subsea permafrost and decomposition of methane hydrates,request-14-2-2
methane release into arctic ocean sediments and waters,increased ocean stratification and reduced mixing,request-14-3-0
increased ocean stratification and reduced mixing,warmer water masses in contact with subsea permafrost,request-14-3-1
warmer water masses in contact with subsea permafrost,thawing of subsea permafrost and decomposition of methane hydrates,request-14-3-2
thawing of subsea permafrost and decomposition of methane hydrates,,request-14-3-3
methane,thawing of permafrost,request-15-0-0
thawing of permafrost,exposure of sediment,request-15-0-1
exposure of sediment,the release of ancient carbon from sediment into the atmosphere,request-15-0-2
methane,global warming,request-15-1-0
global warming,rising temperatures,request-15-1-1
rising temperatures,thawing of permafrost,request-15-1-2
thawing of permafrost,exposure of sediment,request-15-1-3
exposure of sediment,the release of ancient carbon from sediment into the atmosphere,request-15-1-4
methane,increased greenhouse effect,request-15-2-0
increased greenhouse effect,global warming,request-15-2-1
global warming,rising temperatures,request-15-2-2
rising temperatures,thawing of permafrost,request-15-2-3
thawing of permafrost,exposure of sediment,request-15-2-4
exposure of sediment,the release of ancient carbon from sediment into the atmosphere,request-15-2-5
methane,atmospheric temperature increase,request-15-3-0
atmospheric temperature increase,rising temperatures,request-15-3-1
rising temperatures,thawing of permafrost,request-15-3-2
thawing of permafrost,exposure of sediment,request-15-3-3
exposure of sediment,the release of ancient carbon from sediment into the atmosphere,request-15-3-4
ancient sources dominating deep waters,deep water methane production,request-16-0-0
deep water methane production,methane accumulation in deep waters,request-16-0-1
methane accumulation in deep waters,methane release from deep waters,request-16-0-2
methane release from deep waters,surface water methane concentration increase,request-16-0-3
surface water methane concentration increase,the 10 ± 3% contribution of surface water methane,request-16-0-4
ancient sources dominating deep waters,deep water organic matter decomposition,request-16-1-0
deep water organic matter decomposition,methane generation in deep waters,request-16-1-1
methane generation in deep waters,methane accumulation in deep waters,request-16-1-2
methane accumulation in deep waters,methane release from deep waters,request-16-1-3
methane release from deep waters,surface water methane concentration increase,request-16-1-4
surface water methane concentration increase,the 10 ± 3% contribution of surface water methane,request-16-1-5
ancient sources dominating deep waters,deep water anoxic conditions,request-16-2-0
deep water anoxic conditions,methaneproducing microorganisms thrive,request-16-2-1
methaneproducing microorganisms thrive,methane generation in deep waters,request-16-2-2
methane generation in deep waters,methane accumulation in deep waters,request-16-2-3
methane accumulation in deep waters,methane release from deep waters,request-16-2-4
methane release from deep waters,surface water methane concentration increase,request-16-2-5
surface water methane concentration increase,the 10 ± 3% contribution of surface water methane,request-16-2-6
ancient sources dominating deep waters,deep water sedimentation,request-16-3-0
deep water sedimentation,organic matter burial,request-16-3-1
organic matter burial,methane generation in deep waters,request-16-3-2
methane generation in deep waters,methane accumulation in deep waters,request-16-3-3
methane accumulation in deep waters,methane release from deep waters,request-16-3-4
methane release from deep waters,surface water methane concentration increase,request-16-3-5
surface water methane concentration increase,the 10 ± 3% contribution of surface water methane,request-16-3-6
the 10 ± 3% contribution of surface water methane,,request-16-3-7
sourced methane,methane release,request-17-0-0
methane release,oceanic oxidation,request-17-0-1
oceanic oxidation,breakdown of organic matter,request-17-0-2
breakdown of organic matter,release of ancient carbon,request-17-0-3
release of ancient carbon,the emission of ancient carbon into the atmosphere,request-17-0-4
sourced methane,methane release,request-17-1-0
methane release,dispersion processes,request-17-1-1
dispersion processes,oceanic circulation,request-17-1-2
oceanic circulation,oceanic oxidation,request-17-1-3
oceanic oxidation,breakdown of organic matter,request-17-1-4
breakdown of organic matter,release of ancient carbon,request-17-1-5
release of ancient carbon,the emission of ancient carbon into the atmosphere,request-17-1-6
climate change progresses,thawing of permafrost,request-17-2-0
thawing of permafrost,sourced methane,request-17-2-1
sourced methane,methane release,request-17-2-2
methane release,oceanic oxidation,request-17-2-3
oceanic oxidation,breakdown of organic matter,request-17-2-4
breakdown of organic matter,release of ancient carbon,request-17-2-5
release of ancient carbon,the emission of ancient carbon into the atmosphere,request-17-2-6
climate change progresses,thawing of permafrost,request-17-3-0
thawing of permafrost,sourced methane,request-17-3-1
sourced methane,methane release,request-17-3-2
methane release,dispersion processes,request-17-3-3
dispersion processes,oceanic circulation,request-17-3-4
oceanic circulation,oceanic oxidation,request-17-3-5
oceanic oxidation,breakdown of organic matter,request-17-3-6
breakdown of organic matter,release of ancient carbon,request-17-3-7
release of ancient carbon,the emission of ancient carbon into the atmosphere,request-17-3-8
co2 mitigation,reduced greenhouse gas emissions,request-18-0-0
reduced greenhouse gas emissions,slowed global warming,request-18-0-1
slowed global warming,decreased melting of arctic ice,request-18-0-2
decreased melting of arctic ice,increased freshwater input into north atlantic ocean,request-18-0-3
increased freshwater input into north atlantic ocean,freshwater dilution of north atlantic ocean,request-18-0-4
freshwater dilution of north atlantic ocean,disruption of ocean thermohaline circulation,request-18-0-5
disruption of ocean thermohaline circulation,a collapse of the atlantic meridional overturning circulation,request-18-0-6
co2 mitigation,reduced greenhouse gas emissions,request-18-1-0
reduced greenhouse gas emissions,slowed global warming,request-18-1-1
slowed global warming,decreased melting of greenland ice sheet,request-18-1-2
decreased melting of greenland ice sheet,increased freshwater input into north atlantic ocean,request-18-1-3
increased freshwater input into north atlantic ocean,freshwater dilution of north atlantic ocean,request-18-1-4
freshwater dilution of north atlantic ocean,disruption of ocean thermohaline circulation,request-18-1-5
disruption of ocean thermohaline circulation,a collapse of the atlantic meridional overturning circulation,request-18-1-6
co2 mitigation,reduced greenhouse gas emissions,request-18-2-0
reduced greenhouse gas emissions,slowed global warming,request-18-2-1
slowed global warming,changes in atmospheric circulation patterns,request-18-2-2
changes in atmospheric circulation patterns,changes in precipitation patterns over north atlantic ocean,request-18-2-3
changes in precipitation patterns over north atlantic ocean,increased freshwater input into north atlantic ocean,request-18-2-4
increased freshwater input into north atlantic ocean,freshwater dilution of north atlantic ocean,request-18-2-5
freshwater dilution of north atlantic ocean,disruption of ocean thermohaline circulation,request-18-2-6
disruption of ocean thermohaline circulation,a collapse of the atlantic meridional overturning circulation,request-18-2-7
co2 mitigation,reduced greenhouse gas emissions,request-18-3-0
reduced greenhouse gas emissions,slowed global warming,request-18-3-1
slowed global warming,changes in ocean stratification,request-18-3-2
changes in ocean stratification,changes in ocean mixing and overturning,request-18-3-3
changes in ocean mixing and overturning,disruption of ocean thermohaline circulation,request-18-3-4
disruption of ocean thermohaline circulation,a collapse of the atlantic meridional overturning circulation ,request-18-3-5
stronger amoc in rcp85 framework,increased ocean heat transport,request-19-0-0
increased ocean heat transport,warmer ocean temperatures in the north atlantic,request-19-0-1
warmer ocean temperatures in the north atlantic,elevated sea surface and air temperatures in the north atlantic relative to rcp85ctrl,request-19-0-2
stronger amoc in rcp85 framework,enhanced meridional overturning circulation,request-19-1-0
enhanced meridional overturning circulation,increased heat transfer from the equator to the north atlantic,request-19-1-1
increased heat transfer from the equator to the north atlantic,warmer ocean temperatures in the north atlantic,request-19-1-2
warmer ocean temperatures in the north atlantic,elevated sea surface and air temperatures in the north atlantic relative to rcp85ctrl,request-19-1-3
stronger amoc in rcp85 framework,reduced freshwater input into the north atlantic,request-19-2-0
reduced freshwater input into the north atlantic,increased salinity in the north atlantic,request-19-2-1
increased salinity in the north atlantic,warmer ocean temperatures in the north atlantic,request-19-2-2
warmer ocean temperatures in the north atlantic,elevated sea surface and air temperatures in the north atlantic relative to rcp85ctrl,request-19-2-3
stronger amoc in rcp85 framework,increased atmospheric moisture transport,request-19-3-0
increased atmospheric moisture transport,enhanced atmospheric heat transport,request-19-3-1
enhanced atmospheric heat transport,warmer air temperatures in the north atlantic,request-19-3-2
warmer air temperatures in the north atlantic,elevated sea surface and air temperatures in the north atlantic relative to rcp85ctrl,request-19-3-3
the hottest pathway resulting in 45+ degrees of warming by the end of the century,increased frequency and severity of natural disasters,request-20-0-0
increased frequency and severity of natural disasters,destruction of infrastructure and property,request-20-0-1
destruction of infrastructure and property,massive investments in reconstruction and rebuilding efforts,request-20-0-2
massive investments in reconstruction and rebuilding efforts,boost to construction and manufacturing industries,request-20-0-3
boost to construction and manufacturing industries,increased economic activity and job creation,request-20-0-4
increased economic activity and job creation,the absolute highest economic growth,request-20-0-5
the hottest pathway resulting in 45+ degrees of warming by the end of the century,rising sea levels and coastal erosion,request-20-1-0
rising sea levels and coastal erosion,increased demand for innovative solutions and technologies,request-20-1-1
increased demand for innovative solutions and technologies,rapid growth of clean energy and climateresilient industries,request-20-1-2
rapid growth of clean energy and climateresilient industries,creation of new job opportunities and industries,request-20-1-3
creation of new job opportunities and industries,the absolute highest economic growth,request-20-1-4
the hottest pathway resulting in 45+ degrees of warming by the end of the century,water scarcity and droughts,request-20-2-0
water scarcity and droughts,increased investment in water conservation and management technologies,request-20-2-1
increased investment in water conservation and management technologies,development of new agricultural practices and technologies,request-20-2-2
development of new agricultural practices and technologies,increased food production and security,request-20-2-3
increased food production and security,the absolute highest economic growth,request-20-2-4
the hottest pathway resulting in 45+ degrees of warming by the end of the century,loss of biodiversity and ecosystem disruption,request-20-3-0
loss of biodiversity and ecosystem disruption,increased focus on conservation and ecosystem restoration,request-20-3-1
increased focus on conservation and ecosystem restoration,growth of ecotourism and sustainable tourism industries,request-20-3-2
growth of ecotourism and sustainable tourism industries,increased economic benefits from sustainable tourism,request-20-3-3
increased economic benefits from sustainable tourism,the absolute highest economic growth,request-20-3-4
people's anxiety,rapid heartbeat,request-21-0-0
rapid heartbeat,increased heart rate,request-21-0-1
increased heart rate,deeper breathing,request-21-0-2
deeper breathing,increased oxygen intake and co₂ release,request-21-0-3
people's anxiety,stress response activation,request-21-1-0
stress response activation,adrenaline release,request-21-1-1
adrenaline release,rapid breathing,request-21-1-2
rapid breathing,increased oxygen intake and co₂ release,request-21-1-3
people's anxiety,hyperventilation,request-21-2-0
hyperventilation,increased respiratory rate,request-21-2-1
increased respiratory rate,increased oxygen intake and co₂ release,request-21-2-2
people's anxiety,fear response activation,request-21-3-0
fear response activation,sympathetic nervous system stimulation,request-21-3-1
sympathetic nervous system stimulation,increased respiration,request-21-3-2
increased respiration,increased oxygen intake and co₂ release,request-21-3-3
people's anxiety,panic attack,request-21-4-0
panic attack,hyperventilation,request-21-4-1
hyperventilation,increased oxygen intake and co₂ release,request-21-4-2
genuine population decline beyond expected levels,reduced number of women of childbearing age,request-22-0-0
reduced number of women of childbearing age,decreased fertility rates,request-22-0-1
decreased fertility rates,decline in birth rates this century,request-22-0-2
genuine population decline beyond expected levels,aging population,request-22-1-0
aging population,increased elderly population dependency ratio,request-22-1-1
increased elderly population dependency ratio,reduced economic growth,request-22-1-2
reduced economic growth,increased financial burden on families,request-22-1-3
increased financial burden on families,decline in birth rates this century,request-22-1-4
genuine population decline beyond expected levels,urbanization and migration to cities,request-22-2-0
urbanization and migration to cities,changes in lifestyle and values,request-22-2-1
changes in lifestyle and values,decreased importance of family and children,request-22-2-2
decreased importance of family and children,decline in birth rates this century,request-22-2-3
genuine population decline beyond expected levels,reduced economic opportunities,request-22-3-0
reduced economic opportunities,increased education and career focus,request-22-3-1
increased education and career focus,delayed marriage and family formation,request-22-3-2
delayed marriage and family formation,decline in birth rates this century,request-22-3-3
genuine population decline beyond expected levels,environmental degradation and resource depletion,request-22-4-0
environmental degradation and resource depletion,increased concern for sustainable living,request-22-4-1
increased concern for sustainable living,shift to smaller family sizes,request-22-4-2
shift to smaller family sizes,decline in birth rates this century,request-22-4-3
china,rapid industrialization,request-23-0-0
rapid industrialization,increased energy demand,request-23-0-1
increased energy demand,reliance on fossil fuels,request-23-0-2
reliance on fossil fuels,high carbon emissions,request-23-0-3
high carbon emissions,most emissions,request-23-0-4
china,large population,request-23-1-0
large population,rapid urbanization,request-23-1-1
rapid urbanization,increased energy consumption,request-23-1-2
increased energy consumption,high carbon emissions,request-23-1-3
high carbon emissions,most emissions,request-23-1-4
china,economic growth,request-23-2-0
economic growth,increased industrial production,request-23-2-1
increased industrial production,higher energy requirements,request-23-2-2
higher energy requirements,coalfired power plants,request-23-2-3
coalfired power plants,high carbon emissions,request-23-2-4
high carbon emissions,most emissions,request-23-2-5
china,government policies,request-23-3-0
government policies,subsidies for fossil fuels,request-23-3-1
subsidies for fossil fuels,increased fossil fuel usage,request-23-3-2
increased fossil fuel usage,high carbon emissions,request-23-3-3
high carbon emissions,most emissions,request-23-3-4
china,transportation sector growth,request-23-4-0
transportation sector growth,increased vehicle emissions,request-23-4-1
increased vehicle emissions,high carbon emissions,request-23-4-2
high carbon emissions,most emissions,request-23-4-3
china,agriculture sector growth,request-23-5-0
agriculture sector growth,increased fertilizer use,request-23-5-1
increased fertilizer use,nitrous oxide emissions,request-23-5-2
nitrous oxide emissions,high carbon emissions,request-23-5-3
high carbon emissions,most emissions,request-23-5-4
india,rapid industrialization,request-24-0-0
rapid industrialization,increased energy demand,request-24-0-1
increased energy demand,reliance on fossil fuels,request-24-0-2
reliance on fossil fuels,high carbon emissions,request-24-0-3
high carbon emissions,most emissions,request-24-0-4
india,growing population,request-24-1-0
growing population,increased energy consumption,request-24-1-1
increased energy consumption,expansion of coalbased power plants,request-24-1-2
expansion of coalbased power plants,high carbon emissions,request-24-1-3
high carbon emissions,most emissions,request-24-1-4
india,economic growth,request-24-2-0
economic growth,rapid urbanization,request-24-2-1
rapid urbanization,increased transportation needs,request-24-2-2
increased transportation needs,high vehicle emissions,request-24-2-3
high vehicle emissions,most emissions,request-24-2-4
india,agricultural development,request-24-3-0
agricultural development,increased use of synthetic fertilizers,request-24-3-1
increased use of synthetic fertilizers,nitrous oxide emissions,request-24-3-2
nitrous oxide emissions,high greenhouse gas emissions,request-24-3-3
high greenhouse gas emissions,most emissions,request-24-3-4
india,deforestation,request-24-4-0
deforestation,loss of carbon sequestration capacity,request-24-4-1
loss of carbon sequestration capacity,increased atmospheric co2 levels,request-24-4-2
increased atmospheric co2 levels,high greenhouse gas emissions,request-24-4-3
high greenhouse gas emissions,most emissions,request-24-4-4
corporations,fossil fuel extraction,request-25-0-0
fossil fuel extraction,burning of fossil fuels,request-25-0-1
burning of fossil fuels,greenhouse gas emissions,request-25-0-2
greenhouse gas emissions,global warming,request-25-0-3
global warming,vast majority of climate emissions,request-25-0-4
corporations,deforestation,request-25-1-0
deforestation,land use changes,request-25-1-1
land use changes,carbon sequestration disruption,request-25-1-2
carbon sequestration disruption,increased greenhouse gases,request-25-1-3
increased greenhouse gases,vast majority of climate emissions,request-25-1-4
corporations,industrial agriculture,request-25-2-0
industrial agriculture,synthetic fertilizer use,request-25-2-1
synthetic fertilizer use,nitrous oxide emissions,request-25-2-2
nitrous oxide emissions,ozone depletion,request-25-2-3
ozone depletion,vast majority of climate emissions,request-25-2-4
corporations,transportation infrastructure,request-25-3-0
transportation infrastructure,vehicle production,request-25-3-1
vehicle production,fossil fuel consumption,request-25-3-2
fossil fuel consumption,greenhouse gas emissions,request-25-3-3
greenhouse gas emissions,vast majority of climate emissions,request-25-3-4
corporations,energyintensive manufacturing,request-25-4-0
energyintensive manufacturing,electricity generation,request-25-4-1
electricity generation,fossil fuel combustion,request-25-4-2
fossil fuel combustion,carbon dioxide emissions,request-25-4-3
carbon dioxide emissions,vast majority of climate emissions,request-25-4-4
corporations,supply chain operations,request-25-5-0
supply chain operations,goods transportation,request-25-5-1
goods transportation,fossil fuel use,request-25-5-2
fossil fuel use,greenhouse gas emissions,request-25-5-3
greenhouse gas emissions,vast majority of climate emissions,request-25-5-4
corporations,fossil fuel extraction and production,request-26-0-0
fossil fuel extraction and production,burning of fossil fuels for energy,request-26-0-1
burning of fossil fuels for energy,greenhouse gas emissions,request-26-0-2
greenhouse gas emissions,over 90% of climate change emissions,request-26-0-3
corporations,deforestation and landuse changes,request-26-1-0
deforestation and landuse changes,release of stored carbon into atmosphere,request-26-1-1
release of stored carbon into atmosphere,greenhouse gas emissions,request-26-1-2
greenhouse gas emissions,over 90% of climate change emissions,request-26-1-3
corporations,industrial agriculture practices,request-26-2-0
industrial agriculture practices,methane and nitrous oxide emissions,request-26-2-1
methane and nitrous oxide emissions,greenhouse gas emissions,request-26-2-2
greenhouse gas emissions,over 90% of climate change emissions,request-26-2-3
corporations,manufacturing and production processes,request-26-3-0
manufacturing and production processes,energy consumption and resource extraction,request-26-3-1
energy consumption and resource extraction,greenhouse gas emissions,request-26-3-2
greenhouse gas emissions,over 90% of climate change emissions,request-26-3-3
corporations,transportation and logistics operations,request-26-4-0
transportation and logistics operations,burning of fossil fuels for transportation,request-26-4-1
burning of fossil fuels for transportation,greenhouse gas emissions,request-26-4-2
greenhouse gas emissions,over 90% of climate change emissions,request-26-4-3
corporations,supply chain management and outsourcing,request-26-5-0
supply chain management and outsourcing,indirect emissions from suppliers and partners,request-26-5-1
indirect emissions from suppliers and partners,greenhouse gas emissions,request-26-5-2
greenhouse gas emissions,over 90% of climate change emissions,request-26-5-3
"the tossing of a single cigarette on dry, hot ground",the ignition of a small flame,request-27-0-0
the ignition of a small flame,the spread of the flame to nearby dry leaves,request-27-0-1
the spread of the flame to nearby dry leaves,the growth of the fire into a small blaze,request-27-0-2
the growth of the fire into a small blaze,the expansion of the blaze into a larger area,request-27-0-3
the expansion of the blaze into a larger area,a massive fire,request-27-0-4
"the tossing of a single cigarette on dry, hot ground",the sparking of a dry twig,request-27-1-0
the sparking of a dry twig,the catching of a nearby patch of dry grass,request-27-1-1
the catching of a nearby patch of dry grass,the rapid spread of the fire across the grass,request-27-1-2
the rapid spread of the fire across the grass,the engulfing of nearby flammable objects,request-27-1-3
the engulfing of nearby flammable objects,a massive fire,request-27-1-4
"the tossing of a single cigarette on dry, hot ground",the smoldering of a small area of dry underbrush,request-27-2-0
the smoldering of a small area of dry underbrush,the sudden flareup of the underbrush,request-27-2-1
the sudden flareup of the underbrush,the rapid spread of the fire up a nearby tree,request-27-2-2
the rapid spread of the fire up a nearby tree,"the toppling of the tree, spreading the fire further",request-27-2-3
"the toppling of the tree, spreading the fire further",a massive fire,request-27-2-4
"the tossing of a single cigarette on dry, hot ground",the charring of a small area of dry soil,request-27-3-0
the charring of a small area of dry soil,the release of combustible gases from the soil,request-27-3-1
the release of combustible gases from the soil,"the ignition of the gases, causing a larger fire",request-27-3-2
"the ignition of the gases, causing a larger fire",the rapid growth of the fire into a massive blaze,request-27-3-3
the rapid growth of the fire into a massive blaze,a massive fire,request-27-3-4
us,industrial revolution in the us,request-28-0-0
industrial revolution in the us,increased use of fossil fuels,request-28-0-1
increased use of fossil fuels,burning of coal and oil,request-28-0-2
burning of coal and oil,release of co2 into the atmosphere,request-28-0-3
release of co2 into the atmosphere,current co2 levels,request-28-0-4
us,postwwii economic boom,request-28-1-0
postwwii economic boom,rapid industrialization and urbanization,request-28-1-1
rapid industrialization and urbanization,increased energy demand,request-28-1-2
increased energy demand,increased fossil fuel consumption,request-28-1-3
increased fossil fuel consumption,release of co2 into the atmosphere,request-28-1-4
release of co2 into the atmosphere,current co2 levels,request-28-1-5
us,agricultural subsidies and policies,request-28-2-0
agricultural subsidies and policies,increased production and use of fossil fuelbased fertilizers,request-28-2-1
increased production and use of fossil fuelbased fertilizers,nitrous oxide emissions from fertilizer use,request-28-2-2
nitrous oxide emissions from fertilizer use,contribution to greenhouse gas emissions,request-28-2-3
contribution to greenhouse gas emissions,current co2 levels,request-28-2-4
us,transportation infrastructure development,request-28-3-0
transportation infrastructure development,increased number of vehicles on the road,request-28-3-1
increased number of vehicles on the road,increased fossil fuel consumption for transportation,request-28-3-2
increased fossil fuel consumption for transportation,release of co2 into the atmosphere,request-28-3-3
release of co2 into the atmosphere,current co2 levels,request-28-3-4
us,consumer culture and lifestyle,request-28-4-0
consumer culture and lifestyle,increased demand for energyintensive products,request-28-4-1
increased demand for energyintensive products,increased energy consumption,request-28-4-2
increased energy consumption,increased fossil fuel consumption,request-28-4-3
increased fossil fuel consumption,release of co2 into the atmosphere,request-28-4-4
release of co2 into the atmosphere,current co2 levels,request-28-4-5
us,lack of strong climate policies and regulations,request-28-5-0
lack of strong climate policies and regulations,inadequate incentives for renewable energy,request-28-5-1
inadequate incentives for renewable energy,continued reliance on fossil fuels,request-28-5-2
continued reliance on fossil fuels,release of co2 into the atmosphere,request-28-5-3
release of co2 into the atmosphere,current co2 levels,request-28-5-4
us,international trade and globalization,request-28-6-0
international trade and globalization,increased international shipping and transportation,request-28-6-1
increased international shipping and transportation,increased fossil fuel consumption for transportation,request-28-6-2
increased fossil fuel consumption for transportation,release of co2 into the atmosphere,request-28-6-3
release of co2 into the atmosphere,current co2 levels,request-28-6-4
climate change,rising global temperatures,request-29-0-0
rising global temperatures,melting of polar ice caps,request-29-0-1
melting of polar ice caps,changes in atmospheric circulation patterns,request-29-0-2
changes in atmospheric circulation patterns,shifts in weather patterns,request-29-0-3
shifts in weather patterns,the increasing frequency of lightning,request-29-0-4
climate change,increased water evaporation,request-29-1-0
increased water evaporation,more moisture in the atmosphere,request-29-1-1
more moisture in the atmosphere,formation of thunderstorms,request-29-1-2
formation of thunderstorms,the increasing frequency of lightning,request-29-1-3
climate change,warmer ocean temperatures,request-29-2-0
warmer ocean temperatures,increased atmospheric instability,request-29-2-1
increased atmospheric instability,formation of thunderstorms,request-29-2-2
formation of thunderstorms,the increasing frequency of lightning,request-29-2-3
climate change,changes in precipitation patterns,request-29-3-0
changes in precipitation patterns,droughts in some areas,request-29-3-1
droughts in some areas,increased risk of wildfires,request-29-3-2
increased risk of wildfires,thunderstorms and lightning storms,request-29-3-3
thunderstorms and lightning storms,the increasing frequency of lightning,request-29-3-4
climate change,weakened jet stream,request-29-4-0
weakened jet stream,more meridional flow in the atmosphere,request-29-4-1
more meridional flow in the atmosphere,increased instability in the atmosphere,request-29-4-2
increased instability in the atmosphere,formation of thunderstorms,request-29-4-3
formation of thunderstorms,the increasing frequency of lightning,request-29-4-4
human influence rather than earth's natural evolution,greenhouse gas emissions,request-30-0-0
greenhouse gas emissions,atmospheric carbon dioxide concentration increase,request-30-0-1
atmospheric carbon dioxide concentration increase,trapping more heat in the atmosphere,request-30-0-2
trapping more heat in the atmosphere,global temperature rise,request-30-0-3
global temperature rise,this 1°c increase,request-30-0-4
human influence rather than earth's natural evolution,deforestation and landuse changes,request-30-1-0
deforestation and landuse changes,release of stored carbon into the atmosphere,request-30-1-1
release of stored carbon into the atmosphere,atmospheric carbon dioxide concentration increase,request-30-1-2
atmospheric carbon dioxide concentration increase,trapping more heat in the atmosphere,request-30-1-3
trapping more heat in the atmosphere,global temperature rise,request-30-1-4
global temperature rise,this 1°c increase,request-30-1-5
human influence rather than earth's natural evolution,burning of fossil fuels,request-30-2-0
burning of fossil fuels,greenhouse gas emissions,request-30-2-1
greenhouse gas emissions,atmospheric carbon dioxide concentration increase,request-30-2-2
atmospheric carbon dioxide concentration increase,trapping more heat in the atmosphere,request-30-2-3
trapping more heat in the atmosphere,global temperature rise,request-30-2-4
global temperature rise,this 1°c increase,request-30-2-5
human influence rather than earth's natural evolution,industrial agriculture practices,request-30-3-0
industrial agriculture practices,methane emissions,request-30-3-1
methane emissions,atmospheric methane concentration increase,request-30-3-2
atmospheric methane concentration increase,trapping more heat in the atmosphere,request-30-3-3
trapping more heat in the atmosphere,global temperature rise,request-30-3-4
global temperature rise,this 1°c increase,request-30-3-5
humans,greenhouse gas emissions,request-31-0-0
greenhouse gas emissions,global warming,request-31-0-1
global warming,changes in earth's magnetic field,request-31-0-2
changes in earth's magnetic field,solar activity,request-31-0-3
humans,deforestation,request-31-1-0
deforestation,changes in earth's albedo,request-31-1-1
changes in earth's albedo,shifts in global climate patterns,request-31-1-2
shifts in global climate patterns,solar activity,request-31-1-3
humans,industrial activities,request-31-2-0
industrial activities,increased aerosol emissions,request-31-2-1
increased aerosol emissions,changes in atmospheric circulation patterns,request-31-2-2
changes in atmospheric circulation patterns,solar activity,request-31-2-3
humans,fossil fuel combustion,request-31-3-0
fossil fuel combustion,increased co2 levels,request-31-3-1
increased co2 levels,ocean acidification,request-31-3-2
ocean acidification,changes in ocean currents,request-31-3-3
changes in ocean currents,solar activity,request-31-3-4
humans,nuclear testing,request-31-4-0
nuclear testing,disturbances in earth's magnetic field,request-31-4-1
disturbances in earth's magnetic field,solar activity,request-31-4-2
humans,electronic waste disposal,request-31-5-0
electronic waste disposal,electromagnetic interference,request-31-5-1
electromagnetic interference,disruption of satellite communications,request-31-5-2
disruption of satellite communications,solar activity,request-31-5-3
humans,climate change research,request-31-6-0
climate change research,increased satellite launches,request-31-6-1
increased satellite launches,space debris,request-31-6-2
space debris,interference with solar observation satellites,request-31-6-3
interference with solar observation satellites,solar activity,request-31-6-4
increase in co2 in the atmosphere,greenhouse gases accumulation,request-32-0-0
greenhouse gases accumulation,thermal insulation of the atmosphere,request-32-0-1
thermal insulation of the atmosphere,trapping of solar rays in the atmosphere,request-32-0-2
increase in co2 in the atmosphere,atmospheric opacity enhancement,request-32-1-0
atmospheric opacity enhancement,infrared radiation absorption,request-32-1-1
infrared radiation absorption,trapping of solar rays in the atmosphere,request-32-1-2
increase in co2 in the atmosphere,atmospheric heat retention,request-32-2-0
atmospheric heat retention,temperature increase,request-32-2-1
temperature increase,trapping of solar rays in the atmosphere,request-32-2-2
increase in co2 in the atmosphere,atmospheric pressure modification,request-32-3-0
atmospheric pressure modification,air density change,request-32-3-1
air density change,trapping of solar rays in the atmosphere,request-32-3-2
increase in co2 in the atmosphere,water vapor increase,request-32-4-0
water vapor increase,atmospheric humidity enhancement,request-32-4-1
atmospheric humidity enhancement,trapping of solar rays in the atmosphere,request-32-4-2
the trapping of solar rays in the atmosphere,the absorption of solar energy by greenhouse gases,request-33-0-0
the absorption of solar energy by greenhouse gases,the increase in kinetic energy of greenhouse gas molecules,request-33-0-1
the increase in kinetic energy of greenhouse gas molecules,the collision of energized greenhouse gas molecules with air molecules,request-33-0-2
the collision of energized greenhouse gas molecules with air molecules,the transfer of energy from greenhouse gas molecules to air molecules,request-33-0-3
the transfer of energy from greenhouse gas molecules to air molecules,the increase in temperature of the air,request-33-0-4
the increase in temperature of the air,"the heating effect, commonly known as the greenhouse effect",request-33-0-5
the trapping of solar rays in the atmosphere,the absorption of solar energy by the earth's surface,request-33-1-0
the absorption of solar energy by the earth's surface,the warming of the earth's surface,request-33-1-1
the warming of the earth's surface,the emission of infrared radiation by the warmed surface,request-33-1-2
the emission of infrared radiation by the warmed surface,the absorption of infrared radiation by greenhouse gases,request-33-1-3
the absorption of infrared radiation by greenhouse gases,the increase in kinetic energy of greenhouse gas molecules,request-33-1-4
the increase in kinetic energy of greenhouse gas molecules,the collision of energized greenhouse gas molecules with air molecules,request-33-1-5
the collision of energized greenhouse gas molecules with air molecules,the transfer of energy from greenhouse gas molecules to air molecules,request-33-1-6
the transfer of energy from greenhouse gas molecules to air molecules,the increase in temperature of the air,request-33-1-7
the increase in temperature of the air,"the heating effect, commonly known as the greenhouse effect",request-33-1-8
the trapping of solar rays in the atmosphere,the absorption of solar energy by atmospheric particles,request-33-2-0
the absorption of solar energy by atmospheric particles,the warming of atmospheric particles,request-33-2-1
the warming of atmospheric particles,the emission of infrared radiation by the warmed particles,request-33-2-2
the emission of infrared radiation by the warmed particles,the absorption of infrared radiation by greenhouse gases,request-33-2-3
the absorption of infrared radiation by greenhouse gases,the increase in kinetic energy of greenhouse gas molecules,request-33-2-4
the increase in kinetic energy of greenhouse gas molecules,the collision of energized greenhouse gas molecules with air molecules,request-33-2-5
the collision of energized greenhouse gas molecules with air molecules,the transfer of energy from greenhouse gas molecules to air molecules,request-33-2-6
the transfer of energy from greenhouse gas molecules to air molecules,the increase in temperature of the air,request-33-2-7
the increase in temperature of the air,"the heating effect, commonly known as the greenhouse effect",request-33-2-8
prolonged droughts we are experiencing,dry vegetation,request-34-0-0
dry vegetation,highly flammable environment,request-34-0-1
highly flammable environment,wild fires,request-34-0-2
prolonged droughts we are experiencing,water scarcity,request-34-1-0
water scarcity,increased use of electrical appliances,request-34-1-1
increased use of electrical appliances,electrical malfunctions,request-34-1-2
electrical malfunctions,sparks and embers,request-34-1-3
sparks and embers,wild fires,request-34-1-4
prolonged droughts we are experiencing,dry and cracked soil,request-34-2-0
dry and cracked soil,increased risk of soil erosion,request-34-2-1
increased risk of soil erosion,exposed power lines,request-34-2-2
exposed power lines,electrical malfunctions,request-34-2-3
electrical malfunctions,sparks and embers,request-34-2-4
sparks and embers,wild fires,request-34-2-5
prolonged droughts we are experiencing,stressed and dying trees,request-34-3-0
stressed and dying trees,increased risk of tree falls,request-34-3-1
increased risk of tree falls,downed power lines,request-34-3-2
downed power lines,electrical malfunctions,request-34-3-3
electrical malfunctions,sparks and embers,request-34-3-4
sparks and embers,wild fires,request-34-3-5
prolonged droughts we are experiencing,increased risk of human error,request-34-4-0
increased risk of human error,careless behavior with fire,request-34-4-1
careless behavior with fire,unattended flames,request-34-4-2
unattended flames,wild fires,request-34-4-3
prolonged droughts we are experiencing,increased risk of lightning strikes,request-34-5-0
increased risk of lightning strikes,ignition of dry vegetation,request-34-5-1
ignition of dry vegetation,wild fires,request-34-5-2
microplastics,plastic pollution in oceans,request-35-0-0
plastic pollution in oceans,harm to marine life,request-35-0-1
harm to marine life,disruption of ocean ecosystems,request-35-0-2
disruption of ocean ecosystems,changes in global climate patterns,request-35-0-3
changes in global climate patterns,shift in planetary orbits,request-35-0-4
shift in planetary orbits,increased likelihood of asteroid impacts,request-35-0-5
increased likelihood of asteroid impacts,asteroid carrying alien organisms hits earth,request-35-0-6
asteroid carrying alien organisms hits earth,alien organisms adapt to earth's environment,request-35-0-7
alien organisms adapt to earth's environment,evolution of alien species,request-35-0-8
evolution of alien species,alien world colonization,request-35-0-9
microplastics,ingestion by humans,request-35-1-0
ingestion by humans,toxic chemicals in human bloodstream,request-35-1-1
toxic chemicals in human bloodstream,increased risk of human disease,request-35-1-2
increased risk of human disease,weakened human immune system,request-35-1-3
weakened human immune system,pandemic outbreak,request-35-1-4
pandemic outbreak,global economic collapse,request-35-1-5
global economic collapse,abandonment of space exploration programs,request-35-1-6
abandonment of space exploration programs,alien civilization discovers abandoned spacecraft,request-35-1-7
alien civilization discovers abandoned spacecraft,alien world colonization,request-35-1-8
microplastics,contamination of drinking water,request-35-2-0
contamination of drinking water,birth defects in human population,request-35-2-1
birth defects in human population,decreased human intelligence,request-35-2-2
decreased human intelligence,reduced scientific innovation,request-35-2-3
reduced scientific innovation,delayed development of space travel technology,request-35-2-4
delayed development of space travel technology,alien civilization reaches earth before humans can colonize space,request-35-2-5
alien civilization reaches earth before humans can colonize space,alien world colonization,request-35-2-6
microplastics,entanglement of marine life,request-35-3-0
entanglement of marine life,decreased fish populations,request-35-3-1
decreased fish populations,economic hardship for fishing industries,request-35-3-2
economic hardship for fishing industries,increased reliance on alternative protein sources,request-35-3-3
increased reliance on alternative protein sources,genetic engineering of new food sources,request-35-3-4
genetic engineering of new food sources,unintended consequences of genetic engineering,request-35-3-5
unintended consequences of genetic engineering,"creation of sentient, spacefaring organisms",request-35-3-6
"creation of sentient, spacefaring organisms",alien world colonization,request-35-3-7
microplastics,microbial degradation of plastics,request-35-4-0
microbial degradation of plastics,evolution of plasticdegrading microorganisms,request-35-4-1
evolution of plasticdegrading microorganisms,discovery of new enzymes,request-35-4-2
discovery of new enzymes,development of biotechnology industry,request-35-4-3
development of biotechnology industry,creation of advanced biotechnology,request-35-4-4
creation of advanced biotechnology,merging of human and machine intelligence,request-35-4-5
merging of human and machine intelligence,interstellar travel and colonization,request-35-4-6
interstellar travel and colonization,alien world colonization,request-35-4-7
the significant greening of the planet,increased oxygen production,request-36-0-0
increased oxygen production,rapid growth of human population,request-36-0-1
rapid growth of human population,increased energy demands,request-36-0-2
increased energy demands,co₂ emissions and the shift from trees to fossil fuels,request-36-0-3
the significant greening of the planet,expanded agricultural production,request-36-1-0
expanded agricultural production,increased food surplus,request-36-1-1
increased food surplus,rapid growth of human population,request-36-1-2
rapid growth of human population,urbanization and industrialization,request-36-1-3
urbanization and industrialization,co₂ emissions and the shift from trees to fossil fuels,request-36-1-4
the significant greening of the planet,increased biodiversity,request-36-2-0
increased biodiversity,development of complex ecosystems,request-36-2-1
development of complex ecosystems,emergence of early human societies,request-36-2-2
emergence of early human societies,rapid growth of human population,request-36-2-3
rapid growth of human population,increased energy demands,request-36-2-4
increased energy demands,co₂ emissions and the shift from trees to fossil fuels,request-36-2-5
the significant greening of the planet,creation of favorable climate conditions,request-36-3-0
creation of favorable climate conditions,development of early agriculture,request-36-3-1
development of early agriculture,growth of human settlements,request-36-3-2
growth of human settlements,urbanization and industrialization,request-36-3-3
urbanization and industrialization,co₂ emissions and the shift from trees to fossil fuels,request-36-3-4
co₂ emissions and the shift from trees to fossil fuels,,request-36-3-5
land clearance for construction and agriculture,removal of trees and vegetation,request-37-0-0
removal of trees and vegetation,loss of forest habitat,request-37-0-1
loss of forest habitat,deforestation,request-37-0-2
land clearance for construction and agriculture,expansion of agricultural land,request-37-1-0
expansion of agricultural land,increased demand for arable land,request-37-1-1
increased demand for arable land,clearcutting of forests,request-37-1-2
clearcutting of forests,deforestation,request-37-1-3
land clearance for construction and agriculture,urbanization and infrastructure development,request-37-2-0
urbanization and infrastructure development,increased human settlement in forest areas,request-37-2-1
increased human settlement in forest areas,encroachment into forests,request-37-2-2
encroachment into forests,deforestation,request-37-2-3
land clearance for construction and agriculture,soil erosion and degradation,request-37-3-0
soil erosion and degradation,reduced forest ecosystem resilience,request-37-3-1
reduced forest ecosystem resilience,vulnerability to forest fires and pests,request-37-3-2
vulnerability to forest fires and pests,deforestation,request-37-3-3
land clearance for construction and agriculture,displacement of indigenous communities,request-37-4-0
displacement of indigenous communities,loss of traditional forest management practices,request-37-4-1
loss of traditional forest management practices,unsustainable forest use,request-37-4-2
unsustainable forest use,deforestation,request-37-4-3
deforestation,,request-37-4-4
the burning of carbon,heat generation,request-38-0-0
heat generation,steam production,request-38-0-1
steam production,turbine rotation,request-38-0-2
turbine rotation,generator activation,request-38-0-3
generator activation,electricity production,request-38-0-4
electricity production,electricity transmission,request-38-0-5
electricity transmission,electricity distribution,request-38-0-6
electricity distribution,electricity used in labs,request-38-0-7
the burning of carbon,carbon dioxide emission,request-38-1-0
carbon dioxide emission,atmospheric warming,request-38-1-1
atmospheric warming,heat wave occurrence,request-38-1-2
heat wave occurrence,power plant activation,request-38-1-3
power plant activation,electricity generation,request-38-1-4
electricity generation,electricity transmission,request-38-1-5
electricity transmission,electricity distribution,request-38-1-6
electricity distribution,electricity used in labs,request-38-1-7
the burning of carbon,fuel combustion,request-38-2-0
fuel combustion,mechanical energy production,request-38-2-1
mechanical energy production,generator activation,request-38-2-2
generator activation,electricity production,request-38-2-3
electricity production,electricity transmission,request-38-2-4
electricity transmission,electricity distribution,request-38-2-5
electricity distribution,electricity used in labs,request-38-2-6
the burning of carbon,thermal energy release,request-38-3-0
thermal energy release,boiler heating,request-38-3-1
boiler heating,steam production,request-38-3-2
steam production,turbine rotation,request-38-3-3
turbine rotation,generator activation,request-38-3-4
generator activation,electricity production,request-38-3-5
electricity production,electricity transmission,request-38-3-6
electricity transmission,electricity distribution,request-38-3-7
electricity distribution,electricity used in labs,request-38-3-8
the high carbon footprint of labgrown wood,increased greenhouse gas emissions,request-39-0-0
increased greenhouse gas emissions,enhanced global warming,request-39-0-1
the high carbon footprint of labgrown wood,higher energy consumption,request-39-1-0
higher energy consumption,increased fossil fuel combustion,request-39-1-1
increased fossil fuel combustion,rise in greenhouse gas emissions,request-39-1-2
rise in greenhouse gas emissions,enhanced global warming,request-39-1-3
the high carbon footprint of labgrown wood,large amounts of energy required for production,request-39-2-0
large amounts of energy required for production,increased reliance on fossil fuels,request-39-2-1
increased reliance on fossil fuels,rise in greenhouse gas emissions,request-39-2-2
rise in greenhouse gas emissions,enhanced global warming,request-39-2-3
the high carbon footprint of labgrown wood,significant land use for production facilities,request-39-3-0
significant land use for production facilities,deforestation and habitat destruction,request-39-3-1
deforestation and habitat destruction,disruption of carbon sequestration,request-39-3-2
disruption of carbon sequestration,rise in greenhouse gas emissions,request-39-3-3
rise in greenhouse gas emissions,enhanced global warming,request-39-3-4
the high carbon footprint of labgrown wood,resourceintensive production process,request-39-4-0
resourceintensive production process,increased water pollution,request-39-4-1
increased water pollution,disruption of ecosystem balance,request-39-4-2
disruption of ecosystem balance,rise in greenhouse gas emissions,request-39-4-3
rise in greenhouse gas emissions,enhanced global warming,request-39-4-4
enhanced global warming,,request-39-4-5
the enrichment of green energy investors and big banks,increased investment in renewable energy projects,request-40-0-0
increased investment in renewable energy projects,rapid growth of the renewable energy industry,request-40-0-1
rapid growth of the renewable energy industry,shift in energy market dynamics,request-40-0-2
shift in energy market dynamics,changes in government policies and regulations,request-40-0-3
changes in government policies and regulations,changes of the political economy of climate change,request-40-0-4
the enrichment of green energy investors and big banks,increased lobbying power of green energy investors and big banks,request-40-1-0
increased lobbying power of green energy investors and big banks,influence on government climate change policies,request-40-1-1
influence on government climate change policies,changes in government policies and regulations,request-40-1-2
changes in government policies and regulations,changes of the political economy of climate change,request-40-1-3
the enrichment of green energy investors and big banks,increased financial support for climate change research and development,request-40-2-0
increased financial support for climate change research and development,advancements in climate change mitigation technologies,request-40-2-1
advancements in climate change mitigation technologies,widespread adoption of climatefriendly technologies,request-40-2-2
widespread adoption of climatefriendly technologies,changes in government policies and regulations,request-40-2-3
changes in government policies and regulations,changes of the political economy of climate change,request-40-2-4
the enrichment of green energy investors and big banks,increased investment in climate change adaptation infrastructure,request-40-3-0
increased investment in climate change adaptation infrastructure,enhanced resilience to climaterelated disasters,request-40-3-1
enhanced resilience to climaterelated disasters,changes in government policies and regulations,request-40-3-2
changes in government policies and regulations,changes of the political economy of climate change,request-40-3-3
the enrichment of green energy investors and big banks,increased public awareness and support for climate change action,request-40-4-0
increased public awareness and support for climate change action,growing political pressure on governments to act on climate change,request-40-4-1
growing political pressure on governments to act on climate change,changes in government policies and regulations,request-40-4-2
changes in government policies and regulations,changes of the political economy of climate change,request-40-4-3
changes of the political economy of climate change,,request-40-4-4
proposed bill,passage of the bill,request-41-0-0
passage of the bill,increased government spending,request-41-0-1
increased government spending,boost to infrastructure development,request-41-0-2
boost to infrastructure development,creation of new construction projects,request-41-0-3
creation of new construction projects,millions of jobs for americans,request-41-0-4
proposed bill,passage of the bill,request-41-1-0
passage of the bill,tax cuts for businesses,request-41-1-1
tax cuts for businesses,increased investments in industry,request-41-1-2
increased investments in industry,expansion of existing companies,request-41-1-3
expansion of existing companies,hiring of new employees,request-41-1-4
hiring of new employees,millions of jobs for americans,request-41-1-5
proposed bill,passage of the bill,request-41-2-0
passage of the bill,increased funding for education and training,request-41-2-1
increased funding for education and training,skilled workforce development,request-41-2-2
skilled workforce development,attracting new industries,request-41-2-3
attracting new industries,creation of new job opportunities,request-41-2-4
creation of new job opportunities,millions of jobs for americans,request-41-2-5
proposed bill,passage of the bill,request-41-3-0
passage of the bill,regulatory reforms,request-41-3-1
regulatory reforms,simplified business regulations,request-41-3-2
simplified business regulations,increased entrepreneurship,request-41-3-3
increased entrepreneurship,growth of small businesses,request-41-3-4
growth of small businesses,millions of jobs for americans,request-41-3-5
proposed bill,passage of the bill,request-41-4-0
passage of the bill,increased funding for research and development,request-41-4-1
increased funding for research and development,breakthroughs in new technologies,request-41-4-2
breakthroughs in new technologies,emergence of new industries,request-41-4-3
emergence of new industries,creation of new job opportunities,request-41-4-4
creation of new job opportunities,millions of jobs for americans,request-41-4-5
the avoidance of products from such companies,loss of revenue for companies contributing to climate change,request-42-0-0
loss of revenue for companies contributing to climate change,financial pressure on companies to change their practices,request-42-0-1
financial pressure on companies to change their practices,adoption of sustainable practices by companies,request-42-0-2
adoption of sustainable practices by companies,reduction of greenhouse gas emissions by companies,request-42-0-3
reduction of greenhouse gas emissions by companies,action against climate change,request-42-0-4
the avoidance of products from such companies,increased public awareness of climate change issues,request-42-1-0
increased public awareness of climate change issues,growing demand for climatefriendly products and services,request-42-1-1
growing demand for climatefriendly products and services,investment in renewable energy and sustainable technologies,request-42-1-2
investment in renewable energy and sustainable technologies,development of innovative climate change mitigation solutions,request-42-1-3
development of innovative climate change mitigation solutions,action against climate change,request-42-1-4
the avoidance of products from such companies,economic losses for companies supporting fossil fuel industries,request-42-2-0
economic losses for companies supporting fossil fuel industries,shift in investment towards renewable energy sources,request-42-2-1
shift in investment towards renewable energy sources,decrease in fossil fuel consumption and emissions,request-42-2-2
decrease in fossil fuel consumption and emissions,action against climate change,request-42-2-3
the avoidance of products from such companies,boycotts and protests against climateunfriendly companies,request-42-3-0
boycotts and protests against climateunfriendly companies,government scrutiny and regulation of climatepolluting industries,request-42-3-1
government scrutiny and regulation of climatepolluting industries,implementation of climate change policies and legislation,request-42-3-2
implementation of climate change policies and legislation,action against climate change,request-42-3-3
the avoidance of products from such companies,increased consumer support for ecofriendly brands,request-42-4-0
increased consumer support for ecofriendly brands,growth of sustainable industries and job creation,request-42-4-1
growth of sustainable industries and job creation,expansion of climate change research and development,request-42-4-2
expansion of climate change research and development,action against climate change,request-42-4-3
humans,burning fossil fuels,request-43-0-0
burning fossil fuels,releasing greenhouse gases,request-43-0-1
releasing greenhouse gases,increasing global temperatures,request-43-0-2
increasing global temperatures,climate not changing this year,request-43-0-3
humans,deforestation,request-43-1-0
deforestation,reducing carbon sequestration,request-43-1-1
reducing carbon sequestration,increasing atmospheric co2 levels,request-43-1-2
increasing atmospheric co2 levels,climate not changing this year,request-43-1-3
humans,industrial activities,request-43-2-0
industrial activities,emitting pollutants,request-43-2-1
emitting pollutants,disrupting natural climate patterns,request-43-2-2
disrupting natural climate patterns,climate not changing this year,request-43-2-3
humans,overconsumption of resources,request-43-3-0
overconsumption of resources,depleting natural resources,request-43-3-1
depleting natural resources,disrupting ecosystem balance,request-43-3-2
disrupting ecosystem balance,climate not changing this year,request-43-3-3
humans,lack of climate policies,request-43-4-0
lack of climate policies,failing to reduce emissions,request-43-4-1
failing to reduce emissions,allowing climate change to continue,request-43-4-2
allowing climate change to continue,climate not changing this year,request-43-4-3
humans,climate change denial,request-43-5-0
climate change denial,failing to take action,request-43-5-1
failing to take action,allowing climate change to continue,request-43-5-2
allowing climate change to continue,climate not changing this year,request-43-5-3
humans,inefficient energy use,request-43-6-0
inefficient energy use,wasting energy resources,request-43-6-1
wasting energy resources,increasing energy demand,request-43-6-2
increasing energy demand,climate not changing this year,request-43-6-3
humans,agricultural practices,request-43-7-0
agricultural practices,releasing methane and n2o,request-43-7-1
releasing methane and n2o,contributing to climate change,request-43-7-2
contributing to climate change,climate not changing this year,request-43-7-3
phytoplankton,algal blooms,request-44-0-0
algal blooms,decaying algae,request-44-0-1
decaying algae,dimethyl sulfideproducing bacteria,request-44-0-2
dimethyl sulfideproducing bacteria,dimethyl sulfide,request-44-0-3
phytoplankton,photosynthesis,request-44-1-0
photosynthesis,organic matter,request-44-1-1
organic matter,bacterial decomposition,request-44-1-2
bacterial decomposition,dimethyl sulfideproducing bacteria,request-44-1-3
dimethyl sulfideproducing bacteria,dimethyl sulfide,request-44-1-4
phytoplankton,growth and reproduction,request-44-2-0
growth and reproduction,high algal biomass,request-44-2-1
high algal biomass,algal senescence,request-44-2-2
algal senescence,decaying algae,request-44-2-3
decaying algae,dimethyl sulfideproducing bacteria,request-44-2-4
dimethyl sulfideproducing bacteria,dimethyl sulfide,request-44-2-5
"largescale, regular blowing of desert sand into the ocean",increased sedimentation in coastal waters,request-45-0-0
increased sedimentation in coastal waters,higher levels of iron and other micronutrients in the water,request-45-0-1
higher levels of iron and other micronutrients in the water,stimulation of phytoplankton growth,request-45-0-2
stimulation of phytoplankton growth,ocean fertilization,request-45-0-3
"largescale, regular blowing of desert sand into the ocean",enhanced nutrient supply to marine ecosystems,request-45-1-0
enhanced nutrient supply to marine ecosystems,boost in marine productivity,request-45-1-1
boost in marine productivity,increased photosynthesis by phytoplankton,request-45-1-2
increased photosynthesis by phytoplankton,ocean fertilization,request-45-1-3
"largescale, regular blowing of desert sand into the ocean",changes in ocean chemistry and nutrient cycling,request-45-2-0
changes in ocean chemistry and nutrient cycling,shifts in phytoplankton community composition,request-45-2-1
shifts in phytoplankton community composition,increased carbon sequestration by phytoplankton,request-45-2-2
increased carbon sequestration by phytoplankton,ocean fertilization,request-45-2-3
"largescale, regular blowing of desert sand into the ocean",increased turbidity in coastal waters,request-45-3-0
increased turbidity in coastal waters,reduced light penetration and changed light regimes,request-45-3-1
reduced light penetration and changed light regimes,altered phytoplankton growth patterns,request-45-3-2
altered phytoplankton growth patterns,ocean fertilization,request-45-3-3
climate change,rising global temperatures,request-46-0-0
rising global temperatures,increased frequency and severity of heatwaves,request-46-0-1
increased frequency and severity of heatwaves,depletion of freshwater resources,request-46-0-2
depletion of freshwater resources,food shortages and famine,request-46-0-3
food shortages and famine,social unrest and mass migration,request-46-0-4
social unrest and mass migration,collapse of global economies,request-46-0-5
collapse of global economies,breakdown of societies and governments,request-46-0-6
breakdown of societies and governments,extinction of humans,request-46-0-7
climate change,melting of polar ice caps,request-46-1-0
melting of polar ice caps,rise in sea levels,request-46-1-1
rise in sea levels,coastal flooding and erosion,request-46-1-2
coastal flooding and erosion,displacement of coastal populations,request-46-1-3
displacement of coastal populations,overcrowding and resource competition,request-46-1-4
overcrowding and resource competition,increased conflict and war,request-46-1-5
increased conflict and war,nuclear war and global devastation,request-46-1-6
nuclear war and global devastation,extinction of humans,request-46-1-7
climate change,changes in precipitation patterns,request-46-2-0
changes in precipitation patterns,droughts and wildfires,request-46-2-1
droughts and wildfires,loss of biodiversity and ecosystems,request-46-2-2
loss of biodiversity and ecosystems,disruption of food chains and nutrient cycles,request-46-2-3
disruption of food chains and nutrient cycles,collapse of ecosystems and loss of habitat,request-46-2-4
collapse of ecosystems and loss of habitat,extinction of key species and pollinators,request-46-2-5
extinction of key species and pollinators,disruption of food production and supply,request-46-2-6
disruption of food production and supply,extinction of humans,request-46-2-7
climate change,increased frequency and severity of natural disasters,request-46-3-0
increased frequency and severity of natural disasters,devastation of infrastructure and economies,request-46-3-1
devastation of infrastructure and economies,disruption of global supply chains,request-46-3-2
disruption of global supply chains,shortages of essential goods and services,request-46-3-3
shortages of essential goods and services,breakdown of social order and governance,request-46-3-4
breakdown of social order and governance,increased violence and conflict,request-46-3-5
increased violence and conflict,collapse of human societies,request-46-3-6
collapse of human societies,extinction of humans,request-46-3-7
climate change,ocean acidification and warming,request-46-4-0
ocean acidification and warming,collapse of marine ecosystems,request-46-4-1
collapse of marine ecosystems,disruption of global food chains,request-46-4-2
disruption of global food chains,food shortages and famine,request-46-4-3
food shortages and famine,social unrest and mass migration,request-46-4-4
social unrest and mass migration,collapse of global economies,request-46-4-5
collapse of global economies,breakdown of societies and governments,request-46-4-6
breakdown of societies and governments,extinction of humans,request-46-4-7
highlatitude glacier melt,freshwater input,request-47-0-0
freshwater input,ocean dilution,request-47-0-1
ocean dilution,thermal expansion,request-47-0-2
thermal expansion,sea level rise,request-47-0-3
highlatitude glacier melt,ice mass loss,request-47-1-0
ice mass loss,gravitational attraction change,request-47-1-1
gravitational attraction change,ocean redistribution,request-47-1-2
ocean redistribution,sea level rise,request-47-1-3
highlatitude glacier melt,freshwater input,request-47-2-0
freshwater input,ocean circulation change,request-47-2-1
ocean circulation change,thermal expansion,request-47-2-2
thermal expansion,sea level rise,request-47-2-3
highlatitude glacier melt,ice mass loss,request-47-3-0
ice mass loss,land subsidence,request-47-3-1
land subsidence,coastal flooding,request-47-3-2
coastal flooding,sea level rise,request-47-3-3
highlatitude glacier melt,freshwater input,request-47-4-0
freshwater input,ocean stratification change,request-47-4-1
ocean stratification change,thermal expansion,request-47-4-2
thermal expansion,sea level rise,request-47-4-3
every minor setback,delays in production,request-48-0-0
delays in production,reduced output,request-48-0-1
reduced output,insufficient supply,request-48-0-2
insufficient supply,shortages,request-48-0-3
every minor setback,equipment failure,request-48-1-0
equipment failure,disruption of operations,request-48-1-1
disruption of operations,reduced output,request-48-1-2
reduced output,insufficient supply,request-48-1-3
insufficient supply,shortages,request-48-1-4
every minor setback,decreased worker morale,request-48-2-0
decreased worker morale,decreased productivity,request-48-2-1
decreased productivity,reduced output,request-48-2-2
reduced output,insufficient supply,request-48-2-3
insufficient supply,shortages,request-48-2-4
every minor setback,increased stress on systems,request-48-3-0
increased stress on systems,system failures,request-48-3-1
system failures,disruption of operations,request-48-3-2
disruption of operations,reduced output,request-48-3-3
reduced output,insufficient supply,request-48-3-4
insufficient supply,shortages,request-48-3-5
every minor setback,inefficient use of resources,request-48-4-0
inefficient use of resources,wasted resources,request-48-4-1
wasted resources,reduced output,request-48-4-2
reduced output,insufficient supply,request-48-4-3
insufficient supply,shortages,request-48-4-4
tree planting,carbon sequestration,request-49-0-0
carbon sequestration,reduced atmospheric co2,request-49-0-1
reduced atmospheric co2,slowed global warming,request-49-0-2
slowed global warming,mitigated climate change,request-49-0-3
mitigated climate change,climate change,request-49-0-4
tree planting,soil erosion prevention,request-49-1-0
soil erosion prevention,preserved soil quality,request-49-1-1
preserved soil quality,increased carbon storage,request-49-1-2
increased carbon storage,reduced atmospheric co2,request-49-1-3
reduced atmospheric co2,slowed global warming,request-49-1-4
slowed global warming,mitigated climate change,request-49-1-5
mitigated climate change,climate change,request-49-1-6
tree planting,oxygen production,request-49-2-0
oxygen production,increased atmospheric oxygen,request-49-2-1
increased atmospheric oxygen,enhanced ecosystem health,request-49-2-2
enhanced ecosystem health,improved carbon sequestration,request-49-2-3
improved carbon sequestration,reduced atmospheric co2,request-49-2-4
reduced atmospheric co2,slowed global warming,request-49-2-5
slowed global warming,mitigated climate change,request-49-2-6
mitigated climate change,climate change,request-49-2-7
tree planting,wildlife habitat creation,request-49-3-0
wildlife habitat creation,increased biodiversity,request-49-3-1
increased biodiversity,enhanced ecosystem resilience,request-49-3-2
enhanced ecosystem resilience,improved carbon sequestration,request-49-3-3
improved carbon sequestration,reduced atmospheric co2,request-49-3-4
reduced atmospheric co2,slowed global warming,request-49-3-5
slowed global warming,mitigated climate change,request-49-3-6
mitigated climate change,climate change,request-49-3-7
tree planting,soil moisture retention,request-49-4-0
soil moisture retention,reduced evapotranspiration,request-49-4-1
reduced evapotranspiration,increased water table recharge,request-49-4-2
increased water table recharge,enhanced groundwater storage,request-49-4-3
enhanced groundwater storage,reduced water scarcity,request-49-4-4
reduced water scarcity,improved agricultural productivity,request-49-4-5
improved agricultural productivity,reduced greenhouse gas emissions,request-49-4-6
reduced greenhouse gas emissions,slowed global warming,request-49-4-7
slowed global warming,mitigated climate change,request-49-4-8
mitigated climate change,climate change,request-49-4-9
40 degrees,heatwave,request-50-0-0
heatwave,drought,request-50-0-1
drought,dry vegetation,request-50-0-2
dry vegetation,fires in europe,request-50-0-3
40 degrees,record high temperatures,request-50-1-0
record high temperatures,increased evaporation,request-50-1-1
increased evaporation,severe drought,request-50-1-2
severe drought,dry vegetation,request-50-1-3
dry vegetation,fires in europe,request-50-1-4
40 degrees,unprecedented heat,request-50-2-0
unprecedented heat,water scarcity,request-50-2-1
water scarcity,crops withering,request-50-2-2
crops withering,dry vegetation,request-50-2-3
dry vegetation,fires in europe,request-50-2-4
40 degrees,extreme weather conditions,request-50-3-0
extreme weather conditions,strong winds,request-50-3-1
strong winds,dry vegetation,request-50-3-2
dry vegetation,fires in europe,request-50-3-3
40 degrees,heat stress,request-50-4-0
heat stress,increased energy consumption,request-50-4-1
increased energy consumption,power grid overload,request-50-4-2
power grid overload,electrical failures,request-50-4-3
electrical failures,fires in europe,request-50-4-4
40 degrees,heatwave,request-50-5-0
heatwave,increased human activity,request-50-5-1
increased human activity,careless behavior,request-50-5-2
careless behavior,humanstarted fires,request-50-5-3
humanstarted fires,fires in europe,request-50-5-4
air temperature,evaporation rate,request-51-0-0
evaporation rate,soil moisture levels,request-51-0-1
soil moisture levels,vegetation dryness,request-51-0-2
vegetation dryness,the fires,request-51-0-3
air temperature,humidity levels,request-51-1-0
humidity levels,atmospheric dryness,request-51-1-1
atmospheric dryness,vegetation dryness,request-51-1-2
vegetation dryness,the fires,request-51-1-3
air temperature,wind patterns,request-51-2-0
wind patterns,wind speed,request-51-2-1
wind speed,spread of sparks,request-51-2-2
spread of sparks,the fires,request-51-2-3
air temperature,weather patterns,request-51-3-0
weather patterns,drought conditions,request-51-3-1
drought conditions,vegetation dryness,request-51-3-2
vegetation dryness,the fires,request-51-3-3
air temperature,heat waves,request-51-4-0
heat waves,dry underbrush,request-51-4-1
dry underbrush,the fires,request-51-4-2
the vaporization through heating,the formation of flammable gases,request-52-0-0
the formation of flammable gases,the ignition of flammable gases,request-52-0-1
the ignition of flammable gases,fires,request-52-0-2
the vaporization through heating,the release of combustible materials,request-52-1-0
the release of combustible materials,the ignition of combustible materials,request-52-1-1
the ignition of combustible materials,fires,request-52-1-2
the vaporization through heating,the increase in temperature,request-52-2-0
the increase in temperature,the ignition of nearby objects,request-52-2-1
the ignition of nearby objects,fires,request-52-2-2
the vaporization through heating,the creation of sparks,request-52-3-0
the creation of sparks,the ignition of sparks,request-52-3-1
the ignition of sparks,fires,request-52-3-2
40 degrees,heatwave,request-53-0-0
heatwave,drought,request-53-0-1
drought,dry vegetation,request-53-0-2
dry vegetation,fires,request-53-0-3
40 degrees,high temperature,request-53-1-0
high temperature,increased evaporation,request-53-1-1
increased evaporation,dry conditions,request-53-1-2
dry conditions,fires,request-53-1-3
40 degrees,heat stress,request-53-2-0
heat stress,electrical failures,request-53-2-1
electrical failures,spark,request-53-2-2
spark,fires,request-53-2-3
40 degrees,increased energy consumption,request-53-3-0
increased energy consumption,overloaded power grid,request-53-3-1
overloaded power grid,electrical failures,request-53-3-2
electrical failures,spark,request-53-3-3
spark,fires,request-53-3-4
40 degrees,water shortage,request-53-4-0
water shortage,agricultural burnoffs,request-53-4-1
agricultural burnoffs,uncontrolled burnoffs,request-53-4-2
uncontrolled burnoffs,fires,request-53-4-3
a cigarette butt,dry underbrush,request-54-0-0
dry underbrush,ignition,request-54-0-1
ignition,small flame,request-54-0-2
small flame,fires,request-54-0-3
a spark,flammable material,request-54-1-0
flammable material,ignition,request-54-1-1
ignition,small flame,request-54-1-2
small flame,fires,request-54-1-3
lightning,tree,request-54-2-0
tree,ignition,request-54-2-1
ignition,small flame,request-54-2-2
small flame,fires,request-54-2-3
a cigarette butt,trash,request-54-3-0
trash,ignition,request-54-3-1
ignition,small flame,request-54-3-2
small flame,fires,request-54-3-3
a spark,gasoline,request-54-4-0
gasoline,explosion,request-54-4-1
explosion,large flame,request-54-4-2
large flame,fires,request-54-4-3
lightning,power lines,request-54-5-0
power lines,electrical surge,request-54-5-1
electrical surge,ignition,request-54-5-2
ignition,fires,request-54-5-3
a cigarette butt,dry leaves,request-54-6-0
dry leaves,ignition,request-54-6-1
ignition,small flame,request-54-6-2
small flame,fires,request-54-6-3
kentucky floods,displacement of people,request-55-0-0
displacement of people,lack of access to basic necessities,request-55-0-1
lack of access to basic necessities,social unrest,request-55-0-2
social unrest,chaos,request-55-0-3
kentucky floods,damage to infrastructure,request-55-1-0
damage to infrastructure,disruption of essential services,request-55-1-1
disruption of essential services,widespread panic,request-55-1-2
widespread panic,chaos,request-55-1-3
kentucky floods,economic disruption,request-55-2-0
economic disruption,business closures,request-55-2-1
business closures,job losses,request-55-2-2
job losses,social instability,request-55-2-3
social instability,chaos,request-55-2-4
kentucky floods,environmental hazards,request-55-3-0
environmental hazards,health risks,request-55-3-1
health risks,public health crisis,request-55-3-2
public health crisis,chaos,request-55-3-3
texas snowfalls,road closures,request-55-4-0
road closures,disruption of transportation,request-55-4-1
disruption of transportation,food and supply shortages,request-55-4-2
food and supply shortages,social unrest,request-55-4-3
social unrest,chaos,request-55-4-4
texas snowfalls,power outages,request-55-5-0
power outages,disruption of essential services,request-55-5-1
disruption of essential services,widespread panic,request-55-5-2
widespread panic,chaos,request-55-5-3
texas snowfalls,economic disruption,request-55-6-0
economic disruption,business closures,request-55-6-1
business closures,job losses,request-55-6-2
job losses,social instability,request-55-6-3
social instability,chaos,request-55-6-4
texas snowfalls,disruption of healthcare services,request-55-7-0
disruption of healthcare services,health risks,request-55-7-1
health risks,public health crisis,request-55-7-2
public health crisis,chaos,request-55-7-3
people,carelessness,request-56-0-0
carelessness,unattended candles,request-56-0-1
unattended candles,ignited curtains,request-56-0-2
ignited curtains,fires,request-56-0-3
people,arson,request-56-1-0
arson,ignited debris,request-56-1-1
ignited debris,spreading flames,request-56-1-2
spreading flames,fires,request-56-1-3
people,electrical overload,request-56-2-0
electrical overload,short circuit,request-56-2-1
short circuit,spark,request-56-2-2
spark,fires,request-56-2-3
people,cooking accidents,request-56-3-0
cooking accidents,grease spills,request-56-3-1
grease spills,ignited kitchen towels,request-56-3-2
ignited kitchen towels,fires,request-56-3-3
people,discarded cigarettes,request-56-4-0
discarded cigarettes,ignited trash,request-56-4-1
ignited trash,spreading embers,request-56-4-2
spreading embers,fires,request-56-4-3
people,faulty wiring,request-56-5-0
faulty wiring,electrical malfunction,request-56-5-1
electrical malfunction,spark,request-56-5-2
spark,fires,request-56-5-3
people,open flames,request-56-6-0
open flames,unattended bbqs,request-56-6-1
unattended bbqs,ignited nearby objects,request-56-6-2
ignited nearby objects,fires,request-56-6-3
people,gas leaks,request-56-7-0
gas leaks,ignition sources,request-56-7-1
ignition sources,explosions,request-56-7-2
explosions,fires,request-56-7-3
the water content of plants in hot climates,drought,request-57-0-0
drought,dry vegetation,request-57-0-1
dry vegetation,ignition sources,request-57-0-2
ignition sources,fires,request-57-0-3
the water content of plants in hot climates,low humidity,request-57-1-0
low humidity,dry air,request-57-1-1
dry air,electrical discharges,request-57-1-2
electrical discharges,fires,request-57-1-3
the water content of plants in hot climates,water scarcity,request-57-2-0
water scarcity,increased human activity,request-57-2-1
increased human activity,human error,request-57-2-2
human error,fires,request-57-2-3
the water content of plants in hot climates,plant stress,request-57-3-0
plant stress,increased risk of pest infestation,request-57-3-1
increased risk of pest infestation,pestrelated ignitions,request-57-3-2
pestrelated ignitions,fires,request-57-3-3
the water content of plants in hot climates,reduced transpiration,request-57-4-0
reduced transpiration,increased atmospheric temperature,request-57-4-1
increased atmospheric temperature,heat waves,request-57-4-2
heat waves,fires,request-57-4-3
humans,cigarettes,request-58-0-0
cigarettes,unextinguished cigarettes,request-58-0-1
unextinguished cigarettes,dry leaves,request-58-0-2
dry leaves,fires,request-58-0-3
humans,electrical appliances,request-58-1-0
electrical appliances,overheated electrical appliances,request-58-1-1
overheated electrical appliances,sparks,request-58-1-2
sparks,fires,request-58-1-3
humans,campfires,request-58-2-0
campfires,unattended campfires,request-58-2-1
unattended campfires,fires,request-58-2-2
humans,arson,request-58-3-0
arson,ignited materials,request-58-3-1
ignited materials,fires,request-58-3-2
humans,kitchen appliances,request-58-4-0
kitchen appliances,grease buildup,request-58-4-1
grease buildup,kitchen grease fires,request-58-4-2
kitchen grease fires,fires,request-58-4-3
humans,fireworks,request-58-5-0
fireworks,uncontrolled fireworks,request-58-5-1
uncontrolled fireworks,fires,request-58-5-2
40 degrees,heatwave,request-59-0-0
heatwave,drought,request-59-0-1
drought,dry vegetation,request-59-0-2
dry vegetation,fires,request-59-0-3
40 degrees,heat stress,request-59-1-0
heat stress,electrical overload,request-59-1-1
electrical overload,power line failure,request-59-1-2
power line failure,sparks,request-59-1-3
sparks,fires,request-59-1-4
40 degrees,increased energy consumption,request-59-2-0
increased energy consumption,overloaded power grid,request-59-2-1
overloaded power grid,transformer failure,request-59-2-2
transformer failure,electrical arc,request-59-2-3
electrical arc,fires,request-59-2-4
40 degrees,water evaporation,request-59-3-0
water evaporation,low water levels,request-59-3-1
low water levels,exposed power lines,request-59-3-2
exposed power lines,electrical short,request-59-3-3
electrical short,fires,request-59-3-4
40 degrees,urban heat island effect,request-59-4-0
urban heat island effect,increased human activity,request-59-4-1
increased human activity,careless behavior,request-59-4-2
careless behavior,unattended flames,request-59-4-3
unattended flames,fires,request-59-4-4
forest fires,burning of organic matter,request-60-0-0
burning of organic matter,release of nutrients into the ash,request-60-0-1
release of nutrients into the ash,deposition of nutrientrich ash on the soil,request-60-0-2
deposition of nutrientrich ash on the soil,the return of plant nutrients to the soil and subsequent rapid regrowth,request-60-0-3
forest fires,killing of vegetation,request-60-1-0
killing of vegetation,decomposition of dead plant material,request-60-1-1
decomposition of dead plant material,release of nutrients from decomposed material,request-60-1-2
release of nutrients from decomposed material,the return of plant nutrients to the soil and subsequent rapid regrowth,request-60-1-3
forest fires,heating of soil,request-60-2-0
heating of soil,killing of soil microorganisms,request-60-2-1
killing of soil microorganisms,release of nutrients from dead microorganisms,request-60-2-2
release of nutrients from dead microorganisms,the return of plant nutrients to the soil and subsequent rapid regrowth,request-60-2-3
forest fires,creation of a seedbed,request-60-3-0
creation of a seedbed,exposure of mineral soil,request-60-3-1
exposure of mineral soil,weathering of mineral soil,request-60-3-2
weathering of mineral soil,release of nutrients from weathered soil,request-60-3-3
release of nutrients from weathered soil,the return of plant nutrients to the soil and subsequent rapid regrowth,request-60-3-4
plant nutrients returning to the soil,increased soil fertility,request-61-0-0
increased soil fertility,improved plant growth conditions,request-61-0-1
improved plant growth conditions,the relatively fast regrowth of plants,request-61-0-2
plant nutrients returning to the soil,enhanced microbial activity,request-61-1-0
enhanced microbial activity,breakdown of organic matter,request-61-1-1
breakdown of organic matter,release of available nutrients,request-61-1-2
release of available nutrients,increased soil fertility,request-61-1-3
increased soil fertility,improved plant growth conditions,request-61-1-4
improved plant growth conditions,the relatively fast regrowth of plants,request-61-1-5
plant nutrients returning to the soil,reduced soil erosion,request-61-2-0
reduced soil erosion,preservation of soil structure,request-61-2-1
preservation of soil structure,improved water infiltration,request-61-2-2
improved water infiltration,increased soil fertility,request-61-2-3
increased soil fertility,improved plant growth conditions,request-61-2-4
improved plant growth conditions,the relatively fast regrowth of plants,request-61-2-5
plant nutrients returning to the soil,increased soil water holding capacity,request-61-3-0
increased soil water holding capacity,improved plant water availability,request-61-3-1
improved plant water availability,enhanced plant growth,request-61-3-2
enhanced plant growth,the relatively fast regrowth of plants,request-61-3-3
plant nutrients returning to the soil,stimulation of beneficial microorganisms,request-61-4-0
stimulation of beneficial microorganisms,production of plant growth promoting substances,request-61-4-1
production of plant growth promoting substances,enhanced plant growth,request-61-4-2
enhanced plant growth,the relatively fast regrowth of plants,request-61-4-3
humans discarding cigarettes,lit cigarettes on the ground,request-62-0-0
lit cigarettes on the ground,dry vegetation catching fire,request-62-0-1
dry vegetation catching fire,uncontrolled small fires spreading,request-62-0-2
uncontrolled small fires spreading,wildfires in europe,request-62-0-3
humans using barbecues or campfires carelessly,unattended flames igniting nearby vegetation,request-62-1-0
unattended flames igniting nearby vegetation,small fires growing out of control,request-62-1-1
small fires growing out of control,strong winds spreading embers,request-62-1-2
strong winds spreading embers,wildfires in europe,request-62-1-3
humans discarding rubbish like glass,glass focusing sunlight onto dry vegetation,request-62-2-0
glass focusing sunlight onto dry vegetation,vegetation igniting due to intense heat,request-62-2-1
vegetation igniting due to intense heat,small fires spreading quickly,request-62-2-2
small fires spreading quickly,wildfires in europe,request-62-2-3
humans discarding cigarettes,cigarette butts igniting dry leaves or twigs,request-62-3-0
cigarette butts igniting dry leaves or twigs,small fires growing in intensity,request-62-3-1
small fires growing in intensity,strong winds spreading embers,request-62-3-2
strong winds spreading embers,wildfires in europe,request-62-3-3
humans using barbecues or campfires carelessly,embers or sparks escaping into nearby vegetation,request-62-4-0
embers or sparks escaping into nearby vegetation,dry vegetation catching fire,request-62-4-1
dry vegetation catching fire,uncontrolled small fires spreading,request-62-4-2
uncontrolled small fires spreading,wildfires in europe,request-62-4-3
humans discarding rubbish like glass,glass focusing sunlight onto dry underbrush,request-62-5-0
glass focusing sunlight onto dry underbrush,underbrush igniting due to intense heat,request-62-5-1
underbrush igniting due to intense heat,small fires spreading quickly,request-62-5-2
small fires spreading quickly,wildfires in europe,request-62-5-3
global warming,rising temperatures,request-63-0-0
rising temperatures,drought,request-63-0-1
drought,dry vegetation,request-63-0-2
dry vegetation,fires,request-63-0-3
global warming,changes in precipitation patterns,request-63-1-0
changes in precipitation patterns,drought,request-63-1-1
drought,dry vegetation,request-63-1-2
dry vegetation,fires,request-63-1-3
global warming,increased lightning strikes,request-63-2-0
increased lightning strikes,lightninginduced ignitions,request-63-2-1
lightninginduced ignitions,fires,request-63-2-2
global warming,stronger winds,request-63-3-0
stronger winds,spread of embers,request-63-3-1
spread of embers,fires,request-63-3-2
global warming,increased human activity,request-63-4-0
increased human activity,humanstarted ignitions,request-63-4-1
humanstarted ignitions,fires,request-63-4-2
global warming,rising temperatures,request-63-5-0
rising temperatures,increased fuel loads,request-63-5-1
increased fuel loads,dry vegetation,request-63-5-2
dry vegetation,fires,request-63-5-3
40 degrees,heatwave,request-64-0-0
heatwave,drought,request-64-0-1
drought,dry vegetation,request-64-0-2
dry vegetation,fires,request-64-0-3
40 degrees,heatwave,request-64-1-0
heatwave,strong winds,request-64-1-1
strong winds,sparks,request-64-1-2
sparks,fires,request-64-1-3
40 degrees,heatwave,request-64-2-0
heatwave,power outage,request-64-2-1
power outage,downed power lines,request-64-2-2
downed power lines,sparks,request-64-2-3
sparks,fires,request-64-2-4
40 degrees,heatwave,request-64-3-0
heatwave,human activity,request-64-3-1
human activity,careless smoking,request-64-3-2
careless smoking,fires,request-64-3-3
40 degrees,heatwave,request-64-4-0
heatwave,human activity,request-64-4-1
human activity,arson,request-64-4-2
arson,fires,request-64-4-3
fungiculture,mycorrhizal networks,request-65-0-0
mycorrhizal networks,soil remediation,request-65-0-1
soil remediation,ecosystem remediation,request-65-0-2
permaculture,agroforestry practices,request-65-1-0
agroforestry practices,soil conservation,request-65-1-1
soil conservation,ecosystem remediation,request-65-1-2
fungiculture,decomposition of organic matter,request-65-2-0
decomposition of organic matter,nutrient cycling,request-65-2-1
nutrient cycling,soil fertility,request-65-2-2
soil fertility,ecosystem remediation,request-65-2-3
permaculture,biodiversity enhancement,request-65-3-0
biodiversity enhancement,ecosystem services,request-65-3-1
ecosystem services,ecosystem remediation,request-65-3-2
fungiculture,mycorrhizal fungi,request-65-4-0
mycorrhizal fungi,plantfungi symbiosis,request-65-4-1
plantfungi symbiosis,plant growth promotion,request-65-4-2
plant growth promotion,ecosystem remediation,request-65-4-3
permaculture,polyculture farming,request-65-5-0
polyculture farming,soil health improvement,request-65-5-1
soil health improvement,ecosystem remediation,request-65-5-2
fungiculture,fungalbased pest control,request-65-6-0
fungalbased pest control,pest population reduction,request-65-6-1
pest population reduction,ecosystem balance,request-65-6-2
ecosystem balance,ecosystem remediation,request-65-6-3
permaculture,water harvesting,request-65-7-0
water harvesting,soil moisture retention,request-65-7-1
soil moisture retention,ecosystem remediation,request-65-7-2
drought,crop failure,request-66-0-0
crop failure,food shortage,request-66-0-1
food shortage,hunger,request-66-0-2
hunger,social unrest,request-66-0-3
social unrest,political instability,request-66-0-4
political instability,war,request-66-0-5
war,millions of deaths,request-66-0-6
drought,water scarcity,request-66-1-0
water scarcity,thirst,request-66-1-1
thirst,mass migration,request-66-1-2
mass migration,conflict over resources,request-66-1-3
conflict over resources,war,request-66-1-4
war,millions of deaths,request-66-1-5
drought,economic crisis,request-66-2-0
economic crisis,poverty,request-66-2-1
poverty,hunger,request-66-2-2
hunger,social unrest,request-66-2-3
social unrest,political instability,request-66-2-4
political instability,war,request-66-2-5
war,millions of deaths,request-66-2-6
drought,food price increase,request-66-3-0
food price increase,hunger,request-66-3-1
hunger,social unrest,request-66-3-2
social unrest,political instability,request-66-3-3
political instability,war,request-66-3-4
war,millions of deaths,request-66-3-5
drought,waterborne disease outbreak,request-66-4-0
waterborne disease outbreak,thirst,request-66-4-1
thirst,illness,request-66-4-2
illness,death,request-66-4-3
death,mass death,request-66-4-4
mass death,war,request-66-4-5
war,millions of deaths,request-66-4-6
fuel,combustion,request-67-0-0
combustion,exhaust gases,request-67-0-1
exhaust gases,emissions,request-67-0-2
fuel,engine operation,request-67-1-0
engine operation,combustion,request-67-1-1
combustion,exhaust gases,request-67-1-2
exhaust gases,emissions,request-67-1-3
fuel,engine operation,request-67-2-0
engine operation,fuel injection,request-67-2-1
fuel injection,combustion,request-67-2-2
combustion,exhaust gases,request-67-2-3
exhaust gases,emissions,request-67-2-4
fuel,fuel injection,request-67-3-0
fuel injection,combustion,request-67-3-1
combustion,exhaust gases,request-67-3-2
exhaust gases,emissions,request-67-3-3
fuel,burning,request-67-4-0
burning,exhaust gases,request-67-4-1
exhaust gases,emissions,request-67-4-2
fuel,burning,request-67-5-0
burning,combustion,request-67-5-1
combustion,exhaust gases,request-67-5-2
exhaust gases,emissions,request-67-5-3
canada,oil sands development,request-68-0-0
oil sands development,increased oil extraction,request-68-0-1
increased oil extraction,higher greenhouse gas emissions,request-68-0-2
higher greenhouse gas emissions,1% of global emissions,request-68-0-3
canada,fossil fuel subsidies,request-68-1-0
fossil fuel subsidies,increased fossil fuel consumption,request-68-1-1
increased fossil fuel consumption,higher carbon dioxide emissions,request-68-1-2
higher carbon dioxide emissions,1% of global emissions,request-68-1-3
canada,transportation infrastructure development,request-68-2-0
transportation infrastructure development,increased vehicle usage,request-68-2-1
increased vehicle usage,higher carbon dioxide emissions,request-68-2-2
higher carbon dioxide emissions,1% of global emissions,request-68-2-3
canada,agricultural practices,request-68-3-0
agricultural practices,increased nitrous oxide emissions,request-68-3-1
increased nitrous oxide emissions,higher greenhouse gas emissions,request-68-3-2
higher greenhouse gas emissions,1% of global emissions,request-68-3-3
canada,natural gas production,request-68-4-0
natural gas production,increased methane emissions,request-68-4-1
increased methane emissions,higher greenhouse gas emissions,request-68-4-2
higher greenhouse gas emissions,1% of global emissions,request-68-4-3
canada,industrial processes,request-68-5-0
industrial processes,increased energy consumption,request-68-5-1
increased energy consumption,higher carbon dioxide emissions,request-68-5-2
higher carbon dioxide emissions,1% of global emissions,request-68-5-3
canada,waste management practices,request-68-6-0
waste management practices,increased methane emissions,request-68-6-1
increased methane emissions,higher greenhouse gas emissions,request-68-6-2
higher greenhouse gas emissions,1% of global emissions,request-68-6-3
fossil fuels,burning of fossil fuels,request-69-0-0
burning of fossil fuels,air pollution,request-69-0-1
air pollution,respiratory diseases,request-69-0-2
respiratory diseases,1/5 of all worldwide deaths,request-69-0-3
fossil fuels,greenhouse gas emissions,request-69-1-0
greenhouse gas emissions,global warming,request-69-1-1
global warming,extreme weather events,request-69-1-2
extreme weather events,natural disasters,request-69-1-3
natural disasters,loss of life,request-69-1-4
loss of life,1/5 of all worldwide deaths,request-69-1-5
fossil fuels,burning of fossil fuels,request-69-2-0
burning of fossil fuels,particulate matter in the air,request-69-2-1
particulate matter in the air,cardiovascular diseases,request-69-2-2
cardiovascular diseases,mortality rate increase,request-69-2-3
mortality rate increase,1/5 of all worldwide deaths,request-69-2-4
fossil fuels,industrial activities,request-69-3-0
industrial activities,environmental degradation,request-69-3-1
environmental degradation,water pollution,request-69-3-2
water pollution,waterborne diseases,request-69-3-3
waterborne diseases,mortality rate increase,request-69-3-4
mortality rate increase,1/5 of all worldwide deaths,request-69-3-5
fossil fuels,energy production,request-69-4-0
energy production,industrial agriculture,request-69-4-1
industrial agriculture,unhealthy food systems,request-69-4-2
unhealthy food systems,chronic diseases,request-69-4-3
chronic diseases,mortality rate increase,request-69-4-4
mortality rate increase,1/5 of all worldwide deaths,request-69-4-5
1/5 of all worldwide deaths,,request-69-4-6
loss of land in farms with turbines,reduction of farm size,request-70-0-0
reduction of farm size,decreased crop yield,request-70-0-1
decreased crop yield,loss of production,request-70-0-2
loss of land in farms with turbines,displacement of farm workers,request-70-1-0
displacement of farm workers,labor shortage,request-70-1-1
labor shortage,loss of production,request-70-1-2
loss of land in farms with turbines,increased farm maintenance costs,request-70-2-0
increased farm maintenance costs,reduced investment in farm operations,request-70-2-1
reduced investment in farm operations,loss of production,request-70-2-2
loss of land in farms with turbines,decreased farm revenue,request-70-3-0
decreased farm revenue,reduced ability to invest in production,request-70-3-1
reduced ability to invest in production,loss of production,request-70-3-2
loss of land in farms with turbines,changes in local ecosystem,request-70-4-0
changes in local ecosystem,negative impact on pollinators,request-70-4-1
negative impact on pollinators,decreased crop yield,request-70-4-2
decreased crop yield,loss of production,request-70-4-3
humans,industrialization,request-71-0-0
industrialization,burning of fossil fuels,request-71-0-1
burning of fossil fuels,greenhouse gas emissions,request-71-0-2
greenhouse gas emissions,global warming,request-71-0-3
global warming,climate change,request-71-0-4
humans,deforestation,request-71-1-0
deforestation,loss of carbon sinks,request-71-1-1
loss of carbon sinks,increased carbon dioxide levels,request-71-1-2
increased carbon dioxide levels,global warming,request-71-1-3
global warming,climate change,request-71-1-4
humans,overconsumption of resources,request-71-2-0
overconsumption of resources,pollution,request-71-2-1
pollution,environmental degradation,request-71-2-2
environmental degradation,disruption of natural cycles,request-71-2-3
disruption of natural cycles,climate change,request-71-2-4
humans,agriculture,request-71-3-0
agriculture,methane emissions,request-71-3-1
methane emissions,greenhouse gas emissions,request-71-3-2
greenhouse gas emissions,global warming,request-71-3-3
global warming,climate change,request-71-3-4
humans,urbanization,request-71-4-0
urbanization,increased energy consumption,request-71-4-1
increased energy consumption,burning of fossil fuels,request-71-4-2
burning of fossil fuels,greenhouse gas emissions,request-71-4-3
greenhouse gas emissions,climate change,request-71-4-4
humans,transportation,request-71-5-0
transportation,burning of fossil fuels,request-71-5-1
burning of fossil fuels,greenhouse gas emissions,request-71-5-2
greenhouse gas emissions,global warming,request-71-5-3
global warming,climate change,request-71-5-4
humans,population growth,request-71-6-0
population growth,increased resource consumption,request-71-6-1
increased resource consumption,pollution,request-71-6-2
pollution,environmental degradation,request-71-6-3
environmental degradation,climate change,request-71-6-4
co2 dumping,atmospheric co2 concentration increase,request-72-0-0
atmospheric co2 concentration increase,atmospheric greenhouse effect enhancement,request-72-0-1
atmospheric greenhouse effect enhancement,heat trapping,request-72-0-2
heat trapping,warmth,request-72-0-3
co2 dumping,ocean acidification,request-72-1-0
ocean acidification,marine ecosystem disruption,request-72-1-1
marine ecosystem disruption,reduced ocean carbon sequestration,request-72-1-2
reduced ocean carbon sequestration,atmospheric co2 concentration increase,request-72-1-3
atmospheric co2 concentration increase,atmospheric greenhouse effect enhancement,request-72-1-4
atmospheric greenhouse effect enhancement,heat trapping,request-72-1-5
heat trapping,warmth,request-72-1-6
co2 dumping,deforestation acceleration,request-72-2-0
deforestation acceleration,reduced forest carbon sequestration,request-72-2-1
reduced forest carbon sequestration,atmospheric co2 concentration increase,request-72-2-2
atmospheric co2 concentration increase,atmospheric greenhouse effect enhancement,request-72-2-3
atmospheric greenhouse effect enhancement,heat trapping,request-72-2-4
heat trapping,warmth,request-72-2-5
co2 dumping,permafrost thawing,request-72-3-0
permafrost thawing,methane release,request-72-3-1
methane release,atmospheric greenhouse effect enhancement,request-72-3-2
atmospheric greenhouse effect enhancement,heat trapping,request-72-3-3
heat trapping,warmth,request-72-3-4
co2 dumping,ice sheet melting,request-72-4-0
ice sheet melting,albedo reduction,request-72-4-1
albedo reduction,increased solar radiation absorption,request-72-4-2
increased solar radiation absorption,heat trapping,request-72-4-3
heat trapping,warmth,request-72-4-4
higher concentrations of co2,increased plant growth,request-73-0-0
increased plant growth,enhanced evapotranspiration,request-73-0-1
enhanced evapotranspiration,increased atmospheric moisture,request-73-0-2
increased atmospheric moisture,surface cooling through evapotranspiration,request-73-0-3
surface cooling through evapotranspiration,surface greening as a convective refrigerant,request-73-0-4
higher concentrations of co2,increased plant water use efficiency,request-73-1-0
increased plant water use efficiency,reduced plant water loss,request-73-1-1
reduced plant water loss,increased soil moisture retention,request-73-1-2
increased soil moisture retention,enhanced evapotranspiration,request-73-1-3
enhanced evapotranspiration,surface cooling through evapotranspiration,request-73-1-4
surface cooling through evapotranspiration,surface greening as a convective refrigerant,request-73-1-5
higher concentrations of co2,increased photosynthesis,request-73-2-0
increased photosynthesis,increased biomass production,request-73-2-1
increased biomass production,increased leaf area index,request-73-2-2
increased leaf area index,enhanced evapotranspiration,request-73-2-3
enhanced evapotranspiration,surface cooling through evapotranspiration,request-73-2-4
surface cooling through evapotranspiration,surface greening as a convective refrigerant,request-73-2-5
higher concentrations of co2,increased atmospheric humidity,request-73-3-0
increased atmospheric humidity,increased cloud cover,request-73-3-1
increased cloud cover,increased precipitation,request-73-3-2
increased precipitation,increased soil moisture,request-73-3-3
increased soil moisture,enhanced evapotranspiration,request-73-3-4
enhanced evapotranspiration,surface cooling through evapotranspiration,request-73-3-5
surface cooling through evapotranspiration,surface greening as a convective refrigerant,request-73-3-6
surface greening as a convective refrigerant,,request-73-3-7
humans,burning fossil fuels,request-74-0-0
burning fossil fuels,releasing greenhouse gases,request-74-0-1
releasing greenhouse gases,global warming,request-74-0-2
global warming,climate change,request-74-0-3
humans,deforestation,request-74-1-0
deforestation,loss of carbon sinks,request-74-1-1
loss of carbon sinks,increased atmospheric co2,request-74-1-2
increased atmospheric co2,global warming,request-74-1-3
global warming,climate change,request-74-1-4
humans,industrial agriculture,request-74-2-0
industrial agriculture,methane emissions,request-74-2-1
methane emissions,global warming,request-74-2-2
global warming,climate change,request-74-2-3
humans,overconsumption of resources,request-74-3-0
overconsumption of resources,pollution,request-74-3-1
pollution,environmental degradation,request-74-3-2
environmental degradation,climate change,request-74-3-3
humans,urbanization,request-74-4-0
urbanization,increased energy consumption,request-74-4-1
increased energy consumption,burning fossil fuels,request-74-4-2
burning fossil fuels,releasing greenhouse gases,request-74-4-3
releasing greenhouse gases,global warming,request-74-4-4
global warming,climate change,request-74-4-5
humans,transportation emissions,request-74-5-0
transportation emissions,air pollution,request-74-5-1
air pollution,global warming,request-74-5-2
global warming,climate change,request-74-5-3
humans,waste management practices,request-74-6-0
waste management practices,methane emissions from landfills,request-74-6-1
methane emissions from landfills,global warming,request-74-6-2
global warming,climate change,request-74-6-3
humans,population growth,request-74-7-0
population growth,increased resource consumption,request-74-7-1
increased resource consumption,environmental degradation,request-74-7-2
environmental degradation,climate change,request-74-7-3
humans' greenhouse gas contributions,atmospheric co2 concentration increase,request-75-0-0
atmospheric co2 concentration increase,trapped heat in the atmosphere,request-75-0-1
trapped heat in the atmosphere,increased heat retention on earth,request-75-0-2
humans' greenhouse gas contributions,burning of fossil fuels,request-75-1-0
burning of fossil fuels,release of co2 and other greenhouse gases,request-75-1-1
release of co2 and other greenhouse gases,atmospheric co2 concentration increase,request-75-1-2
atmospheric co2 concentration increase,trapped heat in the atmosphere,request-75-1-3
trapped heat in the atmosphere,increased heat retention on earth,request-75-1-4
humans' greenhouse gas contributions,deforestation and landuse changes,request-75-2-0
deforestation and landuse changes,release of stored carbon into the atmosphere,request-75-2-1
release of stored carbon into the atmosphere,atmospheric co2 concentration increase,request-75-2-2
atmospheric co2 concentration increase,trapped heat in the atmosphere,request-75-2-3
trapped heat in the atmosphere,increased heat retention on earth,request-75-2-4
humans' greenhouse gas contributions,industrial agriculture and livestock production,request-75-3-0
industrial agriculture and livestock production,methane and n2o emissions,request-75-3-1
methane and n2o emissions,atmospheric concentration of greenhouse gases increase,request-75-3-2
atmospheric concentration of greenhouse gases increase,trapped heat in the atmosphere,request-75-3-3
trapped heat in the atmosphere,increased heat retention on earth,request-75-3-4
humans' greenhouse gas contributions,waste management and disposal,request-75-4-0
waste management and disposal,methane emissions from landfills,request-75-4-1
methane emissions from landfills,atmospheric concentration of greenhouse gases increase,request-75-4-2
atmospheric concentration of greenhouse gases increase,trapped heat in the atmosphere,request-75-4-3
trapped heat in the atmosphere,increased heat retention on earth,request-75-4-4
increased heat retention on earth,,request-75-4-5
individual carbon footprint reduction,reduced greenhouse gas emissions,request-76-0-0
reduced greenhouse gas emissions,slowed global warming,request-76-0-1
slowed global warming,help for climate change,request-76-0-2
individual carbon footprint reduction,decreased energy consumption,request-76-1-0
decreased energy consumption,lowered fossil fuel usage,request-76-1-1
lowered fossil fuel usage,reduced greenhouse gas emissions,request-76-1-2
reduced greenhouse gas emissions,slowed global warming,request-76-1-3
slowed global warming,help for climate change,request-76-1-4
individual carbon footprint reduction,increased use of renewable energy,request-76-2-0
increased use of renewable energy,decreased reliance on fossil fuels,request-76-2-1
decreased reliance on fossil fuels,reduced greenhouse gas emissions,request-76-2-2
reduced greenhouse gas emissions,slowed global warming,request-76-2-3
slowed global warming,help for climate change,request-76-2-4
individual carbon footprint reduction,conservation of natural resources,request-76-3-0
conservation of natural resources,preservation of ecosystems,request-76-3-1
preservation of ecosystems,maintained biodiversity,request-76-3-2
maintained biodiversity,help for climate change,request-76-3-3
individual carbon footprint reduction,reduced waste and pollution,request-76-4-0
reduced waste and pollution,cleaner environment,request-76-4-1
cleaner environment,healthier ecosystems,request-76-4-2
healthier ecosystems,help for climate change,request-76-4-3
individual carbon footprint reduction,inspiration for others to follow suit,request-76-5-0
inspiration for others to follow suit,collective action towards sustainability,request-76-5-1
collective action towards sustainability,significant reduction in global emissions,request-76-5-2
significant reduction in global emissions,help for climate change,request-76-5-3
china's international trade,increased manufacturing activities,request-77-0-0
increased manufacturing activities,higher energy consumption,request-77-0-1
higher energy consumption,increased fossil fuel usage,request-77-0-2
increased fossil fuel usage,rise in greenhouse gas emissions,request-77-0-3
rise in greenhouse gas emissions,13% of total emissions,request-77-0-4
china's international trade,boost in economic growth,request-77-1-0
boost in economic growth,rapid industrialization,request-77-1-1
rapid industrialization,expansion of heavy industries,request-77-1-2
expansion of heavy industries,higher energy consumption,request-77-1-3
higher energy consumption,increased fossil fuel usage,request-77-1-4
increased fossil fuel usage,rise in greenhouse gas emissions,request-77-1-5
rise in greenhouse gas emissions,13% of total emissions,request-77-1-6
china's international trade,increased demand for raw materials,request-77-2-0
increased demand for raw materials,deforestation and land degradation,request-77-2-1
deforestation and land degradation,release of stored carbon into atmosphere,request-77-2-2
release of stored carbon into atmosphere,rise in greenhouse gas emissions,request-77-2-3
rise in greenhouse gas emissions,13% of total emissions,request-77-2-4
china's international trade,growth of transportation sector,request-77-3-0
growth of transportation sector,increased fuel consumption by ships and trucks,request-77-3-1
increased fuel consumption by ships and trucks,rise in greenhouse gas emissions,request-77-3-2
rise in greenhouse gas emissions,13% of total emissions,request-77-3-3
china's international trade,increased production of export goods,request-77-4-0
increased production of export goods,higher energy consumption by factories,request-77-4-1
higher energy consumption by factories,increased fossil fuel usage,request-77-4-2
increased fossil fuel usage,rise in greenhouse gas emissions,request-77-4-3
rise in greenhouse gas emissions,13% of total emissions,request-77-4-4
13% of total emissions,,request-77-4-5
co2,increased greenhouse effect,request-78-0-0
increased greenhouse effect,trapped heat in atmosphere,request-78-0-1
trapped heat in atmosphere,rising global temperatures,request-78-0-2
rising global temperatures,melting of polar ice caps,request-78-0-3
melting of polar ice caps,sealevel rise,request-78-0-4
sealevel rise,disruption of global weather patterns,request-78-0-5
disruption of global weather patterns,runaway global warming,request-78-0-6
co2,ocean acidification,request-78-1-0
ocean acidification,impaired coral reef health,request-78-1-1
impaired coral reef health,decreased oceanic carbon sequestration,request-78-1-2
decreased oceanic carbon sequestration,increased atmospheric co2 levels,request-78-1-3
increased atmospheric co2 levels,amplified greenhouse effect,request-78-1-4
amplified greenhouse effect,rising global temperatures,request-78-1-5
rising global temperatures,melting of polar ice caps,request-78-1-6
melting of polar ice caps,sealevel rise,request-78-1-7
sealevel rise,disruption of global weather patterns,request-78-1-8
disruption of global weather patterns,runaway global warming,request-78-1-9
co2,deforestation and landuse changes,request-78-2-0
deforestation and landuse changes,release of stored carbon into atmosphere,request-78-2-1
release of stored carbon into atmosphere,increased atmospheric co2 levels,request-78-2-2
increased atmospheric co2 levels,amplified greenhouse effect,request-78-2-3
amplified greenhouse effect,rising global temperatures,request-78-2-4
rising global temperatures,melting of polar ice caps,request-78-2-5
melting of polar ice caps,sealevel rise,request-78-2-6
sealevel rise,disruption of global weather patterns,request-78-2-7
disruption of global weather patterns,runaway global warming,request-78-2-8
co2,atmospheric warming,request-78-3-0
atmospheric warming,changes in precipitation patterns,request-78-3-1
changes in precipitation patterns,increased risk of wildfires,request-78-3-2
increased risk of wildfires,release of stored carbon into atmosphere,request-78-3-3
release of stored carbon into atmosphere,increased atmospheric co2 levels,request-78-3-4
increased atmospheric co2 levels,amplified greenhouse effect,request-78-3-5
amplified greenhouse effect,rising global temperatures,request-78-3-6
rising global temperatures,melting of polar ice caps,request-78-3-7
melting of polar ice caps,sealevel rise,request-78-3-8
sealevel rise,disruption of global weather patterns,request-78-3-9
disruption of global weather patterns,runaway global warming,request-78-3-10
co2,increased atmospheric co2 levels,request-78-4-0
increased atmospheric co2 levels,amplified greenhouse effect,request-78-4-1
amplified greenhouse effect,rising global temperatures,request-78-4-2
rising global temperatures,thawing of permafrost,request-78-4-3
thawing of permafrost,release of methane and co2,request-78-4-4
release of methane and co2,amplified greenhouse effect,request-78-4-5
amplified greenhouse effect,rising global temperatures,request-78-4-6
rising global temperatures,melting of polar ice caps,request-78-4-7
melting of polar ice caps,sealevel rise,request-78-4-8
sealevel rise,disruption of global weather patterns,request-78-4-9
disruption of global weather patterns,runaway global warming,request-78-4-10
global warming,rising temperatures,request-79-0-0
rising temperatures,increased evaporation,request-79-0-1
increased evaporation,drought,request-79-0-2
drought,crop failure,request-79-0-3
crop failure,food shortages,request-79-0-4
global warming,rising sea levels,request-79-1-0
rising sea levels,coastal erosion,request-79-1-1
coastal erosion,saltwater intrusion,request-79-1-2
saltwater intrusion,soil salinization,request-79-1-3
soil salinization,reduced crop yields,request-79-1-4
reduced crop yields,food shortages,request-79-1-5
global warming,changes in weather patterns,request-79-2-0
changes in weather patterns,increased frequency of extreme weather events,request-79-2-1
increased frequency of extreme weather events,flooding,request-79-2-2
flooding,crop damage,request-79-2-3
crop damage,food shortages,request-79-2-4
global warming,shift in growing seasons,request-79-3-0
shift in growing seasons,disrupted planting schedules,request-79-3-1
disrupted planting schedules,reduced crop yields,request-79-3-2
reduced crop yields,food shortages,request-79-3-3
global warming,increased pest and disease pressure,request-79-4-0
increased pest and disease pressure,crop damage,request-79-4-1
crop damage,reduced crop yields,request-79-4-2
reduced crop yields,food shortages,request-79-4-3
global warming,water scarcity,request-79-5-0
water scarcity,reduced irrigation,request-79-5-1
reduced irrigation,crop failure,request-79-5-2
crop failure,food shortages,request-79-5-3
minor fluctuations in ambient temperature,changes in weather patterns,request-80-0-0
changes in weather patterns,increased frequency of extreme weather events,request-80-0-1
increased frequency of extreme weather events,devastating natural disasters,request-80-0-2
devastating natural disasters,destruction of infrastructure and habitats,request-80-0-3
destruction of infrastructure and habitats,displacement of local populations,request-80-0-4
displacement of local populations,forced migration of billions,request-80-0-5
minor fluctuations in ambient temperature,rise in global sea levels,request-80-1-0
rise in global sea levels,coastal erosion and flooding,request-80-1-1
coastal erosion and flooding,loss of arable land and resources,request-80-1-2
loss of arable land and resources,food and water shortages,request-80-1-3
food and water shortages,social unrest and conflict,request-80-1-4
social unrest and conflict,forced migration of billions,request-80-1-5
minor fluctuations in ambient temperature,shifts in precipitation patterns,request-80-2-0
shifts in precipitation patterns,droughts and water scarcity,request-80-2-1
droughts and water scarcity,crop failures and famine,request-80-2-2
crop failures and famine,economic instability and poverty,request-80-2-3
economic instability and poverty,social and political upheaval,request-80-2-4
social and political upheaval,forced migration of billions,request-80-2-5
minor fluctuations in ambient temperature,increased spread of disease vectors,request-80-3-0
increased spread of disease vectors,pandemics and public health crises,request-80-3-1
pandemics and public health crises,overwhelmed healthcare systems,request-80-3-2
overwhelmed healthcare systems,economic disruption and instability,request-80-3-3
economic disruption and instability,social chaos and displacement,request-80-3-4
social chaos and displacement,forced migration of billions,request-80-3-5
minor fluctuations in ambient temperature,changes in ocean currents and chemistry,request-80-4-0
changes in ocean currents and chemistry,collapse of marine ecosystems,request-80-4-1
collapse of marine ecosystems,disruption of global food chains,request-80-4-2
disruption of global food chains,food insecurity and scarcity,request-80-4-3
food insecurity and scarcity,mass migration and social unrest,request-80-4-4
mass migration and social unrest,forced migration of billions,request-80-4-5
the impacts of mining,environmental degradation,request-81-0-0
environmental degradation,soil contamination,request-81-0-1
soil contamination,water pollution,request-81-0-2
water pollution,jeopardized access to water for affected communities,request-81-0-3
the impacts of mining,deforestation,request-81-1-0
deforestation,habitat destruction,request-81-1-1
habitat destruction,water source disruption,request-81-1-2
water source disruption,jeopardized access to water for affected communities,request-81-1-3
the impacts of mining,groundwater extraction,request-81-2-0
groundwater extraction,water table depletion,request-81-2-1
water table depletion,reduced water supply,request-81-2-2
reduced water supply,jeopardized access to water for affected communities,request-81-2-3
the impacts of mining,chemical spill,request-81-3-0
chemical spill,waterway contamination,request-81-3-1
waterway contamination,drinking water contamination,request-81-3-2
drinking water contamination,jeopardized access to water for affected communities,request-81-3-3
the impacts of mining,infrastructure damage,request-81-4-0
infrastructure damage,water treatment plant disruption,request-81-4-1
water treatment plant disruption,unreliable water supply,request-81-4-2
unreliable water supply,jeopardized access to water for affected communities,request-81-4-3
approximately 22 million litres of water,pumping of water into the mining site,request-82-0-0
pumping of water into the mining site,flooding of the lithiumrich ore deposit,request-82-0-1
flooding of the lithiumrich ore deposit,extraction of lithiumbearing minerals,request-82-0-2
extraction of lithiumbearing minerals,crushing and grinding of the extracted minerals,request-82-0-3
crushing and grinding of the extracted minerals,separation of lithium from other minerals,request-82-0-4
separation of lithium from other minerals,refining of lithium ore,request-82-0-5
refining of lithium ore,a ton of extracted lithium,request-82-0-6
approximately 22 million litres of water,waterbased drilling and excavation,request-82-1-0
waterbased drilling and excavation,access to underground lithium deposits,request-82-1-1
access to underground lithium deposits,removal of lithiumrich ore from the ground,request-82-1-2
removal of lithiumrich ore from the ground,transportation of ore to processing facility,request-82-1-3
transportation of ore to processing facility,crushing and grinding of the ore,request-82-1-4
crushing and grinding of the ore,separation of lithium from other minerals,request-82-1-5
separation of lithium from other minerals,refining of lithium ore,request-82-1-6
refining of lithium ore,a ton of extracted lithium,request-82-1-7
approximately 22 million litres of water,hydraulic fracturing of lithiumrich rock formations,request-82-2-0
hydraulic fracturing of lithiumrich rock formations,release of lithiumbearing fluids and gases,request-82-2-1
release of lithiumbearing fluids and gases,collection of lithiumrich fluids and gases,request-82-2-2
collection of lithiumrich fluids and gases,transportation to processing facility,request-82-2-3
transportation to processing facility,separation of lithium from other minerals,request-82-2-4
separation of lithium from other minerals,refining of lithium ore,request-82-2-5
refining of lithium ore,a ton of extracted lithium,request-82-2-6
approximately 22 million litres of water,waterbased leaching of lithiumrich ore,request-82-3-0
waterbased leaching of lithiumrich ore,dissolution of lithium into a solution,request-82-3-1
dissolution of lithium into a solution,purification of the lithiumrich solution,request-82-3-2
purification of the lithiumrich solution,precipitation of lithium compounds,request-82-3-3
precipitation of lithium compounds,refining of lithium compounds,request-82-3-4
refining of lithium compounds,a ton of extracted lithium,request-82-3-5
lithium extraction,mining activities,request-83-0-0
mining activities,water pollution,request-83-0-1
water pollution,water scarcity,request-83-0-2
water scarcity,water competition,request-83-0-3
water competition,water related conflicts,request-83-0-4
lithium extraction,energy storage demand,request-83-1-0
energy storage demand,renewable energy projects,request-83-1-1
renewable energy projects,hydroelectric power plants,request-83-1-2
hydroelectric power plants,water diversion,request-83-1-3
water diversion,water scarcity,request-83-1-4
water scarcity,water competition,request-83-1-5
water competition,water related conflicts,request-83-1-6
lithium extraction,mining waste generation,request-83-2-0
mining waste generation,toxic substance leakage,request-83-2-1
toxic substance leakage,groundwater contamination,request-83-2-2
groundwater contamination,water pollution,request-83-2-3
water pollution,water scarcity,request-83-2-4
water scarcity,water competition,request-83-2-5
water competition,water related conflicts,request-83-2-6
lithium extraction,land acquisition,request-83-3-0
land acquisition,displacement of local communities,request-83-3-1
displacement of local communities,loss of traditional water sources,request-83-3-2
loss of traditional water sources,water scarcity,request-83-3-3
water scarcity,water competition,request-83-3-4
water competition,water related conflicts,request-83-3-5
lithium extraction,increased energy demand,request-83-4-0
increased energy demand,thermoelectric power plants,request-83-4-1
thermoelectric power plants,water usage for cooling,request-83-4-2
water usage for cooling,water diversion,request-83-4-3
water diversion,water scarcity,request-83-4-4
water scarcity,water competition,request-83-4-5
water competition,water related conflicts,request-83-4-6
human intervention in natural processes,alteration of ecosystem balance,request-84-0-0
alteration of ecosystem balance,disruption of food chains,request-84-0-1
disruption of food chains,decline of species populations,request-84-0-2
decline of species populations,loss of biodiversity,request-84-0-3
loss of biodiversity,dangers,request-84-0-4
human intervention in natural processes,release of pollutants into environment,request-84-1-0
release of pollutants into environment,contamination of water and air,request-84-1-1
contamination of water and air,health problems in humans and animals,request-84-1-2
health problems in humans and animals,increased mortality rates,request-84-1-3
increased mortality rates,dangers,request-84-1-4
human intervention in natural processes,deforestation and land degradation,request-84-2-0
deforestation and land degradation,soil erosion and landslides,request-84-2-1
soil erosion and landslides,increased risk of natural disasters,request-84-2-2
increased risk of natural disasters,dangers,request-84-2-3
human intervention in natural processes,climate change and global warming,request-84-3-0
climate change and global warming,rising sea levels and extreme weather,request-84-3-1
rising sea levels and extreme weather,devastating storms and floods,request-84-3-2
devastating storms and floods,dangers,request-84-3-3
human intervention in natural processes,overexploitation of natural resources,request-84-4-0
overexploitation of natural resources,depletion of essential resources,request-84-4-1
depletion of essential resources,social and economic instability,request-84-4-2
social and economic instability,dangers,request-84-4-3
the soil damage from lithium extraction,the release of toxic chemicals into the environment,request-85-0-0
the release of toxic chemicals into the environment,the contamination of nearby water sources,request-85-0-1
the contamination of nearby water sources,the evaporation of contaminated water into the air,request-85-0-2
the evaporation of contaminated water into the air,air contamination,request-85-0-3
the soil damage from lithium extraction,the destruction of natural habitats,request-85-1-0
the destruction of natural habitats,the displacement of wildlife into nearby areas,request-85-1-1
the displacement of wildlife into nearby areas,the disturbance of natural ecosystems,request-85-1-2
the disturbance of natural ecosystems,the release of pollutants into the air,request-85-1-3
the release of pollutants into the air,air contamination,request-85-1-4
the soil damage from lithium extraction,the increased risk of landslides and erosion,request-85-2-0
the increased risk of landslides and erosion,the transportation of pollutants through wind and water,request-85-2-1
the transportation of pollutants through wind and water,the deposition of pollutants in nearby areas,request-85-2-2
the deposition of pollutants in nearby areas,the release of pollutants into the air,request-85-2-3
the release of pollutants into the air,air contamination,request-85-2-4
the soil damage from lithium extraction,the alteration of soil ph levels,request-85-3-0
the alteration of soil ph levels,the increased mobility of heavy metals,request-85-3-1
the increased mobility of heavy metals,the uptake of heavy metals by plants,request-85-3-2
the uptake of heavy metals by plants,the release of volatile organic compounds into the air,request-85-3-3
the release of volatile organic compounds into the air,air contamination,request-85-3-4
green co2,increased atmospheric co2 concentration,request-86-0-0
increased atmospheric co2 concentration,trapped heat in the atmosphere,request-86-0-1
trapped heat in the atmosphere,rising global temperatures,request-86-0-2
rising global temperatures,global warming,request-86-0-3
green co2,enhanced plant growth,request-86-1-0
enhanced plant growth,increased oxygen consumption,request-86-1-1
increased oxygen consumption,depletion of oxygen in the atmosphere,request-86-1-2
depletion of oxygen in the atmosphere,disruption of earth's carbon cycle,request-86-1-3
disruption of earth's carbon cycle,rising global temperatures,request-86-1-4
rising global temperatures,global warming,request-86-1-5
green co2,accelerated photosynthesis,request-86-2-0
accelerated photosynthesis,increased release of volatile organic compounds,request-86-2-1
increased release of volatile organic compounds,formation of groundlevel ozone,request-86-2-2
formation of groundlevel ozone,enhanced greenhouse effect,request-86-2-3
enhanced greenhouse effect,rising global temperatures,request-86-2-4
rising global temperatures,global warming,request-86-2-5
green co2,increased carbon sequestration,request-86-3-0
increased carbon sequestration,altered soil chemistry,request-86-3-1
altered soil chemistry,changes in microbial communities,request-86-3-2
changes in microbial communities,release of methane and nitrous oxide,request-86-3-3
release of methane and nitrous oxide,enhanced greenhouse effect,request-86-3-4
enhanced greenhouse effect,rising global temperatures,request-86-3-5
rising global temperatures,global warming,request-86-3-6
green co2,stimulated algae growth,request-86-4-0
stimulated algae growth,increased ocean acidification,request-86-4-1
increased ocean acidification,impaired marine ecosystems,request-86-4-2
impaired marine ecosystems,disruption of ocean carbon cycle,request-86-4-3
disruption of ocean carbon cycle,rising global temperatures,request-86-4-4
rising global temperatures,global warming,request-86-4-5
gasoline burning,carbon dioxide production,request-87-0-0
carbon dioxide production,atmospheric carbon dioxide increase,request-87-0-1
atmospheric carbon dioxide increase,global warming,request-87-0-2
global warming,thawing of permafrost,request-87-0-3
thawing of permafrost,methane release from permafrost,request-87-0-4
methane release from permafrost,methane,request-87-0-5
gasoline burning,carbon dioxide production,request-87-1-0
carbon dioxide production,atmospheric carbon dioxide increase,request-87-1-1
atmospheric carbon dioxide increase,ocean acidification,request-87-1-2
ocean acidification,phytoplankton growth reduction,request-87-1-3
phytoplankton growth reduction,methane production by microbes,request-87-1-4
methane production by microbes,methane,request-87-1-5
gasoline burning,carbon dioxide production,request-87-2-0
carbon dioxide production,atmospheric carbon dioxide increase,request-87-2-1
atmospheric carbon dioxide increase,global warming,request-87-2-2
global warming,rice paddy field flooding increase,request-87-2-3
rice paddy field flooding increase,methane production by microbes,request-87-2-4
methane production by microbes,methane,request-87-2-5
gasoline burning,nitrogen oxide production,request-87-3-0
nitrogen oxide production,atmospheric nitrogen oxide increase,request-87-3-1
atmospheric nitrogen oxide increase,ozone layer depletion,request-87-3-2
ozone layer depletion,uv radiation increase,request-87-3-3
uv radiation increase,methane production by microbes,request-87-3-4
methane production by microbes,methane,request-87-3-5
cars,emissions,request-88-0-0
emissions,air pollution,request-88-0-1
cars,fuel combustion,request-88-1-0
fuel combustion,emissions,request-88-1-1
emissions,air pollution,request-88-1-2
cars,engine noise,request-88-2-0
engine noise,noise pollution,request-88-2-1
noise pollution,environmental pollution,request-88-2-2
cars,oil leaks,request-88-3-0
oil leaks,oil spills,request-88-3-1
oil spills,water pollution,request-88-3-2
cars,manufacturing process,request-88-4-0
manufacturing process,resource extraction,request-88-4-1
resource extraction,environmental degradation,request-88-4-2
environmental degradation,pollution,request-88-4-3
cars,battery production,request-88-5-0
battery production,toxic waste,request-88-5-1
toxic waste,soil pollution,request-88-5-2
cars,traffic congestion,request-88-6-0
traffic congestion,idling engines,request-88-6-1
idling engines,emissions,request-88-6-2
emissions,air pollution,request-88-6-3
cars,road construction,request-88-7-0
road construction,land degradation,request-88-7-1
land degradation,soil erosion,request-88-7-2
soil erosion,water pollution,request-88-7-3
trees,drought,request-89-0-0
drought,dry underbrush,request-89-0-1
dry underbrush,spark,request-89-0-2
spark,forest fires,request-89-0-3
trees,dead branches,request-89-1-0
dead branches,dry leaves,request-89-1-1
dry leaves,ember,request-89-1-2
ember,forest fires,request-89-1-3
trees,lightning strike,request-89-2-0
lightning strike,ignited tree,request-89-2-1
ignited tree,spreading flames,request-89-2-2
spreading flames,forest fires,request-89-2-3
trees,human activity,request-89-3-0
human activity,careless cigarette,request-89-3-1
careless cigarette,spark,request-89-3-2
spark,forest fires,request-89-3-3
trees,strong winds,request-89-4-0
strong winds,downed power lines,request-89-4-1
downed power lines,electrical spark,request-89-4-2
electrical spark,forest fires,request-89-4-3
trees,insect infestation,request-89-5-0
insect infestation,dead trees,request-89-5-1
dead trees,dry underbrush,request-89-5-2
dry underbrush,forest fires,request-89-5-3
trees,climate change,request-89-6-0
climate change,rising temperatures,request-89-6-1
rising temperatures,drought,request-89-6-2
drought,forest fires,request-89-6-3
increase from 25% to 80% humidity,heavy rainfall,request-90-0-0
heavy rainfall,flash flood,request-90-0-1
flash flood,rapidly rising water level,request-90-0-2
rapidly rising water level,drown,request-90-0-3
increase from 25% to 80% humidity,moist air saturation,request-90-1-0
moist air saturation,water vapor condensation,request-90-1-1
water vapor condensation,heavy fog formation,request-90-1-2
heavy fog formation,reduced visibility,request-90-1-3
reduced visibility,boating accident,request-90-1-4
boating accident,drown,request-90-1-5
increase from 25% to 80% humidity,atmospheric instability,request-90-2-0
atmospheric instability,thunderstorm formation,request-90-2-1
thunderstorm formation,strong winds,request-90-2-2
strong winds,capsized boat,request-90-2-3
capsized boat,drown,request-90-2-4
increase from 25% to 80% humidity,rapid evaporation,request-90-3-0
rapid evaporation,water level rise,request-90-3-1
water level rise,flooding,request-90-3-2
flooding,electrical shock,request-90-3-3
electrical shock,drown,request-90-3-4
increase from 25% to 80% humidity,moisture accumulation,request-90-4-0
moisture accumulation,structural damage,request-90-4-1
structural damage,building collapse,request-90-4-2
building collapse,debris trap,request-90-4-3
debris trap,drown,request-90-4-4
trees' carbon storage and release upon death,decomposition of dead trees by microorganisms,request-91-0-0
decomposition of dead trees by microorganisms,release of stored carbon into the atmosphere as co2,request-91-0-1
release of stored carbon into the atmosphere as co2,increase in atmospheric co2 concentration,request-91-0-2
increase in atmospheric co2 concentration,"trapping of heat by co2, a greenhouse gas",request-91-0-3
"trapping of heat by co2, a greenhouse gas",global warming,request-91-0-4
trees' carbon storage and release upon death,wildfires or forest fires,request-91-1-0
wildfires or forest fires,"combustion of trees, releasing stored carbon into the atmosphere as co2",request-91-1-1
"combustion of trees, releasing stored carbon into the atmosphere as co2",increase in atmospheric co2 concentration,request-91-1-2
increase in atmospheric co2 concentration,"trapping of heat by co2, a greenhouse gas",request-91-1-3
"trapping of heat by co2, a greenhouse gas",global warming,request-91-1-4
trees' carbon storage and release upon death,insect infestations or disease outbreaks,request-91-2-0
insect infestations or disease outbreaks,"tree mortality, leading to decomposition or burning",request-91-2-1
"tree mortality, leading to decomposition or burning",release of stored carbon into the atmosphere as co2,request-91-2-2
release of stored carbon into the atmosphere as co2,increase in atmospheric co2 concentration,request-91-2-3
increase in atmospheric co2 concentration,"trapping of heat by co2, a greenhouse gas",request-91-2-4
"trapping of heat by co2, a greenhouse gas",global warming,request-91-2-5
trees' carbon storage and release upon death,logging or timber harvesting,request-91-3-0
logging or timber harvesting,burning of wood products or decomposition of waste wood,request-91-3-1
burning of wood products or decomposition of waste wood,release of stored carbon into the atmosphere as co2,request-91-3-2
release of stored carbon into the atmosphere as co2,increase in atmospheric co2 concentration,request-91-3-3
increase in atmospheric co2 concentration,"trapping of heat by co2, a greenhouse gas",request-91-3-4
"trapping of heat by co2, a greenhouse gas",global warming,request-91-3-5
lower heat capacity of land temperatures,land temperatures respond more quickly to changes in radiative forcing,request-92-0-0
land temperatures respond more quickly to changes in radiative forcing,land temperatures warm more rapidly than sea temperatures,request-92-0-1
land temperatures warm more rapidly than sea temperatures,the faster warming of land temperatures compared to sea temperatures,request-92-0-2
lower heat capacity of land temperatures,less energy is required to change land temperatures,request-92-1-0
less energy is required to change land temperatures,land temperatures are more sensitive to climate forcing,request-92-1-1
land temperatures are more sensitive to climate forcing,land temperatures warm more rapidly than sea temperatures,request-92-1-2
land temperatures warm more rapidly than sea temperatures,the faster warming of land temperatures compared to sea temperatures,request-92-1-3
lower heat capacity of land temperatures,land has a shorter thermal inertia than sea,request-92-2-0
land has a shorter thermal inertia than sea,land temperatures adjust more quickly to changes in atmospheric conditions,request-92-2-1
land temperatures adjust more quickly to changes in atmospheric conditions,land temperatures warm more rapidly than sea temperatures,request-92-2-2
land temperatures warm more rapidly than sea temperatures,the faster warming of land temperatures compared to sea temperatures,request-92-2-3
lower heat capacity of land temperatures,land has a lower thermal mass than sea,request-92-3-0
land has a lower thermal mass than sea,land temperatures are more susceptible to rapid warming,request-92-3-1
land temperatures are more susceptible to rapid warming,land temperatures warm more rapidly than sea temperatures,request-92-3-2
land temperatures warm more rapidly than sea temperatures,the faster warming of land temperatures compared to sea temperatures,request-92-3-3
climate change,rising global temperatures,request-93-0-0
rising global temperatures,increased frequency of natural disasters,request-93-0-1
increased frequency of natural disasters,emotional trauma in children,request-93-0-2
emotional trauma in children,increased anxiety in parents,request-93-0-3
increased anxiety in parents,decreased motivation in parents,request-93-0-4
decreased motivation in parents,lazy parenting,request-93-0-5
climate change,devastating economic impact,request-93-1-0
devastating economic impact,increased financial stress on families,request-93-1-1
increased financial stress on families,decreased quality time with children,request-93-1-2
decreased quality time with children,neglect of parental responsibilities,request-93-1-3
neglect of parental responsibilities,lazy parenting,request-93-1-4
climate change,disruption of food supply chains,request-93-2-0
disruption of food supply chains,increased food insecurity,request-93-2-1
increased food insecurity,malnutrition in children,request-93-2-2
malnutrition in children,decreased energy levels in children,request-93-2-3
decreased energy levels in children,parents' lack of effort in engaging with children,request-93-2-4
parents' lack of effort in engaging with children,lazy parenting,request-93-2-5
climate change,increased migration and displacement,request-93-3-0
increased migration and displacement,social isolation in families,request-93-3-1
social isolation in families,decreased sense of community,request-93-3-2
decreased sense of community,lack of support systems for parents,request-93-3-3
lack of support systems for parents,feeling overwhelmed by parental responsibilities,request-93-3-4
feeling overwhelmed by parental responsibilities,lazy parenting,request-93-3-5
climate change,increased air pollution,request-93-4-0
increased air pollution,respiratory problems in children,request-93-4-1
respiratory problems in children,increased medical expenses,request-93-4-2
increased medical expenses,financial burden on families,request-93-4-3
financial burden on families,parents' distraction from parenting responsibilities,request-93-4-4
parents' distraction from parenting responsibilities,lazy parenting,request-93-4-5
co2,global warming,request-94-0-0
global warming,rising sea levels,request-94-0-1
rising sea levels,coastal flooding,request-94-0-2
coastal flooding,catastrophe,request-94-0-3
co2,climate change,request-94-1-0
climate change,extreme weather events,request-94-1-1
extreme weather events,devastating storms,request-94-1-2
devastating storms,catastrophe,request-94-1-3
co2,ocean acidification,request-94-2-0
ocean acidification,marine life decline,request-94-2-1
marine life decline,ecosystem collapse,request-94-2-2
ecosystem collapse,catastrophe,request-94-2-3
co2,temperature increase,request-94-3-0
temperature increase,melting of polar ice caps,request-94-3-1
melting of polar ice caps,sea level rise,request-94-3-2
sea level rise,catastrophe,request-94-3-3
co2,disruption of food chains,request-94-4-0
disruption of food chains,crop failures,request-94-4-1
crop failures,food shortages,request-94-4-2
food shortages,catastrophe,request-94-4-3
co2,increased wildfires,request-94-5-0
increased wildfires,air and water pollution,request-94-5-1
air and water pollution,human health crisis,request-94-5-2
human health crisis,catastrophe,request-94-5-3
co2,shift in weather patterns,request-94-6-0
shift in weather patterns,droughts and famines,request-94-6-1
droughts and famines,social unrest,request-94-6-2
social unrest,catastrophe,request-94-6-3
co2,loss of biodiversity,request-94-7-0
loss of biodiversity,ecosystem disruption,request-94-7-1
ecosystem disruption,unstable ecosystems,request-94-7-2
unstable ecosystems,catastrophe,request-94-7-3
nothing in the environment,a lack of solar radiation absorption,request-95-0-0
a lack of solar radiation absorption,a decrease in atmospheric heat,request-95-0-1
a decrease in atmospheric heat,a drop in planetary temperature,request-95-0-2
nothing in the environment,no volcanic eruptions,request-95-1-0
no volcanic eruptions,no sulfur dioxide emissions,request-95-1-1
no sulfur dioxide emissions,no global cooling,request-95-1-2
no global cooling,a drop in planetary temperature,request-95-1-3
nothing in the environment,no human activities,request-95-2-0
no human activities,no greenhouse gas emissions,request-95-2-1
no greenhouse gas emissions,no global warming,request-95-2-2
no global warming,a drop in planetary temperature,request-95-2-3
nothing in the environment,no deforestation,request-95-3-0
no deforestation,no reduction in carbon sequestration,request-95-3-1
no reduction in carbon sequestration,no increased atmospheric carbon dioxide,request-95-3-2
no increased atmospheric carbon dioxide,a drop in planetary temperature,request-95-3-3
nothing in the environment,a change in earth's orbit,request-95-4-0
a change in earth's orbit,a decrease in solar radiation,request-95-4-1
a decrease in solar radiation,a drop in planetary temperature,request-95-4-2
